trial,maze,time_s,x,y,z,angle,event
1,Hard011,0.003,3.2500,0.0000,3.2500,45.00,
1,Hard011,0.117,3.2500,0.0000,3.2500,45.00,
1,Hard011,0.126,3.2500,0.0000,3.2500,45.00,
1,Hard011,0.141,3.2500,0.0000,3.2500,22.63,
1,Hard011,0.159,3.2500,0.0000,3.2500,22.63,
1,Hard011,0.173,3.2500,0.0000,3.2500,22.63,
1,Hard011,0.191,3.2500,0.0000,3.2500,22.63,
1,Hard011,0.208,3.2500,0.0000,3.2500,22.63,
1,Hard011,0.226,3.2500,0.0000,3.2500,22.63,
1,Hard011,0.243,3.2500,0.0000,3.2500,22.63,
1,Hard011,0.266,3.2500,0.0000,3.2500,22.63,
1,Hard011,0.288,3.2500,0.0000,3.2500,22.63,
1,Hard011,0.305,3.2500,0.0000,3.2500,22.63,
1,Hard011,0.330,3.2500,0.0000,3.2500,22.63,
1,Hard011,0.340,3.2500,0.0000,3.2500,22.63,
1,Hard011,0.361,3.2500,0.0000,3.2500,22.63,
1,Hard011,0.375,3.2500,0.0000,3.2500,22.63,
1,Hard011,0.392,3.2500,0.0000,3.2500,22.63,
1,Hard011,0.410,3.2500,0.0000,3.2500,22.63,
1,Hard011,0.424,3.2500,0.0000,3.2500,22.63,
1,Hard011,0.442,3.2500,0.0000,3.2500,22.63,
1,Hard011,0.457,3.2500,0.0000,3.2500,22.63,
1,Hard011,0.475,3.2500,0.0000,3.2500,22.63,
1,Hard011,0.491,3.2500,0.0000,3.2500,22.63,
1,Hard011,0.508,3.2500,0.0000,3.2500,22.63,
1,Hard011,0.524,3.2500,0.0000,3.2500,22.63,
1,Hard011,0.541,3.2500,0.0000,3.2500,22.63,
1,Hard011,0.558,3.2500,0.0000,3.2500,22.63,
1,Hard011,0.575,3.2500,0.0000,3.2500,22.63,
1,Hard011,0.590,3.2500,0.0000,3.2500,22.63,
1,Hard011,0.609,3.2500,0.0000,3.2500,22.63,
1,Hard011,0.624,3.2500,0.0000,3.2500,22.63,
1,Hard011,0.641,3.2500,0.0000,3.2500,22.63,
1,Hard011,0.657,3.2500,0.0000,3.2500,22.63,
1,Hard011,0.674,3.2500,0.0000,3.2500,22.63,
1,Hard011,0.690,3.2500,0.0000,3.2500,22.63,
1,Hard011,0.707,3.2500,0.0000,3.2500,22.63,
1,Hard011,0.724,3.2500,0.0000,3.2500,22.63,
1,Hard011,0.743,3.2500,0.0000,3.2500,22.63,
1,Hard011,0.758,3.2500,0.0000,3.2500,22.63,
1,Hard011,0.774,3.2500,0.0000,3.2500,22.63,
1,Hard011,0.791,3.2500,0.0000,3.2500,22.63,
1,Hard011,0.808,3.2500,0.0000,3.2500,22.63,
1,Hard011,0.824,3.2500,0.0000,3.2500,22.63,
1,Hard011,0.841,3.2500,0.0000,3.2500,22.63,
1,Hard011,0.859,3.2500,0.0000,3.2500,22.63,
1,Hard011,0.875,3.2500,0.0000,3.2500,22.87,
1,Hard011,0.892,3.2500,0.0000,3.2500,23.38,
1,Hard011,0.910,3.2500,0.0000,3.2500,24.10,
1,Hard011,0.931,3.2500,0.0000,3.2500,25.54,
1,Hard011,0.947,3.2500,0.0000,3.2500,26.89,
1,Hard011,0.964,3.2500,0.0000,3.2500,27.73,
1,Hard011,0.980,3.2500,0.0000,3.2500,32.14,
1,Hard011,0.995,3.2500,0.0000,3.2500,34.93,
1,Hard011,1.012,3.2500,0.0000,3.2500,37.32,
1,Hard011,1.029,3.2500,0.0000,3.2500,39.33,
1,Hard011,1.046,3.2500,0.0000,3.2500,40.95,
1,Hard011,1.063,3.2500,0.0000,3.2500,42.24,
1,Hard011,1.078,3.2500,0.0000,3.2500,42.84,
1,Hard011,1.093,3.2500,0.0000,3.2500,43.29,
1,Hard011,1.109,3.2500,0.0000,3.2500,43.50,
1,Hard011,1.126,3.2500,0.0000,3.2500,43.59,
1,Hard011,1.143,3.2500,0.0000,3.2500,43.74,
1,Hard011,1.159,3.2500,0.0000,3.2500,43.86,
1,Hard011,1.179,3.2500,0.0000,3.2500,43.89,
1,Hard011,1.196,3.2500,0.0000,3.2500,44.13,
1,Hard011,1.211,3.2500,0.0000,3.2500,44.28,
1,Hard011,1.226,3.2500,0.0000,3.2500,44.34,
1,Hard011,1.241,3.2500,0.0000,3.2500,44.34,
1,Hard011,1.257,3.2500,0.0000,3.2500,44.34,
1,Hard011,1.276,3.2500,0.0000,3.2500,44.34,
1,Hard011,1.291,3.2500,0.0000,3.2500,44.37,
1,Hard011,1.308,3.2500,0.0000,3.2500,44.37,
1,Hard011,1.324,3.2500,0.0000,3.2500,44.37,
1,Hard011,1.344,3.2500,0.0000,3.2500,44.37,
1,Hard011,1.362,3.2500,0.0000,3.2500,44.64,
1,Hard011,1.382,3.2500,0.0000,3.2500,44.82,
1,Hard011,1.395,3.2500,0.0000,3.2500,44.73,
1,Hard011,1.411,3.2500,0.0000,3.2500,44.67,
1,Hard011,1.429,3.2500,0.0000,3.2500,44.64,
1,Hard011,1.444,3.2500,0.0000,3.2500,44.64,
1,Hard011,1.460,3.2500,0.0000,3.2500,44.64,
1,Hard011,1.475,3.2500,0.0000,3.2500,44.64,
1,Hard011,1.493,3.2500,0.0000,3.2500,44.64,
1,Hard011,1.508,3.2500,0.0000,3.2500,44.64,
1,Hard011,1.524,3.2500,0.0000,3.2500,44.64,
1,Hard011,1.541,3.2500,0.0000,3.2500,44.64,
1,Hard011,1.559,3.2500,0.0000,3.2500,44.64,
1,Hard011,1.577,3.2500,0.0000,3.2500,44.58,
1,Hard011,1.593,3.2500,0.0000,3.2500,44.52,
1,Hard011,1.611,3.2500,0.0000,3.2500,44.40,
1,Hard011,1.627,3.2500,0.0000,3.2500,44.25,
1,Hard011,1.644,3.2500,0.0000,3.2500,44.04,
1,Hard011,1.663,3.2500,0.0000,3.2500,43.80,
1,Hard011,1.680,3.2500,0.0000,3.2500,43.62,
1,Hard011,1.694,3.2500,0.0000,3.2500,43.38,
1,Hard011,1.712,3.2500,0.0000,3.2500,42.96,
1,Hard011,1.727,3.2500,0.0000,3.2500,42.63,
1,Hard011,1.743,3.2500,0.0000,3.2500,41.94,
1,Hard011,1.776,3.2500,0.0000,3.2500,41.01,
1,Hard011,1.789,3.2500,0.0000,3.2500,39.60,
1,Hard011,1.812,3.2500,0.0000,3.2500,39.00,
1,Hard011,1.828,3.2500,0.0000,3.2500,38.67,
1,Hard011,1.844,3.2500,0.0000,3.2500,38.58,
1,Hard011,1.861,3.2500,0.0000,3.2500,38.43,
1,Hard011,1.882,3.2500,0.0000,3.2500,38.25,
1,Hard011,1.894,3.2500,0.0000,3.2500,37.86,
1,Hard011,1.910,3.2500,0.0000,3.2500,37.77,
1,Hard011,1.929,3.2500,0.0000,3.2500,37.53,
1,Hard011,1.946,3.2500,0.0000,3.2500,37.41,
1,Hard011,1.962,3.2500,0.0000,3.2500,37.08,
1,Hard011,1.979,3.2500,0.0000,3.2500,37.05,
1,Hard011,1.993,3.2500,0.0000,3.2500,37.05,
1,Hard011,2.014,3.2500,0.0000,3.2500,37.05,
1,Hard011,2.028,3.2500,0.0000,3.2500,37.05,
1,Hard011,2.045,3.2500,0.0000,3.2500,37.05,
1,Hard011,2.062,3.2500,0.0000,3.2500,37.05,
1,Hard011,2.077,3.2500,0.0000,3.2500,37.05,
1,Hard011,2.093,3.2500,0.0000,3.2500,37.05,
1,Hard011,2.110,3.2500,0.0000,3.2500,37.05,
1,Hard011,2.130,3.2500,0.0000,3.2500,37.05,
1,Hard011,2.144,3.2500,0.0000,3.2500,37.05,
1,Hard011,2.161,3.2500,0.0000,3.2500,37.05,
1,Hard011,2.178,3.2500,0.0000,3.2500,37.05,
1,Hard011,2.195,3.2500,0.0000,3.2500,37.05,
1,Hard011,2.210,3.2500,0.0000,3.2500,37.05,
1,Hard011,2.226,3.2500,0.0000,3.2500,37.05,
1,Hard011,2.242,3.2500,0.0000,3.2500,37.05,
1,Hard011,2.260,3.2500,0.0000,3.2500,37.05,
1,Hard011,2.277,3.2500,0.0000,3.2500,37.02,
1,Hard011,2.294,3.2500,0.0000,3.2500,37.02,
1,Hard011,2.317,3.2500,0.0000,3.2500,36.66,
1,Hard011,2.325,3.2500,0.0000,3.2500,36.51,
1,Hard011,2.345,3.2500,0.0000,3.2500,36.45,
1,Hard011,2.365,3.2500,0.0000,3.2500,36.21,
1,Hard011,2.381,3.2500,0.0000,3.2500,36.03,
1,Hard011,2.396,3.2500,0.0000,3.2500,35.88,
1,Hard011,2.414,3.2500,0.0000,3.2500,35.61,
1,Hard011,2.430,3.2500,0.0000,3.2500,35.31,
1,Hard011,2.446,3.2500,0.0000,3.2500,34.75,
1,Hard011,2.462,3.2500,0.0000,3.2500,34.42,
1,Hard011,2.479,3.2500,0.0000,3.2500,33.58,
1,Hard011,2.500,3.2500,0.0000,3.2500,32.44,
1,Hard011,2.509,3.2500,0.0000,3.2500,28.09,
1,Hard011,2.529,3.2500,0.0000,3.2500,26.65,
1,Hard011,2.545,3.2500,0.0000,3.2500,23.05,
1,Hard011,2.563,3.2500,0.0000,3.2500,18.52,
1,Hard011,2.579,3.2500,0.0000,3.2500,10.22,
1,Hard011,2.595,3.2500,0.0000,3.2500,4.79,
1,Hard011,2.611,3.2500,0.0000,3.2500,-0.16,
1,Hard011,2.626,3.2500,0.0000,3.2500,-4.69,
1,Hard011,2.644,3.2500,0.0000,3.2500,-6.66,
1,Hard011,2.668,3.2500,0.0000,3.2500,-10.02,
1,Hard011,2.675,3.2500,0.0000,3.2500,-12.69,
1,Hard011,2.693,3.2500,0.0000,3.2500,-17.16,
1,Hard011,2.707,3.2500,0.0000,3.2500,-18.00,
1,Hard011,2.723,3.2500,0.0000,3.2500,-18.00,
1,Hard011,2.740,3.2500,0.0000,3.2500,-18.00,
1,Hard011,2.763,3.2500,0.0000,3.2500,-18.00,
1,Hard011,2.776,3.2500,0.0000,3.2500,-21.21,
1,Hard011,2.796,3.2500,0.0000,3.2500,-21.33,
1,Hard011,2.812,3.2500,0.0000,3.2500,-21.63,
1,Hard011,2.827,3.2500,0.0000,3.2500,-21.78,
1,Hard011,2.843,3.2500,0.0000,3.2500,-21.90,
1,Hard011,2.860,3.2500,0.0000,3.2500,-21.96,
1,Hard011,2.875,3.2500,0.0000,3.2500,-21.96,
1,Hard011,2.892,3.2500,0.0000,3.2500,-21.96,
1,Hard011,2.914,3.2500,0.0000,3.2500,-21.90,
1,Hard011,2.927,3.2500,0.0000,3.2500,-21.87,
1,Hard011,2.944,3.2500,0.0000,3.2500,-21.84,
1,Hard011,2.956,3.2500,0.0000,3.2500,-21.81,
1,Hard011,2.979,3.2500,0.0000,3.2500,-21.81,
1,Hard011,2.992,3.2500,0.0000,3.2500,-21.54,
1,Hard011,3.008,3.2500,0.0000,3.2500,-21.45,
1,Hard011,3.023,3.2500,0.0000,3.2500,-21.21,
1,Hard011,3.050,3.2500,0.0000,3.2500,-21.21,
1,Hard011,3.058,3.2500,0.0000,3.2500,-19.98,
1,Hard011,3.078,3.2500,0.0000,3.2500,-18.57,
1,Hard011,3.091,3.2500,0.0000,3.2500,-15.87,
1,Hard011,3.108,3.2500,0.0000,3.2500,-15.30,
1,Hard011,3.124,3.2500,0.0000,3.2500,-14.91,
1,Hard011,3.142,3.2500,0.0000,3.2500,-14.52,
1,Hard011,3.158,3.2500,0.0000,3.2500,-14.04,
1,Hard011,3.173,3.2500,0.0000,3.2500,-13.26,
1,Hard011,3.195,3.2500,0.0000,3.2500,-13.26,
1,Hard011,3.223,3.2500,0.0000,3.2500,-9.69,
1,Hard011,3.229,3.2500,0.0000,3.2500,-7.74,
1,Hard011,3.241,3.2500,0.0000,3.2500,-7.74,
1,Hard011,3.257,3.2500,0.0000,3.2500,-7.74,
1,Hard011,3.274,3.2500,0.0000,3.2500,-7.74,
1,Hard011,3.290,3.2500,0.0000,3.2500,-7.74,
1,Hard011,3.311,3.2500,0.0000,3.2500,-7.74,
1,Hard011,3.325,3.2500,0.0000,3.2500,7.58,
1,Hard011,3.343,3.2500,0.0000,3.2500,8.21,
1,Hard011,3.359,3.2500,0.0000,3.2500,8.48,
1,Hard011,3.374,3.2500,0.0000,3.2500,8.84,
1,Hard011,3.401,3.2500,0.0000,3.2500,8.84,
1,Hard011,3.415,3.2500,0.0000,3.2500,10.67,
1,Hard011,3.431,3.2500,0.0000,3.2500,13.34,
1,Hard011,3.444,3.2500,0.0000,3.2500,14.36,
1,Hard011,3.460,3.2500,0.0000,3.2500,14.87,
1,Hard011,3.476,3.2500,0.0000,3.2500,15.19,
1,Hard011,3.493,3.2500,0.0000,3.2500,15.46,
1,Hard011,3.509,3.2500,0.0000,3.2500,15.88,
1,Hard011,3.527,3.2500,0.0000,3.2500,16.54,
1,Hard011,3.543,3.2500,0.0000,3.2500,17.32,
1,Hard011,3.560,3.2500,0.0000,3.2500,17.83,
1,Hard011,3.576,3.2500,0.0000,3.2500,18.13,
1,Hard011,3.592,3.2500,0.0000,3.2500,18.25,
1,Hard011,3.608,3.2500,0.0000,3.2500,18.28,
1,Hard011,3.627,3.2500,0.0000,3.2500,18.28,
1,Hard011,3.645,3.2500,0.0000,3.2500,18.28,
1,Hard011,3.658,3.2500,0.0000,3.2500,18.28,
1,Hard011,3.674,3.2500,0.0000,3.2500,18.28,
1,Hard011,3.693,3.2500,0.0000,3.2500,18.28,
1,Hard011,3.707,3.2500,0.0000,3.2500,18.28,
1,Hard011,3.723,3.2500,0.0000,3.2500,18.28,
1,Hard011,3.743,3.2500,0.0000,3.2500,18.28,
1,Hard011,3.757,3.2500,0.0000,3.2500,18.28,
1,Hard011,3.774,3.2500,0.0000,3.2500,18.28,
1,Hard011,3.791,3.2500,0.0000,3.2500,18.28,
1,Hard011,3.807,3.2500,0.0000,3.2500,18.28,
1,Hard011,3.824,3.2500,0.0000,3.2500,18.28,
1,Hard011,3.844,3.2500,0.0000,3.2500,18.28,
1,Hard011,3.861,3.2500,0.0000,3.2500,18.58,
1,Hard011,3.878,3.2500,0.0000,3.2500,18.82,
1,Hard011,3.894,3.2500,0.0000,3.2500,19.12,
1,Hard011,3.911,3.2500,0.0000,3.2500,19.75,
1,Hard011,3.929,3.2500,0.0000,3.2500,20.62,
1,Hard011,3.944,3.2500,0.0000,3.2500,21.67,
1,Hard011,3.960,3.2500,0.0000,3.2500,23.20,
1,Hard011,3.976,3.2500,0.0000,3.2500,25.84,
1,Hard011,3.992,3.2500,0.0000,3.2500,26.05,
1,Hard011,4.010,3.2500,0.0000,3.2500,26.32,
1,Hard011,4.026,3.2500,0.0000,3.2500,26.59,
1,Hard011,4.044,3.2500,0.0000,3.2500,26.86,
1,Hard011,4.066,3.2500,0.0000,3.2500,27.49,
1,Hard011,4.078,3.2500,0.0000,3.2500,28.78,
1,Hard011,4.099,3.2500,0.0000,3.2500,34.51,
1,Hard011,4.109,3.2500,0.0000,3.2500,38.22,
1,Hard011,4.128,3.2500,0.0000,3.2500,39.60,
1,Hard011,4.144,3.2500,0.0000,3.2500,41.94,
1,Hard011,4.160,3.2500,0.0000,3.2500,43.35,
1,Hard011,4.178,3.2500,0.0000,3.2500,44.37,
1,Hard011,4.195,3.2500,0.0000,3.2500,45.45,
1,Hard011,4.219,3.2500,0.0000,3.2500,48.27,
1,Hard011,4.228,3.2500,0.0000,3.2500,49.41,
1,Hard011,4.246,3.2500,0.0000,3.2500,49.95,
1,Hard011,4.261,3.2500,0.0000,3.2500,50.19,
1,Hard011,4.278,3.2500,0.0000,3.2500,50.34,
1,Hard011,4.295,3.2500,0.0000,3.2500,50.34,
1,Hard011,4.314,3.2500,0.0000,3.2500,50.64,
1,Hard011,4.328,3.2500,0.0000,3.2500,50.82,
1,Hard011,4.343,3.2500,0.0000,3.2500,50.82,
1,Hard011,4.362,3.2500,0.0000,3.2500,50.82,
1,Hard011,4.379,3.2500,0.0000,3.2500,50.85,
1,Hard011,4.400,3.2500,0.0000,3.2500,50.85,
1,Hard011,4.415,3.2500,0.0000,3.2500,50.91,
1,Hard011,4.429,3.2500,0.0000,3.2500,51.09,
1,Hard011,4.445,3.2500,0.0000,3.2500,51.18,
1,Hard011,4.460,3.2500,0.0000,3.2500,51.21,
1,Hard011,4.475,3.2500,0.0000,3.2500,51.21,
1,Hard011,4.492,3.2500,0.0000,3.2500,51.24,
1,Hard011,4.507,3.2500,0.0000,3.2500,51.24,
1,Hard011,4.524,3.2500,0.0000,3.2500,51.24,
1,Hard011,4.541,3.2500,0.0000,3.2500,51.24,
1,Hard011,4.557,3.2500,0.0000,3.2500,51.24,
1,Hard011,4.576,3.2500,0.0000,3.2500,51.24,
1,Hard011,4.590,3.2500,0.0000,3.2500,51.24,
1,Hard011,4.607,3.2500,0.0000,3.2500,51.24,
1,Hard011,4.624,3.2500,0.0000,3.2500,51.24,
1,Hard011,4.641,3.2500,0.0000,3.2500,51.24,
1,Hard011,4.657,3.2500,0.0000,3.2500,51.24,
1,Hard011,4.674,3.2500,0.0000,3.2500,51.24,
1,Hard011,4.690,3.2500,0.0000,3.2500,51.24,
1,Hard011,4.711,3.2500,0.0000,3.2500,51.24,
1,Hard011,4.725,3.2500,0.0000,3.2500,51.24,
1,Hard011,4.741,3.2500,0.0000,3.2500,51.24,
1,Hard011,4.760,3.2500,0.0000,3.2500,51.24,
1,Hard011,4.775,3.2500,0.0000,3.2500,51.24,
1,Hard011,4.795,3.2500,0.0000,3.2500,51.24,
1,Hard011,4.808,3.2500,0.0000,3.2500,51.21,
1,Hard011,4.830,3.2500,0.0000,3.2500,51.18,
1,Hard011,4.849,3.2500,0.0000,3.2500,51.00,
1,Hard011,4.861,3.2500,0.0000,3.2500,50.43,
1,Hard011,4.877,3.2500,0.0000,3.2500,50.31,
1,Hard011,4.894,3.2500,0.0000,3.2500,49.68,
1,Hard011,4.909,3.2500,0.0000,3.2500,49.20,
1,Hard011,4.927,3.2500,0.0000,3.2500,48.90,
1,Hard011,4.946,3.2500,0.0000,3.2500,48.66,
1,Hard011,4.965,3.2500,0.0000,3.2500,48.33,
1,Hard011,4.976,3.2500,0.0000,3.2500,47.82,
1,Hard011,4.993,3.2500,0.0000,3.2500,47.70,
1,Hard011,5.010,3.2500,0.0000,3.2500,47.37,
1,Hard011,5.026,3.2500,0.0000,3.2500,46.50,
1,Hard011,5.049,3.2500,0.0000,3.2500,46.32,
1,Hard011,5.060,3.2500,0.0000,3.2500,45.72,
1,Hard011,5.075,3.2500,0.0000,3.2500,45.66,
1,Hard011,5.095,3.2500,0.0000,3.2500,45.57,
1,Hard011,5.110,3.2500,0.0000,3.2500,45.51,
1,Hard011,5.124,3.2500,0.0000,3.2500,45.51,
1,Hard011,5.143,3.2500,0.0000,3.2500,45.51,
1,Hard011,5.157,3.2500,0.0000,3.2500,45.51,
1,Hard011,5.174,3.2500,0.0000,3.2500,45.51,
1,Hard011,5.192,3.2500,0.0000,3.2500,45.51,
1,Hard011,5.207,3.2500,0.0000,3.2500,45.51,
1,Hard011,5.224,3.2500,0.0000,3.2500,45.51,
1,Hard011,5.241,3.2500,0.0000,3.2500,45.51,
1,Hard011,5.257,3.2500,0.0000,3.2500,45.51,
1,Hard011,5.274,3.2500,0.0000,3.2500,45.51,
1,Hard011,5.291,3.2500,0.0000,3.2500,45.51,
1,Hard011,5.309,3.2500,0.0000,3.2500,45.51,
1,Hard011,5.324,3.2500,0.0000,3.2500,45.51,
1,Hard011,5.341,3.2500,0.0000,3.2500,45.51,
1,Hard011,5.358,3.2500,0.0000,3.2500,45.51,
1,Hard011,5.378,3.2500,0.0000,3.2500,45.51,
1,Hard011,5.392,3.2500,0.0000,3.2500,45.51,
1,Hard011,5.408,3.2500,0.0000,3.2500,45.51,
1,Hard011,5.424,3.2500,0.0000,3.2500,45.51,
1,Hard011,5.441,3.2500,0.0000,3.2500,45.51,
1,Hard011,5.457,3.2500,0.0000,3.2500,45.51,
1,Hard011,5.477,3.2500,0.0000,3.2500,45.51,
1,Hard011,5.490,3.2500,0.0000,3.2500,45.51,
1,Hard011,5.507,3.2500,0.0000,3.2500,45.51,
1,Hard011,5.524,3.2500,0.0000,3.2500,45.51,
1,Hard011,5.543,3.2500,0.0000,3.2500,45.51,
1,Hard011,5.557,3.2500,0.0000,3.2500,45.51,
1,Hard011,5.574,3.2500,0.0000,3.2500,45.51,
1,Hard011,5.591,3.2500,0.0000,3.2500,45.51,
1,Hard011,5.609,3.2500,0.0000,3.2500,45.51,
1,Hard011,5.624,3.2500,0.0000,3.2500,45.51,
1,Hard011,5.641,3.2500,0.0000,3.2500,45.51,
1,Hard011,5.659,3.2500,0.0000,3.2500,45.51,
1,Hard011,5.674,3.2500,0.0000,3.2500,45.51,
1,Hard011,5.690,3.2500,0.0000,3.2500,45.51,
1,Hard011,5.707,3.2500,0.0000,3.2500,45.51,
1,Hard011,5.727,3.2500,0.0000,3.2500,45.51,
1,Hard011,5.741,3.2500,0.0000,3.2500,45.51,
1,Hard011,5.758,3.2500,0.0000,3.2500,45.51,
1,Hard011,5.774,3.2500,0.0000,3.2500,45.51,
1,Hard011,5.791,3.2500,0.0000,3.2500,45.51,
1,Hard011,5.807,3.2500,0.0000,3.2500,45.51,
1,Hard011,5.825,3.2500,0.0000,3.2500,45.51,
1,Hard011,5.844,3.2500,0.0000,3.2500,45.51,
1,Hard011,5.857,3.2500,0.0000,3.2500,45.51,
1,Hard011,5.874,3.2500,0.0000,3.2500,45.51,
1,Hard011,5.890,3.2500,0.0000,3.2500,45.51,
1,Hard011,5.909,3.2500,0.0000,3.2500,45.51,
1,Hard011,5.926,3.2500,0.0000,3.2500,45.51,
1,Hard011,5.942,3.2500,0.0000,3.2500,45.51,
1,Hard011,5.958,3.2500,0.0000,3.2500,45.51,
1,Hard011,5.974,3.2500,0.0000,3.2500,45.51,
1,Hard011,5.992,3.2500,0.0000,3.2500,45.51,
1,Hard011,6.008,3.2500,0.0000,3.2500,45.51,
1,Hard011,6.024,3.2500,0.0000,3.2500,45.51,
1,Hard011,6.041,3.2500,0.0000,3.2500,45.51,
1,Hard011,6.057,3.2500,0.0000,3.2500,45.51,
1,Hard011,6.074,3.2500,0.0000,3.2500,45.51,
1,Hard011,6.102,3.2500,0.0000,3.2500,45.51,
1,Hard011,6.109,3.2500,0.0000,3.2500,45.51,
1,Hard011,6.125,3.2500,0.0000,3.2500,45.51,
1,Hard011,6.146,3.2500,0.0000,3.2500,45.51,
1,Hard011,6.160,3.2500,0.0000,3.2500,45.51,
1,Hard011,6.175,3.2500,0.0000,3.2500,45.51,
1,Hard011,6.191,3.2500,0.0000,3.2500,45.51,
1,Hard011,6.209,3.2500,0.0000,3.2500,45.51,
1,Hard011,6.224,3.2500,0.0000,3.2500,45.51,
1,Hard011,6.240,3.2500,0.0000,3.2500,45.51,
1,Hard011,6.260,3.2500,0.0000,3.2500,45.51,
1,Hard011,6.276,3.2500,0.0000,3.2500,45.51,
1,Hard011,6.291,3.2500,0.0000,3.2500,45.51,
1,Hard011,6.307,3.2500,0.0000,3.2500,45.51,
1,Hard011,6.327,3.2500,0.0000,3.2500,45.51,
1,Hard011,6.343,3.2500,0.0000,3.2500,45.51,
1,Hard011,6.359,3.2500,0.0000,3.2500,45.51,
1,Hard011,6.376,3.2500,0.0000,3.2500,45.54,
1,Hard011,6.390,3.2500,0.0000,3.2500,45.54,
1,Hard011,6.407,3.2500,0.0000,3.2500,45.54,
1,Hard011,6.427,3.2500,0.0000,3.2500,45.54,
1,Hard011,6.445,3.2500,0.0000,3.2500,45.57,
1,Hard011,6.461,3.2500,0.0000,3.2500,45.57,
1,Hard011,6.481,3.2500,0.0000,3.2500,45.57,
1,Hard011,6.493,3.2500,0.0000,3.2500,45.57,
1,Hard011,6.507,3.2500,0.0000,3.2500,45.57,
1,Hard011,6.523,3.2500,0.0000,3.2500,45.57,
1,Hard011,6.543,3.2500,0.0000,3.2500,45.57,
1,Hard011,6.557,3.2500,0.0000,3.2500,45.57,
1,Hard011,6.574,3.2500,0.0000,3.2500,45.57,
1,Hard011,6.590,3.2500,0.0000,3.2500,45.57,
1,Hard011,6.612,3.2500,0.0000,3.2500,45.57,
1,Hard011,6.625,3.2500,0.0000,3.2500,45.57,
1,Hard011,6.642,3.2500,0.0000,3.2500,45.57,
1,Hard011,6.662,3.2500,0.0000,3.2500,45.57,
1,Hard011,6.677,3.2500,0.0000,3.2500,45.57,
1,Hard011,6.691,3.2500,0.0000,3.2500,45.57,
1,Hard011,6.707,3.2500,0.0000,3.2500,45.57,
1,Hard011,6.730,3.2500,0.0000,3.2500,45.57,
1,Hard011,6.742,3.2500,0.0000,3.2500,45.57,
1,Hard011,6.757,3.2500,0.0000,3.2500,45.57,
1,Hard011,6.774,3.2500,0.0000,3.2500,45.57,
1,Hard011,6.790,3.2500,0.0000,3.2500,45.57,
1,Hard011,6.807,3.2500,0.0000,3.2500,45.57,
1,Hard011,6.823,3.2500,0.0000,3.2500,45.57,
1,Hard011,6.841,3.2500,0.0000,3.2500,45.57,
1,Hard011,6.857,3.2500,0.0000,3.2500,45.57,
1,Hard011,6.873,3.2500,0.0000,3.2500,45.57,
1,Hard011,6.890,3.2500,0.0000,3.2500,45.57,
1,Hard011,6.911,3.2500,0.0000,3.2500,45.57,
1,Hard011,6.929,3.2500,0.0000,3.2500,45.57,
1,Hard011,6.951,3.2500,0.0000,3.2500,45.57,
1,Hard011,6.975,3.2500,0.0000,3.2500,45.57,
1,Hard011,6.993,3.2500,0.0000,3.2500,45.57,
1,Hard011,7.011,3.2500,0.0000,3.2500,45.57,
1,Hard011,7.026,3.2500,0.0000,3.2500,45.57,
1,Hard011,7.044,3.2500,0.0000,3.2500,45.57,
1,Hard011,7.062,3.2500,0.0000,3.2500,45.54,
1,Hard011,7.079,3.2500,0.0000,3.2500,45.54,
1,Hard011,7.092,3.2500,0.0000,3.2500,45.54,
1,Hard011,7.123,3.2500,0.0000,3.2500,45.54,
1,Hard011,7.133,3.2500,0.0000,3.2500,45.51,
1,Hard011,7.144,3.2500,0.0000,3.2500,45.51,
1,Hard011,7.159,3.2500,0.0000,3.2500,45.51,
1,Hard011,7.175,3.2500,0.0000,3.2500,45.51,
1,Hard011,7.190,3.2500,0.0000,3.2500,45.51,
1,Hard011,7.209,3.2500,0.0000,3.2500,45.51,
1,Hard011,7.227,3.2500,0.0000,3.2500,45.51,
1,Hard011,7.242,3.2500,0.0000,3.2500,45.51,
1,Hard011,7.257,3.2500,0.0000,3.2500,45.51,
1,Hard011,7.274,3.2500,0.0000,3.2500,45.51,
1,Hard011,7.294,3.2500,0.0000,3.2500,45.51,
1,Hard011,7.309,3.2500,0.0000,3.2500,45.51,
1,Hard011,7.323,3.2500,0.0000,3.2500,45.51,
1,Hard011,7.340,3.2500,0.0000,3.2500,45.51,
1,Hard011,7.357,3.2500,0.0000,3.2500,45.51,
1,Hard011,7.377,3.2500,0.0000,3.2500,45.51,
1,Hard011,7.393,3.2500,0.0000,3.2500,45.51,
1,Hard011,7.408,3.2500,0.0000,3.2500,45.51,
1,Hard011,7.423,3.2500,0.0000,3.2500,45.51,
1,Hard011,7.440,3.2500,0.0000,3.2500,45.51,
1,Hard011,7.457,3.2500,0.0000,3.2500,45.51,
1,Hard011,7.474,3.2500,0.0000,3.2500,45.51,
1,Hard011,7.495,3.2500,0.0000,3.2500,45.51,
1,Hard011,7.510,3.2500,0.0000,3.2500,45.51,
1,Hard011,7.527,3.2500,0.0000,3.2500,45.51,
1,Hard011,7.542,3.2500,0.0000,3.2500,45.51,
1,Hard011,7.557,3.2500,0.0000,3.2500,45.51,
1,Hard011,7.574,3.2500,0.0000,3.2500,45.51,
1,Hard011,7.590,3.2500,0.0000,3.2500,45.51,
1,Hard011,7.607,3.2500,0.0000,3.2500,45.51,
1,Hard011,7.634,3.2500,0.0000,3.2500,45.51,
1,Hard011,7.641,3.2500,0.0000,3.2500,45.36,
1,Hard011,7.665,3.2500,0.0000,3.2500,45.36,
1,Hard011,7.710,3.2500,0.0000,3.2500,45.15,
1,Hard011,7.743,3.2500,0.0000,3.2500,45.09,
1,Hard011,7.749,3.2500,0.0000,3.2500,44.43,
1,Hard011,7.777,3.2500,0.0000,3.2500,44.43,
1,Hard011,7.797,3.2500,0.0000,3.2500,44.19,
1,Hard011,7.813,3.2500,0.0000,3.2500,43.71,
1,Hard011,7.831,3.2500,0.0000,3.2500,43.41,
1,Hard011,7.844,3.2500,0.0000,3.2500,43.20,
1,Hard011,7.859,3.2500,0.0000,3.2500,43.11,
1,Hard011,7.877,3.2500,0.0000,3.2500,43.11,
1,Hard011,7.891,3.2500,0.0000,3.2500,43.11,
1,Hard011,7.907,3.2500,0.0000,3.2500,43.11,
1,Hard011,7.934,3.2500,0.0000,3.2500,43.11,
1,Hard011,7.943,3.2500,0.0000,3.2500,42.93,
1,Hard011,7.968,3.2500,0.0000,3.2500,42.75,
1,Hard011,7.993,3.2500,0.0000,3.2500,41.67,
1,Hard011,8.011,3.2500,0.0000,3.2500,40.32,
1,Hard011,8.028,3.2500,0.0000,3.2500,38.61,
1,Hard011,8.043,3.2500,0.0000,3.2500,38.55,
1,Hard011,8.064,3.2500,0.0000,3.2500,38.55,
1,Hard011,8.077,3.2500,0.0000,3.2500,38.55,
1,Hard011,8.092,3.2500,0.0000,3.2500,38.55,
1,Hard011,8.107,3.2500,0.0000,3.2500,38.55,
1,Hard011,8.126,3.2500,0.0000,3.2500,38.55,
1,Hard011,8.143,3.2500,0.0000,3.2500,38.55,
1,Hard011,8.159,3.2500,0.0000,3.2500,38.55,
1,Hard011,8.174,3.2500,0.0000,3.2500,38.55,
1,Hard011,8.190,3.2500,0.0000,3.2500,38.55,
1,Hard011,8.207,3.2500,0.0000,3.2500,38.55,
1,Hard011,8.226,3.2500,0.0000,3.2500,38.55,
1,Hard011,8.241,3.2500,0.0000,3.2500,38.55,
1,Hard011,8.257,3.2500,0.0000,3.2500,38.55,
1,Hard011,8.274,3.2500,0.0000,3.2500,38.55,
1,Hard011,8.291,3.2500,0.0000,3.2500,38.55,
1,Hard011,8.307,3.2500,0.0000,3.2500,38.55,
1,Hard011,8.323,3.2500,0.0000,3.2500,38.55,
1,Hard011,8.340,3.2500,0.0000,3.2500,38.55,
1,Hard011,8.356,3.2500,0.0000,3.2500,38.55,
1,Hard011,8.376,3.2500,0.0000,3.2500,38.55,
1,Hard011,8.392,3.2500,0.0000,3.2500,38.55,
1,Hard011,8.407,3.2500,0.0000,3.2500,38.55,
1,Hard011,8.426,3.2500,0.0000,3.2500,38.55,
1,Hard011,8.442,3.2500,0.0000,3.2500,38.55,
1,Hard011,8.461,3.2500,0.0000,3.2500,38.55,
1,Hard011,8.476,3.2500,0.0000,3.2500,38.55,
1,Hard011,8.491,3.2500,0.0000,3.2500,38.55,
1,Hard011,8.507,3.2500,0.0000,3.2500,38.55,
1,Hard011,8.525,3.2500,0.0000,3.2500,38.55,
1,Hard011,8.540,3.2500,0.0000,3.2500,38.55,
1,Hard011,8.560,3.2500,0.0000,3.2500,38.55,
1,Hard011,8.577,3.2500,0.0000,3.2500,38.55,
1,Hard011,8.591,3.2500,0.0000,3.2500,38.55,
1,Hard011,8.608,3.2500,0.0000,3.2500,38.55,
1,Hard011,8.624,3.2500,0.0000,3.2500,38.55,
1,Hard011,8.641,3.2500,0.0000,3.2500,38.55,
1,Hard011,8.659,3.2500,0.0000,3.2500,38.55,
1,Hard011,8.675,3.2500,0.0000,3.2500,38.55,
1,Hard011,8.690,3.2500,0.0000,3.2500,38.55,
1,Hard011,8.710,3.2500,0.0000,3.2500,38.55,
1,Hard011,8.725,3.2500,0.0000,3.2500,38.55,
1,Hard011,8.742,3.2500,0.0000,3.2500,38.55,
1,Hard011,8.757,3.2500,0.0000,3.2500,38.55,
1,Hard011,8.776,3.2500,0.0000,3.2500,38.55,
1,Hard011,8.792,3.2500,0.0000,3.2500,38.55,
1,Hard011,8.809,3.2500,0.0000,3.2500,38.55,
1,Hard011,8.824,3.2500,0.0000,3.2500,38.55,
1,Hard011,8.842,3.2500,0.0000,3.2500,38.58,
1,Hard011,8.861,3.2500,0.0000,3.2500,39.12,
1,Hard011,8.878,3.2500,0.0000,3.2500,39.57,
1,Hard011,8.896,3.2500,0.0000,3.2500,40.56,
1,Hard011,8.910,3.2500,0.0000,3.2500,40.71,
1,Hard011,8.927,3.2500,0.0000,3.2500,40.74,
1,Hard011,8.941,3.2500,0.0000,3.2500,40.74,
1,Hard011,8.956,3.2500,0.0000,3.2500,40.74,
1,Hard011,8.974,3.2500,0.0000,3.2500,40.74,
1,Hard011,8.992,3.2500,0.0000,3.2500,40.74,
1,Hard011,9.010,3.2500,0.0000,3.2500,40.77,
1,Hard011,9.029,3.2500,0.0000,3.2500,41.07,
1,Hard011,9.046,3.2500,0.0000,3.2500,41.25,
1,Hard011,9.060,3.2500,0.0000,3.2500,41.31,
1,Hard011,9.081,3.2500,0.0000,3.2500,41.34,
1,Hard011,9.093,3.2500,0.0000,3.2500,41.34,
1,Hard011,9.109,3.2500,0.0000,3.2500,41.34,
1,Hard011,9.125,3.2500,0.0000,3.2500,41.34,
1,Hard011,9.143,3.2500,0.0000,3.2500,41.34,
1,Hard011,9.159,3.2500,0.0000,3.2500,41.34,
1,Hard011,9.176,3.2500,0.0000,3.2500,41.31,
1,Hard011,9.192,3.2500,0.0000,3.2500,41.31,
1,Hard011,9.208,3.2500,0.0000,3.2500,41.31,
1,Hard011,9.223,3.2500,0.0000,3.2500,41.31,
1,Hard011,9.240,3.2500,0.0000,3.2500,41.31,
1,Hard011,9.256,3.2500,0.0000,3.2500,41.31,
1,Hard011,9.295,3.2500,0.0000,3.2500,41.31,
1,Hard011,9.302,3.2500,0.0000,3.2500,41.31,
1,Hard011,9.326,3.2500,0.0000,3.2500,41.31,
1,Hard011,9.343,3.2500,0.0000,3.2500,41.16,
1,Hard011,9.360,3.2500,0.0000,3.2500,40.98,
1,Hard011,9.376,3.2500,0.0000,3.2500,40.92,
1,Hard011,9.393,3.2500,0.0000,3.2500,40.92,
1,Hard011,9.407,3.2500,0.0000,3.2500,40.92,
1,Hard011,9.423,3.2500,0.0000,3.2500,40.92,
1,Hard011,9.440,3.2500,0.0000,3.2500,40.92,
1,Hard011,9.457,3.2500,0.0000,3.2500,40.92,
1,Hard011,9.474,3.2500,0.0000,3.2500,40.92,
1,Hard011,9.500,3.2500,0.0000,3.2500,40.92,
1,Hard011,9.506,3.2500,0.0000,3.2500,40.92,
1,Hard011,9.527,3.2500,0.0000,3.2500,40.92,
1,Hard011,9.543,3.2500,0.0000,3.2500,40.92,
1,Hard011,9.558,3.2500,0.0000,3.2500,40.95,
1,Hard011,9.573,3.2500,0.0000,3.2500,40.95,
1,Hard011,9.591,3.2500,0.0000,3.2500,40.95,
1,Hard011,9.607,3.2500,0.0000,3.2500,40.95,
1,Hard011,9.624,3.2500,0.0000,3.2500,40.95,
1,Hard011,9.640,3.2500,0.0000,3.2500,40.95,
1,Hard011,9.656,3.2500,0.0000,3.2500,40.95,
1,Hard011,9.673,3.2500,0.0000,3.2500,40.95,
1,Hard011,9.690,3.2500,0.0000,3.2500,40.95,
1,Hard011,9.706,3.2500,0.0000,3.2500,40.95,
1,Hard011,9.723,3.2500,0.0000,3.2500,40.95,
1,Hard011,9.739,3.2500,0.0000,3.2500,40.95,
1,Hard011,9.756,3.2500,0.0000,3.2500,40.95,
1,Hard011,9.773,3.2500,0.0000,3.2500,40.95,
1,Hard011,9.790,3.2500,0.0000,3.2500,40.95,
1,Hard011,9.807,3.2500,0.0000,3.2500,40.95,
1,Hard011,9.823,3.2500,0.0000,3.2500,40.95,
1,Hard011,9.840,3.2500,0.0000,3.2500,40.95,
1,Hard011,9.856,3.2500,0.0000,3.2500,40.95,
1,Hard011,9.873,3.2500,0.0000,3.2500,40.95,
1,Hard011,9.890,3.2500,0.0000,3.2500,40.95,
1,Hard011,9.906,3.2500,0.0000,3.2500,40.95,
1,Hard011,9.923,3.2500,0.0000,3.2500,40.95,
1,Hard011,9.939,3.2500,0.0000,3.2500,40.95,
1,Hard011,9.956,3.2500,0.0000,3.2500,40.95,
1,Hard011,9.973,3.2500,0.0000,3.2500,40.95,
1,Hard011,9.990,3.2500,0.0000,3.2500,40.95,
1,Hard011,10.006,3.2500,0.0000,3.2500,40.95,
1,Hard011,10.023,3.2500,0.0000,3.2500,40.95,
1,Hard011,10.040,3.2500,0.0000,3.2500,40.95,
1,Hard011,10.057,3.2500,0.0000,3.2500,40.95,
1,Hard011,10.073,3.2500,0.0000,3.2500,40.95,
1,Hard011,10.090,3.2500,0.0000,3.2500,40.95,
1,Hard011,10.106,3.2500,0.0000,3.2500,40.95,
1,Hard011,10.123,3.2500,0.0000,3.2500,40.95,
1,Hard011,10.139,3.2500,0.0000,3.2500,40.95,
1,Hard011,10.156,3.2500,0.0000,3.2500,40.95,
1,Hard011,10.173,3.2500,0.0000,3.2500,40.95,
1,Hard011,10.190,3.2500,0.0000,3.2500,40.95,
1,Hard011,10.206,3.2500,0.0000,3.2500,40.95,
1,Hard011,10.223,3.2500,0.0000,3.2500,40.95,
1,Hard011,10.240,3.2500,0.0000,3.2500,40.95,
1,Hard011,10.296,3.2500,0.0000,3.2500,40.95,
1,Hard011,10.306,3.2500,0.0000,3.2500,40.83,
1,Hard011,10.326,3.2500,0.0000,3.2500,40.80,
1,Hard011,10.344,3.2500,0.0000,3.2500,40.74,
1,Hard011,10.359,3.2500,0.0000,3.2500,40.71,
1,Hard011,10.375,3.2500,0.0000,3.2500,40.71,
1,Hard011,10.393,3.2500,0.0000,3.2500,40.71,
1,Hard011,10.408,3.2500,0.0000,3.2500,40.71,
1,Hard011,10.424,3.2500,0.0000,3.2500,40.71,
1,Hard011,10.438,3.2500,0.0000,3.2500,40.71,
1,Hard011,10.459,3.2500,0.0000,3.2500,40.71,
1,Hard011,10.474,3.2500,0.0000,3.2500,40.71,
1,Hard011,10.492,3.2500,0.0000,3.2500,40.71,
1,Hard011,10.509,3.2500,0.0000,3.2500,40.71,
1,Hard011,10.525,3.2500,0.0000,3.2500,40.71,
1,Hard011,10.542,3.2500,0.0000,3.2500,40.71,
1,Hard011,10.559,3.2500,0.0000,3.2500,40.71,
1,Hard011,10.577,3.2500,0.0000,3.2500,40.71,
1,Hard011,10.592,3.2500,0.0000,3.2500,40.71,
1,Hard011,10.608,3.2500,0.0000,3.2500,40.71,
1,Hard011,10.625,3.2500,0.0000,3.2500,40.71,
1,Hard011,10.641,3.2500,0.0000,3.2500,40.71,
1,Hard011,10.657,3.2500,0.0000,3.2500,40.71,
1,Hard011,10.673,3.2500,0.0000,3.2500,40.71,
1,Hard011,10.694,3.2500,0.0000,3.2500,40.71,
1,Hard011,10.708,3.2500,0.0000,3.2500,40.71,
1,Hard011,10.724,3.2500,0.0000,3.2500,40.71,
1,Hard011,10.743,3.2500,0.0000,3.2500,40.71,
1,Hard011,10.761,3.2500,0.0000,3.2500,40.71,
1,Hard011,10.777,3.2500,0.0000,3.2500,40.71,
1,Hard011,10.794,3.2500,0.0000,3.2500,40.71,
1,Hard011,10.808,3.2500,0.0000,3.2500,40.65,
1,Hard011,10.830,3.2500,0.0000,3.2500,40.65,
1,Hard011,10.843,3.2500,0.0000,3.2500,40.50,
1,Hard011,10.859,3.2500,0.0000,3.2500,40.50,
1,Hard011,10.875,3.2500,0.0000,3.2500,40.50,
1,Hard011,10.891,3.2500,0.0000,3.2500,40.50,
1,Hard011,10.906,3.2500,0.0000,3.2500,40.50,
1,Hard011,10.923,3.2500,0.0000,3.2500,40.50,
1,Hard011,10.939,3.2500,0.0000,3.2500,40.50,
1,Hard011,10.959,3.2500,0.0000,3.2500,40.50,
1,Hard011,10.973,3.2500,0.0000,3.2500,40.50,
1,Hard011,10.990,3.2500,0.0000,3.2500,40.50,
1,Hard011,11.006,3.2500,0.0000,3.2500,40.50,
1,Hard011,11.023,3.2500,0.0000,3.2500,40.50,
1,Hard011,11.040,3.2500,0.0000,3.2500,40.50,
1,Hard011,11.056,3.2500,0.0000,3.2500,40.50,
1,Hard011,11.073,3.2500,0.0000,3.2500,40.50,
1,Hard011,11.090,3.2500,0.0000,3.2500,40.50,
1,Hard011,11.106,3.2500,0.0000,3.2500,40.50,
1,Hard011,11.123,3.2500,0.0000,3.2500,40.50,
1,Hard011,11.140,3.2500,0.0000,3.2500,40.50,
1,Hard011,11.157,3.2500,0.0000,3.2500,40.50,
1,Hard011,11.179,3.2500,0.0000,3.2500,40.50,
1,Hard011,11.193,3.2500,0.0000,3.2500,40.50,
1,Hard011,11.206,3.2500,0.0000,3.2500,40.50,
1,Hard011,11.223,3.2500,0.0000,3.2500,40.50,
1,Hard011,11.239,3.2500,0.0000,3.2500,40.50,
1,Hard011,11.256,3.2500,0.0000,3.2500,40.50,
1,Hard011,11.273,3.2500,0.0000,3.2500,40.50,
1,Hard011,11.290,3.2500,0.0000,3.2500,40.50,
1,Hard011,11.306,3.2500,0.0000,3.2500,40.50,
1,Hard011,11.323,3.2500,0.0000,3.2500,40.50,
1,Hard011,11.339,3.2500,0.0000,3.2500,40.50,
1,Hard011,11.356,3.2500,0.0000,3.2500,40.50,
1,Hard011,11.373,3.2500,0.0000,3.2500,40.50,
1,Hard011,11.390,3.2500,0.0000,3.2500,40.50,
1,Hard011,11.406,3.2500,0.0000,3.2500,40.50,
1,Hard011,11.423,3.2500,0.0000,3.2500,40.50,
1,Hard011,11.439,3.2500,0.0000,3.2500,40.50,
1,Hard011,11.520,3.2500,0.0000,3.2500,40.50,
1,Hard011,11.528,3.2500,0.0000,3.2500,40.50,
1,Hard011,11.585,3.2500,0.0000,3.2500,40.50,
1,Hard011,11.591,3.2500,0.0000,3.2500,40.50,
1,Hard011,11.611,3.2500,0.0000,3.2500,40.50,
1,Hard011,11.625,3.2500,0.0000,3.2500,40.50,
1,Hard011,11.644,3.2500,0.0000,3.2500,40.50,
1,Hard011,11.658,3.2500,0.0000,3.2500,40.50,
1,Hard011,11.682,3.2500,0.0000,3.2500,40.50,
1,Hard011,11.692,3.2500,0.0000,3.2500,40.50,
1,Hard011,11.709,3.2500,0.0000,3.2500,40.50,
1,Hard011,11.725,3.2500,0.0000,3.2500,40.50,
1,Hard011,11.746,3.2500,0.0000,3.2500,40.50,
1,Hard011,11.761,3.2500,0.0000,3.2500,40.50,
1,Hard011,11.775,3.2500,0.0000,3.2500,40.50,
1,Hard011,11.790,3.2500,0.0000,3.2500,40.50,
1,Hard011,11.806,3.2500,0.0000,3.2500,40.50,
1,Hard011,11.823,3.2500,0.0000,3.2500,40.50,
1,Hard011,11.841,3.2500,0.0000,3.2500,40.50,
1,Hard011,11.856,3.2500,0.0000,3.2500,40.50,
1,Hard011,11.873,3.2500,0.0000,3.2500,40.50,
1,Hard011,11.889,3.2500,0.0000,3.2500,40.50,
1,Hard011,11.906,3.2500,0.0000,3.2500,40.50,
1,Hard011,11.923,3.2500,0.0000,3.2500,40.50,
1,Hard011,11.940,3.2500,0.0000,3.2500,40.50,
1,Hard011,11.956,3.2500,0.0000,3.2500,40.50,
1,Hard011,11.973,3.2500,0.0000,3.2500,40.50,
1,Hard011,11.989,3.2500,0.0000,3.2500,40.50,
1,Hard011,12.014,3.2500,0.0000,3.2500,40.50,
1,Hard011,12.026,3.2500,0.0000,3.2500,40.41,
1,Hard011,12.041,3.2500,0.0000,3.2500,40.32,
1,Hard011,12.057,3.2500,0.0000,3.2500,40.32,
1,Hard011,12.074,3.2500,0.0000,3.2500,40.32,
1,Hard011,12.090,3.2500,0.0000,3.2500,40.32,
1,Hard011,12.107,3.2500,0.0000,3.2500,40.32,
1,Hard011,12.123,3.2500,0.0000,3.2500,40.32,
1,Hard011,12.140,3.2500,0.0000,3.2500,40.32,
1,Hard011,12.156,3.2500,0.0000,3.2500,40.32,
1,Hard011,12.177,3.2500,0.0000,3.2500,40.32,
1,Hard011,12.193,3.2500,0.0000,3.2500,40.32,
1,Hard011,12.209,3.2500,0.0000,3.2500,40.32,
1,Hard011,12.225,3.2500,0.0000,3.2500,40.32,
1,Hard011,12.244,3.2500,0.0000,3.2500,40.32,
1,Hard011,12.259,3.2500,0.0000,3.2500,40.32,
1,Hard011,12.276,3.2500,0.0000,3.2500,40.32,
1,Hard011,12.292,3.2500,0.0000,3.2500,40.32,
1,Hard011,12.308,3.2500,0.0000,3.2500,40.32,
1,Hard011,12.324,3.2500,0.0000,3.2500,40.32,
1,Hard011,12.341,3.2500,0.0000,3.2500,40.32,
1,Hard011,12.357,3.2500,0.0000,3.2500,40.32,
1,Hard011,12.374,3.2500,0.0000,3.2500,40.32,
1,Hard011,12.390,3.2500,0.0000,3.2500,40.32,
1,Hard011,12.407,3.2500,0.0000,3.2500,40.32,
1,Hard011,12.423,3.2500,0.0000,3.2500,40.32,
1,Hard011,12.440,3.2500,0.0000,3.2500,40.32,
1,Hard011,12.457,3.2500,0.0000,3.2500,40.32,
1,Hard011,12.474,3.2500,0.0000,3.2500,40.32,
1,Hard011,12.490,3.2500,0.0000,3.2500,40.32,
1,Hard011,12.507,3.2500,0.0000,3.2500,40.32,
1,Hard011,12.523,3.2500,0.0000,3.2500,40.32,
1,Hard011,12.540,3.2500,0.0000,3.2500,40.32,
1,Hard011,12.556,3.2500,0.0000,3.2500,40.32,
1,Hard011,12.574,3.2500,0.0000,3.2500,40.32,
1,Hard011,12.590,3.2500,0.0000,3.2500,40.32,
1,Hard011,12.607,3.2500,0.0000,3.2500,40.32,
1,Hard011,12.623,3.2500,0.0000,3.2500,40.32,
1,Hard011,12.641,3.2500,0.0000,3.2500,40.32,
1,Hard011,12.657,3.2500,0.0000,3.2500,40.32,
1,Hard011,12.674,3.2500,0.0000,3.2500,40.32,
1,Hard011,12.690,3.2500,0.0000,3.2500,40.32,
1,Hard011,12.707,3.2500,0.0000,3.2500,40.32,
1,Hard011,12.723,3.2500,0.0000,3.2500,40.32,
1,Hard011,12.740,3.2500,0.0000,3.2500,40.32,
1,Hard011,12.756,3.2500,0.0000,3.2500,40.32,
1,Hard011,12.773,3.2500,0.0000,3.2500,40.32,
1,Hard011,12.790,3.2500,0.0000,3.2500,40.32,
1,Hard011,12.807,3.2500,0.0000,3.2500,40.32,
1,Hard011,12.823,3.2500,0.0000,3.2500,40.32,
1,Hard011,12.840,3.2500,0.0000,3.2500,40.32,
1,Hard011,12.906,3.2500,0.0000,3.2500,40.32,
1,Hard011,12.912,3.2500,0.0000,3.2500,40.32,
1,Hard011,12.926,3.2500,0.0000,3.2500,40.32,
1,Hard011,12.942,3.2500,0.0000,3.2500,40.32,
1,Hard011,12.962,3.2500,0.0000,3.2500,40.32,
1,Hard011,12.981,3.2500,0.0000,3.2500,40.32,
1,Hard011,12.992,3.2500,0.0000,3.2500,40.32,
1,Hard011,13.011,3.2500,0.0000,3.2500,40.32,
1,Hard011,13.026,3.2500,0.0000,3.2500,40.32,
1,Hard011,13.044,3.2500,0.0000,3.2500,40.32,
1,Hard011,13.060,3.2500,0.0000,3.2500,40.32,
1,Hard011,13.076,3.2500,0.0000,3.2500,40.32,
1,Hard011,13.092,3.2500,0.0000,3.2500,40.32,
1,Hard011,13.108,3.2500,0.0000,3.2500,40.32,
1,Hard011,13.123,3.2500,0.0000,3.2500,40.32,
1,Hard011,13.139,3.2500,0.0000,3.2500,40.32,
1,Hard011,13.156,3.2500,0.0000,3.2500,40.32,
1,Hard011,13.173,3.2500,0.0000,3.2500,40.32,
1,Hard011,13.191,3.2500,0.0000,3.2500,40.32,
1,Hard011,13.208,3.2500,0.0000,3.2500,40.32,
1,Hard011,13.223,3.2500,0.0000,3.2500,40.32,
1,Hard011,13.240,3.2500,0.0000,3.2500,40.32,
1,Hard011,13.256,3.2500,0.0000,3.2500,40.32,
1,Hard011,13.273,3.2500,0.0000,3.2500,40.32,
1,Hard011,13.289,3.2500,0.0000,3.2500,40.32,
1,Hard011,13.306,3.2500,0.0000,3.2500,40.32,
1,Hard011,13.354,3.2500,0.0000,3.2500,40.32,
1,Hard011,13.405,3.2500,0.0000,3.2500,40.32,
1,Hard011,13.412,3.2500,0.0000,3.2500,40.32,
1,Hard011,13.425,3.2500,0.0000,3.2500,40.32,
1,Hard011,13.442,3.2500,0.0000,3.2500,40.32,
1,Hard011,13.459,3.2500,0.0000,3.2500,40.32,
1,Hard011,13.476,3.2500,0.0000,3.2500,40.32,
1,Hard011,13.492,3.2500,0.0000,3.2500,40.32,
1,Hard011,13.508,3.2500,0.0000,3.2500,40.32,
1,Hard011,13.524,3.2500,0.0000,3.2500,40.32,
1,Hard011,13.541,3.2500,0.0000,3.2500,40.32,
1,Hard011,13.557,3.2500,0.0000,3.2500,40.32,
1,Hard011,13.573,3.2500,0.0000,3.2500,40.32,
1,Hard011,13.590,3.2500,0.0000,3.2500,40.32,
1,Hard011,13.607,3.2500,0.0000,3.2500,40.32,
1,Hard011,13.624,3.2500,0.0000,3.2500,40.32,
1,Hard011,13.640,3.2500,0.0000,3.2500,40.32,
1,Hard011,13.657,3.2500,0.0000,3.2500,40.32,
1,Hard011,13.675,3.2500,0.0000,3.2500,40.32,
1,Hard011,13.691,3.2500,0.0000,3.2500,40.32,
1,Hard011,13.708,3.2500,0.0000,3.2500,40.32,
1,Hard011,13.724,3.2500,0.0000,3.2500,40.32,
1,Hard011,13.741,3.2500,0.0000,3.2500,40.32,
1,Hard011,13.757,3.2500,0.0000,3.2500,40.32,
1,Hard011,13.773,3.2500,0.0000,3.2500,40.32,
1,Hard011,13.790,3.2500,0.0000,3.2500,40.32,
1,Hard011,13.849,3.2500,0.0000,3.2500,40.32,
1,Hard011,13.863,3.2500,0.0000,3.2500,40.32,
1,Hard011,13.876,3.2500,0.0000,3.2500,40.32,
1,Hard011,13.889,3.2500,0.0000,3.2500,40.32,
1,Hard011,13.914,3.2500,0.0000,3.2500,40.32,
1,Hard011,13.925,3.2500,0.0000,3.2500,40.32,
1,Hard011,13.943,3.2500,0.0000,3.2500,40.32,
1,Hard011,13.959,3.2500,0.0000,3.2500,40.32,
1,Hard011,13.976,3.2500,0.0000,3.2500,40.32,
1,Hard011,13.992,3.2500,0.0000,3.2500,40.32,
1,Hard011,14.008,3.2500,0.0000,3.2500,40.32,
1,Hard011,14.027,3.2500,0.0000,3.2500,40.32,
1,Hard011,14.042,3.2500,0.0000,3.2500,40.32,
1,Hard011,14.058,3.2500,0.0000,3.2500,40.32,
1,Hard011,14.074,3.2500,0.0000,3.2500,40.32,
1,Hard011,14.090,3.2500,0.0000,3.2500,40.32,
1,Hard011,14.107,3.2500,0.0000,3.2500,40.32,
1,Hard011,14.123,3.2500,0.0000,3.2500,40.32,
1,Hard011,14.144,3.2500,0.0000,3.2500,40.32,
1,Hard011,14.160,3.2500,0.0000,3.2500,40.32,
1,Hard011,14.176,3.2500,0.0000,3.2500,40.32,
1,Hard011,14.191,3.2500,0.0000,3.2500,40.32,
1,Hard011,14.207,3.2500,0.0000,3.2500,40.32,
1,Hard011,14.223,3.2500,0.0000,3.2500,40.32,
1,Hard011,14.239,3.2500,0.0000,3.2500,40.32,
1,Hard011,14.256,3.2500,0.0000,3.2500,40.32,
1,Hard011,14.273,3.2500,0.0000,3.2500,40.32,
1,Hard011,14.289,3.2500,0.0000,3.2500,40.32,
1,Hard011,14.312,3.2500,0.0000,3.2500,40.32,
1,Hard011,14.325,3.2500,0.0000,3.2500,40.32,
1,Hard011,14.341,3.2500,0.0000,3.2500,40.32,
1,Hard011,14.357,3.2500,0.0000,3.2500,40.32,
1,Hard011,14.374,3.2500,0.0000,3.2500,40.32,
1,Hard011,14.390,3.2500,0.0000,3.2500,40.32,
1,Hard011,14.406,3.2500,0.0000,3.2500,40.32,
1,Hard011,14.422,3.2500,0.0000,3.2500,40.32,
1,Hard011,14.439,3.2500,0.0000,3.2500,40.32,
1,Hard011,14.456,3.2500,0.0000,3.2500,40.32,
1,Hard011,14.473,3.2500,0.0000,3.2500,40.32,
1,Hard011,14.489,3.2500,0.0000,3.2500,40.32,
1,Hard011,14.506,3.2500,0.0000,3.2500,40.32,
1,Hard011,14.523,3.2500,0.0000,3.2500,40.32,
1,Hard011,14.542,3.2500,0.0000,3.2500,40.32,
1,Hard011,14.557,3.2500,0.0000,3.2500,40.32,
1,Hard011,14.577,3.2500,0.0000,3.2500,40.32,
1,Hard011,14.591,3.2500,0.0000,3.2500,40.32,
1,Hard011,14.608,3.2500,0.0000,3.2500,40.32,
1,Hard011,14.623,3.2500,0.0000,3.2500,40.32,
1,Hard011,14.640,3.2500,0.0000,3.2500,40.32,
1,Hard011,14.656,3.2500,0.0000,3.2500,40.32,
1,Hard011,14.676,3.2500,0.0000,3.2500,40.32,
1,Hard011,14.694,3.2500,0.0000,3.2500,40.32,
1,Hard011,14.711,3.2500,0.0000,3.2500,40.32,
1,Hard011,14.725,3.2500,0.0000,3.2500,40.32,
1,Hard011,14.742,3.2500,0.0000,3.2500,40.32,
1,Hard011,14.760,3.2500,0.0000,3.2500,40.32,
1,Hard011,14.775,3.2500,0.0000,3.2500,40.32,
1,Hard011,14.791,3.2500,0.0000,3.2500,40.32,
1,Hard011,14.807,3.2500,0.0000,3.2500,40.32,
1,Hard011,14.827,3.2500,0.0000,3.2500,40.32,
1,Hard011,14.845,3.2500,0.0000,3.2500,40.32,
1,Hard011,14.859,3.2500,0.0000,3.2500,40.32,
1,Hard011,14.877,3.2500,0.0000,3.2500,40.32,
1,Hard011,14.892,3.2500,0.0000,3.2500,40.32,
1,Hard011,14.908,3.2500,0.0000,3.2500,40.32,
1,Hard011,14.927,3.2500,0.0000,3.2500,40.32,
1,Hard011,14.943,3.2500,0.0000,3.2500,40.32,
1,Hard011,14.957,3.2500,0.0000,3.2500,40.32,
1,Hard011,14.974,3.2500,0.0000,3.2500,40.32,
1,Hard011,14.995,3.2500,0.0000,3.2500,40.32,
1,Hard011,15.009,3.2500,0.0000,3.2500,40.32,
1,Hard011,15.025,3.2500,0.0000,3.2500,40.32,
1,Hard011,15.041,3.2500,0.0000,3.2500,40.32,
1,Hard011,15.059,3.2500,0.0000,3.2500,40.32,
1,Hard011,15.076,3.2500,0.0000,3.2500,40.32,
1,Hard011,15.092,3.2500,0.0000,3.2500,40.32,
1,Hard011,15.108,3.2500,0.0000,3.2500,40.32,
1,Hard011,15.124,3.2500,0.0000,3.2500,40.32,
1,Hard011,15.140,3.2500,0.0000,3.2500,40.32,
1,Hard011,15.156,3.2500,0.0000,3.2500,40.32,
1,Hard011,15.173,3.2500,0.0000,3.2500,40.32,
1,Hard011,15.195,3.2500,0.0000,3.2500,40.32,
1,Hard011,15.211,3.2500,0.0000,3.2500,40.32,
1,Hard011,15.228,3.2500,0.0000,3.2500,40.32,
1,Hard011,15.244,3.2500,0.0000,3.2500,40.32,
1,Hard011,15.259,3.2500,0.0000,3.2500,40.32,
1,Hard011,15.275,3.2500,0.0000,3.2500,40.32,
1,Hard011,15.290,3.2500,0.0000,3.2500,40.32,
1,Hard011,15.307,3.2500,0.0000,3.2500,40.32,
1,Hard011,15.324,3.2500,0.0000,3.2500,40.32,
1,Hard011,15.343,3.2500,0.0000,3.2500,40.32,
1,Hard011,15.359,3.2500,0.0000,3.2500,40.32,
1,Hard011,15.378,3.2500,0.0000,3.2500,40.32,
1,Hard011,15.393,3.2500,0.0000,3.2500,40.32,
1,Hard011,15.411,3.2500,0.0000,3.2500,40.32,
1,Hard011,15.425,3.2500,0.0000,3.2500,40.32,
1,Hard011,15.441,3.2500,0.0000,3.2500,40.32,
1,Hard011,15.456,3.2500,0.0000,3.2500,40.32,
1,Hard011,15.473,3.2500,0.0000,3.2500,40.32,
1,Hard011,15.489,3.2500,0.0000,3.2500,40.32,
1,Hard011,15.507,3.2500,0.0000,3.2500,40.32,
1,Hard011,15.524,3.2500,0.0000,3.2500,40.32,
1,Hard011,15.540,3.2500,0.0000,3.2500,40.32,
1,Hard011,15.556,3.2500,0.0000,3.2500,40.32,
1,Hard011,15.572,3.2500,0.0000,3.2500,40.32,
1,Hard011,15.589,3.2500,0.0000,3.2500,40.32,
1,Hard011,15.606,3.2500,0.0000,3.2500,40.32,
1,Hard011,15.622,3.2500,0.0000,3.2500,40.32,
1,Hard011,15.639,3.2500,0.0000,3.2500,40.32,
1,Hard011,15.656,3.2500,0.0000,3.2500,40.32,
1,Hard011,15.673,3.2500,0.0000,3.2500,40.32,
1,Hard011,15.689,3.2500,0.0000,3.2500,40.32,
1,Hard011,15.706,3.2500,0.0000,3.2500,40.32,
1,Hard011,15.722,3.2500,0.0000,3.2500,40.32,
1,Hard011,15.739,3.2500,0.0000,3.2500,40.32,
1,Hard011,15.756,3.2500,0.0000,3.2500,40.32,
1,Hard011,15.773,3.2500,0.0000,3.2500,40.32,
1,Hard011,15.790,3.2500,0.0000,3.2500,40.32,
1,Hard011,15.809,3.2500,0.0000,3.2500,40.32,
1,Hard011,15.824,3.2500,0.0000,3.2500,40.32,
1,Hard011,15.841,3.2500,0.0000,3.2500,40.32,
1,Hard011,15.857,3.2500,0.0000,3.2500,40.32,
1,Hard011,15.873,3.2500,0.0000,3.2500,40.32,
1,Hard011,15.890,3.2500,0.0000,3.2500,40.32,
1,Hard011,15.908,3.2500,0.0000,3.2500,40.32,
1,Hard011,15.923,3.2500,0.0000,3.2500,40.32,
1,Hard011,15.939,3.2500,0.0000,3.2500,40.32,
1,Hard011,15.956,3.2500,0.0000,3.2500,40.32,
1,Hard011,15.973,3.2500,0.0000,3.2500,40.32,
1,Hard011,15.990,3.2500,0.0000,3.2500,40.32,
1,Hard011,16.006,3.2500,0.0000,3.2500,40.32,
1,Hard011,16.023,3.2500,0.0000,3.2500,40.32,
1,Hard011,16.039,3.2500,0.0000,3.2500,40.32,
1,Hard011,16.056,3.2500,0.0000,3.2500,40.32,
1,Hard011,16.073,3.2500,0.0000,3.2500,40.32,
1,Hard011,16.089,3.2500,0.0000,3.2500,40.32,
1,Hard011,16.106,3.2500,0.0000,3.2500,40.32,
1,Hard011,16.122,3.2500,0.0000,3.2500,40.32,
1,Hard011,16.139,3.2500,0.0000,3.2500,40.32,
1,Hard011,16.156,3.2500,0.0000,3.2500,40.32,
1,Hard011,16.173,3.2500,0.0000,3.2500,40.32,
1,Hard011,16.189,3.2500,0.0000,3.2500,40.32,
1,Hard011,16.207,3.2500,0.0000,3.2500,40.32,
1,Hard011,16.223,3.2500,0.0000,3.2500,40.32,
1,Hard011,16.240,3.2500,0.0000,3.2500,40.32,
1,Hard011,16.257,3.2500,0.0000,3.2500,40.32,
1,Hard011,16.274,3.2500,0.0000,3.2500,40.32,
1,Hard011,16.290,3.2500,0.0000,3.2500,40.32,
1,Hard011,16.311,3.2500,0.0000,3.2500,40.32,
1,Hard011,16.325,3.2500,0.0000,3.2500,40.32,
1,Hard011,16.343,3.2500,0.0000,3.2500,40.32,
1,Hard011,16.358,3.2500,0.0000,3.2500,40.32,
1,Hard011,16.379,3.2500,0.0000,3.2500,40.32,
1,Hard011,16.393,3.2500,0.0000,3.2500,40.32,
1,Hard011,16.411,3.2500,0.0000,3.2500,40.32,
1,Hard011,16.425,3.2500,0.0000,3.2500,40.32,
1,Hard011,16.444,3.2500,0.0000,3.2500,40.32,
1,Hard011,16.458,3.2500,0.0000,3.2500,40.32,
1,Hard011,16.474,3.2500,0.0000,3.2500,40.32,
1,Hard011,16.493,3.2500,0.0000,3.2500,40.32,
1,Hard011,16.510,3.2500,0.0000,3.2500,40.32,
1,Hard011,16.525,3.2500,0.0000,3.2500,40.32,
1,Hard011,16.542,3.2500,0.0000,3.2500,40.32,
1,Hard011,16.558,3.2500,0.0000,3.2500,40.32,
1,Hard011,16.574,3.2500,0.0000,3.2500,40.32,
1,Hard011,16.591,3.2500,0.0000,3.2500,40.32,
1,Hard011,16.609,3.2500,0.0000,3.2500,40.32,
1,Hard011,16.626,3.2500,0.0000,3.2500,40.32,
1,Hard011,16.641,3.2500,0.0000,3.2500,40.32,
1,Hard011,16.661,3.2500,0.0000,3.2500,40.32,
1,Hard011,16.677,3.2500,0.0000,3.2500,40.32,
1,Hard011,16.692,3.2500,0.0000,3.2500,40.32,
1,Hard011,16.708,3.2500,0.0000,3.2500,40.32,
1,Hard011,16.724,3.2500,0.0000,3.2500,40.32,
1,Hard011,16.740,3.2500,0.0000,3.2500,40.32,
1,Hard011,16.755,3.2500,0.0000,3.2500,40.32,
1,Hard011,16.773,3.2500,0.0000,3.2500,40.32,
1,Hard011,16.789,3.2500,0.0000,3.2500,40.32,
1,Hard011,16.805,3.2500,0.0000,3.2500,40.32,
1,Hard011,16.822,3.2500,0.0000,3.2500,40.32,
1,Hard011,16.839,3.2500,0.0000,3.2500,40.32,
1,Hard011,16.855,3.2500,0.0000,3.2500,40.32,
1,Hard011,16.873,3.2500,0.0000,3.2500,40.32,
1,Hard011,16.890,3.2500,0.0000,3.2500,40.32,
1,Hard011,16.907,3.2500,0.0000,3.2500,40.32,
1,Hard011,16.924,3.2500,0.0000,3.2500,40.32,
1,Hard011,16.940,3.2500,0.0000,3.2500,40.32,
1,Hard011,16.956,3.2500,0.0000,3.2500,40.32,
1,Hard011,16.972,3.2500,0.0000,3.2500,40.32,
1,Hard011,16.989,3.2500,0.0000,3.2500,40.32,
1,Hard011,17.006,3.2500,0.0000,3.2500,40.32,
1,Hard011,17.022,3.2500,0.0000,3.2500,40.32,
1,Hard011,17.039,3.2500,0.0000,3.2500,40.32,
1,Hard011,17.055,3.2500,0.0000,3.2500,40.32,
1,Hard011,17.072,3.2500,0.0000,3.2500,40.32,
1,Hard011,17.089,3.2500,0.0000,3.2500,40.32,
1,Hard011,17.106,3.2500,0.0000,3.2500,40.32,
1,Hard011,17.122,3.2500,0.0000,3.2500,40.32,
1,Hard011,17.140,3.2500,0.0000,3.2500,40.32,
1,Hard011,17.156,3.2500,0.0000,3.2500,40.32,
1,Hard011,17.173,3.2500,0.0000,3.2500,40.32,
1,Hard011,17.189,3.2500,0.0000,3.2500,40.32,
1,Hard011,17.206,3.2500,0.0000,3.2500,40.32,
1,Hard011,17.223,3.2500,0.0000,3.2500,40.32,
1,Hard011,17.240,3.2500,0.0000,3.2500,40.32,
1,Hard011,17.256,3.2500,0.0000,3.2500,40.32,
1,Hard011,17.273,3.2500,0.0000,3.2500,40.32,
1,Hard011,17.289,3.2500,0.0000,3.2500,40.32,
1,Hard011,17.306,3.2500,0.0000,3.2500,40.32,
1,Hard011,17.322,3.2500,0.0000,3.2500,40.32,
1,Hard011,17.339,3.2500,0.0000,3.2500,40.32,
1,Hard011,17.355,3.2500,0.0000,3.2500,40.32,
1,Hard011,17.373,3.2500,0.0000,3.2500,40.32,
1,Hard011,17.389,3.2500,0.0000,3.2500,40.32,
1,Hard011,17.406,3.2500,0.0000,3.2500,40.32,
1,Hard011,17.422,3.2500,0.0000,3.2500,40.32,
1,Hard011,17.439,3.2500,0.0000,3.2500,40.32,
1,Hard011,17.455,3.2500,0.0000,3.2500,40.32,
1,Hard011,17.472,3.2500,0.0000,3.2500,40.32,
1,Hard011,17.489,3.2500,0.0000,3.2500,40.32,
1,Hard011,17.505,3.2500,0.0000,3.2500,40.32,
1,Hard011,17.522,3.2500,0.0000,3.2500,40.32,
1,Hard011,17.539,3.2500,0.0000,3.2500,40.32,
1,Hard011,17.555,3.2500,0.0000,3.2500,40.32,
1,Hard011,17.572,3.2500,0.0000,3.2500,40.32,
1,Hard011,17.589,3.2500,0.0000,3.2500,40.32,
1,Hard011,17.606,3.2500,0.0000,3.2500,40.32,
1,Hard011,17.623,3.2500,0.0000,3.2500,40.32,
1,Hard011,17.639,3.2500,0.0000,3.2500,40.32,
1,Hard011,17.655,3.2500,0.0000,3.2500,40.32,
1,Hard011,17.672,3.2500,0.0000,3.2500,40.32,
1,Hard011,17.689,3.2500,0.0000,3.2500,40.32,
1,Hard011,17.706,3.2500,0.0000,3.2500,40.32,
1,Hard011,17.722,3.2500,0.0000,3.2500,40.32,
1,Hard011,17.739,3.2500,0.0000,3.2500,40.32,
1,Hard011,17.756,3.2500,0.0000,3.2500,40.32,
1,Hard011,17.772,3.2500,0.0000,3.2500,40.32,
1,Hard011,17.789,3.2500,0.0000,3.2500,40.32,
1,Hard011,17.806,3.2500,0.0000,3.2500,40.32,
1,Hard011,17.822,3.2500,0.0000,3.2500,40.32,
1,Hard011,17.840,3.2500,0.0000,3.2500,40.32,
1,Hard011,17.855,3.2500,0.0000,3.2500,40.32,
1,Hard011,17.873,3.2500,0.0000,3.2500,40.32,
1,Hard011,17.889,3.2500,0.0000,3.2500,40.32,
1,Hard011,17.906,3.2500,0.0000,3.2500,40.32,
1,Hard011,17.924,3.2500,0.0000,3.2500,40.32,
1,Hard011,17.941,3.2500,0.0000,3.2500,40.32,
1,Hard011,17.956,3.2500,0.0000,3.2500,40.32,
1,Hard011,17.973,3.2500,0.0000,3.2500,40.32,
1,Hard011,17.989,3.2500,0.0000,3.2500,40.32,
1,Hard011,18.005,3.2500,0.0000,3.2500,40.32,
1,Hard011,18.022,3.2500,0.0000,3.2500,40.32,
1,Hard011,18.040,3.2500,0.0000,3.2500,40.32,
1,Hard011,18.056,3.2500,0.0000,3.2500,40.32,
1,Hard011,18.073,3.2500,0.0000,3.2500,40.32,
1,Hard011,18.090,3.2500,0.0000,3.2500,40.32,
1,Hard011,18.107,3.2500,0.0000,3.2500,40.32,
1,Hard011,18.123,3.2500,0.0000,3.2500,40.32,
1,Hard011,18.140,3.2500,0.0000,3.2500,40.32,
1,Hard011,18.157,3.2500,0.0000,3.2500,40.32,
1,Hard011,18.173,3.2500,0.0000,3.2500,40.32,
1,Hard011,18.190,3.2500,0.0000,3.2500,40.32,
1,Hard011,18.206,3.2500,0.0000,3.2500,40.32,
1,Hard011,18.222,3.2500,0.0000,3.2500,40.32,
1,Hard011,18.239,3.2500,0.0000,3.2500,40.32,
1,Hard011,18.255,3.2500,0.0000,3.2500,40.32,
1,Hard011,18.272,3.2500,0.0000,3.2500,40.32,
1,Hard011,18.289,3.2500,0.0000,3.2500,40.32,
1,Hard011,18.306,3.2500,0.0000,3.2500,40.32,
1,Hard011,18.322,3.2500,0.0000,3.2500,40.32,
1,Hard011,18.339,3.2500,0.0000,3.2500,40.32,
1,Hard011,18.355,3.2500,0.0000,3.2500,40.32,
1,Hard011,18.372,3.2500,0.0000,3.2500,40.32,
1,Hard011,18.389,3.2500,0.0000,3.2500,40.32,
1,Hard011,18.406,3.2500,0.0000,3.2500,40.32,
1,Hard011,18.422,3.2500,0.0000,3.2500,40.32,
1,Hard011,18.439,3.2500,0.0000,3.2500,40.32,
1,Hard011,18.455,3.2500,0.0000,3.2500,40.32,
1,Hard011,18.473,3.2500,0.0000,3.2500,40.32,
1,Hard011,18.489,3.2500,0.0000,3.2500,40.32,
1,Hard011,18.506,3.2500,0.0000,3.2500,40.32,
1,Hard011,18.522,3.2500,0.0000,3.2500,40.32,
1,Hard011,18.539,3.2500,0.0000,3.2500,40.32,
1,Hard011,18.555,3.2500,0.0000,3.2500,40.32,
1,Hard011,18.572,3.2500,0.0000,3.2500,40.32,
1,Hard011,18.589,3.2500,0.0000,3.2500,40.32,
1,Hard011,18.605,3.2500,0.0000,3.2500,40.32,
1,Hard011,18.622,3.2500,0.0000,3.2500,40.32,
1,Hard011,18.639,3.2500,0.0000,3.2500,40.32,
1,Hard011,18.655,3.2500,0.0000,3.2500,40.32,
1,Hard011,18.672,3.2500,0.0000,3.2500,40.32,
1,Hard011,18.688,3.2500,0.0000,3.2500,40.32,
1,Hard011,18.705,3.2500,0.0000,3.2500,40.32,
1,Hard011,18.722,3.2500,0.0000,3.2500,40.32,
1,Hard011,18.739,3.2500,0.0000,3.2500,40.32,
1,Hard011,18.755,3.2500,0.0000,3.2500,40.32,
1,Hard011,18.772,3.2500,0.0000,3.2500,40.32,
1,Hard011,18.789,3.2500,0.0000,3.2500,40.32,
1,Hard011,18.806,3.2500,0.0000,3.2500,40.32,
1,Hard011,18.822,3.2500,0.0000,3.2500,40.32,
1,Hard011,18.839,3.2500,0.0000,3.2500,40.32,
1,Hard011,18.855,3.2500,0.0000,3.2500,40.32,
1,Hard011,18.872,3.2500,0.0000,3.2500,40.32,
1,Hard011,18.889,3.2500,0.0000,3.2500,40.32,
1,Hard011,18.905,3.2500,0.0000,3.2500,40.32,
1,Hard011,18.922,3.2500,0.0000,3.2500,40.32,
1,Hard011,18.939,3.2500,0.0000,3.2500,40.32,
1,Hard011,18.956,3.2500,0.0000,3.2500,40.32,
1,Hard011,18.973,3.2500,0.0000,3.2500,40.32,
1,Hard011,18.989,3.2500,0.0000,3.2500,40.32,
1,Hard011,19.006,3.2500,0.0000,3.2500,40.32,
1,Hard011,19.022,3.2500,0.0000,3.2500,40.32,
1,Hard011,19.039,3.2500,0.0000,3.2500,40.32,
1,Hard011,19.055,3.2500,0.0000,3.2500,40.32,
1,Hard011,19.073,3.2500,0.0000,3.2500,40.32,
1,Hard011,19.089,3.2500,0.0000,3.2500,40.32,
1,Hard011,19.106,3.2500,0.0000,3.2500,40.32,
1,Hard011,19.122,3.2500,0.0000,3.2500,40.32,
1,Hard011,19.139,3.2500,0.0000,3.2500,40.32,
1,Hard011,19.155,3.2500,0.0000,3.2500,40.32,
1,Hard011,19.172,3.2500,0.0000,3.2500,40.32,
1,Hard011,19.189,3.2500,0.0000,3.2500,40.32,
1,Hard011,19.205,3.2500,0.0000,3.2500,40.32,
1,Hard011,19.222,3.2500,0.0000,3.2500,40.32,
1,Hard011,19.239,3.2500,0.0000,3.2500,40.32,
1,Hard011,19.255,3.2500,0.0000,3.2500,40.32,
1,Hard011,19.272,3.2500,0.0000,3.2500,40.32,
1,Hard011,19.289,3.2500,0.0000,3.2500,40.32,
1,Hard011,19.305,3.2500,0.0000,3.2500,40.32,
1,Hard011,19.322,3.2500,0.0000,3.2500,40.32,
1,Hard011,19.339,3.2500,0.0000,3.2500,40.32,
1,Hard011,19.355,3.2500,0.0000,3.2500,40.32,
1,Hard011,19.372,3.2500,0.0000,3.2500,40.32,
1,Hard011,19.388,3.2500,0.0000,3.2500,40.32,
1,Hard011,19.405,3.2500,0.0000,3.2500,40.32,
1,Hard011,19.422,3.2500,0.0000,3.2500,40.32,
1,Hard011,19.439,3.2500,0.0000,3.2500,40.32,
1,Hard011,19.455,3.2500,0.0000,3.2500,40.32,
1,Hard011,19.473,3.2500,0.0000,3.2500,40.32,
1,Hard011,19.489,3.2500,0.0000,3.2500,40.32,
1,Hard011,19.506,3.2500,0.0000,3.2500,40.32,
1,Hard011,19.522,3.2500,0.0000,3.2500,40.32,
1,Hard011,19.539,3.2500,0.0000,3.2500,40.32,
1,Hard011,19.555,3.2500,0.0000,3.2500,40.32,
1,Hard011,19.572,3.2500,0.0000,3.2500,40.32,
1,Hard011,19.589,3.2500,0.0000,3.2500,40.32,
1,Hard011,19.606,3.2500,0.0000,3.2500,40.32,
1,Hard011,19.622,3.2500,0.0000,3.2500,40.32,
1,Hard011,19.639,3.2500,0.0000,3.2500,40.32,
1,Hard011,19.655,3.2500,0.0000,3.2500,40.32,
1,Hard011,19.672,3.2500,0.0000,3.2500,40.32,
1,Hard011,19.689,3.2500,0.0000,3.2500,40.32,
1,Hard011,19.706,3.2500,0.0000,3.2500,40.32,
1,Hard011,19.722,3.2500,0.0000,3.2500,40.32,
1,Hard011,19.739,3.2500,0.0000,3.2500,40.32,
1,Hard011,19.755,3.2500,0.0000,3.2500,40.32,
1,Hard011,19.773,3.2500,0.0000,3.2500,40.32,
1,Hard011,19.789,3.2500,0.0000,3.2500,40.32,
1,Hard011,19.806,3.2500,0.0000,3.2500,40.32,
1,Hard011,19.823,3.2500,0.0000,3.2500,40.32,
1,Hard011,19.839,3.2500,0.0000,3.2500,40.32,
1,Hard011,19.856,3.2500,0.0000,3.2500,40.32,
1,Hard011,19.872,3.2500,0.0000,3.2500,40.32,
1,Hard011,19.889,3.2500,0.0000,3.2500,40.32,
1,Hard011,19.905,3.2500,0.0000,3.2500,40.32,
1,Hard011,19.922,3.2500,0.0000,3.2500,40.32,
1,Hard011,19.939,3.2500,0.0000,3.2500,40.32,
1,Hard011,19.956,3.2500,0.0000,3.2500,40.32,
1,Hard011,19.972,3.2500,0.0000,3.2500,40.32,
1,Hard011,19.988,3.2500,0.0000,3.2500,40.32,
1,Hard011,20.006,3.2500,0.0000,3.2500,40.32,
1,Hard011,20.022,3.2500,0.0000,3.2500,40.32,
1,Hard011,20.039,3.2500,0.0000,3.2500,40.32,
1,Hard011,20.056,3.2500,0.0000,3.2500,40.32,
1,Hard011,20.072,3.2500,0.0000,3.2500,40.32,
1,Hard011,20.089,3.2500,0.0000,3.2500,40.32,
1,Hard011,20.106,3.2500,0.0000,3.2500,40.32,
1,Hard011,20.122,3.2500,0.0000,3.2500,40.32,
1,Hard011,20.139,3.2500,0.0000,3.2500,40.32,
1,Hard011,20.156,3.2500,0.0000,3.2500,40.32,
1,Hard011,20.172,3.2500,0.0000,3.2500,40.32,
1,Hard011,20.188,3.2500,0.0000,3.2500,40.32,
1,Hard011,20.205,3.2500,0.0000,3.2500,40.32,
1,Hard011,20.222,3.2500,0.0000,3.2500,40.32,
1,Hard011,20.239,3.2500,0.0000,3.2500,40.32,
1,Hard011,20.255,3.2500,0.0000,3.2500,40.32,
1,Hard011,20.272,3.2500,0.0000,3.2500,40.32,
1,Hard011,20.288,3.2500,0.0000,3.2500,40.32,
1,Hard011,20.305,3.2500,0.0000,3.2500,40.32,
1,Hard011,20.322,3.2500,0.0000,3.2500,40.32,
1,Hard011,20.338,3.2500,0.0000,3.2500,40.32,
1,Hard011,20.355,3.2500,0.0000,3.2500,40.32,
1,Hard011,20.372,3.2500,0.0000,3.2500,40.32,
1,Hard011,20.388,3.2500,0.0000,3.2500,40.32,
1,Hard011,20.405,3.2500,0.0000,3.2500,40.32,
1,Hard011,20.422,3.2500,0.0000,3.2500,40.32,
1,Hard011,20.439,3.2500,0.0000,3.2500,40.32,
1,Hard011,20.455,3.2500,0.0000,3.2500,40.32,
1,Hard011,20.472,3.2500,0.0000,3.2500,40.32,
1,Hard011,20.489,3.2500,0.0000,3.2500,40.32,
1,Hard011,20.505,3.2500,0.0000,3.2500,40.32,
1,Hard011,20.522,3.2500,0.0000,3.2500,40.32,
1,Hard011,20.539,3.2500,0.0000,3.2500,40.32,
1,Hard011,20.555,3.2500,0.0000,3.2500,40.32,
1,Hard011,20.572,3.2500,0.0000,3.2500,40.32,
1,Hard011,20.589,3.2500,0.0000,3.2500,40.32,
1,Hard011,20.605,3.2500,0.0000,3.2500,40.32,
1,Hard011,20.622,3.2500,0.0000,3.2500,40.32,
1,Hard011,20.639,3.2500,0.0000,3.2500,40.32,
1,Hard011,20.655,3.2500,0.0000,3.2500,40.32,
1,Hard011,20.672,3.2500,0.0000,3.2500,40.32,
1,Hard011,20.688,3.2500,0.0000,3.2500,40.32,
1,Hard011,20.705,3.2500,0.0000,3.2500,40.32,
1,Hard011,20.722,3.2500,0.0000,3.2500,40.32,
1,Hard011,20.740,3.2500,0.0000,3.2500,40.32,
1,Hard011,20.756,3.2500,0.0000,3.2500,40.32,
1,Hard011,20.772,3.2500,0.0000,3.2500,40.32,
1,Hard011,20.789,3.2500,0.0000,3.2500,40.32,
1,Hard011,20.805,3.2500,0.0000,3.2500,40.32,
1,Hard011,20.822,3.2500,0.0000,3.2500,40.32,
1,Hard011,20.839,3.2500,0.0000,3.2500,40.32,
1,Hard011,20.855,3.2500,0.0000,3.2500,40.32,
1,Hard011,20.872,3.2500,0.0000,3.2500,40.32,
1,Hard011,20.888,3.2500,0.0000,3.2500,40.32,
1,Hard011,20.905,3.2500,0.0000,3.2500,40.32,
1,Hard011,20.922,3.2500,0.0000,3.2500,40.32,
1,Hard011,20.938,3.2500,0.0000,3.2500,40.32,
1,Hard011,20.956,3.2500,0.0000,3.2500,40.32,
1,Hard011,20.973,3.2500,0.0000,3.2500,40.32,
1,Hard011,20.988,3.2500,0.0000,3.2500,40.32,
1,Hard011,21.005,3.2500,0.0000,3.2500,40.32,
1,Hard011,21.022,3.2500,0.0000,3.2500,40.32,
1,Hard011,21.039,3.2500,0.0000,3.2500,40.32,
1,Hard011,21.055,3.2500,0.0000,3.2500,40.32,
1,Hard011,21.072,3.2500,0.0000,3.2500,40.32,
1,Hard011,21.088,3.2500,0.0000,3.2500,40.32,
1,Hard011,21.105,3.2500,0.0000,3.2500,40.32,
1,Hard011,21.121,3.2500,0.0000,3.2500,40.32,
1,Hard011,21.139,3.2500,0.0000,3.2500,40.32,
1,Hard011,21.155,3.2500,0.0000,3.2500,40.32,
1,Hard011,21.172,3.2500,0.0000,3.2500,40.32,
1,Hard011,21.190,3.2500,0.0000,3.2500,40.32,
1,Hard011,21.206,3.2500,0.0000,3.2500,40.32,
1,Hard011,21.223,3.2500,0.0000,3.2500,40.32,
1,Hard011,21.239,3.2500,0.0000,3.2500,40.32,
1,Hard011,21.255,3.2500,0.0000,3.2500,40.32,
1,Hard011,21.272,3.2500,0.0000,3.2500,40.32,
1,Hard011,21.288,3.2500,0.0000,3.2500,40.32,
1,Hard011,21.305,3.2500,0.0000,3.2500,40.32,
1,Hard011,21.321,3.2500,0.0000,3.2500,40.32,
1,Hard011,21.339,3.2500,0.0000,3.2500,40.32,
1,Hard011,21.355,3.2500,0.0000,3.2500,40.32,
1,Hard011,21.372,3.2500,0.0000,3.2500,40.32,
1,Hard011,21.388,3.2500,0.0000,3.2500,40.32,
1,Hard011,21.405,3.2500,0.0000,3.2500,40.32,
1,Hard011,21.422,3.2500,0.0000,3.2500,40.32,
1,Hard011,21.439,3.2500,0.0000,3.2500,40.32,
1,Hard011,21.455,3.2500,0.0000,3.2500,40.32,
1,Hard011,21.472,3.2500,0.0000,3.2500,40.32,
1,Hard011,21.489,3.2500,0.0000,3.2500,40.32,
1,Hard011,21.505,3.2500,0.0000,3.2500,40.32,
1,Hard011,21.522,3.2500,0.0000,3.2500,40.32,
1,Hard011,21.539,3.2500,0.0000,3.2500,40.32,
1,Hard011,21.555,3.2500,0.0000,3.2500,40.32,
1,Hard011,21.572,3.2500,0.0000,3.2500,40.32,
1,Hard011,21.588,3.2500,0.0000,3.2500,40.32,
1,Hard011,21.605,3.2500,0.0000,3.2500,40.32,
1,Hard011,21.621,3.2500,0.0000,3.2500,40.32,
1,Hard011,21.638,3.2500,0.0000,3.2500,40.32,
1,Hard011,21.656,3.2500,0.0000,3.2500,40.32,
1,Hard011,21.672,3.2500,0.0000,3.2500,40.32,
1,Hard011,21.689,3.2500,0.0000,3.2500,40.32,
1,Hard011,21.705,3.2500,0.0000,3.2500,40.32,
1,Hard011,21.722,3.2500,0.0000,3.2500,40.32,
1,Hard011,21.739,3.2500,0.0000,3.2500,40.32,
1,Hard011,21.755,3.2500,0.0000,3.2500,40.32,
1,Hard011,21.772,3.2500,0.0000,3.2500,40.32,
1,Hard011,21.789,3.2500,0.0000,3.2500,40.32,
1,Hard011,21.805,3.2500,0.0000,3.2500,40.32,
1,Hard011,21.822,3.2500,0.0000,3.2500,40.32,
1,Hard011,21.838,3.2500,0.0000,3.2500,40.32,
1,Hard011,21.855,3.2500,0.0000,3.2500,40.32,
1,Hard011,21.872,3.2500,0.0000,3.2500,40.32,
1,Hard011,21.888,3.2500,0.0000,3.2500,40.32,
1,Hard011,21.905,3.2500,0.0000,3.2500,40.32,
1,Hard011,21.922,3.2500,0.0000,3.2500,40.32,
1,Hard011,21.941,3.2500,0.0000,3.2500,40.32,
1,Hard011,21.956,3.2500,0.0000,3.2500,40.32,
1,Hard011,21.973,3.2500,0.0000,3.2500,40.32,
1,Hard011,21.989,3.2500,0.0000,3.2500,40.32,
1,Hard011,22.005,3.2500,0.0000,3.2500,40.32,
1,Hard011,22.021,3.2500,0.0000,3.2500,40.32,
1,Hard011,22.038,3.2500,0.0000,3.2500,40.32,
1,Hard011,22.055,3.2500,0.0000,3.2500,40.32,
1,Hard011,22.072,3.2500,0.0000,3.2500,40.32,
1,Hard011,22.088,3.2500,0.0000,3.2500,40.32,
1,Hard011,22.105,3.2500,0.0000,3.2500,40.32,
1,Hard011,22.121,3.2500,0.0000,3.2500,40.32,
1,Hard011,22.138,3.2500,0.0000,3.2500,40.32,
1,Hard011,22.155,3.2500,0.0000,3.2500,40.32,
1,Hard011,22.172,3.2500,0.0000,3.2500,40.32,
1,Hard011,22.188,3.2500,0.0000,3.2500,40.32,
1,Hard011,22.205,3.2500,0.0000,3.2500,40.32,
1,Hard011,22.222,3.2500,0.0000,3.2500,40.32,
1,Hard011,22.238,3.2500,0.0000,3.2500,40.32,
1,Hard011,22.255,3.2500,0.0000,3.2500,40.32,
1,Hard011,22.272,3.2500,0.0000,3.2500,40.32,
1,Hard011,22.288,3.2500,0.0000,3.2500,40.32,
1,Hard011,22.305,3.2500,0.0000,3.2500,40.32,
1,Hard011,22.321,3.2500,0.0000,3.2500,40.32,
1,Hard011,22.338,3.2500,0.0000,3.2500,40.32,
1,Hard011,22.354,3.2500,0.0000,3.2500,40.32,
1,Hard011,22.371,3.2500,0.0000,3.2500,40.32,
1,Hard011,22.388,3.2500,0.0000,3.2500,40.32,
1,Hard011,22.406,3.2500,0.0000,3.2500,40.32,
1,Hard011,22.422,3.2500,0.0000,3.2500,40.32,
1,Hard011,22.439,3.2500,0.0000,3.2500,40.32,
1,Hard011,22.455,3.2500,0.0000,3.2500,40.32,
1,Hard011,22.472,3.2500,0.0000,3.2500,40.32,
1,Hard011,22.488,3.2500,0.0000,3.2500,40.32,
1,Hard011,22.505,3.2500,0.0000,3.2500,40.32,
1,Hard011,22.521,3.2500,0.0000,3.2500,40.32,
1,Hard011,22.539,3.2500,0.0000,3.2500,40.32,
1,Hard011,22.555,3.2500,0.0000,3.2500,40.32,
1,Hard011,22.572,3.2500,0.0000,3.2500,40.32,
1,Hard011,22.588,3.2500,0.0000,3.2500,40.32,
1,Hard011,22.605,3.2500,0.0000,3.2500,40.32,
1,Hard011,22.621,3.2500,0.0000,3.2500,40.32,
1,Hard011,22.638,3.2500,0.0000,3.2500,40.32,
1,Hard011,22.655,3.2500,0.0000,3.2500,40.32,
1,Hard011,22.672,3.2500,0.0000,3.2500,40.32,
1,Hard011,22.688,3.2500,0.0000,3.2500,40.32,
1,Hard011,22.705,3.2500,0.0000,3.2500,40.32,
1,Hard011,22.722,3.2500,0.0000,3.2500,40.32,
1,Hard011,22.739,3.2500,0.0000,3.2500,40.32,
1,Hard011,22.755,3.2500,0.0000,3.2500,40.32,
1,Hard011,22.772,3.2500,0.0000,3.2500,40.32,
1,Hard011,22.788,3.2500,0.0000,3.2500,40.32,
1,Hard011,22.805,3.2500,0.0000,3.2500,40.32,
1,Hard011,22.821,3.2500,0.0000,3.2500,40.32,
1,Hard011,22.838,3.2500,0.0000,3.2500,40.32,
1,Hard011,22.854,3.2500,0.0000,3.2500,40.32,
1,Hard011,22.872,3.2500,0.0000,3.2500,40.32,
1,Hard011,22.888,3.2500,0.0000,3.2500,40.32,
1,Hard011,22.905,3.2500,0.0000,3.2500,40.32,
1,Hard011,22.922,3.2500,0.0000,3.2500,40.32,
1,Hard011,22.939,3.2500,0.0000,3.2500,40.32,
1,Hard011,22.955,3.2500,0.0000,3.2500,40.32,
1,Hard011,22.972,3.2500,0.0000,3.2500,40.32,
1,Hard011,22.989,3.2500,0.0000,3.2500,40.32,
1,Hard011,23.006,3.2500,0.0000,3.2500,40.32,
1,Hard011,23.022,3.2500,0.0000,3.2500,40.32,
1,Hard011,23.039,3.2500,0.0000,3.2500,40.32,
1,Hard011,23.055,3.2500,0.0000,3.2500,40.32,
1,Hard011,23.072,3.2500,0.0000,3.2500,40.32,
1,Hard011,23.088,3.2500,0.0000,3.2500,40.32,
1,Hard011,23.105,3.2500,0.0000,3.2500,40.32,
1,Hard011,23.121,3.2500,0.0000,3.2500,40.32,
1,Hard011,23.139,3.2500,0.0000,3.2500,40.32,
1,Hard011,23.155,3.2500,0.0000,3.2500,40.32,
1,Hard011,23.172,3.2500,0.0000,3.2500,40.32,
1,Hard011,23.188,3.2500,0.0000,3.2500,40.32,
1,Hard011,23.205,3.2500,0.0000,3.2500,40.32,
1,Hard011,23.221,3.2500,0.0000,3.2500,40.32,
1,Hard011,23.238,3.2500,0.0000,3.2500,40.32,
1,Hard011,23.255,3.2500,0.0000,3.2500,40.32,
1,Hard011,23.272,3.2500,0.0000,3.2500,40.32,
1,Hard011,23.289,3.2500,0.0000,3.2500,40.32,
1,Hard011,23.306,3.2500,0.0000,3.2500,40.32,
1,Hard011,23.322,3.2500,0.0000,3.2500,40.32,
1,Hard011,23.339,3.2500,0.0000,3.2500,40.32,
1,Hard011,23.355,3.2500,0.0000,3.2500,40.32,
1,Hard011,23.372,3.2500,0.0000,3.2500,40.32,
1,Hard011,23.389,3.2500,0.0000,3.2500,40.32,
1,Hard011,23.406,3.2500,0.0000,3.2500,40.32,
1,Hard011,23.422,3.2500,0.0000,3.2500,40.32,
1,Hard011,23.439,3.2500,0.0000,3.2500,40.32,
1,Hard011,23.455,3.2500,0.0000,3.2500,40.32,
1,Hard011,23.472,3.2500,0.0000,3.2500,40.32,
1,Hard011,23.489,3.2500,0.0000,3.2500,40.32,
1,Hard011,23.506,3.2500,0.0000,3.2500,40.32,
1,Hard011,23.522,3.2500,0.0000,3.2500,40.32,
1,Hard011,23.539,3.2500,0.0000,3.2500,40.32,
1,Hard011,23.555,3.2500,0.0000,3.2500,40.32,
1,Hard011,23.572,3.2500,0.0000,3.2500,40.32,
1,Hard011,23.588,3.2500,0.0000,3.2500,40.32,
1,Hard011,23.606,3.2500,0.0000,3.2500,40.32,
1,Hard011,23.622,3.2500,0.0000,3.2500,40.32,
1,Hard011,23.639,3.2500,0.0000,3.2500,40.32,
1,Hard011,23.655,3.2500,0.0000,3.2500,40.32,
1,Hard011,23.672,3.2500,0.0000,3.2500,40.32,
1,Hard011,23.688,3.2500,0.0000,3.2500,40.32,
1,Hard011,23.705,3.2500,0.0000,3.2500,40.32,
1,Hard011,23.722,3.2500,0.0000,3.2500,40.32,
1,Hard011,23.739,3.2500,0.0000,3.2500,40.32,
1,Hard011,23.755,3.2500,0.0000,3.2500,40.32,
1,Hard011,23.772,3.2500,0.0000,3.2500,40.32,
1,Hard011,23.789,3.2500,0.0000,3.2500,40.32,
1,Hard011,23.805,3.2500,0.0000,3.2500,40.32,
1,Hard011,23.822,3.2500,0.0000,3.2500,40.32,
1,Hard011,23.839,3.2500,0.0000,3.2500,40.32,
1,Hard011,23.855,3.2500,0.0000,3.2500,40.32,
1,Hard011,23.872,3.2500,0.0000,3.2500,40.32,
1,Hard011,23.889,3.2500,0.0000,3.2500,40.32,
1,Hard011,23.905,3.2500,0.0000,3.2500,40.32,
1,Hard011,23.922,3.2500,0.0000,3.2500,40.32,
1,Hard011,23.939,3.2500,0.0000,3.2500,40.32,
1,Hard011,23.955,3.2500,0.0000,3.2500,40.32,
1,Hard011,23.972,3.2500,0.0000,3.2500,40.32,
1,Hard011,23.989,3.2500,0.0000,3.2500,40.32,
1,Hard011,24.006,3.2500,0.0000,3.2500,40.32,
1,Hard011,24.022,3.2500,0.0000,3.2500,40.32,
1,Hard011,24.039,3.2500,0.0000,3.2500,40.32,
1,Hard011,24.055,3.2500,0.0000,3.2500,40.32,
1,Hard011,24.072,3.2500,0.0000,3.2500,40.32,
1,Hard011,24.089,3.2500,0.0000,3.2500,40.32,
1,Hard011,24.105,3.2500,0.0000,3.2500,40.32,
1,Hard011,24.122,3.2500,0.0000,3.2500,40.32,
1,Hard011,24.139,3.2500,0.0000,3.2500,40.32,
1,Hard011,24.155,3.2500,0.0000,3.2500,40.32,
1,Hard011,24.172,3.2500,0.0000,3.2500,40.32,
1,Hard011,24.189,3.2500,0.0000,3.2500,40.32,
1,Hard011,24.206,3.2500,0.0000,3.2500,40.32,
1,Hard011,24.222,3.2500,0.0000,3.2500,40.32,
1,Hard011,24.239,3.2500,0.0000,3.2500,40.32,
1,Hard011,24.256,3.2500,0.0000,3.2500,40.32,
1,Hard011,24.272,3.2500,0.0000,3.2500,40.32,
1,Hard011,24.289,3.2500,0.0000,3.2500,40.32,
1,Hard011,24.306,3.2500,0.0000,3.2500,40.32,
1,Hard011,24.322,3.2500,0.0000,3.2500,40.32,
1,Hard011,24.339,3.2500,0.0000,3.2500,40.32,
1,Hard011,24.355,3.2500,0.0000,3.2500,40.32,
1,Hard011,24.372,3.2500,0.0000,3.2500,40.32,
1,Hard011,24.389,3.2500,0.0000,3.2500,40.32,
1,Hard011,24.406,3.2500,0.0000,3.2500,40.32,
1,Hard011,24.422,3.2500,0.0000,3.2500,40.32,
1,Hard011,24.439,3.2500,0.0000,3.2500,40.32,
1,Hard011,24.455,3.2500,0.0000,3.2500,40.32,
1,Hard011,24.471,3.2500,0.0000,3.2500,40.32,
1,Hard011,24.488,3.2500,0.0000,3.2500,40.32,
1,Hard011,24.505,3.2500,0.0000,3.2500,40.32,
1,Hard011,24.522,3.2500,0.0000,3.2500,40.32,
1,Hard011,24.539,3.2500,0.0000,3.2500,40.32,
1,Hard011,24.556,3.2500,0.0000,3.2500,40.32,
1,Hard011,24.573,3.2500,0.0000,3.2500,40.32,
1,Hard011,24.590,3.2500,0.0000,3.2500,40.32,
1,Hard011,24.607,3.2500,0.0000,3.2500,40.32,
1,Hard011,24.623,3.2500,0.0000,3.2500,40.32,
1,Hard011,24.640,3.2500,0.0000,3.2500,40.32,
1,Hard011,24.656,3.2500,0.0000,3.2500,40.32,
1,Hard011,24.673,3.2500,0.0000,3.2500,40.32,
1,Hard011,24.689,3.2500,0.0000,3.2500,40.32,
1,Hard011,24.705,3.2500,0.0000,3.2500,40.32,
1,Hard011,24.721,3.2500,0.0000,3.2500,40.32,
1,Hard011,24.738,3.2500,0.0000,3.2500,40.32,
1,Hard011,24.755,3.2500,0.0000,3.2500,40.32,
1,Hard011,24.772,3.2500,0.0000,3.2500,40.32,
1,Hard011,24.788,3.2500,0.0000,3.2500,40.32,
1,Hard011,24.805,3.2500,0.0000,3.2500,40.32,
1,Hard011,24.821,3.2500,0.0000,3.2500,40.32,
1,Hard011,24.838,3.2500,0.0000,3.2500,40.32,
1,Hard011,24.854,3.2500,0.0000,3.2500,40.32,
1,Hard011,24.872,3.2500,0.0000,3.2500,40.32,
1,Hard011,24.888,3.2500,0.0000,3.2500,40.32,
1,Hard011,24.905,3.2500,0.0000,3.2500,40.32,
1,Hard011,24.921,3.2500,0.0000,3.2500,40.32,
1,Hard011,24.938,3.2500,0.0000,3.2500,40.32,
1,Hard011,24.954,3.2500,0.0000,3.2500,40.32,
1,Hard011,24.971,3.2500,0.0000,3.2500,40.32,
1,Hard011,24.988,3.2500,0.0000,3.2500,40.32,
1,Hard011,25.005,3.2500,0.0000,3.2500,40.32,
1,Hard011,25.022,3.2500,0.0000,3.2500,40.32,
1,Hard011,25.039,3.2500,0.0000,3.2500,40.32,
1,Hard011,25.054,3.2500,0.0000,3.2500,40.32,
1,Hard011,25.071,3.2500,0.0000,3.2500,40.32,
1,Hard011,25.089,3.2500,0.0000,3.2500,40.32,
1,Hard011,25.105,3.2500,0.0000,3.2500,40.32,
1,Hard011,25.122,3.2500,0.0000,3.2500,40.32,
1,Hard011,25.138,3.2500,0.0000,3.2500,40.32,
1,Hard011,25.155,3.2500,0.0000,3.2500,40.32,
1,Hard011,25.171,3.2500,0.0000,3.2500,40.32,
1,Hard011,25.188,3.2500,0.0000,3.2500,40.32,
1,Hard011,25.204,3.2500,0.0000,3.2500,40.32,
1,Hard011,25.221,3.2500,0.0000,3.2500,40.32,
1,Hard011,25.238,3.2500,0.0000,3.2500,40.32,
1,Hard011,25.255,3.2500,0.0000,3.2500,40.32,
1,Hard011,25.272,3.2500,0.0000,3.2500,40.32,
1,Hard011,25.288,3.2500,0.0000,3.2500,40.32,
1,Hard011,25.305,3.2500,0.0000,3.2500,40.32,
1,Hard011,25.321,3.2500,0.0000,3.2500,40.32,
1,Hard011,25.339,3.2500,0.0000,3.2500,40.32,
1,Hard011,25.355,3.2500,0.0000,3.2500,40.32,
1,Hard011,25.372,3.2500,0.0000,3.2500,40.32,
1,Hard011,25.388,3.2500,0.0000,3.2500,40.32,
1,Hard011,25.405,3.2500,0.0000,3.2500,40.32,
1,Hard011,25.421,3.2500,0.0000,3.2500,40.32,
1,Hard011,25.438,3.2500,0.0000,3.2500,40.32,
1,Hard011,25.454,3.2500,0.0000,3.2500,40.32,
1,Hard011,25.471,3.2500,0.0000,3.2500,40.32,
1,Hard011,25.488,3.2500,0.0000,3.2500,40.32,
1,Hard011,25.505,3.2500,0.0000,3.2500,40.32,
1,Hard011,25.521,3.2500,0.0000,3.2500,40.32,
1,Hard011,25.538,3.2500,0.0000,3.2500,40.32,
1,Hard011,25.555,3.2500,0.0000,3.2500,40.32,
1,Hard011,25.572,3.2500,0.0000,3.2500,40.32,
1,Hard011,25.589,3.2500,0.0000,3.2500,40.32,
1,Hard011,25.605,3.2500,0.0000,3.2500,40.32,
1,Hard011,25.621,3.2500,0.0000,3.2500,40.32,
1,Hard011,25.638,3.2500,0.0000,3.2500,40.32,
1,Hard011,25.655,3.2500,0.0000,3.2500,40.32,
1,Hard011,25.671,3.2500,0.0000,3.2500,40.32,
1,Hard011,25.688,3.2500,0.0000,3.2500,40.32,
1,Hard011,25.705,3.2500,0.0000,3.2500,40.32,
1,Hard011,25.721,3.2500,0.0000,3.2500,40.32,
1,Hard011,25.738,3.2500,0.0000,3.2500,40.32,
1,Hard011,25.754,3.2500,0.0000,3.2500,40.32,
1,Hard011,25.772,3.2500,0.0000,3.2500,40.32,
1,Hard011,25.788,3.2500,0.0000,3.2500,40.32,
1,Hard011,25.805,3.2500,0.0000,3.2500,40.32,
1,Hard011,25.821,3.2500,0.0000,3.2500,40.32,
1,Hard011,25.838,3.2500,0.0000,3.2500,40.32,
1,Hard011,25.854,3.2500,0.0000,3.2500,40.32,
1,Hard011,25.872,3.2500,0.0000,3.2500,40.32,
1,Hard011,25.889,3.2500,0.0000,3.2500,40.32,
1,Hard011,25.905,3.2500,0.0000,3.2500,40.32,
1,Hard011,25.921,3.2500,0.0000,3.2500,40.32,
1,Hard011,25.938,3.2500,0.0000,3.2500,40.32,
1,Hard011,25.954,3.2500,0.0000,3.2500,40.32,
1,Hard011,25.971,3.2500,0.0000,3.2500,40.32,
1,Hard011,25.988,3.2500,0.0000,3.2500,40.32,
1,Hard011,26.005,3.2500,0.0000,3.2500,40.32,
1,Hard011,26.022,3.2500,0.0000,3.2500,40.32,
1,Hard011,26.039,3.2500,0.0000,3.2500,40.32,
1,Hard011,26.054,3.2500,0.0000,3.2500,40.32,
1,Hard011,26.071,3.2500,0.0000,3.2500,40.32,
1,Hard011,26.088,3.2500,0.0000,3.2500,40.32,
1,Hard011,26.105,3.2500,0.0000,3.2500,40.32,
1,Hard011,26.122,3.2500,0.0000,3.2500,40.32,
1,Hard011,26.138,3.2500,0.0000,3.2500,40.32,
1,Hard011,26.154,3.2500,0.0000,3.2500,40.32,
1,Hard011,26.171,3.2500,0.0000,3.2500,40.32,
1,Hard011,26.187,3.2500,0.0000,3.2500,40.32,
1,Hard011,26.204,3.2500,0.0000,3.2500,40.32,
1,Hard011,26.221,3.2500,0.0000,3.2500,40.32,
1,Hard011,26.238,3.2500,0.0000,3.2500,40.32,
1,Hard011,26.254,3.2500,0.0000,3.2500,40.32,
1,Hard011,26.271,3.2500,0.0000,3.2500,40.32,
1,Hard011,26.287,3.2500,0.0000,3.2500,40.32,
1,Hard011,26.305,3.2500,0.0000,3.2500,40.32,
1,Hard011,26.321,3.2500,0.0000,3.2500,40.32,
1,Hard011,26.338,3.2500,0.0000,3.2500,40.32,
1,Hard011,26.354,3.2500,0.0000,3.2500,40.32,
1,Hard011,26.371,3.2500,0.0000,3.2500,40.32,
1,Hard011,26.388,3.2500,0.0000,3.2500,40.32,
1,Hard011,26.405,3.2500,0.0000,3.2500,40.32,
1,Hard011,26.421,3.2500,0.0000,3.2500,40.32,
1,Hard011,26.439,3.2500,0.0000,3.2500,40.32,
1,Hard011,26.455,3.2500,0.0000,3.2500,40.32,
1,Hard011,26.471,3.2500,0.0000,3.2500,40.32,
1,Hard011,26.487,3.2500,0.0000,3.2500,40.32,
1,Hard011,26.504,3.2500,0.0000,3.2500,40.32,
1,Hard011,26.521,3.2500,0.0000,3.2500,40.32,
1,Hard011,26.538,3.2500,0.0000,3.2500,40.32,
1,Hard011,26.554,3.2500,0.0000,3.2500,40.32,
1,Hard011,26.571,3.2500,0.0000,3.2500,40.32,
1,Hard011,26.587,3.2500,0.0000,3.2500,40.32,
1,Hard011,26.605,3.2500,0.0000,3.2500,40.32,
1,Hard011,26.621,3.2500,0.0000,3.2500,40.32,
1,Hard011,26.638,3.2500,0.0000,3.2500,40.32,
1,Hard011,26.654,3.2500,0.0000,3.2500,40.32,
1,Hard011,26.671,3.2500,0.0000,3.2500,40.32,
1,Hard011,26.688,3.2500,0.0000,3.2500,40.32,
1,Hard011,26.705,3.2500,0.0000,3.2500,40.32,
1,Hard011,26.721,3.2500,0.0000,3.2500,40.32,
1,Hard011,26.738,3.2500,0.0000,3.2500,40.32,
1,Hard011,26.754,3.2500,0.0000,3.2500,40.32,
1,Hard011,26.771,3.2500,0.0000,3.2500,40.32,
1,Hard011,26.787,3.2500,0.0000,3.2500,40.32,
1,Hard011,26.805,3.2500,0.0000,3.2500,40.32,
1,Hard011,26.821,3.2500,0.0000,3.2500,40.32,
1,Hard011,26.838,3.2500,0.0000,3.2500,40.32,
1,Hard011,26.854,3.2500,0.0000,3.2500,40.32,
1,Hard011,26.871,3.2500,0.0000,3.2500,40.32,
1,Hard011,26.887,3.2500,0.0000,3.2500,40.32,
1,Hard011,26.905,3.2500,0.0000,3.2500,40.32,
1,Hard011,26.921,3.2500,0.0000,3.2500,40.32,
1,Hard011,26.938,3.2500,0.0000,3.2500,40.32,
1,Hard011,26.954,3.2500,0.0000,3.2500,40.32,
1,Hard011,26.971,3.2500,0.0000,3.2500,40.32,
1,Hard011,26.988,3.2500,0.0000,3.2500,40.32,
1,Hard011,27.005,3.2500,0.0000,3.2500,40.32,
1,Hard011,27.021,3.2500,0.0000,3.2500,40.32,
1,Hard011,27.039,3.2500,0.0000,3.2500,40.32,
1,Hard011,27.055,3.2500,0.0000,3.2500,40.32,
1,Hard011,27.072,3.2500,0.0000,3.2500,40.32,
1,Hard011,27.088,3.2500,0.0000,3.2500,40.32,
1,Hard011,27.106,3.2500,0.0000,3.2500,40.32,
1,Hard011,27.123,3.2500,0.0000,3.2500,40.32,
1,Hard011,27.139,3.2500,0.0000,3.2500,40.32,
1,Hard011,27.155,3.2500,0.0000,3.2500,40.32,
1,Hard011,27.171,3.2500,0.0000,3.2500,40.32,
1,Hard011,27.188,3.2500,0.0000,3.2500,40.32,
1,Hard011,27.205,3.2500,0.0000,3.2500,40.32,
1,Hard011,27.222,3.2500,0.0000,3.2500,40.32,
1,Hard011,27.239,3.2500,0.0000,3.2500,40.32,
1,Hard011,27.255,3.2500,0.0000,3.2500,40.32,
1,Hard011,27.272,3.2500,0.0000,3.2500,40.32,
1,Hard011,27.289,3.2500,0.0000,3.2500,40.32,
1,Hard011,27.307,3.2500,0.0000,3.2500,40.32,
1,Hard011,27.324,3.2500,0.0000,3.2500,40.32,
1,Hard011,27.340,3.2500,0.0000,3.2500,40.32,
1,Hard011,27.355,3.2500,0.0000,3.2500,40.32,
1,Hard011,27.372,3.2500,0.0000,3.2500,40.32,
1,Hard011,27.388,3.2500,0.0000,3.2500,40.32,
1,Hard011,27.405,3.2500,0.0000,3.2500,40.32,
1,Hard011,27.421,3.2500,0.0000,3.2500,40.32,
1,Hard011,27.438,3.2500,0.0000,3.2500,40.32,
1,Hard011,27.454,3.2500,0.0000,3.2500,40.32,
1,Hard011,27.472,3.2500,0.0000,3.2500,40.32,
1,Hard011,27.488,3.2500,0.0000,3.2500,40.32,
1,Hard011,27.504,3.2500,0.0000,3.2500,40.32,
1,Hard011,27.521,3.2500,0.0000,3.2500,40.32,
1,Hard011,27.538,3.2500,0.0000,3.2500,40.32,
1,Hard011,27.554,3.2500,0.0000,3.2500,40.32,
1,Hard011,27.571,3.2500,0.0000,3.2500,40.32,
1,Hard011,27.587,3.2500,0.0000,3.2500,40.32,
1,Hard011,27.605,3.2500,0.0000,3.2500,40.32,
1,Hard011,27.621,3.2500,0.0000,3.2500,40.32,
1,Hard011,27.638,3.2500,0.0000,3.2500,40.32,
1,Hard011,27.654,3.2500,0.0000,3.2500,40.32,
1,Hard011,27.671,3.2500,0.0000,3.2500,40.32,
1,Hard011,27.687,3.2500,0.0000,3.2500,40.32,
1,Hard011,27.704,3.2500,0.0000,3.2500,40.32,
1,Hard011,27.721,3.2500,0.0000,3.2500,40.32,
1,Hard011,27.738,3.2500,0.0000,3.2500,40.32,
1,Hard011,27.754,3.2500,0.0000,3.2500,40.32,
1,Hard011,27.771,3.2500,0.0000,3.2500,40.32,
1,Hard011,27.787,3.2500,0.0000,3.2500,40.32,
1,Hard011,27.804,3.2500,0.0000,3.2500,40.32,
1,Hard011,27.821,3.2500,0.0000,3.2500,40.32,
1,Hard011,27.837,3.2500,0.0000,3.2500,40.32,
1,Hard011,27.856,3.2500,0.0000,3.2500,40.32,
1,Hard011,27.871,3.2500,0.0000,3.2500,40.32,
1,Hard011,27.888,3.2500,0.0000,3.2500,40.32,
1,Hard011,27.904,3.2500,0.0000,3.2500,40.32,
1,Hard011,27.920,3.2500,0.0000,3.2500,40.32,
1,Hard011,27.938,3.2500,0.0000,3.2500,40.32,
1,Hard011,27.954,3.2500,0.0000,3.2500,40.32,
1,Hard011,27.971,3.2500,0.0000,3.2500,40.32,
1,Hard011,27.987,3.2500,0.0000,3.2500,40.32,
1,Hard011,28.004,3.2500,0.0000,3.2500,40.32,
1,Hard011,28.021,3.2500,0.0000,3.2500,40.32,
1,Hard011,28.037,3.2500,0.0000,3.2500,40.32,
1,Hard011,28.054,3.2500,0.0000,3.2500,40.32,
1,Hard011,28.072,3.2500,0.0000,3.2500,40.32,
1,Hard011,28.088,3.2500,0.0000,3.2500,40.32,
1,Hard011,28.105,3.2500,0.0000,3.2500,40.32,
1,Hard011,28.121,3.2500,0.0000,3.2500,40.32,
1,Hard011,28.138,3.2500,0.0000,3.2500,40.32,
1,Hard011,28.154,3.2500,0.0000,3.2500,40.32,
1,Hard011,28.171,3.2500,0.0000,3.2500,40.32,
1,Hard011,28.188,3.2500,0.0000,3.2500,40.32,
1,Hard011,28.204,3.2500,0.0000,3.2500,40.32,
1,Hard011,28.221,3.2500,0.0000,3.2500,40.32,
1,Hard011,28.238,3.2500,0.0000,3.2500,40.32,
1,Hard011,28.254,3.2500,0.0000,3.2500,40.32,
1,Hard011,28.271,3.2500,0.0000,3.2500,40.32,
1,Hard011,28.288,3.2500,0.0000,3.2500,40.32,
1,Hard011,28.304,3.2500,0.0000,3.2500,40.32,
1,Hard011,28.321,3.2500,0.0000,3.2500,40.32,
1,Hard011,28.337,3.2500,0.0000,3.2500,40.32,
1,Hard011,28.354,3.2500,0.0000,3.2500,40.32,
1,Hard011,28.371,3.2500,0.0000,3.2500,40.32,
1,Hard011,28.388,3.2500,0.0000,3.2500,40.32,
1,Hard011,28.405,3.2500,0.0000,3.2500,40.32,
1,Hard011,28.421,3.2500,0.0000,3.2500,40.32,
1,Hard011,28.438,3.2500,0.0000,3.2500,40.32,
1,Hard011,28.454,3.2500,0.0000,3.2500,40.32,
1,Hard011,28.471,3.2500,0.0000,3.2500,40.32,
1,Hard011,28.487,3.2500,0.0000,3.2500,40.32,
1,Hard011,28.505,3.2500,0.0000,3.2500,40.32,
1,Hard011,28.521,3.2500,0.0000,3.2500,40.32,
1,Hard011,28.538,3.2500,0.0000,3.2500,40.32,
1,Hard011,28.554,3.2500,0.0000,3.2500,40.32,
1,Hard011,28.571,3.2500,0.0000,3.2500,40.32,
1,Hard011,28.587,3.2500,0.0000,3.2500,40.32,
1,Hard011,28.604,3.2500,0.0000,3.2500,40.32,
1,Hard011,28.621,3.2500,0.0000,3.2500,40.32,
1,Hard011,28.638,3.2500,0.0000,3.2500,40.32,
1,Hard011,28.654,3.2500,0.0000,3.2500,40.32,
1,Hard011,28.671,3.2500,0.0000,3.2500,40.32,
1,Hard011,28.687,3.2500,0.0000,3.2500,40.32,
1,Hard011,28.704,3.2500,0.0000,3.2500,40.32,
1,Hard011,28.721,3.2500,0.0000,3.2500,40.32,
1,Hard011,28.738,3.2500,0.0000,3.2500,40.32,
1,Hard011,28.754,3.2500,0.0000,3.2500,40.32,
1,Hard011,28.771,3.2500,0.0000,3.2500,40.32,
1,Hard011,28.787,3.2500,0.0000,3.2500,40.32,
1,Hard011,28.804,3.2500,0.0000,3.2500,40.32,
1,Hard011,28.821,3.2500,0.0000,3.2500,40.32,
1,Hard011,28.838,3.2500,0.0000,3.2500,40.32,
1,Hard011,28.854,3.2500,0.0000,3.2500,40.32,
1,Hard011,28.871,3.2500,0.0000,3.2500,40.32,
1,Hard011,28.888,3.2500,0.0000,3.2500,40.32,
1,Hard011,28.904,3.2500,0.0000,3.2500,40.32,
1,Hard011,28.920,3.2500,0.0000,3.2500,40.32,
1,Hard011,28.937,3.2500,0.0000,3.2500,40.32,
1,Hard011,28.954,3.2500,0.0000,3.2500,40.32,
1,Hard011,28.971,3.2500,0.0000,3.2500,40.32,
1,Hard011,28.988,3.2500,0.0000,3.2500,40.32,
1,Hard011,29.004,3.2500,0.0000,3.2500,40.32,
1,Hard011,29.021,3.2500,0.0000,3.2500,40.32,
1,Hard011,29.039,3.2500,0.0000,3.2500,40.32,
1,Hard011,29.055,3.2500,0.0000,3.2500,40.32,
1,Hard011,29.072,3.2500,0.0000,3.2500,40.32,
1,Hard011,29.088,3.2500,0.0000,3.2500,40.32,
1,Hard011,29.105,3.2500,0.0000,3.2500,40.32,
1,Hard011,29.121,3.2500,0.0000,3.2500,40.32,
1,Hard011,29.138,3.2500,0.0000,3.2500,40.32,
1,Hard011,29.154,3.2500,0.0000,3.2500,40.32,
1,Hard011,29.171,3.2500,0.0000,3.2500,40.32,
1,Hard011,29.187,3.2500,0.0000,3.2500,40.32,
1,Hard011,29.204,3.2500,0.0000,3.2500,40.32,
1,Hard011,29.221,3.2500,0.0000,3.2500,40.32,
1,Hard011,29.238,3.2500,0.0000,3.2500,40.32,
1,Hard011,29.254,3.2500,0.0000,3.2500,40.32,
1,Hard011,29.271,3.2500,0.0000,3.2500,40.32,
1,Hard011,29.288,3.2500,0.0000,3.2500,40.32,
1,Hard011,29.305,3.2500,0.0000,3.2500,40.32,
1,Hard011,29.321,3.2500,0.0000,3.2500,40.32,
1,Hard011,29.337,3.2500,0.0000,3.2500,40.32,
1,Hard011,29.354,3.2500,0.0000,3.2500,40.32,
1,Hard011,29.371,3.2500,0.0000,3.2500,40.32,
1,Hard011,29.387,3.2500,0.0000,3.2500,40.32,
1,Hard011,29.404,3.2500,0.0000,3.2500,40.32,
1,Hard011,29.421,3.2500,0.0000,3.2500,40.32,
1,Hard011,29.438,3.2500,0.0000,3.2500,40.32,
1,Hard011,29.454,3.2500,0.0000,3.2500,40.32,
1,Hard011,29.471,3.2500,0.0000,3.2500,40.32,
1,Hard011,29.487,3.2500,0.0000,3.2500,40.32,
1,Hard011,29.504,3.2500,0.0000,3.2500,40.32,
1,Hard011,29.521,3.2500,0.0000,3.2500,40.32,
1,Hard011,29.537,3.2500,0.0000,3.2500,40.32,
1,Hard011,29.554,3.2500,0.0000,3.2500,40.32,
1,Hard011,29.571,3.2500,0.0000,3.2500,40.32,
1,Hard011,29.588,3.2500,0.0000,3.2500,40.32,
1,Hard011,29.605,3.2500,0.0000,3.2500,40.32,
1,Hard011,29.621,3.2500,0.0000,3.2500,40.32,
1,Hard011,29.638,3.2500,0.0000,3.2500,40.32,
1,Hard011,29.654,3.2500,0.0000,3.2500,40.32,
1,Hard011,29.671,3.2500,0.0000,3.2500,40.32,
1,Hard011,29.687,3.2500,0.0000,3.2500,40.32,
1,Hard011,29.704,3.2500,0.0000,3.2500,40.32,
1,Hard011,29.721,3.2500,0.0000,3.2500,40.32,
1,Hard011,29.738,3.2500,0.0000,3.2500,40.32,
1,Hard011,29.754,3.2500,0.0000,3.2500,40.32,
1,Hard011,29.771,3.2500,0.0000,3.2500,40.32,
1,Hard011,29.787,3.2500,0.0000,3.2500,40.32,
1,Hard011,29.804,3.2500,0.0000,3.2500,40.32,
1,Hard011,29.822,3.2500,0.0000,3.2500,40.32,
1,Hard011,29.838,3.2500,0.0000,3.2500,40.32,
1,Hard011,29.854,3.2500,0.0000,3.2500,40.32,
1,Hard011,29.871,3.2500,0.0000,3.2500,40.32,
1,Hard011,29.888,3.2500,0.0000,3.2500,40.32,
1,Hard011,29.905,3.2500,0.0000,3.2500,40.32,
1,Hard011,29.921,3.2500,0.0000,3.2500,40.32,
1,Hard011,29.938,3.2500,0.0000,3.2500,40.32,
1,Hard011,29.954,3.2500,0.0000,3.2500,40.32,
1,Hard011,29.971,3.2500,0.0000,3.2500,40.32,
1,Hard011,29.987,3.2500,0.0000,3.2500,40.32,
1,Hard011,30.004,3.2500,0.0000,3.2500,40.32,
1,Hard011,30.021,3.2500,0.0000,3.2500,40.32,
1,Hard011,30.038,3.2500,0.0000,3.2500,40.32,
1,Hard011,30.055,3.2500,0.0000,3.2500,40.32,
1,Hard011,30.072,3.2500,0.0000,3.2500,40.32,
1,Hard011,30.088,3.2500,0.0000,3.2500,40.32,
1,Hard011,30.105,3.2500,0.0000,3.2500,40.32,
1,Hard011,30.122,3.2500,0.0000,3.2500,40.32,
1,Hard011,30.138,3.2500,0.0000,3.2500,40.32,
1,Hard011,30.154,3.2500,0.0000,3.2500,40.32,
1,Hard011,30.171,3.2500,0.0000,3.2500,40.32,
1,Hard011,30.188,3.2500,0.0000,3.2500,40.32,
1,Hard011,30.204,3.2500,0.0000,3.2500,40.32,
1,Hard011,30.221,3.2500,0.0000,3.2500,40.32,
1,Hard011,30.238,3.2500,0.0000,3.2500,40.32,
1,Hard011,30.254,3.2500,0.0000,3.2500,40.32,
1,Hard011,30.271,3.2500,0.0000,3.2500,40.32,
1,Hard011,30.288,3.2500,0.0000,3.2500,40.32,
1,Hard011,30.305,3.2500,0.0000,3.2500,40.32,
1,Hard011,30.321,3.2500,0.0000,3.2500,40.32,
1,Hard011,30.338,3.2500,0.0000,3.2500,40.32,
1,Hard011,30.354,3.2500,0.0000,3.2500,40.32,
1,Hard011,30.371,3.2500,0.0000,3.2500,40.32,
1,Hard011,30.388,3.2500,0.0000,3.2500,40.32,
1,Hard011,30.404,3.2500,0.0000,3.2500,40.32,
1,Hard011,30.421,3.2500,0.0000,3.2500,40.32,
1,Hard011,30.438,3.2500,0.0000,3.2500,40.32,
1,Hard011,30.454,3.2500,0.0000,3.2500,40.32,
1,Hard011,30.471,3.2500,0.0000,3.2500,40.32,
1,Hard011,30.487,3.2500,0.0000,3.2500,40.32,
1,Hard011,30.505,3.2500,0.0000,3.2500,40.32,
1,Hard011,30.521,3.2500,0.0000,3.2500,40.32,
1,Hard011,30.538,3.2500,0.0000,3.2500,40.32,
1,Hard011,30.554,3.2500,0.0000,3.2500,40.32,
1,Hard011,30.571,3.2500,0.0000,3.2500,40.32,
1,Hard011,30.587,3.2500,0.0000,3.2500,40.32,
1,Hard011,30.604,3.2500,0.0000,3.2500,40.32,
1,Hard011,30.621,3.2500,0.0000,3.2500,40.32,
1,Hard011,30.640,3.2500,0.0000,3.2500,40.32,
1,Hard011,30.658,3.2500,0.0000,3.2500,39.99,
1,Hard011,30.677,3.2500,0.0000,3.2500,39.96,
1,Hard011,30.693,3.2500,0.0000,3.2500,40.26,
1,Hard011,30.711,3.2500,0.0000,3.2500,40.83,
1,Hard011,30.728,3.2500,0.0000,3.2500,41.67,
1,Hard011,30.742,3.2500,0.0000,3.2500,42.12,
1,Hard011,30.758,3.2500,0.0000,3.2500,42.42,
1,Hard011,30.775,3.2500,0.0000,3.2500,42.66,
1,Hard011,30.791,3.2500,0.0000,3.2500,42.84,
1,Hard011,30.807,3.2500,0.0000,3.2500,42.90,
1,Hard011,30.825,3.2500,0.0000,3.2500,42.93,
1,Hard011,30.841,3.2500,0.0000,3.2500,42.96,
1,Hard011,30.858,3.2500,0.0000,3.2500,43.05,
1,Hard011,30.874,3.2500,0.0000,3.2500,43.20,
1,Hard011,30.890,3.2500,0.0000,3.2500,43.38,
1,Hard011,30.907,3.2500,0.0000,3.2500,43.56,
1,Hard011,30.924,3.2500,0.0000,3.2500,43.83,
1,Hard011,30.941,3.2500,0.0000,3.2500,43.98,
1,Hard011,30.957,3.2500,0.0000,3.2500,44.13,
1,Hard011,30.974,3.2500,0.0000,3.2500,44.37,
1,Hard011,30.991,3.2500,0.0000,3.2500,44.46,
1,Hard011,31.008,3.2500,0.0000,3.2500,44.70,
1,Hard011,31.025,3.2500,0.0000,3.2500,44.94,
1,Hard011,31.043,3.2500,0.0000,3.2500,45.30,
1,Hard011,31.058,3.2500,0.0000,3.2500,45.63,
1,Hard011,31.076,3.2500,0.0000,3.2500,45.96,
1,Hard011,31.092,3.2500,0.0000,3.2500,46.47,
1,Hard011,31.109,3.2500,0.0000,3.2500,46.77,
1,Hard011,31.125,3.2500,0.0000,3.2500,46.83,
1,Hard011,31.141,3.2500,0.0000,3.2500,47.43,
1,Hard011,31.157,3.2500,0.0000,3.2500,47.76,
1,Hard011,31.175,3.2500,0.0000,3.2500,48.21,
1,Hard011,31.191,3.2500,0.0000,3.2500,48.84,
1,Hard011,31.205,3.2500,0.0000,3.2500,49.14,
1,Hard011,31.232,3.2500,0.0000,3.2500,49.14,
1,Hard011,31.240,3.2500,0.0000,3.2500,49.32,
1,Hard011,31.258,3.2500,0.0000,3.2500,49.32,
1,Hard011,31.275,3.2500,0.0000,3.2500,48.99,
1,Hard011,31.292,3.2500,0.0000,3.2500,48.60,
1,Hard011,31.308,3.2500,0.0000,3.2500,48.18,
1,Hard011,31.327,3.2500,0.0000,3.2500,47.91,
1,Hard011,31.350,3.2500,0.0000,3.2500,47.61,
1,Hard011,31.358,3.2500,0.0000,3.2500,47.01,
1,Hard011,31.375,3.2500,0.0000,3.2500,46.74,
1,Hard011,31.392,3.2500,0.0000,3.2500,46.17,
1,Hard011,31.407,3.2500,0.0000,3.2500,44.46,
1,Hard011,31.423,3.2500,0.0000,3.2500,43.68,
1,Hard011,31.441,3.2500,0.0000,3.2500,43.11,
1,Hard011,31.459,3.2500,0.0000,3.2500,42.72,
1,Hard011,31.475,3.2500,0.0000,3.2500,42.63,
1,Hard011,31.491,3.2500,0.0000,3.2500,42.63,
1,Hard011,31.510,3.2500,0.0000,3.2500,43.02,
1,Hard011,31.526,3.2500,0.0000,3.2500,43.92,
1,Hard011,31.542,3.2500,0.0000,3.2500,44.67,
1,Hard011,31.561,3.2500,0.0000,3.2500,45.45,
1,Hard011,31.573,3.2500,0.0000,3.2500,46.65,
1,Hard011,31.590,3.2500,0.0000,3.2500,47.34,
1,Hard011,31.609,3.2500,0.0000,3.2500,48.15,
1,Hard011,31.625,3.2500,0.0000,3.2500,49.08,
1,Hard011,31.640,3.2500,0.0000,3.2500,49.65,
1,Hard011,31.660,3.2500,0.0000,3.2500,49.65,
1,Hard011,31.675,3.2500,0.0000,3.2500,50.22,
1,Hard011,31.693,3.2500,0.0000,3.2500,51.33,
1,Hard011,31.709,3.2500,0.0000,3.2500,51.39,
1,Hard011,31.724,3.2500,0.0000,3.2500,51.42,
1,Hard011,31.740,3.2500,0.0000,3.2500,51.42,
1,Hard011,31.757,3.2500,0.0000,3.2500,51.39,
1,Hard011,31.780,3.2500,0.0000,3.2500,51.39,
1,Hard011,31.790,3.2500,0.0000,3.2500,51.12,
1,Hard011,31.808,3.2500,0.0000,3.2500,51.06,
1,Hard011,31.824,3.2500,0.0000,3.2500,51.00,
1,Hard011,31.840,3.2500,0.0000,3.2500,51.00,
1,Hard011,31.859,3.2500,0.0000,3.2500,50.97,
1,Hard011,31.874,3.2500,0.0000,3.2500,50.97,
1,Hard011,31.890,3.2500,0.0000,3.2500,50.91,
1,Hard011,31.906,3.2500,0.0000,3.2500,50.88,
1,Hard011,31.920,3.2500,0.0000,3.2500,50.88,
1,Hard011,31.938,3.2500,0.0000,3.2500,50.88,
1,Hard011,31.955,3.2500,0.0000,3.2500,50.85,
1,Hard011,31.971,3.2500,0.0000,3.2500,50.85,
1,Hard011,31.988,3.2500,0.0000,3.2500,50.85,
1,Hard011,32.006,3.2500,0.0000,3.2500,50.82,
1,Hard011,32.022,3.2500,0.0000,3.2500,50.76,
1,Hard011,32.073,3.2500,0.0000,3.2500,50.76,
1,Hard011,32.081,3.2500,0.0000,3.2500,50.73,
1,Hard011,32.146,3.2500,0.0000,3.2500,50.73,
1,Hard011,32.154,3.2500,0.0000,3.2500,50.73,
1,Hard011,32.192,3.2500,0.0000,3.2500,50.73,
1,Hard011,32.198,3.2500,0.0000,3.2500,50.73,
1,Hard011,32.244,3.2500,0.0000,3.2500,50.73,
1,Hard011,32.251,3.2500,0.0000,3.2500,50.73,
1,Hard011,32.271,3.2500,0.0000,3.2500,50.73,
1,Hard011,32.287,3.2500,0.0000,3.2500,50.73,
1,Hard011,32.304,3.2500,0.0000,3.2500,50.73,
1,Hard011,32.320,3.2500,0.0000,3.2500,50.73,
1,Hard011,32.337,3.2500,0.0000,3.2500,50.73,
1,Hard011,32.353,3.2500,0.0000,3.2500,50.73,
1,Hard011,32.370,3.2500,0.0000,3.2500,50.73,
1,Hard011,32.387,3.2500,0.0000,3.2500,50.73,
1,Hard011,32.404,3.2500,0.0000,3.2500,50.73,
1,Hard011,32.421,3.2500,0.0000,3.2500,50.73,
1,Hard011,32.438,3.2500,0.0000,3.2500,50.73,
1,Hard011,32.454,3.2500,0.0000,3.2500,50.73,
1,Hard011,32.471,3.2500,0.0000,3.2500,50.73,
1,Hard011,32.486,3.2500,0.0000,3.2500,50.73,
1,Hard011,32.504,3.2500,0.0000,3.2500,50.73,
1,Hard011,32.576,3.2500,0.0000,3.2500,50.73,
1,Hard011,32.589,3.2500,0.0000,3.2500,50.73,
1,Hard011,32.604,3.2500,0.0000,3.2500,50.67,
1,Hard011,32.642,3.2500,0.0000,3.2500,50.67,
1,Hard011,32.648,3.2500,0.0000,3.2500,50.61,
1,Hard011,32.674,3.2500,0.0000,3.2500,50.61,
1,Hard011,32.690,3.2500,0.0000,3.2500,50.61,
1,Hard011,32.707,3.2500,0.0000,3.2500,50.55,
1,Hard011,32.721,3.2500,0.0000,3.2500,50.52,
1,Hard011,32.737,3.2500,0.0000,3.2500,50.52,
1,Hard011,32.753,3.2500,0.0000,3.2500,50.52,
1,Hard011,32.770,3.2500,0.0000,3.2500,50.52,
1,Hard011,32.786,3.2500,0.0000,3.2500,50.52,
1,Hard011,32.803,3.2500,0.0000,3.2500,50.52,
1,Hard011,32.820,3.2500,0.0000,3.2500,50.52,
1,Hard011,32.837,3.2500,0.0000,3.2500,50.52,
1,Hard011,32.853,3.2500,0.0000,3.2500,50.52,
1,Hard011,32.870,3.2500,0.0000,3.2500,50.52,
1,Hard011,32.888,3.2500,0.0000,3.2500,50.52,
1,Hard011,32.904,3.2500,0.0000,3.2500,50.52,
1,Hard011,32.921,3.2500,0.0000,3.2500,50.52,
1,Hard011,32.937,3.2500,0.0000,3.2500,50.52,
1,Hard011,32.953,3.2500,0.0000,3.2500,50.52,
1,Hard011,32.971,3.2500,0.0000,3.2500,50.52,
1,Hard011,32.986,3.2500,0.0000,3.2500,50.52,
1,Hard011,33.004,3.2500,0.0000,3.2500,50.52,
1,Hard011,33.020,3.2500,0.0000,3.2500,50.52,
1,Hard011,33.037,3.2500,0.0000,3.2500,50.52,
1,Hard011,33.053,3.2500,0.0000,3.2500,50.52,
1,Hard011,33.070,3.2500,0.0000,3.2500,50.52,
1,Hard011,33.087,3.2500,0.0000,3.2500,50.52,
1,Hard011,33.104,3.2500,0.0000,3.2500,50.52,
1,Hard011,33.120,3.2500,0.0000,3.2500,50.52,
1,Hard011,33.137,3.2500,0.0000,3.2500,50.52,
1,Hard011,33.153,3.2500,0.0000,3.2500,50.52,
1,Hard011,33.170,3.2500,0.0000,3.2500,50.52,
1,Hard011,33.187,3.2500,0.0000,3.2500,50.52,
1,Hard011,33.207,3.2500,0.0000,3.2500,50.52,
1,Hard011,33.221,3.2500,0.0000,3.2500,50.52,
1,Hard011,33.237,3.2500,0.0000,3.2500,50.52,
1,Hard011,33.253,3.2500,0.0000,3.2500,50.52,
1,Hard011,33.270,3.2500,0.0000,3.2500,50.52,
1,Hard011,33.287,3.2500,0.0000,3.2500,50.52,
1,Hard011,33.304,3.2500,0.0000,3.2500,50.52,
1,Hard011,33.320,3.2500,0.0000,3.2500,50.52,
1,Hard011,33.341,3.2500,0.0000,3.2500,50.52,
1,Hard011,33.355,3.2500,0.0000,3.2500,50.52,
1,Hard011,33.370,3.2500,0.0000,3.2500,50.52,
1,Hard011,33.386,3.2500,0.0000,3.2500,50.52,
1,Hard011,33.404,3.2500,0.0000,3.2500,50.52,
1,Hard011,33.420,3.2500,0.0000,3.2500,50.52,
1,Hard011,33.440,3.2500,0.0000,3.2500,50.52,
1,Hard011,33.454,3.2500,0.0000,3.2500,50.52,
1,Hard011,33.470,3.2500,0.0000,3.2500,50.52,
1,Hard011,33.487,3.2500,0.0000,3.2500,50.52,
1,Hard011,33.503,3.2500,0.0000,3.2500,50.52,
1,Hard011,33.520,3.2500,0.0000,3.2500,50.52,
1,Hard011,33.537,3.2500,0.0000,3.2500,50.52,
1,Hard011,33.555,3.2500,0.0000,3.2500,50.52,
1,Hard011,33.570,3.2500,0.0000,3.2500,50.52,
1,Hard011,33.586,3.2500,0.0000,3.2500,50.52,
1,Hard011,33.604,3.2500,0.0000,3.2500,50.52,
1,Hard011,33.621,3.2500,0.0000,3.2500,50.52,
1,Hard011,33.637,3.2500,0.0000,3.2500,50.52,
1,Hard011,33.653,3.2500,0.0000,3.2500,50.52,
1,Hard011,33.671,3.2500,0.0000,3.2500,50.52,
1,Hard011,33.687,3.2500,0.0000,3.2500,50.52,
1,Hard011,33.704,3.2500,0.0000,3.2500,50.52,
1,Hard011,33.721,3.2500,0.0000,3.2500,50.52,
1,Hard011,33.740,3.2500,0.0000,3.2500,50.52,
1,Hard011,33.755,3.2500,0.0000,3.2500,50.52,
1,Hard011,33.770,3.2500,0.0000,3.2500,50.52,
1,Hard011,33.786,3.2500,0.0000,3.2500,50.52,
1,Hard011,33.806,3.2500,0.0000,3.2500,50.52,
1,Hard011,33.821,3.2500,0.0000,3.2500,50.52,
1,Hard011,33.837,3.2500,0.0000,3.2500,50.52,
1,Hard011,33.854,3.2500,0.0000,3.2500,50.52,
1,Hard011,33.871,3.2500,0.0000,3.2500,50.52,
1,Hard011,33.887,3.2500,0.0000,3.2500,50.52,
1,Hard011,33.904,3.2500,0.0000,3.2500,50.52,
1,Hard011,33.920,3.2500,0.0000,3.2500,50.52,
1,Hard011,33.937,3.2500,0.0000,3.2500,50.52,
1,Hard011,33.953,3.2500,0.0000,3.2500,50.52,
1,Hard011,33.970,3.2500,0.0000,3.2500,50.52,
1,Hard011,33.987,3.2500,0.0000,3.2500,50.52,
1,Hard011,34.003,3.2500,0.0000,3.2500,50.52,
1,Hard011,34.021,3.2500,0.0000,3.2500,50.52,
1,Hard011,34.037,3.2500,0.0000,3.2500,50.52,
1,Hard011,34.053,3.2500,0.0000,3.2500,50.52,
1,Hard011,34.070,3.2500,0.0000,3.2500,50.52,
1,Hard011,34.087,3.2500,0.0000,3.2500,50.52,
1,Hard011,34.104,3.2500,0.0000,3.2500,50.52,
1,Hard011,34.120,3.2500,0.0000,3.2500,50.52,
1,Hard011,34.138,3.2500,0.0000,3.2500,50.52,
1,Hard011,34.154,3.2500,0.0000,3.2500,50.52,
1,Hard011,34.170,3.2500,0.0000,3.2500,50.52,
1,Hard011,34.186,3.2500,0.0000,3.2500,50.52,
1,Hard011,34.203,3.2500,0.0000,3.2500,50.52,
1,Hard011,34.220,3.2500,0.0000,3.2500,50.52,
1,Hard011,34.240,3.2500,0.0000,3.2500,50.52,
1,Hard011,34.254,3.2500,0.0000,3.2500,50.52,
1,Hard011,34.270,3.2500,0.0000,3.2500,50.52,
1,Hard011,34.286,3.2500,0.0000,3.2500,50.52,
1,Hard011,34.304,3.2500,0.0000,3.2500,50.52,
1,Hard011,34.320,3.2500,0.0000,3.2500,50.52,
1,Hard011,34.337,3.2500,0.0000,3.2500,50.52,
1,Hard011,34.353,3.2500,0.0000,3.2500,50.52,
1,Hard011,34.373,3.2500,0.0000,3.2500,50.52,
1,Hard011,34.388,3.2500,0.0000,3.2500,50.52,
1,Hard011,34.404,3.2500,0.0000,3.2500,50.52,
1,Hard011,34.420,3.2500,0.0000,3.2500,50.52,
1,Hard011,34.437,3.2500,0.0000,3.2500,50.52,
1,Hard011,34.453,3.2500,0.0000,3.2500,50.52,
1,Hard011,34.470,3.2500,0.0000,3.2500,50.52,
1,Hard011,34.486,3.2500,0.0000,3.2500,50.52,
1,Hard011,34.504,3.2500,0.0000,3.2500,50.52,
1,Hard011,34.520,3.2500,0.0000,3.2500,50.52,
1,Hard011,34.537,3.2500,0.0000,3.2500,50.52,
1,Hard011,34.553,3.2500,0.0000,3.2500,50.52,
1,Hard011,34.570,3.2500,0.0000,3.2500,50.52,
1,Hard011,34.587,3.2500,0.0000,3.2500,50.52,
1,Hard011,34.603,3.2500,0.0000,3.2500,50.52,
1,Hard011,34.620,3.2500,0.0000,3.2500,50.52,
1,Hard011,34.637,3.2500,0.0000,3.2500,50.52,
1,Hard011,34.653,3.2500,0.0000,3.2500,50.52,
1,Hard011,34.670,3.2500,0.0000,3.2500,50.52,
1,Hard011,34.686,3.2500,0.0000,3.2500,50.52,
1,Hard011,34.704,3.2500,0.0000,3.2500,50.52,
1,Hard011,34.723,3.2500,0.0000,3.2500,50.52,
1,Hard011,34.739,3.2500,0.0000,3.2500,50.52,
1,Hard011,34.754,3.2500,0.0000,3.2500,50.52,
1,Hard011,34.770,3.2500,0.0000,3.2500,50.52,
1,Hard011,34.786,3.2500,0.0000,3.2500,50.52,
1,Hard011,34.803,3.2500,0.0000,3.2500,50.52,
1,Hard011,34.820,3.2500,0.0000,3.2500,50.52,
1,Hard011,34.837,3.2500,0.0000,3.2500,50.52,
1,Hard011,34.853,3.2500,0.0000,3.2500,50.52,
1,Hard011,34.870,3.2500,0.0000,3.2500,50.52,
1,Hard011,34.889,3.2500,0.0000,3.2500,50.52,
1,Hard011,34.904,3.2500,0.0000,3.2500,50.52,
1,Hard011,34.920,3.2500,0.0000,3.2500,50.52,
1,Hard011,34.939,3.2500,0.0000,3.2500,50.52,
1,Hard011,34.955,3.2500,0.0000,3.2500,50.52,
1,Hard011,34.970,3.2500,0.0000,3.2500,50.52,
1,Hard011,34.986,3.2500,0.0000,3.2500,50.52,
1,Hard011,35.003,3.2500,0.0000,3.2500,50.52,
1,Hard011,35.019,3.2500,0.0000,3.2500,50.52,
1,Hard011,35.037,3.2500,0.0000,3.2500,50.52,
1,Hard011,35.053,3.2500,0.0000,3.2500,50.52,
1,Hard011,35.070,3.2500,0.0000,3.2500,50.52,
1,Hard011,35.086,3.2500,0.0000,3.2500,50.52,
1,Hard011,35.103,3.2500,0.0000,3.2500,50.52,
1,Hard011,35.120,3.2500,0.0000,3.2500,50.52,
1,Hard011,35.137,3.2500,0.0000,3.2500,50.52,
1,Hard011,35.154,3.2500,0.0000,3.2500,50.52,
1,Hard011,35.170,3.2500,0.0000,3.2500,50.52,
1,Hard011,35.186,3.2500,0.0000,3.2500,50.52,
1,Hard011,35.203,3.2500,0.0000,3.2500,50.52,
1,Hard011,35.220,3.2500,0.0000,3.2500,50.52,
1,Hard011,35.237,3.2500,0.0000,3.2500,50.52,
1,Hard011,35.253,3.2500,0.0000,3.2500,50.52,
1,Hard011,35.270,3.2500,0.0000,3.2500,50.52,
1,Hard011,35.286,3.2500,0.0000,3.2500,50.52,
1,Hard011,35.303,3.2500,0.0000,3.2500,50.52,
1,Hard011,35.320,3.2500,0.0000,3.2500,50.52,
1,Hard011,35.337,3.2500,0.0000,3.2500,50.52,
1,Hard011,35.353,3.2500,0.0000,3.2500,50.52,
1,Hard011,35.370,3.2500,0.0000,3.2500,50.52,
1,Hard011,35.386,3.2500,0.0000,3.2500,50.52,
1,Hard011,35.409,3.2500,0.0000,3.2500,50.52,
1,Hard011,35.425,3.2500,0.0000,3.2500,50.01,
1,Hard011,35.442,3.2500,0.0000,3.2500,49.44,
1,Hard011,35.472,3.2500,0.0000,3.2500,48.39,
1,Hard011,35.480,3.2500,0.0000,3.2500,46.47,
1,Hard011,35.505,3.2500,0.0000,3.2500,46.05,
1,Hard011,35.522,3.2500,0.0000,3.2500,44.91,
1,Hard011,35.539,3.2500,0.0000,3.2500,44.58,
1,Hard011,35.569,3.2500,0.0000,3.2500,44.37,
1,Hard011,35.582,3.2500,0.0000,3.2500,43.80,
1,Hard011,35.605,3.2500,0.0000,3.2500,42.84,
1,Hard011,35.625,3.2500,0.0000,3.2500,41.91,
1,Hard011,35.641,3.2500,0.0000,3.2500,40.74,
1,Hard011,35.657,3.2500,0.0000,3.2500,39.90,
1,Hard011,35.675,3.2500,0.0000,3.2500,39.12,
1,Hard011,35.688,3.2500,0.0000,3.2500,38.19,
1,Hard011,35.708,3.2500,0.0000,3.2500,38.19,
1,Hard011,35.724,3.2500,0.0000,3.2500,37.56,
1,Hard011,35.740,3.2500,0.0000,3.2500,37.47,
1,Hard011,35.757,3.2500,0.0000,3.2500,37.41,
1,Hard011,35.773,3.2500,0.0000,3.2500,37.38,
1,Hard011,35.789,3.2500,0.0000,3.2500,37.38,
1,Hard011,35.807,3.2500,0.0000,3.2500,37.38,
1,Hard011,35.822,3.2500,0.0000,3.2500,37.38,
1,Hard011,35.838,3.2500,0.0000,3.2500,37.38,
1,Hard011,35.855,3.2500,0.0000,3.2500,37.38,
1,Hard011,35.872,3.2500,0.0000,3.2500,37.38,
1,Hard011,35.888,3.2500,0.0000,3.2500,37.38,
1,Hard011,35.904,3.2500,0.0000,3.2500,37.38,
1,Hard011,35.923,3.2500,0.0000,3.2500,37.38,
1,Hard011,35.939,3.2500,0.0000,3.2500,37.38,
1,Hard011,35.956,3.2500,0.0000,3.2500,37.38,
1,Hard011,35.973,3.2500,0.0000,3.2500,37.38,
1,Hard011,35.990,3.2500,0.0000,3.2500,37.38,
1,Hard011,36.006,3.2500,0.0000,3.2500,37.38,
1,Hard011,36.023,3.2500,0.0000,3.2500,37.38,
1,Hard011,36.044,3.2500,0.0000,3.2500,37.38,
1,Hard011,36.055,3.2500,0.0000,3.2500,37.38,
1,Hard011,36.072,3.2500,0.0000,3.2500,37.38,
1,Hard011,36.086,3.2500,0.0000,3.2500,37.38,
1,Hard011,36.106,3.2500,0.0000,3.2500,37.38,
1,Hard011,36.122,3.2500,0.0000,3.2500,37.38,
1,Hard011,36.139,3.2500,0.0000,3.2500,37.38,
1,Hard011,36.155,3.2500,0.0000,3.2500,37.38,
1,Hard011,36.173,3.2500,0.0000,3.2500,37.38,
1,Hard011,36.191,3.2500,0.0000,3.2500,37.38,
1,Hard011,36.206,3.2500,0.0000,3.2500,37.38,
1,Hard011,36.222,3.2500,0.0000,3.2500,37.38,
1,Hard011,36.239,3.2500,0.0000,3.2500,37.38,
1,Hard011,36.255,3.2500,0.0000,3.2500,37.38,
1,Hard011,36.274,3.2500,0.0000,3.2500,37.38,
1,Hard011,36.289,3.2500,0.0000,3.2500,37.38,
1,Hard011,36.305,3.2500,0.0000,3.2500,37.38,
1,Hard011,36.321,3.2500,0.0000,3.2500,37.38,
1,Hard011,36.337,3.2500,0.0000,3.2500,37.38,
1,Hard011,36.353,3.2500,0.0000,3.2500,37.38,
1,Hard011,36.370,3.2500,0.0000,3.2500,37.38,
1,Hard011,36.387,3.2500,0.0000,3.2500,37.38,
1,Hard011,36.403,3.2500,0.0000,3.2500,37.38,
1,Hard011,36.420,3.2500,0.0000,3.2500,37.38,
1,Hard011,36.440,3.2500,0.0000,3.2500,37.38,
1,Hard011,36.458,3.2500,0.0000,3.2500,37.38,
1,Hard011,36.473,3.2500,0.0000,3.2500,37.38,
1,Hard011,36.488,3.2500,0.0000,3.2500,37.38,
1,Hard011,36.504,3.2500,0.0000,3.2500,37.38,
1,Hard011,36.520,3.2500,0.0000,3.2500,37.38,
1,Hard011,36.537,3.2500,0.0000,3.2500,37.38,
1,Hard011,36.553,3.2500,0.0000,3.2500,37.38,
1,Hard011,36.570,3.2500,0.0000,3.2500,37.38,
1,Hard011,36.587,3.2500,0.0000,3.2500,37.38,
1,Hard011,36.604,3.2500,0.0000,3.2500,37.38,
1,Hard011,36.620,3.2500,0.0000,3.2500,37.38,
1,Hard011,36.638,3.2500,0.0000,3.2500,37.38,
1,Hard011,36.656,3.2500,0.0000,3.2500,37.47,
1,Hard011,36.674,3.2500,0.0000,3.2500,37.68,
1,Hard011,36.691,3.2500,0.0000,3.2500,37.80,
1,Hard011,36.707,3.2500,0.0000,3.2500,37.98,
1,Hard011,36.727,3.2500,0.0000,3.2500,38.10,
1,Hard011,36.741,3.2500,0.0000,3.2500,38.28,
1,Hard011,36.758,3.2500,0.0000,3.2500,38.40,
1,Hard011,36.776,3.2500,0.0000,3.2500,38.43,
1,Hard011,36.791,3.2500,0.0000,3.2500,38.64,
1,Hard011,36.807,3.2500,0.0000,3.2500,38.67,
1,Hard011,36.823,3.2500,0.0000,3.2500,38.70,
1,Hard011,36.841,3.2500,0.0000,3.2500,38.76,
1,Hard011,36.856,3.2500,0.0000,3.2500,38.79,
1,Hard011,36.873,3.2500,0.0000,3.2500,38.79,
1,Hard011,36.888,3.2500,0.0000,3.2500,38.82,
1,Hard011,36.905,3.2500,0.0000,3.2500,38.85,
1,Hard011,36.923,3.2500,0.0000,3.2500,38.88,
1,Hard011,36.939,3.2500,0.0000,3.2500,38.91,
1,Hard011,36.957,3.2500,0.0000,3.2500,38.91,
1,Hard011,36.973,3.2500,0.0000,3.2500,38.94,
1,Hard011,36.987,3.2500,0.0000,3.2500,38.94,
1,Hard011,37.005,3.2500,0.0000,3.2500,38.97,
1,Hard011,37.021,3.2500,0.0000,3.2500,38.97,
1,Hard011,37.038,3.2500,0.0000,3.2500,39.00,
1,Hard011,37.053,3.2500,0.0000,3.2500,39.00,
1,Hard011,37.073,3.2500,0.0000,3.2500,39.00,
1,Hard011,37.093,3.2500,0.0000,3.2500,39.03,
1,Hard011,37.109,3.2500,0.0000,3.2500,39.03,
1,Hard011,37.122,3.2500,0.0000,3.2500,39.03,
1,Hard011,37.137,3.2500,0.0000,3.2500,39.03,
1,Hard011,37.153,3.2500,0.0000,3.2500,39.03,
1,Hard011,37.174,3.2500,0.0000,3.2500,39.03,
1,Hard011,37.189,3.2500,0.0000,3.2500,39.03,
1,Hard011,37.204,3.2500,0.0000,3.2500,39.03,
1,Hard011,37.220,3.2500,0.0000,3.2500,39.03,
1,Hard011,37.237,3.2500,0.0000,3.2500,39.03,
1,Hard011,37.253,3.2500,0.0000,3.2500,39.03,
1,Hard011,37.270,3.2500,0.0000,3.2500,39.03,
1,Hard011,37.286,3.2500,0.0000,3.2500,39.03,
1,Hard011,37.303,3.2500,0.0000,3.2500,39.03,
1,Hard011,37.320,3.2500,0.0000,3.2500,39.03,
1,Hard011,37.337,3.2500,0.0000,3.2500,39.03,
1,Hard011,37.353,3.2500,0.0000,3.2500,39.03,
1,Hard011,37.370,3.2500,0.0000,3.2500,39.03,
1,Hard011,37.386,3.2500,0.0000,3.2500,39.03,
1,Hard011,37.403,3.2500,0.0000,3.2500,39.03,
1,Hard011,37.421,3.2500,0.0000,3.2500,39.03,
1,Hard011,37.438,3.2500,0.0000,3.2500,39.03,
1,Hard011,37.453,3.2500,0.0000,3.2500,39.03,
1,Hard011,37.470,3.2500,0.0000,3.2500,39.03,
1,Hard011,37.486,3.2500,0.0000,3.2500,39.03,
1,Hard011,37.503,3.2500,0.0000,3.2500,39.03,
1,Hard011,37.520,3.2500,0.0000,3.2500,39.03,
1,Hard011,37.536,3.2500,0.0000,3.2500,39.03,
1,Hard011,37.555,3.2500,0.0000,3.2500,39.03,
1,Hard011,37.570,3.2500,0.0000,3.2500,39.03,
1,Hard011,37.587,3.2500,0.0000,3.2500,39.03,
1,Hard011,37.603,3.2500,0.0000,3.2500,39.03,
1,Hard011,37.620,3.2500,0.0000,3.2500,39.03,
1,Hard011,37.636,3.2500,0.0000,3.2500,39.03,
1,Hard011,37.653,3.2500,0.0000,3.2500,39.03,
1,Hard011,37.670,3.2500,0.0000,3.2500,39.03,
1,Hard011,37.687,3.2500,0.0000,3.2500,39.03,
1,Hard011,37.703,3.2500,0.0000,3.2500,39.03,
1,Hard011,37.720,3.2500,0.0000,3.2500,39.03,
1,Hard011,37.737,3.2500,0.0000,3.2500,39.03,
1,Hard011,37.758,3.2500,0.0000,3.2500,39.03,
1,Hard011,37.772,3.2500,0.0000,3.2500,39.03,
1,Hard011,37.787,3.2500,0.0000,3.2500,39.03,
1,Hard011,37.803,3.2500,0.0000,3.2500,39.03,
1,Hard011,37.819,3.2500,0.0000,3.2500,39.03,
1,Hard011,37.839,3.2500,0.0000,3.2500,39.03,
1,Hard011,37.863,3.2500,0.0000,3.2500,39.48,
1,Hard011,37.872,3.2500,0.0000,3.2500,40.05,
1,Hard011,37.893,3.2500,0.0000,3.2500,40.14,
1,Hard011,37.908,3.2500,0.0000,3.2500,40.56,
1,Hard011,37.925,3.2500,0.0000,3.2500,40.83,
1,Hard011,37.939,3.2500,0.0000,3.2500,41.49,
1,Hard011,37.957,3.2500,0.0000,3.2500,41.49,
1,Hard011,37.976,3.2500,0.0000,3.2500,41.91,
1,Hard011,37.992,3.2500,0.0000,3.2500,42.09,
1,Hard011,38.010,3.2500,0.0000,3.2500,42.15,
1,Hard011,38.022,3.2500,0.0000,3.2500,42.21,
1,Hard011,38.041,3.2500,0.0000,3.2500,42.21,
1,Hard011,38.056,3.2500,0.0000,3.2500,42.24,
1,Hard011,38.073,3.2500,0.0000,3.2500,42.24,
1,Hard011,38.089,3.2500,0.0000,3.2500,42.27,
1,Hard011,38.105,3.2500,0.0000,3.2500,42.27,
1,Hard011,38.123,3.2500,0.0000,3.2500,42.27,
1,Hard011,38.139,3.2500,0.0000,3.2500,42.30,
1,Hard011,38.154,3.2500,0.0000,3.2500,42.30,
1,Hard011,38.170,3.2500,0.0000,3.2500,42.30,
1,Hard011,38.186,3.2500,0.0000,3.2500,42.30,
1,Hard011,38.203,3.2500,0.0000,3.2500,42.30,
1,Hard011,38.225,3.2500,0.0000,3.2500,42.30,
1,Hard011,38.239,3.2500,0.0000,3.2500,42.30,
1,Hard011,38.256,3.2500,0.0000,3.2500,42.30,
1,Hard011,38.271,3.2500,0.0000,3.2500,42.30,
1,Hard011,38.286,3.2500,0.0000,3.2500,42.30,
1,Hard011,38.303,3.2500,0.0000,3.2500,42.30,
1,Hard011,38.320,3.2500,0.0000,3.2500,42.30,
1,Hard011,38.342,3.2500,0.0000,3.2500,42.30,
1,Hard011,38.356,3.2500,0.0000,3.2500,42.30,
1,Hard011,38.373,3.2500,0.0000,3.2500,42.30,
1,Hard011,38.388,3.2500,0.0000,3.2500,42.30,
1,Hard011,38.403,3.2500,0.0000,3.2500,42.30,
1,Hard011,38.420,3.2500,0.0000,3.2500,42.30,
1,Hard011,38.436,3.2500,0.0000,3.2500,42.30,
1,Hard011,38.453,3.2500,0.0000,3.2500,42.30,
1,Hard011,38.470,3.2500,0.0000,3.2500,42.30,
1,Hard011,38.486,3.2500,0.0000,3.2500,42.30,
1,Hard011,38.502,3.2500,0.0000,3.2500,42.30,
1,Hard011,38.519,3.2500,0.0000,3.2500,42.30,
1,Hard011,38.535,3.2500,0.0000,3.2500,42.30,
1,Hard011,38.553,3.2500,0.0000,3.2500,42.30,
1,Hard011,38.569,3.2500,0.0000,3.2500,42.30,
1,Hard011,38.586,3.2500,0.0000,3.2500,42.30,
1,Hard011,38.602,3.2500,0.0000,3.2500,42.30,
1,Hard011,38.620,3.2500,0.0000,3.2500,42.30,
1,Hard011,38.636,3.2500,0.0000,3.2500,42.30,
1,Hard011,38.653,3.2500,0.0000,3.2500,42.30,
1,Hard011,38.669,3.2500,0.0000,3.2500,42.30,
1,Hard011,38.686,3.2500,0.0000,3.2500,42.30,
1,Hard011,38.703,3.2500,0.0000,3.2500,42.30,
1,Hard011,38.720,3.2500,0.0000,3.2500,42.30,
1,Hard011,38.736,3.2500,0.0000,3.2500,42.30,
1,Hard011,38.755,3.2500,0.0000,3.2500,42.30,
