trial,maze,time_s,x,y,z,angle,event
1,Maze260925,0.001,8.2000,-0.9990,23.3176,146.65,
1,Maze260925,0.029,8.2000,-0.9990,23.3176,146.65,
1,Maze260925,0.035,8.2000,-0.9990,23.3176,146.65,
1,Maze260925,0.049,8.2000,-0.9990,23.3176,146.65,
1,Maze260925,0.051,8.2000,-0.9990,23.3176,146.65,
1,Maze260925,0.059,8.2000,-0.9990,23.3176,146.65,
1,Maze260925,0.068,8.2000,-0.9990,23.3176,146.65,
1,Maze260925,0.076,8.2000,-0.9990,23.3176,146.65,
1,Maze260925,0.084,8.2000,-0.9990,23.3176,146.65,
1,Maze260925,0.093,8.2000,-0.9990,23.3176,146.65,
1,Maze260925,0.101,8.2000,-0.9990,23.3176,146.65,
1,Maze260925,0.109,8.2000,-0.9990,23.3176,146.65,
1,Maze260925,0.118,8.2000,-0.9990,23.3176,146.65,
1,Maze260925,0.126,8.2000,-0.9990,23.3176,146.65,
1,Maze260925,0.135,8.2000,-0.9990,23.3176,146.65,
1,Maze260925,0.143,8.2000,-0.9990,23.3176,146.65,
1,Maze260925,0.151,8.2000,-0.9990,23.3176,146.65,
1,Maze260925,0.160,8.2000,-0.9990,23.3176,146.65,
1,Maze260925,0.168,8.2000,-0.9990,23.3176,146.65,
1,Maze260925,0.176,8.2000,-0.9990,23.3176,146.65,
1,Maze260925,0.185,8.2000,-0.9990,23.3176,146.65,
1,Maze260925,0.193,8.2000,-0.9990,23.3176,146.65,
1,Maze260925,0.201,8.2000,-0.9990,23.3176,146.65,
1,Maze260925,0.210,8.2000,-0.9990,23.3176,146.65,
1,Maze260925,0.218,8.2000,-0.9990,23.3176,146.65,
1,Maze260925,0.227,8.2000,-0.9990,23.3176,146.65,
1,Maze260925,0.235,8.2000,-0.9990,23.3176,146.65,
1,Maze260925,0.243,8.2000,-0.9990,23.3176,146.65,
1,Maze260925,0.251,8.2000,-0.9990,23.3176,146.65,
1,Maze260925,0.260,8.2000,-0.9990,23.3176,146.65,
1,Maze260925,0.268,8.2000,-0.9990,23.3176,146.65,
1,Maze260925,0.278,8.2000,-0.9990,23.3176,146.65,
1,Maze260925,0.286,8.2000,-0.9990,23.3176,146.65,
1,Maze260925,0.294,8.2000,-0.9990,23.3176,146.65,
1,Maze260925,0.301,8.2000,-0.9990,23.3176,146.65,
1,Maze260925,0.310,8.2000,-0.9990,23.3176,146.65,
1,Maze260925,0.320,8.2000,-0.9990,23.3176,146.65,
1,Maze260925,0.327,8.2000,-0.9990,23.3176,146.65,
1,Maze260925,0.335,8.2000,-0.9990,23.3176,146.65,
1,Maze260925,0.343,8.2000,-0.9990,23.3176,146.65,
1,Maze260925,0.353,8.2000,-0.9990,23.3176,146.65,
1,Maze260925,0.361,8.2000,-0.9990,23.3176,146.65,
1,Maze260925,0.368,8.2000,-0.9990,23.3176,146.65,
1,Maze260925,0.378,8.2000,-0.9990,23.3176,146.65,
1,Maze260925,0.387,8.2000,-0.9990,23.3176,146.65,
1,Maze260925,0.395,8.2000,-0.9990,23.3176,146.65,
1,Maze260925,0.402,8.2000,-0.9990,23.3176,146.65,
1,Maze260925,0.410,8.2000,-0.9990,23.3176,146.65,
1,Maze260925,0.418,8.2000,-0.9990,23.3176,146.65,
1,Maze260925,0.427,8.2000,-0.9990,23.3176,146.65,
1,Maze260925,0.435,8.2000,-0.9990,23.3176,146.65,
1,Maze260925,0.445,8.2000,-0.9990,23.3176,146.65,
1,Maze260925,0.453,8.2000,-0.9990,23.3176,146.65,
1,Maze260925,0.460,8.2000,-0.9990,23.3176,146.65,
1,Maze260925,0.469,8.2000,-0.9990,23.3176,146.65,
1,Maze260925,0.478,8.2000,-0.9990,23.3176,146.65,
1,Maze260925,0.486,8.2000,-0.9990,23.3176,146.65,
1,Maze260925,0.494,8.2000,-0.9990,23.3176,146.65,
1,Maze260925,0.503,8.2000,-0.9990,23.3176,146.65,
1,Maze260925,0.509,8.2000,-0.9990,23.3176,146.65,
1,Maze260925,0.519,8.2000,-0.9990,23.3176,146.65,
1,Maze260925,0.527,8.2000,-0.9990,23.3176,146.65,
1,Maze260925,0.535,8.2000,-0.9990,23.3176,146.65,
1,Maze260925,0.545,8.2000,-0.9990,23.3176,146.65,
1,Maze260925,0.552,8.2000,-0.9990,23.3176,146.65,
1,Maze260925,0.560,8.2000,-0.9990,23.3176,146.65,
1,Maze260925,0.569,8.2000,-0.9990,23.3176,146.65,
1,Maze260925,0.578,8.2000,-0.9990,23.3176,146.65,
1,Maze260925,0.586,8.2000,-0.9990,23.3176,146.65,
1,Maze260925,0.594,8.2000,-0.9990,23.3176,146.65,
1,Maze260925,0.603,8.2000,-0.9990,23.3176,146.65,
1,Maze260925,0.610,8.2000,-0.9990,23.3176,146.65,
1,Maze260925,0.618,8.2000,-0.9990,23.3176,146.65,
1,Maze260925,0.628,8.2000,-0.9990,23.3176,146.65,
1,Maze260925,0.637,8.2000,-0.9990,23.3176,146.65,
1,Maze260925,0.643,8.2000,-0.9990,23.3176,146.65,
1,Maze260925,0.653,8.2000,-0.9990,23.3176,146.65,
1,Maze260925,0.661,8.2000,-0.9990,23.3176,146.65,
1,Maze260925,0.669,8.2000,-0.9990,23.3176,146.65,
1,Maze260925,0.678,8.2000,-0.9990,23.3176,146.65,
1,Maze260925,0.685,8.2000,-0.9990,23.3176,146.65,
1,Maze260925,0.693,8.2000,-0.9990,23.3176,146.65,
1,Maze260925,0.704,8.2000,-0.9990,23.3176,146.65,
1,Maze260925,0.711,8.2000,-0.9990,23.3176,146.65,
1,Maze260925,0.720,8.2000,-0.9990,23.3176,146.65,
1,Maze260925,0.728,8.2000,-0.9990,23.3176,146.65,
1,Maze260925,0.736,8.2000,-0.9990,23.3176,146.65,
1,Maze260925,0.744,8.2000,-0.9990,23.3176,146.65,
1,Maze260925,0.753,8.2000,-0.9990,23.3176,146.65,
1,Maze260925,0.761,8.2000,-0.9990,23.3176,146.65,
1,Maze260925,0.769,8.2000,-0.9990,23.3176,146.65,
1,Maze260925,0.778,8.2000,-0.9990,23.3176,146.65,
1,Maze260925,0.786,8.2000,-0.9990,23.3176,146.65,
1,Maze260925,0.795,8.2000,-0.9990,23.3176,146.65,
1,Maze260925,0.802,8.2000,-0.9990,23.3176,146.65,
1,Maze260925,0.810,8.2000,-0.9990,23.3176,146.65,
1,Maze260925,0.820,8.2000,-0.9990,23.3176,146.65,
1,Maze260925,0.827,8.2000,-0.9990,23.3176,146.65,
1,Maze260925,0.835,8.2000,-0.9990,23.3176,146.65,
1,Maze260925,0.843,8.2000,-0.9990,23.3176,146.65,
1,Maze260925,0.854,8.2000,-0.9990,23.3176,146.65,
1,Maze260925,0.862,8.2000,-0.9990,23.3176,146.65,
1,Maze260925,0.870,8.2000,-0.9990,23.3176,146.65,
1,Maze260925,0.878,8.2000,-0.9990,23.3176,146.65,
1,Maze260925,0.885,8.2000,-0.9990,23.3176,146.65,
1,Maze260925,0.895,8.2000,-0.9990,23.3176,146.65,
1,Maze260925,0.902,8.2000,-0.9990,23.3176,146.65,
1,Maze260925,0.910,8.2000,-0.9990,23.3176,146.65,
1,Maze260925,0.919,8.2000,-0.9990,23.3176,146.65,
1,Maze260925,0.927,8.2000,-0.9990,23.3176,146.65,
1,Maze260925,0.937,8.2000,-0.9990,23.3176,146.65,
1,Maze260925,0.944,8.2000,-0.9990,23.3176,146.65,
1,Maze260925,0.951,8.2000,-0.9990,23.3176,146.65,
1,Maze260925,0.960,8.2000,-0.9990,23.3176,146.65,
1,Maze260925,0.970,8.2000,-0.9990,23.3176,146.65,
1,Maze260925,0.978,8.2000,-0.9990,23.3176,146.65,
1,Maze260925,0.985,8.2000,-0.9990,23.3176,146.65,
1,Maze260925,0.993,8.2000,-0.9990,23.3176,146.65,
1,Maze260925,1.002,8.2000,-0.9990,23.3176,146.65,
1,Maze260925,1.012,8.2000,-0.9990,23.3176,146.65,
1,Maze260925,1.019,8.2000,-0.9990,23.3176,146.65,
1,Maze260925,1.027,8.2000,-0.9990,23.3176,146.65,
1,Maze260925,1.035,8.2000,-0.9990,23.3176,146.65,
1,Maze260925,1.044,8.2000,-0.9990,23.3176,146.65,
1,Maze260925,1.052,8.2000,-0.9990,23.3176,146.65,
1,Maze260925,1.060,8.2000,-0.9990,23.3176,146.65,
1,Maze260925,1.068,8.2000,-0.9990,23.3176,146.65,
1,Maze260925,1.078,8.2000,-0.9990,23.3176,146.65,
1,Maze260925,1.086,8.2000,-0.9990,23.3176,146.65,
1,Maze260925,1.094,8.2000,-0.9990,23.3176,146.65,
1,Maze260925,1.101,8.2000,-0.9990,23.3176,146.65,
1,Maze260925,1.110,8.2000,-0.9990,23.3176,146.65,
1,Maze260925,1.120,8.2000,-0.9990,23.3176,146.65,
1,Maze260925,1.128,8.2000,-0.9990,23.3176,146.65,
1,Maze260925,1.137,8.2000,-0.9990,23.3176,146.65,
1,Maze260925,1.143,8.2000,-0.9990,23.3176,146.65,
1,Maze260925,1.152,8.2000,-0.9990,23.3176,146.65,
1,Maze260925,1.160,8.2000,-0.9990,23.3176,146.65,
1,Maze260925,1.168,8.2000,-0.9990,23.3176,146.65,
1,Maze260925,1.179,8.2000,-0.9990,23.3176,146.65,
1,Maze260925,1.186,8.2000,-0.9990,23.3176,146.65,
1,Maze260925,1.193,8.2000,-0.9990,23.3176,146.65,
1,Maze260925,1.202,8.2000,-0.9990,23.3176,146.65,
1,Maze260925,1.210,8.2000,-0.9990,23.3176,146.65,
1,Maze260925,1.220,8.2000,-0.9990,23.3176,146.65,
1,Maze260925,1.228,8.2000,-0.9990,23.3176,146.65,
1,Maze260925,1.235,8.2000,-0.9990,23.3176,146.65,
1,Maze260925,1.243,8.2000,-0.9990,23.3176,146.65,
1,Maze260925,1.253,8.2000,-0.9990,23.3176,146.65,
1,Maze260925,1.261,8.2000,-0.9990,23.3176,146.65,
1,Maze260925,1.270,8.2000,-0.9990,23.3176,146.65,
1,Maze260925,1.277,8.2000,-0.9990,23.3176,146.65,
1,Maze260925,1.285,8.2000,-0.9990,23.3176,146.65,
1,Maze260925,1.294,8.2000,-0.9990,23.3176,146.65,
1,Maze260925,1.302,8.2000,-0.9990,23.3176,146.65,
1,Maze260925,1.310,8.2000,-0.9990,23.3176,146.65,
1,Maze260925,1.319,8.2000,-0.9990,23.3176,146.65,
1,Maze260925,1.329,8.2000,-0.9990,23.3176,146.65,
1,Maze260925,1.335,8.2000,-0.9990,23.3176,146.65,
1,Maze260925,1.345,8.2000,-0.9990,23.3176,146.65,
1,Maze260925,1.353,8.2000,-0.9990,23.3176,146.65,
1,Maze260925,1.361,8.2000,-0.9990,23.3176,146.65,
1,Maze260925,1.369,8.2000,-0.9990,23.3176,146.65,
1,Maze260925,1.376,8.2000,-0.9990,23.3176,146.65,
1,Maze260925,1.386,8.2000,-0.9990,23.3176,146.65,
1,Maze260925,1.394,8.2000,-0.9990,23.3176,146.65,
1,Maze260925,1.402,8.2000,-0.9990,23.3176,146.65,
1,Maze260925,1.410,8.2000,-0.9990,23.3176,146.65,
1,Maze260925,1.420,8.2000,-0.9990,23.3176,146.65,
1,Maze260925,1.427,8.2000,-0.9990,23.3176,146.65,
1,Maze260925,1.437,8.2000,-0.9990,23.3176,146.65,
1,Maze260925,1.444,8.2000,-0.9990,23.3176,146.65,
1,Maze260925,1.452,8.2000,-0.9990,23.3176,146.65,
1,Maze260925,1.461,8.2000,-0.9990,23.3176,146.65,
1,Maze260925,1.470,8.2000,-0.9990,23.3176,146.65,
1,Maze260925,1.477,8.2000,-0.9990,23.3176,146.65,
1,Maze260925,1.485,8.2000,-0.9990,23.3176,146.65,
1,Maze260925,1.495,8.2000,-0.9990,23.3176,146.65,
1,Maze260925,1.502,8.2000,-0.9990,23.3176,146.65,
1,Maze260925,1.510,8.2000,-0.9990,23.3176,146.65,
1,Maze260925,1.518,8.2000,-0.9990,23.3176,146.65,
1,Maze260925,1.528,8.2000,-0.9990,23.3176,146.65,
1,Maze260925,1.536,8.2000,-0.9990,23.3176,146.65,
1,Maze260925,1.544,8.2000,-0.9990,23.3176,146.65,
1,Maze260925,1.552,8.2000,-0.9990,23.3176,146.65,
1,Maze260925,1.561,8.2000,-0.9990,23.3176,146.65,
1,Maze260925,1.569,8.2000,-0.9990,23.3176,146.65,
1,Maze260925,1.576,8.2000,-0.9990,23.3176,146.65,
1,Maze260925,1.584,8.2000,-0.9990,23.3176,146.65,
1,Maze260925,1.593,8.2000,-0.9990,23.3176,146.65,
1,Maze260925,1.601,8.2000,-0.9990,23.3176,146.65,
1,Maze260925,1.609,8.2000,-0.9990,23.3176,146.65,
1,Maze260925,1.618,8.2000,-0.9990,23.3176,146.65,
1,Maze260925,1.626,8.2000,-0.9990,23.3176,146.65,
1,Maze260925,1.634,8.2000,-0.9990,23.3176,146.65,
1,Maze260925,1.643,8.2000,-0.9990,23.3176,146.65,
1,Maze260925,1.651,8.2000,-0.9990,23.3176,149.32,
1,Maze260925,1.660,8.2000,-0.9990,23.3176,149.48,
1,Maze260925,1.668,8.2000,-0.9990,23.3176,149.60,
1,Maze260925,1.676,8.2000,-0.9990,23.3176,149.79,
1,Maze260925,1.685,8.2000,-0.9990,23.3176,149.98,
1,Maze260925,1.693,8.2000,-0.9990,23.3176,150.13,
1,Maze260925,1.701,8.2000,-0.9990,23.3176,150.23,
1,Maze260925,1.710,8.2000,-0.9990,23.3176,150.39,
1,Maze260925,1.718,8.2000,-0.9990,23.3176,150.51,
1,Maze260925,1.727,8.2000,-0.9990,23.3176,150.63,
1,Maze260925,1.735,8.2000,-0.9990,23.3176,150.73,
1,Maze260925,1.744,8.2000,-0.9990,23.3176,150.78,
1,Maze260925,1.751,8.2000,-0.9990,23.3176,150.78,
1,Maze260925,1.760,8.2000,-0.9990,23.3176,150.78,
1,Maze260925,1.768,8.2000,-0.9990,23.3176,150.78,
1,Maze260925,1.776,8.2000,-0.9990,23.3176,150.78,
1,Maze260925,1.785,8.2000,-0.9990,23.3176,150.78,
1,Maze260925,1.793,8.2000,-0.9990,23.3176,150.78,
1,Maze260925,1.801,8.2000,-0.9990,23.3176,150.78,
1,Maze260925,1.810,8.2000,-0.9990,23.3176,150.78,
1,Maze260925,1.817,8.2000,-0.9990,23.3176,150.78,
1,Maze260925,1.827,8.2000,-0.9990,23.3176,150.78,
1,Maze260925,1.835,8.2000,-0.9990,23.3176,150.78,
1,Maze260925,1.843,8.2000,-0.9990,23.3176,150.78,
1,Maze260925,1.852,8.2000,-0.9990,23.3176,150.78,
1,Maze260925,1.860,8.2000,-0.9990,23.3176,150.78,
1,Maze260925,1.868,8.2000,-0.9990,23.3176,150.78,
1,Maze260925,1.877,8.2000,-0.9990,23.3176,150.78,
1,Maze260925,1.885,8.2000,-0.9990,23.3176,150.78,
1,Maze260925,1.894,8.2000,-0.9990,23.3176,150.78,
1,Maze260925,1.902,8.2000,-0.9990,23.3176,150.78,
1,Maze260925,1.910,8.2000,-0.9990,23.3176,150.78,
1,Maze260925,1.918,8.2000,-0.9990,23.3176,150.78,
1,Maze260925,1.927,8.2000,-0.9990,23.3176,150.78,
1,Maze260925,1.935,8.2000,-0.9990,23.3176,150.78,
1,Maze260925,1.944,8.2000,-0.9990,23.3176,150.78,
1,Maze260925,1.952,8.2000,-0.9990,23.3176,150.78,
1,Maze260925,1.960,8.2000,-0.9990,23.3176,150.78,
1,Maze260925,1.969,8.2000,-0.9990,23.3176,150.78,
1,Maze260925,1.977,8.2000,-0.9990,23.3176,150.78,
1,Maze260925,1.985,8.2000,-0.9990,23.3176,150.78,
1,Maze260925,1.993,8.2000,-0.9990,23.3176,150.78,
1,Maze260925,2.002,8.2000,-0.9990,23.3176,150.78,
1,Maze260925,2.011,8.2000,-0.9990,23.3176,150.78,
1,Maze260925,2.020,8.2000,-0.9990,23.3176,150.78,
1,Maze260925,2.027,8.2000,-0.9990,23.3176,150.78,
1,Maze260925,2.035,8.2000,-0.9990,23.3176,150.78,
1,Maze260925,2.043,8.2000,-0.9990,23.3176,150.78,
1,Maze260925,2.052,8.2000,-0.9990,23.3176,150.78,
1,Maze260925,2.060,8.2000,-0.9990,23.3176,150.78,
1,Maze260925,2.068,8.2000,-0.9990,23.3176,150.78,
1,Maze260925,2.076,8.2000,-0.9990,23.3176,150.78,
1,Maze260925,2.085,8.2000,-0.9990,23.3176,150.78,
1,Maze260925,2.093,8.2000,-0.9990,23.3176,150.78,
1,Maze260925,2.101,8.2000,-0.9990,23.3176,150.78,
1,Maze260925,2.110,8.2000,-0.9990,23.3176,150.78,
1,Maze260925,2.118,8.2000,-0.9990,23.3176,150.78,
1,Maze260925,2.127,8.2000,-0.9990,23.3176,150.78,
1,Maze260925,2.135,8.2000,-0.9990,23.3176,150.78,
1,Maze260925,2.143,8.2000,-0.9990,23.3176,150.78,
1,Maze260925,2.151,8.2000,-0.9990,23.3176,150.78,
1,Maze260925,2.160,8.2000,-0.9990,23.3176,150.78,
1,Maze260925,2.168,8.2000,-0.9990,23.3176,150.78,
1,Maze260925,2.177,8.2000,-0.9990,23.3176,150.78,
1,Maze260925,2.185,8.2000,-0.9990,23.3176,150.78,
1,Maze260925,2.195,8.2000,-0.9990,23.3176,150.78,
1,Maze260925,2.202,8.2000,-0.9990,23.3176,150.78,
1,Maze260925,2.210,8.2000,-0.9990,23.3176,150.78,
1,Maze260925,2.220,8.2000,-0.9990,23.3176,150.78,
1,Maze260925,2.228,8.2000,-0.9990,23.3176,150.78,
1,Maze260925,2.235,8.2000,-0.9990,23.3176,150.78,
1,Maze260925,2.244,8.2000,-0.9990,23.3176,150.78,
1,Maze260925,2.252,8.2000,-0.9990,23.3176,150.78,
1,Maze260925,2.260,8.2000,-0.9990,23.3176,150.78,
1,Maze260925,2.269,8.2000,-0.9990,23.3176,150.78,
1,Maze260925,2.277,8.2000,-0.9990,23.3176,150.78,
1,Maze260925,2.285,8.2000,-0.9990,23.3176,150.78,
1,Maze260925,2.293,8.2000,-0.9990,23.3176,150.78,
1,Maze260925,2.302,8.2000,-0.9990,23.3176,150.78,
1,Maze260925,2.310,8.2000,-0.9990,23.3176,150.78,
1,Maze260925,2.318,8.2000,-0.9990,23.3176,150.78,
1,Maze260925,2.327,8.2000,-0.9990,23.3176,150.79,
1,Maze260925,2.335,8.2000,-0.9990,23.3176,150.91,
1,Maze260925,2.343,8.2000,-0.9990,23.3176,151.10,
1,Maze260925,2.351,8.2000,-0.9990,23.3176,151.26,
1,Maze260925,2.360,8.2000,-0.9990,23.3176,151.45,
1,Maze260925,2.368,8.2000,-0.9990,23.3176,151.67,
1,Maze260925,2.377,8.2000,-0.9990,23.3176,152.02,
1,Maze260925,2.385,8.2000,-0.9990,23.3176,152.38,
1,Maze260925,2.393,8.2000,-0.9990,23.3176,152.78,
1,Maze260925,2.402,8.2000,-0.9990,23.3176,153.18,
1,Maze260925,2.410,8.2000,-0.9990,23.3176,153.53,
1,Maze260925,2.418,8.2000,-0.9990,23.3176,153.88,
1,Maze260925,2.426,8.2000,-0.9990,23.3176,154.19,
1,Maze260925,2.435,8.2000,-0.9990,23.3176,154.31,
1,Maze260925,2.443,8.2000,-0.9990,23.3176,154.54,
1,Maze260925,2.451,8.2000,-0.9990,23.3176,154.69,
1,Maze260925,2.460,8.2000,-0.9990,23.3176,154.85,
1,Maze260925,2.468,8.2000,-0.9990,23.3176,154.97,
1,Maze260925,2.476,8.2000,-0.9990,23.3176,155.07,
1,Maze260925,2.484,8.2000,-0.9990,23.3176,155.14,
1,Maze260925,2.493,8.2000,-0.9990,23.3176,155.21,
1,Maze260925,2.501,8.2000,-0.9990,23.3176,155.24,
1,Maze260925,2.510,8.2000,-0.9990,23.3176,155.27,
1,Maze260925,2.518,8.2000,-0.9990,23.3176,155.28,
1,Maze260925,2.526,8.2000,-0.9990,23.3176,155.30,
1,Maze260925,2.535,8.2000,-0.9990,23.3176,155.31,
1,Maze260925,2.543,8.2000,-0.9990,23.3176,155.32,
1,Maze260925,2.551,8.2000,-0.9990,23.3176,155.34,
1,Maze260925,2.560,8.2000,-0.9990,23.3176,155.37,
1,Maze260925,2.568,8.2000,-0.9990,23.3176,155.62,
1,Maze260925,2.576,8.2000,-0.9990,23.3176,155.88,
1,Maze260925,2.585,8.2000,-0.9990,23.3176,156.24,
1,Maze260925,2.593,8.2000,-0.9990,23.3176,156.46,
1,Maze260925,2.601,8.2000,-0.9990,23.3176,157.08,
1,Maze260925,2.610,8.2000,-0.9990,23.3176,157.65,
1,Maze260925,2.618,8.2000,-0.9990,23.3176,158.27,
1,Maze260925,2.626,8.2000,-0.9990,23.3176,158.90,
1,Maze260925,2.635,8.2000,-0.9990,23.3176,159.65,
1,Maze260925,2.643,8.2000,-0.9990,23.3176,161.04,
1,Maze260925,2.651,8.2000,-0.9990,23.3176,161.93,
1,Maze260925,2.660,8.2000,-0.9990,23.3176,162.98,
1,Maze260925,2.668,8.2000,-0.9990,23.3176,164.06,
1,Maze260925,2.676,8.2000,-0.9990,23.3176,165.18,
1,Maze260925,2.685,8.2000,-0.9990,23.3176,166.35,
1,Maze260925,2.693,8.2000,-0.9990,23.3176,166.91,
1,Maze260925,2.701,8.2000,-0.9990,23.3176,167.91,
1,Maze260925,2.710,8.2000,-0.9990,23.3176,168.80,
1,Maze260925,2.718,8.2000,-0.9990,23.3176,169.16,
1,Maze260925,2.727,8.2000,-0.9990,23.3176,169.38,
1,Maze260925,2.735,8.2000,-0.9990,23.3176,169.69,
1,Maze260925,2.743,8.2000,-0.9990,23.3176,169.69,
1,Maze260925,2.751,8.2000,-0.9990,23.3176,169.69,
1,Maze260925,2.760,8.2000,-0.9990,23.3176,169.69,
1,Maze260925,2.768,8.2000,-0.9990,23.3176,169.69,
1,Maze260925,2.776,8.2000,-0.9990,23.3176,169.69,
1,Maze260925,2.785,8.2000,-0.9990,23.3176,169.69,
1,Maze260925,2.793,8.2000,-0.9990,23.3176,169.69,
1,Maze260925,2.801,8.2000,-0.9990,23.3176,169.69,
1,Maze260925,2.810,8.2000,-0.9990,23.3176,169.69,
1,Maze260925,2.818,8.2000,-0.9990,23.3176,169.69,
1,Maze260925,2.826,8.2000,-0.9990,23.3176,169.69,
1,Maze260925,2.835,8.2000,-0.9990,23.3176,169.69,
1,Maze260925,2.843,8.2000,-0.9990,23.3176,169.69,
1,Maze260925,2.852,8.2000,-0.9990,23.3176,169.69,
1,Maze260925,2.860,8.2000,-0.9990,23.3176,169.69,
1,Maze260925,2.868,8.2000,-0.9990,23.3176,169.69,
1,Maze260925,2.877,8.2000,-0.9990,23.3176,169.69,
1,Maze260925,2.885,8.2000,-0.9990,23.3176,169.69,
1,Maze260925,2.893,8.2000,-0.9990,23.3176,169.69,
1,Maze260925,2.902,8.2000,-0.9990,23.3176,169.69,
1,Maze260925,2.912,8.2000,-0.9990,23.3176,169.69,
1,Maze260925,2.920,8.2000,-0.9990,23.3176,169.69,
1,Maze260925,2.927,8.2000,-0.9990,23.3176,169.69,
1,Maze260925,2.935,8.2000,-0.9990,23.3176,169.69,
1,Maze260925,2.944,8.2000,-0.9990,23.3176,169.71,
1,Maze260925,2.952,8.2000,-0.9990,23.3176,169.90,
1,Maze260925,2.960,8.2000,-0.9990,23.3176,170.09,
1,Maze260925,2.969,8.2000,-0.9990,23.3176,170.35,
1,Maze260925,2.977,8.2000,-0.9990,23.3176,170.66,
1,Maze260925,2.985,8.2000,-0.9990,23.3176,170.97,
1,Maze260925,2.994,8.2000,-0.9990,23.3176,171.53,
1,Maze260925,3.002,8.2000,-0.9990,23.3176,172.16,
1,Maze260925,3.009,8.2000,-0.9990,23.3176,172.78,
1,Maze260925,3.019,8.2000,-0.9990,23.3176,173.04,
1,Maze260925,3.027,8.2000,-0.9990,23.3176,173.55,
1,Maze260925,3.035,8.2000,-0.9990,23.3176,174.00,
1,Maze260925,3.044,8.2000,-0.9990,23.3176,174.40,
1,Maze260925,3.052,8.2000,-0.9990,23.3176,174.53,
1,Maze260925,3.060,8.2000,-0.9990,23.3176,174.72,
1,Maze260925,3.068,8.2000,-0.9990,23.3176,174.87,
1,Maze260925,3.077,8.2000,-0.9990,23.3176,175.00,
1,Maze260925,3.085,8.2000,-0.9990,23.3176,175.09,
1,Maze260925,3.093,8.2000,-0.9990,23.3176,175.19,
1,Maze260925,3.101,8.2000,-0.9990,23.3176,175.28,
1,Maze260925,3.109,8.2000,-0.9990,23.3176,175.44,
1,Maze260925,3.117,8.2000,-0.9990,23.3176,175.53,
1,Maze260925,3.126,8.2000,-0.9990,23.3176,175.69,
1,Maze260925,3.135,8.2000,-0.9990,23.3176,175.81,
1,Maze260925,3.143,8.2000,-0.9990,23.3176,175.97,
1,Maze260925,3.151,8.2000,-0.9990,23.3176,176.12,
1,Maze260925,3.160,8.2000,-0.9990,23.3176,176.22,
1,Maze260925,3.168,8.2000,-0.9990,23.3176,176.37,
1,Maze260925,3.176,8.2000,-0.9990,23.3176,176.50,
1,Maze260925,3.185,8.2000,-0.9990,23.3176,176.62,
1,Maze260925,3.193,8.2000,-0.9990,23.3176,176.72,
1,Maze260925,3.201,8.2000,-0.9990,23.3176,176.81,
1,Maze260925,3.210,8.2000,-0.9990,23.3176,176.88,
1,Maze260925,3.218,8.2000,-0.9990,23.3176,176.93,
1,Maze260925,3.227,8.2000,-0.9990,23.3176,176.96,
1,Maze260925,3.235,8.2000,-0.9990,23.3176,176.96,
1,Maze260925,3.243,8.2000,-0.9990,23.3176,176.96,
1,Maze260925,3.251,8.2000,-0.9990,23.3176,176.96,
1,Maze260925,3.260,8.2000,-0.9990,23.3176,176.96,
1,Maze260925,3.268,8.2000,-0.9990,23.3176,176.96,
1,Maze260925,3.276,8.2000,-0.9990,23.3176,176.96,
1,Maze260925,3.285,8.2000,-0.9990,23.3176,176.96,
1,Maze260925,3.293,8.2000,-0.9990,23.3176,176.96,
1,Maze260925,3.301,8.2000,-0.9990,23.3176,176.96,
1,Maze260925,3.310,8.2000,-0.9990,23.3176,176.96,
1,Maze260925,3.318,8.2000,-0.9990,23.3176,176.96,
1,Maze260925,3.326,8.2000,-0.9990,23.3176,176.96,
1,Maze260925,3.335,8.2000,-0.9990,23.3176,176.96,
1,Maze260925,3.343,8.2000,-0.9990,23.3176,176.96,
1,Maze260925,3.352,8.2000,-0.9990,23.3176,176.96,
1,Maze260925,3.360,8.2000,-0.9990,23.3176,176.96,
1,Maze260925,3.368,8.2000,-0.9990,23.3176,176.96,
1,Maze260925,3.377,8.2000,-0.9990,23.3176,176.96,
1,Maze260925,3.385,8.2000,-0.9990,23.3176,176.96,
1,Maze260925,3.393,8.2000,-0.9990,23.3176,176.96,
1,Maze260925,3.402,8.2000,-0.9990,23.3176,176.96,
1,Maze260925,3.410,8.2000,-0.9990,23.3176,176.96,
1,Maze260925,3.418,8.2000,-0.9990,23.3176,177.04,
1,Maze260925,3.427,8.2000,-0.9990,23.3176,177.35,
1,Maze260925,3.435,8.2000,-0.9990,23.3176,177.75,
1,Maze260925,3.443,8.2000,-0.9990,23.3176,178.20,
1,Maze260925,3.452,8.2000,-0.9990,23.3176,178.70,
1,Maze260925,3.460,8.2000,-0.9990,23.3176,179.21,
1,Maze260925,3.468,8.2000,-0.9990,23.3176,180.26,
1,Maze260925,3.477,8.2000,-0.9990,23.3176,180.76,
1,Maze260925,3.485,8.2000,-0.9990,23.3176,181.73,
1,Maze260925,3.493,8.2000,-0.9990,23.3176,182.55,
1,Maze260925,3.502,8.2000,-0.9990,23.3176,182.91,
1,Maze260925,3.510,8.2000,-0.9990,23.3176,183.53,
1,Maze260925,3.518,8.2000,-0.9990,23.3176,184.04,
1,Maze260925,3.526,8.2000,-0.9990,23.3176,184.19,
1,Maze260925,3.535,8.2000,-0.9990,23.3176,184.46,
1,Maze260925,3.543,8.2000,-0.9990,23.3176,184.65,
1,Maze260925,3.551,8.2000,-0.9990,23.3176,184.77,
1,Maze260925,3.560,8.2000,-0.9990,23.3176,184.85,
1,Maze260925,3.568,8.2000,-0.9990,23.3176,184.88,
1,Maze260925,3.576,8.2000,-0.9990,23.3176,184.89,
1,Maze260925,3.585,8.2000,-0.9990,23.3176,184.89,
1,Maze260925,3.625,8.2000,-0.9990,23.3176,184.89,
1,Maze260925,3.635,8.1906,-0.9990,23.1984,184.50,
1,Maze260925,3.653,8.1881,-0.9990,23.1665,184.50,
1,Maze260925,3.661,8.1838,-0.9990,23.1126,184.50,
1,Maze260925,3.669,8.1821,-0.9990,23.0910,184.50,
1,Maze260925,3.677,8.1803,-0.9990,23.0670,184.50,
1,Maze260925,3.692,8.1782,-0.9990,23.0404,184.50,
1,Maze260925,3.702,8.1748,-0.9990,22.9981,184.50,
1,Maze260925,3.714,8.1723,-0.9990,22.9665,184.50,
1,Maze260925,3.718,8.1695,-0.9990,22.9302,184.50,
1,Maze260925,3.726,8.1685,-0.9990,22.9179,184.50,
1,Maze260925,3.735,8.1666,-0.9990,22.8934,184.50,
1,Maze260925,3.743,8.1646,-0.9990,22.8678,184.50,
1,Maze260925,3.751,8.1627,-0.9990,22.8440,184.50,
1,Maze260925,3.761,8.1607,-0.9990,22.8189,184.50,
1,Maze260925,3.768,8.1585,-0.9990,22.7909,184.50,
1,Maze260925,3.777,8.1568,-0.9990,22.7687,184.50,
1,Maze260925,3.785,8.1548,-0.9990,22.7437,184.50,
1,Maze260925,3.793,8.1528,-0.9990,22.7189,184.50,
1,Maze260925,3.802,8.1509,-0.9990,22.6939,184.50,
1,Maze260925,3.810,8.1489,-0.9990,22.6689,184.50,
1,Maze260925,3.818,8.1469,-0.9990,22.6439,184.50,
1,Maze260925,3.826,8.1450,-0.9990,22.6194,184.50,
1,Maze260925,3.835,8.1430,-0.9990,22.5944,184.50,
1,Maze260925,3.843,8.1410,-0.9990,22.5687,184.50,
1,Maze260925,3.852,8.1391,-0.9990,22.5443,184.50,
1,Maze260925,3.860,8.1371,-0.9990,22.5193,184.50,
1,Maze260925,3.868,8.1352,-0.9990,22.4947,184.50,
1,Maze260925,3.877,8.1332,-0.9990,22.4695,184.50,
1,Maze260925,3.885,8.1312,-0.9990,22.4445,184.50,
1,Maze260925,3.895,8.1293,-0.9990,22.4197,184.50,
1,Maze260925,3.902,8.1270,-0.9990,22.3911,184.50,
1,Maze260925,3.911,8.1253,-0.9990,22.3693,184.50,
1,Maze260925,3.919,8.1233,-0.9990,22.3436,184.50,
1,Maze260925,3.927,8.1214,-0.9990,22.3197,184.50,
1,Maze260925,3.935,8.1194,-0.9990,22.2947,184.50,
1,Maze260925,3.943,8.1175,-0.9990,22.2701,184.50,
1,Maze260925,3.952,8.1155,-0.9990,22.2451,184.50,
1,Maze260925,3.960,8.1155,-0.9990,22.2451,184.50,
1,Maze260925,3.970,8.1155,-0.9990,22.2451,184.50,
1,Maze260925,3.977,8.1155,-0.9990,22.2451,184.50,
1,Maze260925,3.985,8.1155,-0.9990,22.2451,184.50,
1,Maze260925,3.993,8.1155,-0.9990,22.2451,184.50,
1,Maze260925,4.003,8.1155,-0.9990,22.2451,184.50,
1,Maze260925,4.010,8.1155,-0.9990,22.2451,184.50,
1,Maze260925,4.020,8.1155,-0.9990,22.2451,184.50,
1,Maze260925,4.027,8.1155,-0.9990,22.2451,184.50,
1,Maze260925,4.035,8.1155,-0.9990,22.2451,184.50,
1,Maze260925,4.044,8.1155,-0.9990,22.2451,184.50,
1,Maze260925,4.052,8.1155,-0.9990,22.2451,184.50,
1,Maze260925,4.060,8.1155,-0.9990,22.2451,184.50,
1,Maze260925,4.068,8.1155,-0.9990,22.2451,184.50,
1,Maze260925,4.077,8.1155,-0.9990,22.2451,184.50,
1,Maze260925,4.085,8.1155,-0.9990,22.2451,184.50,
1,Maze260925,4.093,8.1155,-0.9990,22.2451,184.50,
1,Maze260925,4.102,8.1155,-0.9990,22.2451,184.50,
1,Maze260925,4.110,8.1155,-0.9990,22.2451,184.50,
1,Maze260925,4.120,8.1155,-0.9990,22.2451,184.50,
1,Maze260925,4.127,8.1155,-0.9990,22.2451,184.50,
1,Maze260925,4.137,8.1155,-0.9990,22.2451,184.50,
1,Maze260925,4.144,8.1155,-0.9990,22.2451,184.50,
1,Maze260925,4.152,8.1155,-0.9990,22.2451,184.50,
1,Maze260925,4.160,8.1155,-0.9990,22.2451,184.50,
1,Maze260925,4.172,8.1155,-0.9990,22.2451,184.50,
1,Maze260925,4.176,8.1155,-0.9990,22.2451,184.50,
1,Maze260925,4.185,8.1155,-0.9990,22.2451,184.50,
1,Maze260925,4.195,8.1155,-0.9990,22.2451,184.50,
1,Maze260925,4.202,8.1155,-0.9990,22.2451,184.50,
1,Maze260925,4.210,8.1155,-0.9990,22.2451,184.50,
1,Maze260925,4.220,8.1155,-0.9990,22.2451,184.50,
1,Maze260925,4.227,8.1155,-0.9990,22.2451,184.50,
1,Maze260925,4.235,8.1155,-0.9990,22.2451,184.50,
1,Maze260925,4.243,8.1155,-0.9990,22.2451,184.50,
1,Maze260925,4.253,8.1155,-0.9990,22.2451,184.50,
1,Maze260925,4.260,8.1155,-0.9990,22.2451,184.50,
1,Maze260925,4.270,8.1155,-0.9990,22.2451,184.50,
1,Maze260925,4.277,8.1155,-0.9990,22.2451,184.50,
1,Maze260925,4.287,8.1155,-0.9990,22.2451,184.50,
1,Maze260925,4.295,8.1155,-0.9990,22.2451,184.50,
1,Maze260925,4.302,8.1155,-0.9990,22.2451,184.50,
1,Maze260925,4.310,8.1155,-0.9990,22.2451,184.50,
1,Maze260925,4.318,8.1155,-0.9990,22.2451,184.50,
1,Maze260925,4.327,8.1155,-0.9990,22.2451,184.50,
1,Maze260925,4.336,8.1155,-0.9990,22.2451,184.50,
1,Maze260925,4.346,8.1155,-0.9990,22.2451,184.50,
1,Maze260925,4.352,8.1155,-0.9990,22.2451,184.50,
1,Maze260925,4.360,8.1155,-0.9990,22.2451,184.50,
1,Maze260925,4.369,8.1155,-0.9990,22.2451,184.50,
1,Maze260925,4.377,8.1155,-0.9990,22.2451,184.50,
1,Maze260925,4.385,8.1155,-0.9990,22.2451,184.50,
1,Maze260925,4.393,8.1155,-0.9990,22.2451,184.50,
1,Maze260925,4.403,8.1155,-0.9990,22.2451,184.50,
1,Maze260925,4.411,8.1155,-0.9990,22.2451,184.50,
1,Maze260925,4.421,8.1155,-0.9990,22.2451,184.50,
1,Maze260925,4.427,8.1155,-0.9990,22.2451,184.50,
1,Maze260925,4.435,8.1155,-0.9990,22.2451,184.50,
1,Maze260925,4.443,8.1155,-0.9990,22.2451,184.50,
1,Maze260925,4.452,8.1155,-0.9990,22.2451,184.50,
1,Maze260925,4.460,8.1155,-0.9990,22.2451,184.50,
1,Maze260925,4.470,8.1155,-0.9990,22.2451,184.50,
1,Maze260925,4.477,8.1155,-0.9990,22.2451,184.50,
1,Maze260925,4.487,8.1155,-0.9990,22.2451,184.50,
1,Maze260925,4.494,8.1155,-0.9990,22.2451,184.50,
1,Maze260925,4.502,8.1155,-0.9990,22.2451,184.50,
1,Maze260925,4.510,8.1155,-0.9990,22.2451,184.50,
1,Maze260925,4.520,8.1155,-0.9990,22.2451,184.50,
1,Maze260925,4.526,8.1155,-0.9990,22.2451,184.50,
1,Maze260925,4.537,8.1155,-0.9990,22.2451,184.50,
1,Maze260925,4.543,8.1155,-0.9990,22.2451,184.50,
1,Maze260925,4.554,8.1155,-0.9990,22.2451,184.50,
1,Maze260925,4.560,8.1155,-0.9990,22.2451,184.50,
1,Maze260925,4.569,8.1155,-0.9990,22.2451,184.50,
1,Maze260925,4.578,8.1155,-0.9990,22.2451,184.50,
1,Maze260925,4.585,8.1155,-0.9990,22.2451,184.50,
1,Maze260925,4.596,8.1155,-0.9990,22.2451,184.50,
1,Maze260925,4.602,8.1155,-0.9990,22.2451,184.50,
1,Maze260925,4.610,8.1155,-0.9990,22.2451,184.50,
1,Maze260925,4.620,8.1155,-0.9990,22.2451,184.50,
1,Maze260925,4.629,8.1155,-0.9990,22.2451,184.50,
1,Maze260925,4.635,8.1155,-0.9990,22.2451,184.50,
1,Maze260925,4.643,8.1155,-0.9990,22.2451,184.50,
1,Maze260925,4.652,8.1155,-0.9990,22.2451,184.50,
1,Maze260925,4.660,8.1155,-0.9990,22.2451,184.50,
1,Maze260925,4.668,8.1155,-0.9990,22.2451,184.50,
1,Maze260925,4.677,8.1155,-0.9990,22.2451,184.50,
1,Maze260925,4.686,8.1155,-0.9990,22.2451,184.50,
1,Maze260925,4.694,8.1155,-0.9990,22.2451,184.50,
1,Maze260925,4.703,8.1155,-0.9990,22.2451,184.50,
1,Maze260925,4.710,8.1155,-0.9990,22.2451,184.50,
1,Maze260925,4.718,8.1155,-0.9990,22.2451,184.50,
1,Maze260925,4.727,8.1155,-0.9990,22.2451,184.50,
1,Maze260925,4.737,8.1155,-0.9990,22.2451,184.50,
1,Maze260925,4.744,8.1155,-0.9990,22.2451,184.50,
1,Maze260925,4.752,8.1155,-0.9990,22.2451,184.50,
1,Maze260925,4.760,8.1155,-0.9990,22.2451,184.50,
1,Maze260925,4.770,8.1155,-0.9990,22.2451,184.50,
1,Maze260925,4.777,8.1155,-0.9990,22.2451,184.50,
1,Maze260925,4.787,8.1155,-0.9990,22.2451,184.50,
1,Maze260925,4.795,8.1155,-0.9990,22.2451,184.50,
1,Maze260925,4.802,8.1155,-0.9990,22.2451,184.50,
1,Maze260925,4.810,8.1155,-0.9990,22.2451,184.50,
1,Maze260925,4.818,8.1155,-0.9990,22.2451,184.50,
1,Maze260925,4.829,8.1155,-0.9990,22.2451,184.50,
1,Maze260925,4.835,8.1155,-0.9990,22.2451,184.50,
1,Maze260925,4.843,8.1155,-0.9990,22.2451,184.50,
1,Maze260925,4.852,8.1155,-0.9990,22.2451,184.50,
1,Maze260925,4.859,8.1155,-0.9990,22.2451,184.50,
1,Maze260925,4.870,8.1155,-0.9990,22.2451,184.50,
1,Maze260925,4.877,8.1155,-0.9990,22.2451,184.50,
1,Maze260925,4.885,8.1155,-0.9990,22.2451,184.50,
1,Maze260925,4.893,8.1155,-0.9990,22.2451,184.50,
1,Maze260925,4.948,8.1155,-0.9990,22.2451,184.50,
1,Maze260925,4.954,7.9933,-0.9990,22.1407,184.50,
1,Maze260925,4.961,7.9787,-0.9990,22.1282,184.50,
1,Maze260925,4.970,7.9617,-0.9990,22.1137,184.50,
1,Maze260925,4.978,7.9421,-0.9990,22.0970,184.50,
1,Maze260925,4.987,7.9234,-0.9990,22.0810,184.50,
1,Maze260925,4.995,7.9042,-0.9990,22.0646,184.50,
1,Maze260925,5.003,7.8855,-0.9990,22.0486,184.50,
1,Maze260925,5.012,7.8677,-0.9990,22.0334,184.50,
1,Maze260925,5.019,7.8472,-0.9990,22.0159,184.50,
1,Maze260925,5.027,7.8302,-0.9990,22.0014,184.50,
1,Maze260925,5.035,7.8113,-0.9990,21.9853,184.50,
1,Maze260925,5.043,7.7918,-0.9990,21.9686,184.50,
1,Maze260925,5.053,7.7735,-0.9990,21.9530,184.50,
1,Maze260925,5.060,7.7539,-0.9990,21.9362,184.50,
1,Maze260925,5.068,7.7352,-0.9990,21.9203,184.50,
1,Maze260925,5.077,7.7163,-0.9990,21.9041,184.50,
1,Maze260925,5.085,7.6973,-0.9990,21.8879,184.50,
1,Maze260925,5.093,7.6779,-0.9990,21.8714,184.50,
1,Maze260925,5.103,7.6594,-0.9990,21.8555,184.50,
1,Maze260925,5.110,7.6376,-0.9990,21.8369,184.50,
1,Maze260925,5.120,7.6224,-0.9990,21.8239,184.50,
1,Maze260925,5.128,7.5999,-0.9990,21.8047,184.50,
1,Maze260925,5.135,7.5813,-0.9990,21.7888,184.50,
1,Maze260925,5.144,7.5638,-0.9990,21.7739,184.50,
1,Maze260925,5.152,7.5450,-0.9990,21.7578,184.50,
1,Maze260925,5.160,7.5257,-0.9990,21.7414,184.50,
1,Maze260925,5.168,7.5070,-0.9990,21.7254,184.50,
1,Maze260925,5.179,7.4881,-0.9990,21.7092,184.50,
1,Maze260925,5.185,7.4664,-0.9990,21.6907,184.50,
1,Maze260925,5.194,7.4499,-0.9990,21.6767,184.50,
1,Maze260925,5.203,7.4311,-0.9990,21.6606,184.50,
1,Maze260925,5.210,7.4111,-0.9990,21.6435,184.50,
1,Maze260925,5.218,7.3932,-0.9990,21.6282,184.50,
1,Maze260925,5.227,7.3741,-0.9990,21.6119,184.50,
1,Maze260925,5.236,7.3553,-0.9990,21.5959,184.50,
1,Maze260925,5.244,7.3356,-0.9990,21.5790,184.50,
1,Maze260925,5.253,7.3166,-0.9990,21.5628,184.50,
1,Maze260925,5.260,7.2951,-0.9990,21.5445,184.50,
1,Maze260925,5.270,7.2802,-0.9990,21.5317,184.50,
1,Maze260925,5.278,7.2574,-0.9990,21.5122,184.50,
1,Maze260925,5.286,7.2393,-0.9990,21.4968,184.50,
1,Maze260925,5.294,7.2374,-0.9990,21.4728,184.50,
1,Maze260925,5.302,7.2356,-0.9990,21.4489,184.50,
1,Maze260925,5.312,7.2336,-0.9990,21.4244,184.50,
1,Maze260925,5.318,7.2313,-0.9990,21.3951,184.50,
1,Maze260925,5.329,7.2298,-0.9990,21.3761,184.50,
1,Maze260925,5.335,7.2273,-0.9990,21.3445,184.50,
1,Maze260925,5.343,7.2257,-0.9990,21.3243,184.50,
1,Maze260925,5.352,7.2238,-0.9990,21.2997,184.50,
1,Maze260925,5.360,7.2219,-0.9990,21.2750,184.50,
1,Maze260925,5.368,7.2199,-0.9990,21.2500,184.50,
1,Maze260925,5.377,7.2179,-0.9990,21.2251,184.50,
1,Maze260925,5.385,7.2159,-0.9990,21.1999,184.50,
1,Maze260925,5.396,7.2140,-0.9990,21.1756,184.50,
1,Maze260925,5.402,7.2116,-0.9990,21.1447,184.50,
1,Maze260925,5.410,7.2100,-0.9990,21.1249,184.50,
1,Maze260925,5.420,7.2081,-0.9990,21.1006,184.50,
1,Maze260925,5.427,7.2059,-0.9990,21.0719,184.50,
1,Maze260925,5.437,7.2042,-0.9990,21.0508,184.50,
1,Maze260925,5.444,7.2019,-0.9990,21.0210,184.50,
1,Maze260925,5.454,7.2002,-0.9990,21.0003,184.50,
1,Maze260925,5.460,7.1980,-0.9990,20.9721,184.50,
1,Maze260925,5.469,7.1963,-0.9990,20.9504,184.50,
1,Maze260925,5.477,7.1944,-0.9990,20.9257,184.50,
1,Maze260925,5.486,7.1923,-0.9990,20.8998,184.51,
1,Maze260925,5.494,7.1903,-0.9990,20.8749,184.54,
1,Maze260925,5.501,7.1883,-0.9990,20.8503,184.72,
1,Maze260925,5.510,7.1863,-0.9990,20.8277,185.04,
1,Maze260925,5.519,7.1836,-0.9990,20.8004,185.57,
1,Maze260925,5.526,7.1810,-0.9990,20.7761,186.15,
1,Maze260925,5.534,7.1783,-0.9990,20.7535,186.88,
1,Maze260925,5.543,7.1749,-0.9990,20.7289,187.76,
1,Maze260925,5.552,7.1710,-0.9990,20.7042,189.06,
1,Maze260925,5.560,7.1663,-0.9990,20.6773,189.86,
1,Maze260925,5.568,7.1622,-0.9990,20.6535,189.86,
1,Maze260925,5.577,7.1564,-0.9990,20.6288,193.24,
1,Maze260925,5.585,7.1501,-0.9990,20.6047,194.63,
1,Maze260925,5.593,7.1432,-0.9990,20.5805,196.02,
1,Maze260925,5.602,7.1357,-0.9990,20.5569,197.46,
1,Maze260925,5.609,7.1279,-0.9990,20.5332,198.23,
1,Maze260925,5.618,7.1204,-0.9990,20.5115,199.05,
1,Maze260925,5.626,7.1110,-0.9990,20.4860,200.33,
1,Maze260925,5.635,7.1022,-0.9990,20.4632,201.14,
1,Maze260925,5.643,7.0932,-0.9990,20.4400,201.14,
1,Maze260925,5.651,7.0834,-0.9990,20.4170,203.13,
1,Maze260925,5.659,7.0737,-0.9990,20.3951,203.90,
1,Maze260925,5.668,7.0636,-0.9990,20.3730,204.54,
1,Maze260925,5.676,7.0521,-0.9990,20.3485,205.15,
1,Maze260925,5.685,7.0414,-0.9990,20.3260,205.39,
1,Maze260925,5.692,7.0305,-0.9990,20.3033,205.67,
1,Maze260925,5.701,7.0204,-0.9990,20.2828,206.20,
1,Maze260925,5.710,7.0082,-0.9990,20.2585,206.54,
1,Maze260925,5.718,6.9973,-0.9990,20.2367,206.54,
1,Maze260925,5.726,6.9857,-0.9990,20.2142,207.30,
1,Maze260925,5.734,6.9743,-0.9990,20.1923,207.53,
1,Maze260925,5.743,6.9636,-0.9990,20.1718,207.61,
1,Maze260925,5.751,6.9510,-0.9990,20.1477,207.67,
1,Maze260925,5.760,6.9394,-0.9990,20.1258,207.83,
1,Maze260925,5.768,6.9277,-0.9990,20.1037,207.96,
1,Maze260925,5.776,6.9160,-0.9990,20.0816,207.98,
1,Maze260925,5.785,6.9043,-0.9990,20.0596,208.00,
1,Maze260925,5.793,6.8925,-0.9990,20.0375,208.00,
1,Maze260925,5.801,6.8807,-0.9990,20.0154,208.06,
1,Maze260925,5.810,6.8690,-0.9990,19.9934,208.08,
1,Maze260925,5.818,6.8571,-0.9990,19.9712,208.08,
1,Maze260925,5.826,6.8456,-0.9990,19.9495,208.08,
1,Maze260925,5.835,6.8337,-0.9990,19.9272,208.09,
1,Maze260925,5.843,6.8219,-0.9990,19.9051,208.09,
1,Maze260925,5.851,6.8101,-0.9990,19.8831,208.09,
1,Maze260925,5.860,6.7981,-0.9990,19.8606,208.10,
1,Maze260925,5.867,6.7866,-0.9990,19.8390,208.11,
1,Maze260925,5.876,6.7756,-0.9990,19.8184,208.11,
1,Maze260925,5.884,6.7638,-0.9990,19.7964,208.11,
1,Maze260925,5.893,6.7520,-0.9990,19.7744,208.16,
1,Maze260925,5.901,6.7393,-0.9990,19.7506,208.22,
1,Maze260925,5.910,6.7274,-0.9990,19.7286,208.28,
1,Maze260925,5.918,6.7157,-0.9990,19.7069,208.35,
1,Maze260925,5.926,6.7037,-0.9990,19.6847,208.47,
1,Maze260925,5.935,6.6927,-0.9990,19.6645,208.54,
1,Maze260925,5.943,6.6799,-0.9990,19.6409,208.54,
1,Maze260925,5.951,6.6678,-0.9990,19.6190,208.81,
1,Maze260925,5.960,6.6563,-0.9990,19.5981,208.92,
1,Maze260925,5.968,6.6436,-0.9990,19.5752,209.01,
1,Maze260925,5.976,6.6313,-0.9990,19.5531,209.10,
1,Maze260925,5.984,6.6193,-0.9990,19.5316,209.10,
1,Maze260925,5.993,6.6072,-0.9990,19.5099,209.10,
1,Maze260925,6.001,6.5951,-0.9990,19.4881,209.10,
1,Maze260925,6.009,6.5829,-0.9990,19.4662,209.10,
1,Maze260925,6.018,6.5708,-0.9990,19.4445,209.10,
1,Maze260925,6.026,6.5585,-0.9990,19.4225,209.10,
1,Maze260925,6.034,6.5464,-0.9990,19.4006,209.10,
1,Maze260925,6.043,6.5342,-0.9990,19.3787,209.10,
1,Maze260925,6.051,6.5218,-0.9990,19.3564,209.10,
1,Maze260925,6.060,6.5098,-0.9990,19.3349,209.10,
1,Maze260925,6.088,6.4977,-0.9990,19.3131,209.10,
1,Maze260925,6.093,6.4153,-0.9990,19.2897,209.10,
1,Maze260925,6.102,6.4012,-0.9990,19.2856,209.10,
1,Maze260925,6.110,6.3764,-0.9990,19.2786,209.10,
1,Maze260925,6.118,6.3528,-0.9990,19.2719,209.10,
1,Maze260925,6.126,6.3288,-0.9990,19.2650,209.10,
1,Maze260925,6.135,6.3045,-0.9990,19.2581,209.10,
1,Maze260925,6.143,6.2807,-0.9990,19.2513,209.10,
1,Maze260925,6.151,6.2568,-0.9990,19.2445,209.10,
1,Maze260925,6.160,6.2328,-0.9990,19.2377,209.10,
1,Maze260925,6.168,6.2088,-0.9990,19.2309,209.10,
1,Maze260925,6.177,6.1846,-0.9990,19.2240,209.10,
1,Maze260925,6.186,6.1602,-0.9990,19.2170,209.10,
1,Maze260925,6.193,6.1332,-0.9990,19.2093,209.10,
1,Maze260925,6.203,6.1121,-0.9990,19.2033,209.10,
1,Maze260925,6.211,6.0850,-0.9990,19.1956,209.10,
1,Maze260925,6.220,6.0621,-0.9990,19.1891,209.10,
1,Maze260925,6.227,6.0371,-0.9990,19.1820,209.10,
1,Maze260925,6.235,6.0146,-0.9990,19.1756,209.13,
1,Maze260925,6.243,5.9911,-0.9990,19.1689,209.19,
1,Maze260925,6.252,5.9691,-0.9990,19.1627,209.23,
1,Maze260925,6.260,5.9440,-0.9990,19.1556,209.24,
1,Maze260925,6.268,5.9191,-0.9990,19.1486,209.25,
1,Maze260925,6.276,5.8958,-0.9990,19.1420,209.25,
1,Maze260925,6.285,5.8732,-0.9990,19.1357,209.25,
1,Maze260925,6.293,5.8472,-0.9990,19.1283,209.26,
1,Maze260925,6.302,5.8235,-0.9990,19.1216,209.27,
1,Maze260925,6.310,5.7997,-0.9990,19.1149,209.27,
1,Maze260925,6.318,5.7761,-0.9990,19.1083,209.27,
1,Maze260925,6.326,5.7519,-0.9990,19.1015,209.27,
1,Maze260925,6.335,5.7280,-0.9990,19.0947,209.27,
1,Maze260925,6.343,5.7038,-0.9990,19.0879,209.27,
1,Maze260925,6.351,5.6798,-0.9990,19.0812,209.27,
1,Maze260925,6.360,5.6563,-0.9990,19.0745,209.23,
1,Maze260925,6.368,5.6310,-0.9990,19.0673,209.16,
1,Maze260925,6.376,5.6073,-0.9990,19.0606,209.06,
1,Maze260925,6.385,5.5834,-0.9990,19.0537,208.90,
1,Maze260925,6.393,5.5594,-0.9990,19.0466,208.68,
1,Maze260925,6.401,5.5354,-0.9990,19.0394,208.31,
1,Maze260925,6.410,5.5115,-0.9990,19.0321,207.83,
1,Maze260925,6.418,5.4879,-0.9990,19.0246,207.37,
1,Maze260925,6.426,5.4640,-0.9990,19.0167,206.90,
1,Maze260925,6.435,5.4403,-0.9990,19.0087,206.30,
1,Maze260925,6.443,5.4167,-0.9990,19.0005,205.73,
1,Maze260925,6.451,5.3934,-0.9990,18.9922,205.43,
1,Maze260925,6.459,5.3698,-0.9990,18.9837,205.25,
1,Maze260925,6.468,5.3466,-0.9990,18.9754,205.25,
1,Maze260925,6.476,5.3231,-0.9990,18.9664,204.07,
1,Maze260925,6.485,5.2995,-0.9990,18.9572,203.74,
1,Maze260925,6.492,5.2766,-0.9990,18.9481,203.33,
1,Maze260925,6.502,5.2551,-0.9990,18.9394,202.99,
1,Maze260925,6.509,5.2296,-0.9990,18.9290,202.73,
1,Maze260925,6.518,5.2089,-0.9990,18.9204,202.47,
1,Maze260925,6.526,5.1837,-0.9990,18.9098,202.20,
1,Maze260925,6.535,5.1608,-0.9990,18.9001,202.03,
1,Maze260925,6.543,5.1381,-0.9990,18.8905,202.03,
1,Maze260925,6.552,5.1151,-0.9990,18.8805,201.57,
1,Maze260925,6.560,5.0914,-0.9990,18.8701,201.35,
1,Maze260925,6.568,5.0819,-0.9990,18.8457,201.16,
1,Maze260925,6.576,5.0739,-0.9990,18.8247,200.94,
1,Maze260925,6.585,5.0651,-0.9990,18.8013,200.67,
1,Maze260925,6.594,5.0563,-0.9990,18.7778,200.42,
1,Maze260925,6.602,5.0471,-0.9990,18.7525,200.12,collect_1
1,Maze260925,6.602,5.0471,-0.9990,18.7525,200.12,
1,Maze260925,6.610,5.0389,-0.9990,18.7299,199.92,
1,Maze260925,6.618,5.0305,-0.9990,18.7068,199.92,
1,Maze260925,6.626,5.0222,-0.9990,18.6832,199.25,
1,Maze260925,6.635,5.0141,-0.9990,18.6594,198.97,
1,Maze260925,6.643,5.0061,-0.9990,18.6360,198.81,
1,Maze260925,6.651,4.9981,-0.9990,18.6123,198.68,
1,Maze260925,6.660,4.9901,-0.9990,18.5886,198.61,
1,Maze260925,6.668,4.9821,-0.9990,18.5648,198.54,
1,Maze260925,6.675,4.9743,-0.9990,18.5412,198.49,
1,Maze260925,6.685,4.9671,-0.9990,18.5197,198.46,
1,Maze260925,6.693,4.9585,-0.9990,18.4940,198.46,
1,Maze260925,6.701,4.9506,-0.9990,18.4703,198.45,
1,Maze260925,6.709,4.9426,-0.9990,18.4464,198.43,
1,Maze260925,6.718,4.9349,-0.9990,18.4232,198.43,
1,Maze260925,6.726,4.9269,-0.9990,18.3993,198.43,
1,Maze260925,6.734,4.9189,-0.9990,18.3753,198.43,
1,Maze260925,6.760,4.9112,-0.9990,18.3520,198.43,
1,Maze260925,6.768,4.9447,-0.9990,18.2848,198.43,
1,Maze260925,6.777,4.9563,-0.9990,18.2617,198.43,
1,Maze260925,6.785,4.9677,-0.9990,18.2389,198.43,
1,Maze260925,6.793,4.9784,-0.9990,18.2174,198.43,
1,Maze260925,6.801,4.9897,-0.9990,18.1950,198.43,
1,Maze260925,6.810,5.0008,-0.9990,18.1727,198.43,
1,Maze260925,6.818,5.0120,-0.9990,18.1504,198.43,
1,Maze260925,6.826,5.0232,-0.9990,18.1280,198.43,
1,Maze260925,6.835,5.0345,-0.9990,18.1054,198.43,
1,Maze260925,6.843,5.0456,-0.9990,18.0831,198.43,
1,Maze260925,6.851,5.0567,-0.9990,18.0609,198.43,
1,Maze260925,6.860,5.0680,-0.9990,18.0384,198.43,
1,Maze260925,6.868,5.0793,-0.9990,18.0158,198.43,
1,Maze260925,6.876,5.0906,-0.9990,17.9932,198.43,
1,Maze260925,6.885,5.1017,-0.9990,17.9710,198.43,
1,Maze260925,6.893,5.1128,-0.9990,17.9488,198.43,
1,Maze260925,6.902,5.1240,-0.9990,17.9263,198.43,
1,Maze260925,6.910,5.1159,-0.9990,17.9018,198.43,
1,Maze260925,6.918,5.1083,-0.9990,17.8789,198.43,
1,Maze260925,6.927,5.1004,-0.9990,17.8553,198.43,
1,Maze260925,6.935,5.0922,-0.9990,17.8308,198.43,
1,Maze260925,6.943,5.0845,-0.9990,17.8077,198.43,
1,Maze260925,6.951,5.0765,-0.9990,17.7837,198.43,
1,Maze260925,6.960,5.0687,-0.9990,17.7603,198.43,
1,Maze260925,6.968,5.0607,-0.9990,17.7361,198.43,
1,Maze260925,7.002,5.0530,-0.9990,17.7131,198.43,
1,Maze260925,7.011,4.9639,-0.9990,17.6685,198.43,
1,Maze260925,7.018,4.9381,-0.9990,17.6556,198.43,
1,Maze260925,7.026,4.9179,-0.9990,17.6455,198.43,
1,Maze260925,7.037,4.8976,-0.9990,17.6354,198.43,
1,Maze260925,7.044,4.8714,-0.9990,17.6223,198.43,
1,Maze260925,7.052,4.8514,-0.9990,17.6123,198.43,
1,Maze260925,7.060,4.8290,-0.9990,17.6010,198.43,
1,Maze260925,7.069,4.8067,-0.9990,17.5899,198.43,
1,Maze260925,7.077,4.7842,-0.9990,17.5786,198.43,
1,Maze260925,7.087,4.7616,-0.9990,17.5674,198.43,
1,Maze260925,7.093,4.7353,-0.9990,17.5542,198.43,
1,Maze260925,7.103,4.7168,-0.9990,17.5450,198.43,
1,Maze260925,7.110,4.6916,-0.9990,17.5324,198.43,
1,Maze260925,7.120,4.6722,-0.9990,17.5227,198.43,
1,Maze260925,7.127,4.6472,-0.9990,17.5102,198.43,
1,Maze260925,7.135,4.6270,-0.9990,17.5000,198.43,
1,Maze260925,7.143,4.6052,-0.9990,17.4891,198.43,
1,Maze260925,7.152,4.5830,-0.9990,17.4781,198.43,
1,Maze260925,7.161,4.5608,-0.9990,17.4669,198.43,
1,Maze260925,7.168,4.5341,-0.9990,17.4536,198.43,
1,Maze260925,7.177,4.5171,-0.9990,17.4451,198.43,
1,Maze260925,7.185,4.4929,-0.9990,17.4330,198.41,
1,Maze260925,7.194,4.4707,-0.9990,17.4219,198.38,
1,Maze260925,7.201,4.4485,-0.9990,17.4107,198.28,
1,Maze260925,7.210,4.4277,-0.9990,17.4001,198.18,
1,Maze260925,7.218,4.4041,-0.9990,17.3882,198.07,
1,Maze260925,7.226,4.3836,-0.9990,17.3777,197.96,
1,Maze260925,7.234,4.3616,-0.9990,17.3664,197.84,
1,Maze260925,7.243,4.3391,-0.9990,17.3548,197.67,
1,Maze260925,7.251,4.3153,-0.9990,17.3424,197.49,
1,Maze260925,7.260,4.2943,-0.9990,17.3313,197.12,
1,Maze260925,7.268,4.2713,-0.9990,17.3190,196.74,
1,Maze260925,7.276,4.2496,-0.9990,17.3071,196.36,
1,Maze260925,7.285,4.2278,-0.9990,17.2949,195.86,
1,Maze260925,7.293,4.2059,-0.9990,17.2824,195.15,
1,Maze260925,7.301,4.1846,-0.9990,17.2698,194.55,
1,Maze260925,7.310,4.1633,-0.9990,17.2571,194.01,
1,Maze260925,7.318,4.1419,-0.9990,17.2439,193.41,
1,Maze260925,7.326,4.1209,-0.9990,17.2306,192.81,
1,Maze260925,7.334,4.0999,-0.9990,17.2171,192.22,
1,Maze260925,7.343,4.0805,-0.9990,17.2044,191.68,
1,Maze260925,7.351,4.0580,-0.9990,17.1894,191.35,
1,Maze260925,7.360,4.0373,-0.9990,17.1754,190.96,
1,Maze260925,7.368,4.0169,-0.9990,17.1614,190.47,
1,Maze260925,7.376,3.9961,-0.9990,17.1469,190.08,
1,Maze260925,7.385,3.9761,-0.9990,17.1327,189.76,
1,Maze260925,7.393,3.9556,-0.9990,17.1181,189.47,
1,Maze260925,7.401,3.9355,-0.9990,17.1036,189.18,
1,Maze260925,7.410,3.9151,-0.9990,17.0888,188.93,
1,Maze260925,7.418,3.8952,-0.9990,17.0741,188.71,
1,Maze260925,7.426,3.8913,-0.9990,17.0485,188.64,
1,Maze260925,7.435,3.8877,-0.9990,17.0245,188.53,
1,Maze260925,7.443,3.8841,-0.9990,16.9999,188.37,
1,Maze260925,7.451,3.8805,-0.9990,16.9752,188.30,
1,Maze260925,7.459,3.8769,-0.9990,16.9506,188.30,
1,Maze260925,7.468,3.8733,-0.9990,16.9259,188.30,
1,Maze260925,7.476,3.8696,-0.9990,16.9009,188.30,
1,Maze260925,7.484,3.8661,-0.9990,16.8764,188.30,
1,Maze260925,7.493,3.8624,-0.9990,16.8516,188.30,
1,Maze260925,7.501,3.8588,-0.9990,16.8269,188.30,
1,Maze260925,7.509,3.8552,-0.9990,16.8021,188.30,
1,Maze260925,7.518,3.8516,-0.9990,16.7774,188.30,
1,Maze260925,7.526,3.8480,-0.9990,16.7526,188.30,
1,Maze260925,7.535,3.8444,-0.9990,16.7279,188.30,
1,Maze260925,7.543,3.8407,-0.9990,16.7029,188.30,
1,Maze260925,7.551,3.8371,-0.9990,16.6782,188.30,
1,Maze260925,7.560,3.8335,-0.9990,16.6535,188.30,
1,Maze260925,7.568,3.8299,-0.9990,16.6286,188.30,
1,Maze260925,7.576,3.8263,-0.9990,16.6039,188.30,
1,Maze260925,7.585,3.8226,-0.9990,16.5787,188.30,
1,Maze260925,7.593,3.8191,-0.9990,16.5543,188.30,
1,Maze260925,7.601,3.8154,-0.9990,16.5294,188.30,
1,Maze260925,7.610,3.8118,-0.9990,16.5046,188.30,
1,Maze260925,7.618,3.8082,-0.9990,16.4801,188.30,
1,Maze260925,7.627,3.8046,-0.9990,16.4549,188.30,
1,Maze260925,7.636,3.8009,-0.9990,16.4302,188.30,
1,Maze260925,7.643,3.7969,-0.9990,16.4025,188.30,
1,Maze260925,7.652,3.7936,-0.9990,16.3801,188.30,
1,Maze260925,7.660,3.7900,-0.9990,16.3547,188.14,
1,Maze260925,7.668,3.7868,-0.9990,16.3307,187.72,
1,Maze260925,7.677,3.7838,-0.9990,16.3059,186.81,
1,Maze260925,7.685,3.7814,-0.9990,16.2814,185.57,
1,Maze260925,7.693,3.7796,-0.9990,16.2564,184.17,
1,Maze260925,7.702,3.7784,-0.9990,16.2316,182.65,
1,Maze260925,7.710,3.7779,-0.9990,16.2065,181.33,
1,Maze260925,7.718,3.7778,-0.9990,16.1817,180.10,
1,Maze260925,7.727,3.7782,-0.9990,16.1567,178.99,
1,Maze260925,7.735,3.7792,-0.9990,16.1314,177.87,
1,Maze260925,7.742,3.7806,-0.9990,16.1069,176.79,
1,Maze260925,7.751,3.7822,-0.9990,16.0840,175.82,
1,Maze260925,7.760,3.7847,-0.9990,16.0569,174.91,
1,Maze260925,7.768,3.7871,-0.9990,16.0324,174.34,
1,Maze260925,7.776,3.7898,-0.9990,16.0074,173.85,
1,Maze260925,7.785,3.7926,-0.9990,15.9828,173.51,
1,Maze260925,7.793,3.7956,-0.9990,15.9576,173.21,
1,Maze260925,7.801,3.7985,-0.9990,15.9333,173.04,
1,Maze260925,7.810,3.8014,-0.9990,15.9101,172.93,
1,Maze260925,7.818,3.8047,-0.9990,15.8835,172.93,
1,Maze260925,7.826,3.8079,-0.9990,15.8586,172.63,
1,Maze260925,7.835,3.8111,-0.9990,15.8339,172.63,
1,Maze260925,7.843,3.8143,-0.9990,15.8091,172.63,
1,Maze260925,7.851,3.8175,-0.9990,15.7846,172.63,
1,Maze260925,7.859,3.8207,-0.9990,15.7598,172.63,
1,Maze260925,7.868,3.8239,-0.9990,15.7350,172.63,
1,Maze260925,7.876,3.8271,-0.9990,15.7103,172.63,
1,Maze260925,7.884,3.8303,-0.9990,15.6856,172.63,
1,Maze260925,7.893,3.8336,-0.9990,15.6605,172.63,
1,Maze260925,7.901,3.8368,-0.9990,15.6358,172.63,
1,Maze260925,7.910,3.8400,-0.9990,15.6106,172.63,
1,Maze260925,7.918,3.8432,-0.9990,15.5861,172.63,
1,Maze260925,7.926,3.8464,-0.9990,15.5610,172.63,
1,Maze260925,7.935,3.8496,-0.9990,15.5363,172.63,
1,Maze260925,7.943,3.8528,-0.9990,15.5116,172.63,
1,Maze260925,7.951,3.8560,-0.9990,15.4868,172.63,
1,Maze260925,7.960,3.8593,-0.9990,15.4619,172.63,
1,Maze260925,7.968,3.8625,-0.9990,15.4372,172.63,
1,Maze260925,7.976,3.8657,-0.9990,15.4121,172.63,
1,Maze260925,7.985,3.8689,-0.9990,15.3874,172.63,
1,Maze260925,7.993,3.8721,-0.9990,15.3625,172.63,
1,Maze260925,8.001,3.8754,-0.9990,15.3374,172.63,
1,Maze260925,8.010,3.8785,-0.9990,15.3129,172.63,
1,Maze260925,8.018,3.8817,-0.9990,15.2882,172.63,
1,Maze260925,8.026,3.8850,-0.9990,15.2631,172.63,
1,Maze260925,8.036,3.8880,-0.9990,15.2398,172.63,
1,Maze260925,8.043,3.8919,-0.9990,15.2096,172.63,
1,Maze260925,8.052,3.8947,-0.9990,15.1881,172.63,
1,Maze260925,8.060,3.8979,-0.9990,15.1634,172.63,
1,Maze260925,8.069,3.9013,-0.9990,15.1383,172.31,
1,Maze260925,8.077,3.9048,-0.9990,15.1132,171.89,
1,Maze260925,8.085,3.9086,-0.9990,15.0891,171.15,
1,Maze260925,8.093,3.9127,-0.9990,15.0649,170.48,
1,Maze260925,8.102,3.9172,-0.9990,15.0403,169.60,
1,Maze260925,8.110,3.9220,-0.9990,15.0159,168.72,
1,Maze260925,8.118,3.9272,-0.9990,14.9914,168.10,
1,Maze260925,8.127,3.9321,-0.9990,14.9691,167.58,
1,Maze260925,8.135,3.9383,-0.9990,14.9423,167.00,
1,Maze260925,8.143,3.9440,-0.9990,14.9187,166.43,
1,Maze260925,8.151,3.9501,-0.9990,14.8943,165.93,
1,Maze260925,8.160,3.9564,-0.9990,14.8703,165.38,
1,Maze260925,8.168,3.9628,-0.9990,14.8463,164.88,
1,Maze260925,8.176,3.9696,-0.9990,14.8221,164.47,
1,Maze260925,8.185,3.9763,-0.9990,14.7981,164.22,
1,Maze260925,8.193,3.9831,-0.9990,14.7744,164.22,
1,Maze260925,8.202,3.9902,-0.9990,14.7502,163.48,
1,Maze260925,8.210,3.9976,-0.9990,14.7260,163.10,
1,Maze260925,8.218,4.0047,-0.9990,14.7026,163.02,
1,Maze260925,8.226,4.0120,-0.9990,14.6788,163.02,
1,Maze260925,8.235,4.0193,-0.9990,14.6549,163.02,
1,Maze260925,8.243,4.0266,-0.9990,14.6308,163.02,
1,Maze260925,8.251,4.0339,-0.9990,14.6071,163.02,
1,Maze260925,8.259,4.0412,-0.9990,14.5831,163.02,
1,Maze260925,8.268,4.0485,-0.9990,14.5593,163.02,
1,Maze260925,8.276,4.0559,-0.9990,14.5351,163.02,
1,Maze260925,8.285,4.0631,-0.9990,14.5113,163.02,
1,Maze260925,8.293,4.0705,-0.9990,14.4872,163.02,
1,Maze260925,8.301,4.0778,-0.9990,14.4631,163.02,
1,Maze260925,8.331,4.0851,-0.9990,14.4395,163.02,
1,Maze260925,8.335,4.0437,-0.9990,14.3618,163.02,
1,Maze260925,8.344,4.0374,-0.9990,14.3500,163.02,
1,Maze260925,8.352,4.0255,-0.9990,14.3276,163.02,
1,Maze260925,8.360,4.0143,-0.9990,14.3066,163.02,
1,Maze260925,8.368,4.0026,-0.9990,14.2845,163.02,
1,Maze260925,8.376,3.9909,-0.9990,14.2626,163.02,
1,Maze260925,8.385,3.9791,-0.9990,14.2404,163.02,
1,Maze260925,8.393,3.9673,-0.9990,14.2183,163.02,
1,Maze260925,8.402,3.9555,-0.9990,14.1960,163.02,
1,Maze260925,8.411,3.9438,-0.9990,14.1741,163.02,
1,Maze260925,8.418,3.9308,-0.9990,14.1496,163.02,
1,Maze260925,8.428,3.9202,-0.9990,14.1296,163.02,
1,Maze260925,8.435,3.9069,-0.9990,14.1048,163.02,
1,Maze260925,8.443,3.8966,-0.9990,14.0855,163.02,
1,Maze260925,8.452,3.8850,-0.9990,14.0636,163.02,
1,Maze260925,8.460,3.8732,-0.9990,14.0414,163.02,
1,Maze260925,8.470,3.8616,-0.9990,14.0195,163.02,
1,Maze260925,8.478,3.8481,-0.9990,13.9943,163.02,
1,Maze260925,8.487,3.8368,-0.9990,13.9730,163.02,
1,Maze260925,8.493,3.8240,-0.9990,13.9490,163.02,
1,Maze260925,8.502,3.8150,-0.9990,13.9321,163.02,
1,Maze260925,8.510,3.8027,-0.9990,13.9089,163.02,
1,Maze260925,8.520,3.7911,-0.9990,13.8872,163.02,
1,Maze260925,8.526,3.7772,-0.9990,13.8609,163.02,
1,Maze260925,8.537,3.7684,-0.9990,13.8444,163.02,
1,Maze260925,8.544,3.7543,-0.9990,13.8180,163.02,
1,Maze260925,8.552,3.7432,-0.9990,13.7971,163.02,
1,Maze260925,8.560,3.7322,-0.9990,13.7764,163.02,
1,Maze260925,8.569,3.7206,-0.9990,13.7546,163.02,
1,Maze260925,8.577,3.7085,-0.9990,13.7319,163.01,
1,Maze260925,8.585,3.6969,-0.9990,13.7101,163.00,
1,Maze260925,8.593,3.6852,-0.9990,13.6878,162.68,
1,Maze260925,8.602,3.6748,-0.9990,13.6676,162.26,
1,Maze260925,8.610,3.6625,-0.9990,13.6437,162.25,
1,Maze260925,8.618,3.6516,-0.9990,13.6216,161.15,
1,Maze260925,8.627,3.6595,-0.9990,13.5992,160.65,
1,Maze260925,8.635,3.6686,-0.9990,13.5739,160.10,
1,Maze260925,8.642,3.6771,-0.9990,13.5514,159.47,
1,Maze260925,8.652,3.6855,-0.9990,13.5298,158.77,
1,Maze260925,8.660,3.6957,-0.9990,13.5045,158.03,
1,Maze260925,8.668,3.7052,-0.9990,13.4819,157.17,
1,Maze260925,8.676,3.7152,-0.9990,13.4590,156.26,
1,Maze260925,8.685,3.7258,-0.9990,13.4366,154.77,
1,Maze260925,8.693,3.7370,-0.9990,13.4142,153.33,
1,Maze260925,8.702,3.7488,-0.9990,13.3922,151.99,
1,Maze260925,8.710,3.7610,-0.9990,13.3701,150.97,
1,Maze260925,8.717,3.7732,-0.9990,13.3487,150.37,
1,Maze260925,8.726,3.7852,-0.9990,13.3285,149.40,
1,Maze260925,8.734,3.7993,-0.9990,13.3056,148.25,
1,Maze260925,8.743,3.8115,-0.9990,13.2863,147.83,
1,Maze260925,8.751,3.8261,-0.9990,13.2633,147.61,
1,Maze260925,8.759,3.8389,-0.9990,13.2435,146.98,
1,Maze260925,8.768,3.8523,-0.9990,13.2234,146.44,
1,Maze260925,8.776,3.8673,-0.9990,13.2007,146.34,
1,Maze260925,8.784,3.8810,-0.9990,13.1802,146.28,
1,Maze260925,8.793,3.8948,-0.9990,13.1596,146.28,
1,Maze260925,8.801,3.9087,-0.9990,13.1388,146.28,
1,Maze260925,8.809,3.9225,-0.9990,13.1180,146.28,
1,Maze260925,8.818,3.9364,-0.9990,13.0972,146.28,
1,Maze260925,8.826,3.9503,-0.9990,13.0765,146.28,
1,Maze260925,8.834,3.9641,-0.9990,13.0557,146.28,
1,Maze260925,8.843,3.9781,-0.9990,13.0348,146.28,
1,Maze260925,8.851,3.9919,-0.9990,13.0141,146.28,
1,Maze260925,8.860,4.0058,-0.9990,12.9932,146.28,
1,Maze260925,8.868,4.0198,-0.9990,12.9724,146.28,
1,Maze260925,8.876,4.0336,-0.9990,12.9516,146.28,
1,Maze260925,8.885,4.0475,-0.9990,12.9308,146.28,
1,Maze260925,8.893,4.0615,-0.9990,12.9099,146.28,
1,Maze260925,8.901,4.0756,-0.9990,12.8887,146.28,
1,Maze260925,8.910,4.0892,-0.9990,12.8683,146.28,
1,Maze260925,8.918,4.1032,-0.9990,12.8474,146.28,
1,Maze260925,8.926,4.1032,-0.9990,12.8261,146.28,
1,Maze260925,8.935,4.1032,-0.9990,12.8055,146.28,
1,Maze260925,8.943,4.1032,-0.9990,12.7849,146.28,
1,Maze260925,8.953,4.1032,-0.9990,12.7642,146.28,
1,Maze260925,8.960,4.1032,-0.9990,12.7399,146.28,
1,Maze260925,8.970,4.1032,-0.9990,12.7220,146.28,
1,Maze260925,8.977,4.1032,-0.9990,12.6982,146.28,
1,Maze260925,8.985,4.1032,-0.9990,12.6815,146.28,
1,Maze260925,8.993,4.1032,-0.9990,12.6596,146.28,
1,Maze260925,9.002,4.1032,-0.9990,12.6390,146.28,
1,Maze260925,9.012,4.1032,-0.9990,12.6181,146.28,
1,Maze260925,9.038,4.1032,-0.9990,12.5949,146.28,
1,Maze260925,9.045,4.0879,-0.9990,12.5183,146.28,
1,Maze260925,9.052,4.0836,-0.9990,12.4966,146.28,
1,Maze260925,9.060,4.0793,-0.9990,12.4751,146.28,
1,Maze260925,9.068,4.0744,-0.9990,12.4507,146.28,
1,Maze260925,9.078,4.0695,-0.9990,12.4263,146.28,
1,Maze260925,9.084,4.0640,-0.9990,12.3986,146.28,
1,Maze260925,9.094,4.0603,-0.9990,12.3799,146.28,
1,Maze260925,9.102,4.0548,-0.9990,12.3518,146.13,
1,Maze260925,9.109,4.0501,-0.9990,12.3276,145.86,
1,Maze260925,9.119,4.0461,-0.9990,12.3052,145.13,
1,Maze260925,9.127,4.0417,-0.9990,12.2782,144.23,
1,Maze260925,9.134,4.0383,-0.9990,12.2536,142.95,
1,Maze260925,9.143,4.0357,-0.9990,12.2310,141.59,
1,Maze260925,9.151,4.0332,-0.9990,12.2041,140.23,
1,Maze260925,9.160,4.0317,-0.9990,12.1809,138.83,
1,Maze260925,9.171,4.0305,-0.9990,12.1543,137.42,
1,Maze260925,9.177,4.0300,-0.9990,12.1222,136.04,
1,Maze260925,9.185,4.0298,-0.9990,12.1031,135.36,
1,Maze260925,9.193,4.0302,-0.9990,12.0787,134.21,
1,Maze260925,9.202,4.0310,-0.9990,12.0543,133.06,
1,Maze260925,9.210,4.0326,-0.9990,12.0294,131.39,
1,Maze260925,9.217,4.0347,-0.9990,12.0049,129.94,
1,Maze260925,9.227,4.0370,-0.9990,11.9819,129.50,
1,Maze260925,9.235,4.0398,-0.9990,11.9547,129.06,
1,Maze260925,9.243,4.0425,-0.9990,11.9303,128.62,
1,Maze260925,9.252,4.0455,-0.9990,11.9058,128.09,
1,Maze260925,9.260,4.0488,-0.9990,11.8807,127.48,
1,Maze260925,9.268,4.0521,-0.9990,11.8562,127.31,
1,Maze260925,9.276,4.0555,-0.9990,11.8314,127.25,
1,Maze260925,9.285,4.0589,-0.9990,11.8068,127.12,
1,Maze260925,9.293,4.0624,-0.9990,11.7817,127.02,
1,Maze260925,9.301,4.0658,-0.9990,11.7573,127.02,
1,Maze260925,9.309,4.0693,-0.9990,11.7326,127.02,
1,Maze260925,9.318,4.0727,-0.9990,11.7079,127.02,
1,Maze260925,9.326,4.0762,-0.9990,11.6830,127.02,
1,Maze260925,9.335,4.0797,-0.9990,11.6581,127.02,
1,Maze260925,9.343,4.0832,-0.9990,11.6336,127.02,
1,Maze260925,9.351,4.0866,-0.9990,11.6087,127.02,
1,Maze260925,9.360,4.0901,-0.9990,11.5840,127.02,
1,Maze260925,9.368,4.0936,-0.9990,11.5591,127.02,
1,Maze260925,9.376,4.0971,-0.9990,11.5343,127.02,
1,Maze260925,9.385,4.1006,-0.9990,11.5093,127.02,
1,Maze260925,9.393,4.1040,-0.9990,11.4849,127.02,
1,Maze260925,9.401,4.1075,-0.9990,11.4596,127.02,
1,Maze260925,9.410,4.1110,-0.9990,11.4348,127.02,
1,Maze260925,9.418,4.1144,-0.9990,11.4105,127.02,
1,Maze260925,9.427,4.1179,-0.9990,11.3853,127.02,
1,Maze260925,9.435,4.1214,-0.9990,11.3603,127.02,
1,Maze260925,9.443,4.1249,-0.9990,11.3358,127.02,
1,Maze260925,9.451,4.1283,-0.9990,11.3111,127.02,
1,Maze260925,9.460,4.1318,-0.9990,11.2863,127.02,
1,Maze260925,9.468,4.1353,-0.9990,11.2612,127.02,
1,Maze260925,9.478,4.1388,-0.9990,11.2366,127.02,
1,Maze260925,9.484,4.1427,-0.9990,11.2089,127.02,
1,Maze260925,9.494,4.1455,-0.9990,11.1883,127.02,
1,Maze260925,9.502,4.1494,-0.9990,11.1614,126.93,
1,Maze260925,9.510,4.1533,-0.9990,11.1368,125.89,
1,Maze260925,9.540,4.1577,-0.9990,11.1122,124.78,
1,Maze260925,9.544,4.1868,-0.9990,11.0337,114.68,
1,Maze260925,9.552,4.1928,-0.9990,11.0184,113.42,
1,Maze260925,9.560,4.2032,-0.9990,10.9952,110.89,
1,Maze260925,9.568,4.2139,-0.9990,10.9736,108.68,
1,Maze260925,9.577,4.2257,-0.9990,10.9518,106.48,
1,Maze260925,9.585,4.2384,-0.9990,10.9306,104.20,
1,Maze260925,9.593,4.2521,-0.9990,10.9094,102.07,
1,Maze260925,9.625,4.2654,-0.9990,10.8902,100.43,
1,Maze260925,9.634,4.3241,-0.9990,10.8145,97.21,
1,Maze260925,9.644,4.3421,-0.9990,10.7918,96.56,
1,Maze260925,9.652,4.3599,-0.9990,10.7700,95.85,
1,Maze260925,9.660,4.3749,-0.9990,10.7515,95.84,
1,Maze260925,9.668,4.3904,-0.9990,10.7324,95.84,
1,Maze260925,9.676,4.4061,-0.9990,10.7132,95.84,
1,Maze260925,9.709,4.4219,-0.9990,10.6938,95.84,
1,Maze260925,9.718,4.4836,-0.9990,10.6180,95.84,
1,Maze260925,9.727,4.5008,-0.9990,10.5969,95.84,
1,Maze260925,9.735,4.5171,-0.9990,10.5769,95.84,
1,Maze260925,9.743,4.5426,-0.9990,10.5743,95.84,
1,Maze260925,9.752,4.5663,-0.9990,10.5719,95.84,
1,Maze260925,9.760,4.5912,-0.9990,10.5693,95.84,
1,Maze260925,9.768,4.6160,-0.9990,10.5668,95.84,
1,Maze260925,9.776,4.6409,-0.9990,10.5642,95.84,
1,Maze260925,9.785,4.6657,-0.9990,10.5617,95.84,
1,Maze260925,9.793,4.6909,-0.9990,10.5591,95.84,
1,Maze260925,9.801,4.7156,-0.9990,10.5566,95.84,
1,Maze260925,9.810,4.7404,-0.9990,10.5541,95.84,
1,Maze260925,9.818,4.7653,-0.9990,10.5515,95.84,
1,Maze260925,9.826,4.7902,-0.9990,10.5489,95.84,
1,Maze260925,9.835,4.8150,-0.9990,10.5464,95.84,
1,Maze260925,9.844,4.8403,-0.9990,10.5438,95.84,
1,Maze260925,9.852,4.8653,-0.9990,10.5413,95.82,
1,Maze260925,9.859,4.8901,-0.9990,10.5388,95.79,
1,Maze260925,9.869,4.9133,-0.9990,10.5366,95.28,
1,Maze260925,9.876,4.9402,-0.9990,10.5344,94.64,
1,Maze260925,9.885,4.9625,-0.9990,10.5329,93.83,
1,Maze260925,9.893,4.9898,-0.9990,10.5315,93.02,
1,Maze260925,9.902,5.0143,-0.9990,10.5306,92.16,
1,Maze260925,9.910,5.0394,-0.9990,10.5301,91.20,
1,Maze260925,9.917,5.0643,-0.9990,10.5300,90.10,
1,Maze260925,9.927,5.0872,-0.9990,10.5304,89.13,
1,Maze260925,9.935,5.1143,-0.9990,10.5312,88.26,
1,Maze260925,9.943,5.1391,-0.9990,10.5323,87.54,
1,Maze260925,9.952,5.1640,-0.9990,10.5336,86.85,
1,Maze260925,9.960,5.1891,-0.9990,10.5352,86.47,
1,Maze260925,9.990,5.2140,-0.9990,10.5368,86.14,
1,Maze260925,9.992,5.2828,-0.9990,10.4777,85.70,
1,Maze260925,10.002,5.2881,-0.9990,10.4731,85.66,
1,Maze260925,10.010,5.3099,-0.9990,10.4544,85.56,
1,Maze260925,10.018,5.3280,-0.9990,10.4390,85.53,
1,Maze260925,10.027,5.3469,-0.9990,10.4228,85.52,
1,Maze260925,10.035,5.3660,-0.9990,10.4065,85.52,
1,Maze260925,10.044,5.3848,-0.9990,10.3904,85.54,
1,Maze260925,10.052,5.4044,-0.9990,10.3736,85.63,
1,Maze260925,10.060,5.4231,-0.9990,10.3575,85.70,
1,Maze260925,10.068,5.4416,-0.9990,10.3416,85.70,
1,Maze260925,10.077,5.4607,-0.9990,10.3250,86.05,
1,Maze260925,10.085,5.4793,-0.9990,10.3086,86.44,
1,Maze260925,10.093,5.4976,-0.9990,10.2924,86.44,
1,Maze260925,10.101,5.5164,-0.9990,10.2758,86.44,
1,Maze260925,10.110,5.5350,-0.9990,10.2594,86.44,
1,Maze260925,10.118,5.5539,-0.9990,10.2427,86.44,
1,Maze260925,10.126,5.5725,-0.9990,10.2262,86.44,
1,Maze260925,10.135,5.5918,-0.9990,10.2092,86.44,
1,Maze260925,10.143,5.6102,-0.9990,10.1930,86.44,
1,Maze260925,10.151,5.6288,-0.9990,10.1765,86.44,
1,Maze260925,10.160,5.6477,-0.9990,10.1599,86.44,
1,Maze260925,10.168,5.6665,-0.9990,10.1433,86.44,
1,Maze260925,10.176,5.6854,-0.9990,10.1266,86.44,
1,Maze260925,10.185,5.7039,-0.9990,10.1102,86.44,
1,Maze260925,10.193,5.7229,-0.9990,10.0935,86.44,
1,Maze260925,10.201,5.7415,-0.9990,10.0770,86.44,
1,Maze260925,10.210,5.7605,-0.9990,10.0602,86.44,
1,Maze260925,10.218,5.7794,-0.9990,10.0436,86.44,
1,Maze260925,10.227,5.7982,-0.9990,10.0270,86.44,
1,Maze260925,10.235,5.8168,-0.9990,10.0106,86.44,
1,Maze260925,10.243,5.8353,-0.9990,9.9942,86.44,
1,Maze260925,10.251,5.8541,-0.9990,9.9776,86.44,
1,Maze260925,10.260,5.8730,-0.9990,9.9610,86.44,
1,Maze260925,10.268,5.8922,-0.9990,9.9440,86.44,
1,Maze260925,10.277,5.9107,-0.9990,9.9276,86.44,
1,Maze260925,10.285,5.9298,-0.9990,9.9108,86.44,
1,Maze260925,10.295,5.9481,-0.9990,9.8946,86.44,
1,Maze260925,10.301,5.9687,-0.9990,9.8764,86.44,
1,Maze260925,10.312,5.9839,-0.9990,9.8630,86.44,
1,Maze260925,10.319,6.0071,-0.9990,9.8425,86.44,
1,Maze260925,10.328,6.0232,-0.9990,9.8283,86.44,
1,Maze260925,10.334,6.0443,-0.9990,9.8097,86.44,
1,Maze260925,10.345,6.0586,-0.9990,9.7970,86.44,
1,Maze260925,10.351,6.0820,-0.9990,9.7764,86.44,
1,Maze260925,10.360,6.0969,-0.9990,9.7632,86.44,
1,Maze260925,10.368,6.1170,-0.9990,9.7455,86.44,
1,Maze260925,10.377,6.1356,-0.9990,9.7291,86.44,
1,Maze260925,10.386,6.1542,-0.9990,9.7127,86.44,
1,Maze260925,10.393,6.1753,-0.9990,9.6940,86.44,
1,Maze260925,10.404,6.1908,-0.9990,9.6803,86.44,
1,Maze260925,10.411,6.2129,-0.9990,9.6608,86.44,
1,Maze260925,10.418,6.2311,-0.9990,9.6447,86.44,
1,Maze260925,10.428,6.2463,-0.9990,9.6314,86.44,
1,Maze260925,10.434,6.2689,-0.9990,9.6113,86.44,
1,Maze260925,10.443,6.2837,-0.9990,9.5983,86.44,
1,Maze260925,10.454,6.3023,-0.9990,9.5819,86.44,
1,Maze260925,10.459,6.3255,-0.9990,9.5614,86.44,
1,Maze260925,10.488,6.3400,-0.9990,9.5485,86.44,
1,Maze260925,10.495,6.4036,-0.9990,9.4924,86.44,
1,Maze260925,10.504,6.4191,-0.9990,9.4788,86.44,
1,Maze260925,10.512,6.4383,-0.9990,9.4617,86.44,
1,Maze260925,10.519,6.4576,-0.9990,9.4448,86.44,
1,Maze260925,10.527,6.4732,-0.9990,9.4310,86.47,
1,Maze260925,10.535,6.4920,-0.9990,9.4143,86.52,
1,Maze260925,10.544,6.5105,-0.9990,9.3979,86.56,
1,Maze260925,10.569,6.5289,-0.9990,9.3816,86.59,
1,Maze260925,10.577,6.5860,-0.9990,9.3308,86.67,
1,Maze260925,10.585,6.6041,-0.9990,9.3146,86.70,
1,Maze260925,10.593,6.6228,-0.9990,9.2980,86.72,
1,Maze260925,10.602,6.6395,-0.9990,9.2831,86.74,
1,Maze260925,10.610,6.6596,-0.9990,9.2651,86.75,
1,Maze260925,10.618,6.6781,-0.9990,9.2486,86.76,
1,Maze260925,10.626,6.6965,-0.9990,9.2321,86.78,
1,Maze260925,10.654,6.7151,-0.9990,9.2156,86.79,
1,Maze260925,10.660,6.7765,-0.9990,9.1606,86.81,
1,Maze260925,10.669,6.7902,-0.9990,9.1484,86.81,
1,Maze260925,10.677,6.8092,-0.9990,9.1313,86.82,
1,Maze260925,10.685,6.8272,-0.9990,9.1152,86.83,
1,Maze260925,10.693,6.8457,-0.9990,9.0987,86.84,
1,Maze260925,10.702,6.8643,-0.9990,9.0821,86.84,
1,Maze260925,10.710,6.8829,-0.9990,9.0654,86.86,
1,Maze260925,10.739,6.9013,-0.9990,9.0489,86.89,
1,Maze260925,10.743,6.9646,-0.9990,8.9916,87.14,
1,Maze260925,10.752,6.9759,-0.9990,8.9813,87.23,
1,Maze260925,10.760,6.9947,-0.9990,8.9641,87.40,
1,Maze260925,10.768,7.0127,-0.9990,8.9476,87.59,
1,Maze260925,10.776,7.0313,-0.9990,8.9304,87.78,
1,Maze260925,10.784,7.0478,-0.9990,8.9150,88.09,
1,Maze260925,10.793,7.0658,-0.9990,8.8980,88.39,
1,Maze260925,10.823,7.0856,-0.9990,8.8790,88.76,
1,Maze260925,10.827,7.1445,-0.9990,8.8188,90.58,
1,Maze260925,10.835,7.1555,-0.9990,8.8075,90.97,
1,Maze260925,10.843,7.1729,-0.9990,8.7891,91.60,
1,Maze260925,10.852,7.1896,-0.9990,8.7710,92.20,
1,Maze260925,10.860,7.2061,-0.9990,8.7527,92.98,
1,Maze260925,10.868,7.2226,-0.9990,8.7339,93.75,
1,Maze260925,10.877,7.2388,-0.9990,8.7149,94.53,
1,Maze260925,10.904,7.2547,-0.9990,8.6957,95.35,
1,Maze260925,10.910,7.3041,-0.9990,8.6307,97.82,
1,Maze260925,10.919,7.3153,-0.9990,8.6155,98.57,
1,Maze260925,10.927,7.3302,-0.9990,8.5948,99.31,
1,Maze260925,10.935,7.3441,-0.9990,8.5751,99.59,
1,Maze260925,10.943,7.3585,-0.9990,8.5547,99.93,
1,Maze260925,10.952,7.3715,-0.9990,8.5357,100.55,
1,Maze260925,10.960,7.3867,-0.9990,8.5131,101.10,
1,Maze260925,10.987,7.4005,-0.9990,8.4922,101.51,
1,Maze260925,10.994,7.4431,-0.9990,8.4249,102.68,
1,Maze260925,11.002,7.4540,-0.9990,8.4075,102.99,
1,Maze260925,11.010,7.4674,-0.9990,8.3858,103.35,
1,Maze260925,11.018,7.4801,-0.9990,8.3650,103.64,
1,Maze260925,11.027,7.4927,-0.9990,8.3442,103.64,
1,Maze260925,11.035,7.5057,-0.9990,8.3228,103.64,
1,Maze260925,11.043,7.5186,-0.9990,8.3017,103.64,
1,Maze260925,11.074,7.5320,-0.9990,8.2797,103.64,
1,Maze260925,11.076,7.5793,-0.9990,8.2021,103.64,
1,Maze260925,11.085,7.5838,-0.9990,8.1948,103.64,
1,Maze260925,11.093,7.5972,-0.9990,8.1728,103.64,
1,Maze260925,11.101,7.6101,-0.9990,8.1515,103.64,
1,Maze260925,11.110,7.6229,-0.9990,8.1306,103.64,
1,Maze260925,11.118,7.6360,-0.9990,8.1091,103.64,
1,Maze260925,11.127,7.6491,-0.9990,8.0877,103.64,
1,Maze260925,11.161,7.6622,-0.9990,8.0662,103.64,
1,Maze260925,11.170,7.7154,-0.9990,7.9788,103.64,
1,Maze260925,11.177,7.7286,-0.9990,7.9572,103.64,
1,Maze260925,11.185,7.7406,-0.9990,7.9375,103.64,
1,Maze260925,11.195,7.7532,-0.9990,7.9167,103.64,
1,Maze260925,11.203,7.7680,-0.9990,7.8925,103.64,
1,Maze260925,11.210,7.7805,-0.9990,7.8719,103.64,
1,Maze260925,11.238,7.7918,-0.9990,7.8535,103.64,
1,Maze260925,11.245,7.8337,-0.9990,7.7848,103.64,
1,Maze260925,11.252,7.8458,-0.9990,7.7648,103.64,
1,Maze260925,11.260,7.8575,-0.9990,7.7456,103.68,
1,Maze260925,11.268,7.8705,-0.9990,7.7241,103.82,
1,Maze260925,11.277,7.8821,-0.9990,7.7045,104.38,
1,Maze260925,11.284,7.8957,-0.9990,7.6808,105.22,
1,Maze260925,11.293,7.9065,-0.9990,7.6612,106.20,
1,Maze260925,11.327,7.9182,-0.9990,7.6388,107.28,
1,Maze260925,11.335,7.9606,-0.9990,7.5466,110.31,
1,Maze260925,11.344,7.9713,-0.9990,7.5233,110.31,
1,Maze260925,11.352,7.9813,-0.9990,7.5001,111.80,
1,Maze260925,11.360,7.9907,-0.9990,7.4777,112.22,
1,Maze260925,11.368,8.0002,-0.9990,7.4548,112.52,
1,Maze260925,11.377,8.0095,-0.9990,7.4320,112.83,
1,Maze260925,11.406,8.0187,-0.9990,7.4086,113.32,
1,Maze260925,11.409,8.0490,-0.9990,7.3295,114.06,
1,Maze260925,11.419,8.0541,-0.9990,7.3162,114.15,
1,Maze260925,11.427,8.0638,-0.9990,7.2905,114.26,
1,Maze260925,11.435,8.0723,-0.9990,7.2680,114.30,
1,Maze260925,11.443,8.0812,-0.9990,7.2445,114.32,
1,Maze260925,11.451,8.0898,-0.9990,7.2217,114.34,
1,Maze260925,11.460,8.0986,-0.9990,7.1983,114.34,
1,Maze260925,11.489,8.1073,-0.9990,7.1753,114.34,
1,Maze260925,11.493,8.1383,-0.9990,7.0938,114.16,
1,Maze260925,11.502,8.1433,-0.9990,7.0807,114.13,
1,Maze260925,11.510,8.1522,-0.9990,7.0573,114.06,
1,Maze260925,11.518,8.1610,-0.9990,7.0345,113.96,
1,Maze260925,11.527,8.1699,-0.9990,7.0115,113.86,
1,Maze260925,11.535,8.1790,-0.9990,6.9880,113.80,
1,Maze260925,11.543,8.1881,-0.9990,6.9647,113.74,
1,Maze260925,11.568,8.1972,-0.9990,6.9414,113.65,
1,Maze260925,11.576,8.2244,-0.9990,6.8728,113.40,
1,Maze260925,11.586,8.2337,-0.9990,6.8493,113.32,
1,Maze260925,11.593,8.2440,-0.9990,6.8235,113.30,
1,Maze260925,11.601,8.2526,-0.9990,6.8019,113.30,
1,Maze260925,11.609,8.2616,-0.9990,6.7791,113.30,
1,Maze260925,11.618,8.2707,-0.9990,6.7563,113.30,
1,Maze260925,11.626,8.2800,-0.9990,6.7330,113.30,
1,Maze260925,11.653,8.2893,-0.9990,6.7095,113.30,
1,Maze260925,11.660,8.3189,-0.9990,6.6352,113.30,
1,Maze260925,11.668,8.3263,-0.9990,6.6166,113.30,
1,Maze260925,11.676,8.3357,-0.9990,6.5928,113.30,
1,Maze260925,11.685,8.3447,-0.9990,6.5703,113.30,
1,Maze260925,11.693,8.3539,-0.9990,6.5471,113.30,
1,Maze260925,11.701,8.3633,-0.9990,6.5236,113.30,
1,Maze260925,11.710,8.3725,-0.9990,6.5004,113.30,
1,Maze260925,11.735,8.3818,-0.9990,6.4772,113.30,
1,Maze260925,11.743,8.4094,-0.9990,6.4077,113.30,
1,Maze260925,11.752,8.4191,-0.9990,6.3834,113.30,
1,Maze260925,11.760,8.4284,-0.9990,6.3599,113.30,
1,Maze260925,11.768,8.4375,-0.9990,6.3371,113.30,
1,Maze260925,11.776,8.4465,-0.9990,6.3144,113.30,
1,Maze260925,11.785,8.4558,-0.9990,6.2911,113.30,
1,Maze260925,11.793,8.4650,-0.9990,6.2680,113.30,
1,Maze260925,11.821,8.4744,-0.9990,6.2443,113.28,
1,Maze260925,11.827,8.5501,-0.9990,6.2123,112.89,
1,Maze260925,11.835,8.5673,-0.9990,6.2051,112.78,
1,Maze260925,11.843,8.5904,-0.9990,6.1955,112.58,
1,Maze260925,11.852,8.6127,-0.9990,6.1863,112.48,
1,Maze260925,11.859,8.6357,-0.9990,6.1768,112.38,
1,Maze260925,11.868,8.6570,-0.9990,6.1680,112.31,
1,Maze260925,11.876,8.6822,-0.9990,6.1578,112.22,
1,Maze260925,11.885,8.7046,-0.9990,6.1486,112.13,
1,Maze260925,11.893,8.7280,-0.9990,6.1392,112.07,
1,Maze260925,11.901,8.7514,-0.9990,6.1297,112.02,
1,Maze260925,11.910,8.7726,-0.9990,6.1211,111.97,
1,Maze260925,11.917,8.7975,-0.9990,6.1111,111.92,
1,Maze260925,11.927,8.8189,-0.9990,6.1025,111.90,
1,Maze260925,11.935,8.8445,-0.9990,6.0922,111.88,
1,Maze260925,11.942,8.8668,-0.9990,6.0833,111.88,
1,Maze260925,11.952,8.8886,-0.9990,6.0746,111.77,
1,Maze260925,11.960,8.9139,-0.9990,6.0645,111.72,
1,Maze260925,11.968,8.9372,-0.9990,6.0552,111.69,
1,Maze260925,11.977,8.9601,-0.9990,6.0461,111.67,
1,Maze260925,11.985,8.9836,-0.9990,6.0368,111.65,
1,Maze260925,11.993,9.0070,-0.9990,6.0275,111.63,
1,Maze260925,12.002,9.0299,-0.9990,6.0185,111.63,
1,Maze260925,12.010,9.0535,-0.9990,6.0091,111.63,
1,Maze260925,12.018,9.0763,-0.9990,6.0000,111.63,
1,Maze260925,12.026,9.0994,-0.9990,5.9909,111.61,
1,Maze260925,12.035,9.1228,-0.9990,5.9816,111.61,
1,Maze260925,12.042,9.1460,-0.9990,5.9724,111.61,
1,Maze260925,12.051,9.1671,-0.9990,5.9641,111.61,
1,Maze260925,12.059,9.1924,-0.9990,5.9540,111.61,
1,Maze260925,12.068,9.2152,-0.9990,5.9450,111.61,
1,Maze260925,12.075,9.2386,-0.9990,5.9357,111.61,
1,Maze260925,12.084,9.2596,-0.9990,5.9274,111.61,
1,Maze260925,12.093,9.2826,-0.9990,5.9183,111.61,
1,Maze260925,12.101,9.3088,-0.9990,5.9079,111.61,
1,Maze260925,12.110,9.3318,-0.9990,5.8988,111.61,
1,Maze260925,12.118,9.3550,-0.9990,5.8896,111.61,
1,Maze260925,12.126,9.3782,-0.9990,5.8804,111.61,
1,Maze260925,12.135,9.4021,-0.9990,5.8710,111.61,
1,Maze260925,12.143,9.4248,-0.9990,5.8620,111.61,
1,Maze260925,12.151,9.4478,-0.9990,5.8529,111.61,
1,Maze260925,12.160,9.4712,-0.9990,5.8436,111.61,
1,Maze260925,12.168,9.4947,-0.9990,5.8343,111.61,
1,Maze260925,12.177,9.5183,-0.9990,5.8249,111.62,
1,Maze260925,12.185,9.5415,-0.9990,5.8157,111.63,
1,Maze260925,12.193,9.5645,-0.9990,5.8066,111.63,
1,Maze260925,12.223,9.5873,-0.9990,5.7976,111.63,
1,Maze260925,12.226,9.6228,-0.9990,5.7155,111.63,
1,Maze260925,12.235,9.6271,-0.9990,5.7056,111.63,
1,Maze260925,12.243,9.6375,-0.9990,5.6813,111.63,
1,Maze260925,12.251,9.6473,-0.9990,5.6587,111.63,
1,Maze260925,12.260,9.6569,-0.9990,5.6364,111.63,
1,Maze260925,12.268,9.6668,-0.9990,5.6135,111.63,
1,Maze260925,12.276,9.6768,-0.9990,5.5905,111.63,
1,Maze260925,12.287,9.6866,-0.9990,5.5677,111.63,
1,Maze260925,12.293,9.6985,-0.9990,5.5403,111.63,
1,Maze260925,12.302,9.7058,-0.9990,5.5233,111.63,
1,Maze260925,12.310,9.7165,-0.9990,5.4986,111.63,
1,Maze260925,12.318,9.7264,-0.9990,5.4756,111.63,
1,Maze260925,12.327,9.7363,-0.9990,5.4528,111.63,
1,Maze260925,12.335,9.7463,-0.9990,5.4296,111.63,
1,Maze260925,12.344,9.7562,-0.9990,5.4068,111.63,
1,Maze260925,12.354,9.7674,-0.9990,5.3808,111.63,
1,Maze260925,12.359,9.7775,-0.9990,5.3575,111.63,
1,Maze260925,12.369,9.7852,-0.9990,5.3395,111.63,
1,Maze260925,12.377,9.7960,-0.9990,5.3145,111.63,
1,Maze260925,12.386,9.8057,-0.9990,5.2920,111.63,
1,Maze260925,12.394,9.8170,-0.9990,5.2660,111.63,
1,Maze260925,12.401,9.8259,-0.9990,5.2454,111.62,
1,Maze260925,12.410,9.8351,-0.9990,5.2241,111.61,
1,Maze260925,12.419,9.8450,-0.9990,5.2012,111.60,
1,Maze260925,12.427,9.8557,-0.9990,5.1766,111.58,
1,Maze260925,12.435,9.8653,-0.9990,5.1544,111.54,
1,Maze260925,12.443,9.8752,-0.9990,5.1316,111.48,
1,Maze260925,12.452,9.8851,-0.9990,5.1091,111.40,
1,Maze260925,12.459,9.8952,-0.9990,5.0861,111.35,
1,Maze260925,12.468,9.9040,-0.9990,5.0658,111.35,
1,Maze260925,12.476,9.9155,-0.9990,5.0401,111.07,
1,Maze260925,12.485,9.9255,-0.9990,5.0176,110.87,
1,Maze260925,12.492,9.9358,-0.9990,4.9948,110.73,
1,Maze260925,12.502,9.9454,-0.9990,4.9736,110.60,
1,Maze260925,12.510,9.9568,-0.9990,4.9487,110.38,
1,Maze260925,12.518,9.9672,-0.9990,4.9263,110.11,
1,Maze260925,12.526,9.9778,-0.9990,4.9039,109.85,
1,Maze260925,12.535,9.9885,-0.9990,4.8812,109.61,
1,Maze260925,12.543,9.9992,-0.9990,4.8589,109.31,
1,Maze260925,12.551,10.0103,-0.9990,4.8363,108.93,
1,Maze260925,12.559,10.0212,-0.9990,4.8145,108.50,
1,Maze260925,12.568,10.0318,-0.9990,4.7935,108.05,
1,Maze260925,12.576,10.0445,-0.9990,4.7691,107.59,
1,Maze260925,12.584,10.0561,-0.9990,4.7471,107.14,
1,Maze260925,12.593,10.0668,-0.9990,4.7272,106.71,
1,Maze260925,12.601,10.0801,-0.9990,4.7030,106.28,
1,Maze260925,12.610,10.0919,-0.9990,4.6818,105.85,
1,Maze260925,12.618,10.1044,-0.9990,4.6599,105.46,
1,Maze260925,12.626,10.1168,-0.9990,4.6383,105.08,
1,Maze260925,12.635,10.1294,-0.9990,4.6167,104.71,
1,Maze260925,12.643,10.1422,-0.9990,4.5950,104.37,
1,Maze260925,12.651,10.1550,-0.9990,4.5738,104.02,
1,Maze260925,12.659,10.1679,-0.9990,4.5525,103.68,
1,Maze260925,12.668,10.1802,-0.9990,4.5325,103.34,
1,Maze260925,12.676,10.1945,-0.9990,4.5098,102.96,
1,Maze260925,12.685,10.2078,-0.9990,4.4889,102.56,
1,Maze260925,12.692,10.2213,-0.9990,4.4679,102.14,
1,Maze260925,12.720,10.2341,-0.9990,4.4483,101.78,
1,Maze260925,12.727,10.2817,-0.9990,4.3799,100.18,
1,Maze260925,12.735,10.2927,-0.9990,4.3642,100.01,
1,Maze260925,12.743,10.3074,-0.9990,4.3434,99.81,
1,Maze260925,12.752,10.3203,-0.9990,4.3255,99.35,
1,Maze260925,12.759,10.3362,-0.9990,4.3035,98.95,
1,Maze260925,12.768,10.3498,-0.9990,4.2851,98.66,
1,Maze260925,12.776,10.3658,-0.9990,4.2635,98.40,
1,Maze260925,12.806,10.3806,-0.9990,4.2438,98.16,
1,Maze260925,12.810,10.4317,-0.9990,4.1764,97.85,
1,Maze260925,12.818,10.4415,-0.9990,4.1634,97.80,
1,Maze260925,12.826,10.4642,-0.9990,4.1603,97.80,
1,Maze260925,12.835,10.4904,-0.9990,4.1567,97.80,
1,Maze260925,12.843,10.5148,-0.9990,4.1534,97.80,
1,Maze260925,12.851,10.5395,-0.9990,4.1500,97.80,
1,Maze260925,12.859,10.5644,-0.9990,4.1466,97.80,
1,Maze260925,12.868,10.5890,-0.9990,4.1432,97.80,
1,Maze260925,12.876,10.6139,-0.9990,4.1398,97.80,
1,Maze260925,12.885,10.6387,-0.9990,4.1364,97.80,
1,Maze260925,12.893,10.6634,-0.9990,4.1330,97.80,collect_2
1,Maze260925,12.893,10.6634,-0.9990,4.1330,97.80,
1,Maze260925,12.901,10.6885,-0.9990,4.1296,97.80,
1,Maze260925,12.910,10.7128,-0.9990,4.1262,97.80,
1,Maze260925,12.918,10.7377,-0.9990,4.1228,97.80,
1,Maze260925,12.926,10.7625,-0.9990,4.1194,97.80,
1,Maze260925,12.935,10.7874,-0.9990,4.1160,97.80,
1,Maze260925,12.943,10.8124,-0.9990,4.1126,97.80,
1,Maze260925,12.951,10.8368,-0.9990,4.1092,97.80,
1,Maze260925,12.960,10.8618,-0.9990,4.1058,97.80,
1,Maze260925,12.968,10.8868,-0.9990,4.1024,97.80,
1,Maze260925,12.976,10.9115,-0.9990,4.0990,97.80,
1,Maze260925,12.985,10.9362,-0.9990,4.0956,97.80,
1,Maze260925,12.993,10.9611,-0.9990,4.0922,97.80,
1,Maze260925,13.001,10.9859,-0.9990,4.0888,97.80,
1,Maze260925,13.012,11.0109,-0.9990,4.0854,97.80,
1,Maze260925,13.018,11.0408,-0.9990,4.0813,97.80,
1,Maze260925,13.029,11.0607,-0.9990,4.0786,97.80,
1,Maze260925,13.035,11.0889,-0.9990,4.0747,97.80,
1,Maze260925,13.045,11.1083,-0.9990,4.0720,97.80,
1,Maze260925,13.052,11.1397,-0.9990,4.0677,97.80,
1,Maze260925,13.060,11.1605,-0.9990,4.0649,97.64,
1,Maze260925,13.068,11.1831,-0.9990,4.0620,97.37,
1,Maze260925,13.077,11.2080,-0.9990,4.0602,94.17,
1,Maze260925,13.085,11.2348,-0.9990,4.0586,93.51,
1,Maze260925,13.093,11.2594,-0.9990,4.0573,93.00,
1,Maze260925,13.102,11.2841,-0.9990,4.0562,92.52,
1,Maze260925,13.110,11.3091,-0.9990,4.0553,91.92,
1,Maze260925,13.118,11.3341,-0.9990,4.0547,91.38,
1,Maze260925,13.127,11.3592,-0.9990,4.0543,90.97,
1,Maze260925,13.135,11.3844,-0.9990,4.0540,90.71,
1,Maze260925,13.143,11.4089,-0.9990,4.0537,90.71,
1,Maze260925,13.152,11.4338,-0.9990,4.0536,90.19,
1,Maze260925,13.160,11.4588,-0.9990,4.0536,90.11,
1,Maze260925,13.168,11.4839,-0.9990,4.0535,90.07,
1,Maze260925,13.176,11.5088,-0.9990,4.0535,90.02,
1,Maze260925,13.184,11.5337,-0.9990,4.0535,90.00,
1,Maze260925,13.192,11.5568,-0.9990,4.0535,89.99,
1,Maze260925,13.201,11.5819,-0.9990,4.0535,89.97,
1,Maze260925,13.209,11.6070,-0.9990,4.0536,89.97,
1,Maze260925,13.218,11.6320,-0.9990,4.0536,89.97,
1,Maze260925,13.226,11.6594,-0.9990,4.0536,89.98,
1,Maze260925,13.235,11.6839,-0.9990,4.0536,90.00,
1,Maze260925,13.243,11.7089,-0.9990,4.0536,90.07,
1,Maze260925,13.251,11.7337,-0.9990,4.0535,90.16,
1,Maze260925,13.260,11.7578,-0.9990,4.0534,90.22,
1,Maze260925,13.268,11.7839,-0.9990,4.0533,90.29,
1,Maze260925,13.276,11.8090,-0.9990,4.0531,90.34,
1,Maze260925,13.285,11.8319,-0.9990,4.0530,90.38,
1,Maze260925,13.293,11.8596,-0.9990,4.0528,90.40,
1,Maze260925,13.302,11.8841,-0.9990,4.0526,90.41,
1,Maze260925,13.310,11.9088,-0.9990,4.0524,90.42,
1,Maze260925,13.318,11.9339,-0.9990,4.0522,90.42,
1,Maze260925,13.326,11.9587,-0.9990,4.0520,90.42,
1,Maze260925,13.335,11.9841,-0.9990,4.0519,90.42,
1,Maze260925,13.343,12.0084,-0.9990,4.0517,90.42,
1,Maze260925,13.373,12.0334,-0.9990,4.0515,90.42,
1,Maze260925,13.377,12.0931,-0.9990,3.9910,90.38,
1,Maze260925,13.385,12.1042,-0.9990,3.9798,90.36,
1,Maze260925,13.393,12.1224,-0.9990,3.9614,90.29,
1,Maze260925,13.401,12.1395,-0.9990,3.9442,90.20,
1,Maze260925,13.410,12.1555,-0.9990,3.9281,90.05,
1,Maze260925,13.418,12.1747,-0.9990,3.9090,89.87,
1,Maze260925,13.426,12.1925,-0.9990,3.8915,89.61,
1,Maze260925,13.435,12.2103,-0.9990,3.8741,89.33,
1,Maze260925,13.443,12.2284,-0.9990,3.8567,89.01,
1,Maze260925,13.451,12.2462,-0.9990,3.8396,88.69,
1,Maze260925,13.459,12.2643,-0.9990,3.8225,88.37,
1,Maze260925,13.467,12.2813,-0.9990,3.8066,88.04,
1,Maze260925,13.476,12.2997,-0.9990,3.7897,87.70,
1,Maze260925,13.485,12.3180,-0.9990,3.7729,87.43,
1,Maze260925,13.493,12.3382,-0.9990,3.7547,87.18,
1,Maze260925,13.501,12.3563,-0.9990,3.7383,86.99,
1,Maze260925,13.510,12.3753,-0.9990,3.7213,86.86,
1,Maze260925,13.517,12.3935,-0.9990,3.7050,86.86,
1,Maze260925,13.526,12.4111,-0.9990,3.6892,86.83,
1,Maze260925,13.535,12.4313,-0.9990,3.6712,86.78,
1,Maze260925,13.542,12.4498,-0.9990,3.6548,86.42,
1,Maze260925,13.551,12.4674,-0.9990,3.6394,86.35,
1,Maze260925,13.559,12.4875,-0.9990,3.6217,86.23,
1,Maze260925,13.567,12.5048,-0.9990,3.6067,86.10,
1,Maze260925,13.577,12.5237,-0.9990,3.5903,85.92,
1,Maze260925,13.585,12.5445,-0.9990,3.5724,85.73,
1,Maze260925,13.592,12.5630,-0.9990,3.5565,85.55,
1,Maze260925,13.602,12.5809,-0.9990,3.5414,85.27,
1,Maze260925,13.609,12.6019,-0.9990,3.5238,84.94,
1,Maze260925,13.617,12.6193,-0.9990,3.5094,84.56,
1,Maze260925,13.626,12.6387,-0.9990,3.4936,84.17,
1,Maze260925,13.634,12.6598,-0.9990,3.4769,83.45,
1,Maze260925,13.643,12.6779,-0.9990,3.4628,82.76,
1,Maze260925,13.651,12.6993,-0.9990,3.4466,82.20,
1,Maze260925,13.660,12.7186,-0.9990,3.4322,81.69,
1,Maze260925,13.668,12.7395,-0.9990,3.4169,81.24,
1,Maze260925,13.676,12.7597,-0.9990,3.4024,80.73,
1,Maze260925,13.685,12.7801,-0.9990,3.3880,80.19,
1,Maze260925,13.692,12.8005,-0.9990,3.3737,79.91,
1,Maze260925,13.702,12.8196,-0.9990,3.3605,79.68,
1,Maze260925,13.709,12.8423,-0.9990,3.3451,79.30,
1,Maze260925,13.717,12.8610,-0.9990,3.3325,78.99,
1,Maze260925,13.726,12.8817,-0.9990,3.3185,78.94,
1,Maze260925,13.735,12.9042,-0.9990,3.3034,78.85,
1,Maze260925,13.742,12.9248,-0.9990,3.2897,78.72,
1,Maze260925,13.751,12.9432,-0.9990,3.2774,78.66,
1,Maze260925,13.759,12.9664,-0.9990,3.2620,78.66,
1,Maze260925,13.768,12.9870,-0.9990,3.2482,78.66,
1,Maze260925,13.776,13.0079,-0.9990,3.2343,78.66,
1,Maze260925,13.784,13.0287,-0.9990,3.2205,78.66,
1,Maze260925,13.793,13.0493,-0.9990,3.2068,78.66,
1,Maze260925,13.803,13.0704,-0.9990,3.1927,78.66,
1,Maze260925,13.810,13.0940,-0.9990,3.1770,78.66,
1,Maze260925,13.818,13.1122,-0.9990,3.1648,78.66,
1,Maze260925,13.826,13.1328,-0.9990,3.1512,78.66,
1,Maze260925,13.835,13.1541,-0.9990,3.1370,78.66,
1,Maze260925,13.843,13.1746,-0.9990,3.1370,78.66,
1,Maze260925,13.851,13.1954,-0.9990,3.1370,78.66,
1,Maze260925,13.888,13.2161,-0.9990,3.1370,78.66,
1,Maze260925,13.895,13.3079,-0.9990,3.1370,78.66,
1,Maze260925,13.901,13.3251,-0.9990,3.1255,78.66,
1,Maze260925,13.910,13.3413,-0.9990,3.1255,78.66,
1,Maze260925,13.919,13.3626,-0.9990,3.1255,78.66,
1,Maze260925,13.927,13.3839,-0.9990,3.1255,78.66,
1,Maze260925,13.959,13.4044,-0.9990,3.1255,78.66,
1,Maze260925,13.969,13.4753,-0.9990,3.1255,78.08,
1,Maze260925,13.977,13.5104,-0.9990,3.1038,76.67,
1,Maze260925,13.985,13.5325,-0.9990,3.1038,74.77,
1,Maze260925,13.993,13.5534,-0.9990,3.1038,72.69,
1,Maze260925,14.001,13.5757,-0.9990,3.1038,70.46,
1,Maze260925,14.010,13.5975,-0.9990,3.1038,68.36,
1,Maze260925,14.018,13.6221,-0.9990,3.1038,66.33,
1,Maze260925,14.043,13.6455,-0.9990,3.1038,64.21,
1,Maze260925,14.052,13.7176,-0.9990,3.1038,58.77,
1,Maze260925,14.061,13.7436,-0.9990,3.1038,57.31,
1,Maze260925,14.068,13.7648,-0.9990,3.1180,56.35,
1,Maze260925,14.076,13.7845,-0.9990,3.1315,55.49,
1,Maze260925,14.085,13.8032,-0.9990,3.1446,54.93,
1,Maze260925,14.093,13.8253,-0.9990,3.1604,54.39,
1,Maze260925,14.102,13.8451,-0.9990,3.1750,53.71,
1,Maze260925,14.110,13.8653,-0.9990,3.1901,53.29,
1,Maze260925,14.118,13.8850,-0.9990,3.2048,53.29,
1,Maze260925,14.127,13.9049,-0.9990,3.2196,53.29,
1,Maze260925,14.135,13.9253,-0.9990,3.2348,53.29,
1,Maze260925,14.143,13.9449,-0.9990,3.2494,53.29,
1,Maze260925,14.151,13.9649,-0.9990,3.2644,53.29,
1,Maze260925,14.160,13.9850,-0.9990,3.2793,53.29,
1,Maze260925,14.167,14.0050,-0.9990,3.2942,53.29,
1,Maze260925,14.177,14.0229,-0.9990,3.3076,53.29,
1,Maze260925,14.185,14.0456,-0.9990,3.3245,53.29,
1,Maze260925,14.193,14.0651,-0.9990,3.3390,53.29,
1,Maze260925,14.205,14.0852,-0.9990,3.3541,53.29,
1,Maze260925,14.210,14.1149,-0.9990,3.3762,53.29,
1,Maze260925,14.218,14.1264,-0.9990,3.3848,53.29,
1,Maze260925,14.228,14.1457,-0.9990,3.3991,53.29,
1,Maze260925,14.234,14.1683,-0.9990,3.4160,53.29,
1,Maze260925,14.244,14.1837,-0.9990,3.4275,53.29,
1,Maze260925,14.251,14.2077,-0.9990,3.4454,53.29,
1,Maze260925,14.260,14.2253,-0.9990,3.4585,53.29,
1,Maze260925,14.268,14.2460,-0.9990,3.4740,53.29,
1,Maze260925,14.276,14.2660,-0.9990,3.4889,53.29,
1,Maze260925,14.287,14.2859,-0.9990,3.5037,53.29,
1,Maze260925,14.294,14.3093,-0.9990,3.5212,53.29,
1,Maze260925,14.302,14.3263,-0.9990,3.5338,53.29,
1,Maze260925,14.310,14.3463,-0.9990,3.5487,53.29,
1,Maze260925,14.318,14.3663,-0.9990,3.5636,53.29,
1,Maze260925,14.327,14.3863,-0.9990,3.5785,53.29,
1,Maze260925,14.356,14.4061,-0.9990,3.5934,53.29,
1,Maze260925,14.362,14.4897,-0.9990,3.5812,53.29,
1,Maze260925,14.370,14.5089,-0.9990,3.5784,53.29,
1,Maze260925,14.379,14.5335,-0.9990,3.5748,53.29,
1,Maze260925,14.386,14.5585,-0.9990,3.5712,53.29,
1,Maze260925,14.395,14.5822,-0.9990,3.5677,53.29,
1,Maze260925,14.401,14.6077,-0.9990,3.5640,53.29,
1,Maze260925,14.412,14.6272,-0.9990,3.5612,53.29,
1,Maze260925,14.419,14.6574,-0.9990,3.5568,53.29,
1,Maze260925,14.427,14.6788,-0.9990,3.5536,53.29,
1,Maze260925,14.437,14.7033,-0.9990,3.5501,53.29,
1,Maze260925,14.444,14.7315,-0.9990,3.5460,53.29,
1,Maze260925,14.452,14.7537,-0.9990,3.5427,53.28,
1,Maze260925,14.460,14.7784,-0.9990,3.5392,53.20,
1,Maze260925,14.468,14.8031,-0.9990,3.5357,53.01,
1,Maze260925,14.476,14.8261,-0.9990,3.5328,52.30,
1,Maze260925,14.485,14.8501,-0.9990,3.5300,51.49,
1,Maze260925,14.493,14.8773,-0.9990,3.5274,50.60,collect_3
1,Maze260925,14.494,14.8773,-0.9990,3.5274,50.60,
1,Maze260925,14.503,14.9018,-0.9990,3.5253,49.73,
1,Maze260925,14.510,14.9295,-0.9990,3.5235,48.80,
1,Maze260925,14.518,14.9523,-0.9990,3.5225,47.56,
1,Maze260925,14.527,14.9769,-0.9990,3.5219,46.23,
1,Maze260925,14.535,15.0016,-0.9990,3.5221,44.56,
1,Maze260925,14.543,15.0265,-0.9990,3.5231,42.86,
1,Maze260925,14.552,15.0512,-0.9990,3.5247,41.18,
1,Maze260925,14.560,15.0762,-0.9990,3.5273,39.21,
1,Maze260925,14.568,15.1006,-0.9990,3.5308,36.82,
1,Maze260925,14.577,15.1260,-0.9990,3.5354,34.72,
1,Maze260925,14.585,15.1499,-0.9990,3.5405,32.86,
1,Maze260925,14.593,15.1746,-0.9990,3.5462,31.95,
1,Maze260925,14.601,15.1984,-0.9990,3.5520,31.30,
1,Maze260925,14.610,15.2228,-0.9990,3.5585,30.08,
1,Maze260925,14.618,15.2466,-0.9990,3.5653,29.05,
1,Maze260925,14.626,15.2710,-0.9990,3.5724,28.89,
1,Maze260925,14.635,15.2947,-0.9990,3.5793,28.71,
1,Maze260925,14.643,15.3186,-0.9990,3.5864,28.50,
1,Maze260925,14.651,15.3425,-0.9990,3.5936,28.31,
1,Maze260925,14.660,15.3664,-0.9990,3.6008,28.14,
1,Maze260925,14.668,15.3904,-0.9990,3.6081,28.10,
1,Maze260925,14.676,15.4141,-0.9990,3.6153,28.10,
1,Maze260925,14.685,15.4378,-0.9990,3.6225,28.10,
1,Maze260925,14.693,15.4618,-0.9990,3.6298,28.10,
1,Maze260925,14.701,15.4857,-0.9990,3.6371,28.10,
1,Maze260925,14.710,15.5099,-0.9990,3.6444,28.10,
1,Maze260925,14.718,15.5336,-0.9990,3.6516,28.10,
1,Maze260925,14.726,15.5576,-0.9990,3.6589,28.10,
1,Maze260925,14.735,15.5815,-0.9990,3.6662,28.10,
1,Maze260925,14.743,15.6056,-0.9990,3.6735,28.10,
1,Maze260925,14.751,15.6300,-0.9990,3.6809,28.10,
1,Maze260925,14.760,15.6534,-0.9990,3.6880,28.10,
1,Maze260925,14.768,15.6776,-0.9990,3.6954,28.10,
1,Maze260925,14.776,15.7020,-0.9990,3.7028,28.10,
1,Maze260925,14.785,15.7255,-0.9990,3.7028,28.10,
1,Maze260925,14.793,15.7495,-0.9990,3.7028,28.10,
1,Maze260925,14.801,15.7737,-0.9990,3.7028,28.10,
1,Maze260925,14.811,15.7972,-0.9990,3.7028,28.10,
1,Maze260925,14.818,15.8240,-0.9990,3.7028,28.10,
1,Maze260925,14.846,15.8455,-0.9990,3.7093,28.10,
1,Maze260925,14.853,15.9210,-0.9990,3.7323,28.10,
1,Maze260925,14.860,15.9433,-0.9990,3.7391,28.10,
1,Maze260925,14.869,15.9649,-0.9990,3.7456,28.10,
1,Maze260925,14.876,15.9892,-0.9990,3.7531,27.82,
1,Maze260925,14.885,16.0113,-0.9990,3.7531,27.32,
1,Maze260925,14.893,16.0373,-0.9990,3.7622,25.87,
1,Maze260925,14.902,16.0598,-0.9990,3.7622,24.14,
1,Maze260925,14.929,16.0832,-0.9990,3.7622,22.00,
1,Maze260925,14.935,16.1526,-0.9990,3.7622,15.53,
1,Maze260925,14.944,16.1702,-0.9990,3.7622,13.54,
1,Maze260925,14.952,16.1913,-0.9990,3.7622,11.66,
1,Maze260925,14.960,16.2114,-0.9990,3.7622,9.82,
1,Maze260925,14.968,16.2311,-0.9990,3.7622,8.21,
1,Maze260925,14.977,16.2504,-0.9990,3.7622,6.65,
1,Maze260925,14.985,16.2695,-0.9990,3.7622,4.36,
1,Maze260925,15.011,16.2878,-0.9990,3.7622,2.37,
1,Maze260925,15.019,16.3426,-0.9990,3.7622,-0.18,
1,Maze260925,15.028,16.3589,-0.9990,3.7622,-0.80,
1,Maze260925,15.035,16.3778,-0.9990,3.7622,-1.03,
1,Maze260925,15.043,16.3932,-0.9990,3.7622,-1.48,
1,Maze260925,15.052,16.4097,-0.9990,3.7622,-2.01,
1,Maze260925,15.060,16.4268,-0.9990,3.7622,-2.08,
1,Maze260925,15.068,16.4438,-0.9990,3.7622,-2.12,
1,Maze260925,15.076,16.4606,-0.9990,3.7803,-2.12,
1,Maze260925,15.106,16.4775,-0.9990,3.7803,-2.12,
1,Maze260925,15.110,16.5379,-0.9990,3.7803,-2.12,
1,Maze260925,15.118,16.5455,-0.9990,3.7803,-2.12,
1,Maze260925,15.127,16.5630,-0.9990,3.7803,-2.12,
1,Maze260925,15.135,16.5804,-0.9990,3.7803,-2.12,
1,Maze260925,15.143,16.5967,-0.9990,3.7803,-2.12,
1,Maze260925,15.151,16.6137,-0.9990,3.7803,-2.12,
1,Maze260925,15.160,16.6307,-0.9990,3.7803,-2.12,
1,Maze260925,15.190,16.6478,-0.9990,3.7987,-2.12,
1,Maze260925,15.193,16.7098,-0.9990,3.8654,-2.12,
1,Maze260925,15.202,16.7160,-0.9990,3.8722,-2.12,
1,Maze260925,15.210,16.7336,-0.9990,3.8911,-2.12,
1,Maze260925,15.218,16.7501,-0.9990,3.9089,-2.12,
1,Maze260925,15.228,16.7672,-0.9990,3.9273,-2.12,
1,Maze260925,15.235,16.7858,-0.9990,3.9474,-2.12,
1,Maze260925,15.243,16.8016,-0.9990,3.9644,-2.12,
1,Maze260925,15.274,16.8181,-0.9990,3.9820,-2.12,
1,Maze260925,15.286,16.8792,-0.9990,4.0482,-2.25,
1,Maze260925,15.294,16.9044,-0.9990,4.0761,-2.85,
1,Maze260925,15.302,16.9202,-0.9990,4.0940,-3.72,
1,Maze260925,15.309,16.9356,-0.9990,4.1124,-4.88,
1,Maze260925,15.318,16.9498,-0.9990,4.1301,-6.44,
1,Maze260925,15.327,16.9647,-0.9990,4.1501,-8.19,
1,Maze260925,15.356,16.9807,-0.9990,4.1729,-10.07,
1,Maze260925,15.360,17.0219,-0.9990,4.2476,-16.09,
1,Maze260925,15.369,17.0285,-0.9990,4.2599,-16.84,
1,Maze260925,15.377,17.0400,-0.9990,4.2827,-18.36,
1,Maze260925,15.385,17.0502,-0.9990,4.3048,-20.04,
1,Maze260925,15.393,17.0600,-0.9990,4.3277,-21.87,
1,Maze260925,15.402,17.0694,-0.9990,4.3508,-22.81,
1,Maze260925,15.426,17.0787,-0.9990,4.3738,-23.14,
1,Maze260925,15.434,17.1044,-0.9990,4.4403,-23.84,
1,Maze260925,15.444,17.1141,-0.9990,4.4656,-23.99,
1,Maze260925,15.452,17.1242,-0.9990,4.4918,-23.99,
1,Maze260925,15.461,17.1334,-0.9990,4.5159,-23.99,
1,Maze260925,15.469,17.1423,-0.9990,4.5389,-23.99,
1,Maze260925,15.477,17.1514,-0.9990,4.5628,-23.99,
1,Maze260925,15.486,17.1603,-0.9990,4.5858,-23.99,
1,Maze260925,15.505,17.1692,-0.9990,4.6090,-23.99,
1,Maze260925,15.511,17.1900,-0.9990,4.6631,-23.99,
1,Maze260925,15.519,17.1962,-0.9990,4.6793,-23.99,
1,Maze260925,15.527,17.2051,-0.9990,4.7025,-23.99,
1,Maze260925,15.535,17.2137,-0.9990,4.7248,-23.99,
1,Maze260925,15.545,17.2226,-0.9990,4.7479,-23.99,
1,Maze260925,15.552,17.2326,-0.9990,4.7740,-23.99,
1,Maze260925,15.560,17.2411,-0.9990,4.7962,-23.99,
1,Maze260925,15.568,17.2495,-0.9990,4.8180,-23.99,
1,Maze260925,15.602,17.2582,-0.9990,4.8406,-23.99,
1,Maze260925,15.610,17.2946,-0.9990,4.9354,-23.99,
1,Maze260925,15.618,17.3033,-0.9990,4.9582,-23.99,
1,Maze260925,15.626,17.3120,-0.9990,4.9808,-23.99,
1,Maze260925,15.635,17.3206,-0.9990,5.0031,-23.99,
1,Maze260925,15.643,17.3298,-0.9990,5.0272,-23.99,
1,Maze260925,15.651,17.3387,-0.9990,5.0504,-23.99,
1,Maze260925,15.660,17.3475,-0.9990,5.0732,-23.99,
1,Maze260925,15.691,17.3567,-0.9990,5.0973,-23.99,
1,Maze260925,15.702,17.3878,-0.9990,5.1764,-23.56,
1,Maze260925,15.710,17.4040,-0.9990,5.2143,-21.92,
1,Maze260925,15.719,17.4141,-0.9990,5.2364,-20.34,
1,Maze260925,15.727,17.4252,-0.9990,5.2589,-18.73,
1,Maze260925,15.735,17.4368,-0.9990,5.2809,-17.21,
1,Maze260925,15.762,17.4489,-0.9990,5.3025,-15.71,
1,Maze260925,15.769,17.4925,-0.9990,5.3684,-11.49,
1,Maze260925,15.777,17.5047,-0.9990,5.3859,-10.33,
1,Maze260925,15.785,17.5198,-0.9990,5.4068,-9.06,
1,Maze260925,15.793,17.5345,-0.9990,5.4257,-7.17,
1,Maze260925,15.802,17.5504,-0.9990,5.4448,-5.24,
1,Maze260925,15.810,17.5665,-0.9990,5.4637,-4.54,
1,Maze260925,15.817,17.5828,-0.9990,5.4824,-4.02,
1,Maze260925,15.826,17.5970,-0.9990,5.4989,-4.02,
1,Maze260925,15.855,17.6138,-0.9990,5.5181,-4.02,
1,Maze260925,15.860,17.6714,-0.9990,5.5845,-4.02,
1,Maze260925,15.868,17.6814,-0.9990,5.5960,-4.02,
1,Maze260925,15.877,17.6962,-0.9990,5.6130,-4.02,
1,Maze260925,15.885,17.7144,-0.9990,5.6339,-4.02,
1,Maze260925,15.893,17.7307,-0.9990,5.6527,-4.02,
1,Maze260925,15.902,17.7469,-0.9990,5.6714,-4.02,
1,Maze260925,15.910,17.7633,-0.9990,5.6902,-4.02,
1,Maze260925,15.938,17.7794,-0.9990,5.7088,-4.02,
1,Maze260925,15.945,17.8334,-0.9990,5.7710,-4.02,
1,Maze260925,15.953,17.8474,-0.9990,5.7870,-4.02,
1,Maze260925,15.961,17.8638,-0.9990,5.8059,-4.02,
1,Maze260925,15.968,17.8794,-0.9990,5.8240,-4.02,
1,Maze260925,15.977,17.8945,-0.9990,5.8413,-4.02,
1,Maze260925,15.987,17.9109,-0.9990,5.8602,-4.02,
2,Maze220925,0.000,9.0824,-0.9990,23.8471,152.05,
2,Maze220925,0.011,9.0824,-0.9990,23.8471,152.06,
2,Maze220925,0.018,9.0824,-0.9990,23.8471,152.06,
2,Maze220925,0.025,9.0824,-0.9990,23.8471,151.69,
2,Maze220925,0.037,9.0824,-0.9990,23.8471,151.66,
2,Maze220925,0.042,9.0824,-0.9990,23.8471,151.62,
2,Maze220925,0.050,9.0824,-0.9990,23.8471,151.61,
2,Maze220925,0.059,9.0824,-0.9990,23.8471,151.59,
2,Maze220925,0.067,9.0824,-0.9990,23.8471,151.58,
2,Maze220925,0.075,9.0824,-0.9990,23.8471,151.57,
2,Maze220925,0.084,9.0824,-0.9990,23.8471,151.55,
2,Maze220925,0.092,9.0824,-0.9990,23.8471,151.53,
2,Maze220925,0.100,9.0824,-0.9990,23.8471,151.51,
2,Maze220925,0.109,9.0824,-0.9990,23.8471,151.48,
2,Maze220925,0.117,9.0824,-0.9990,23.8471,151.43,
2,Maze220925,0.125,9.0824,-0.9990,23.8471,151.42,
2,Maze220925,0.134,9.0824,-0.9990,23.8471,151.39,
2,Maze220925,0.141,9.0824,-0.9990,23.8471,151.37,
2,Maze220925,0.151,9.0824,-0.9990,23.8471,151.36,
2,Maze220925,0.159,9.0824,-0.9990,23.8471,151.36,
2,Maze220925,0.167,9.0824,-0.9990,23.8471,151.34,
2,Maze220925,0.175,9.0824,-0.9990,23.8471,151.32,
2,Maze220925,0.184,9.0824,-0.9990,23.8471,151.32,
2,Maze220925,0.192,9.0824,-0.9990,23.8471,151.32,
2,Maze220925,0.200,9.0824,-0.9990,23.8471,151.31,
2,Maze220925,0.209,9.0824,-0.9990,23.8471,151.31,
2,Maze220925,0.217,9.0824,-0.9990,23.8471,151.31,
2,Maze220925,0.225,9.0824,-0.9990,23.8471,151.31,
2,Maze220925,0.234,9.0824,-0.9990,23.8471,151.31,
2,Maze220925,0.242,9.0824,-0.9990,23.8471,151.31,
2,Maze220925,0.250,9.0824,-0.9990,23.8471,151.31,
2,Maze220925,0.259,9.0824,-0.9990,23.8471,151.31,
2,Maze220925,0.267,9.0824,-0.9990,23.8471,151.31,
2,Maze220925,0.276,9.0824,-0.9990,23.8471,151.31,
2,Maze220925,0.284,9.0824,-0.9990,23.8471,151.31,
2,Maze220925,0.292,9.0824,-0.9990,23.8471,151.31,
2,Maze220925,0.301,9.0824,-0.9990,23.8471,151.31,
2,Maze220925,0.309,9.0824,-0.9990,23.8471,151.31,
2,Maze220925,0.317,9.0824,-0.9990,23.8471,151.31,
2,Maze220925,0.326,9.0824,-0.9990,23.8471,151.31,
2,Maze220925,0.334,9.0824,-0.9990,23.8471,151.31,
2,Maze220925,0.342,9.0824,-0.9990,23.8471,151.30,
2,Maze220925,0.351,9.0824,-0.9990,23.8471,151.28,
2,Maze220925,0.359,9.0824,-0.9990,23.8471,151.26,
2,Maze220925,0.367,9.0824,-0.9990,23.8471,151.26,
2,Maze220925,0.376,9.0824,-0.9990,23.8471,151.25,
2,Maze220925,0.384,9.0824,-0.9990,23.8471,151.23,
2,Maze220925,0.392,9.0824,-0.9990,23.8471,151.22,
2,Maze220925,0.400,9.0824,-0.9990,23.8471,151.21,
2,Maze220925,0.409,9.0824,-0.9990,23.8471,151.20,
2,Maze220925,0.417,9.0824,-0.9990,23.8471,151.20,
2,Maze220925,0.426,9.0824,-0.9990,23.8471,151.19,
2,Maze220925,0.434,9.0824,-0.9990,23.8471,151.19,
2,Maze220925,0.442,9.0824,-0.9990,23.8471,151.19,
2,Maze220925,0.450,9.0824,-0.9990,23.8471,151.19,
2,Maze220925,0.459,9.0824,-0.9990,23.8471,151.19,
2,Maze220925,0.468,9.0824,-0.9990,23.8471,151.19,
2,Maze220925,0.476,9.0824,-0.9990,23.8471,151.19,
2,Maze220925,0.484,9.0824,-0.9990,23.8471,151.19,
2,Maze220925,0.492,9.0824,-0.9990,23.8471,151.19,
2,Maze220925,0.501,9.0824,-0.9990,23.8471,151.21,
2,Maze220925,0.508,9.0824,-0.9990,23.8471,151.24,
2,Maze220925,0.517,9.0824,-0.9990,23.8471,151.29,
2,Maze220925,0.525,9.0824,-0.9990,23.8471,151.33,
2,Maze220925,0.534,9.0824,-0.9990,23.8471,151.38,
2,Maze220925,0.542,9.0824,-0.9990,23.8471,151.42,
2,Maze220925,0.551,9.0824,-0.9990,23.8471,151.45,
2,Maze220925,0.559,9.0824,-0.9990,23.8471,151.48,
2,Maze220925,0.567,9.0824,-0.9990,23.8471,151.51,
2,Maze220925,0.576,9.0824,-0.9990,23.8471,151.55,
2,Maze220925,0.584,9.0824,-0.9990,23.8471,151.57,
2,Maze220925,0.592,9.0824,-0.9990,23.8471,151.59,
2,Maze220925,0.600,9.0824,-0.9990,23.8471,151.60,
2,Maze220925,0.609,9.0824,-0.9990,23.8471,151.60,
2,Maze220925,0.617,9.0824,-0.9990,23.8471,151.61,
2,Maze220925,0.625,9.0824,-0.9990,23.8471,151.61,
2,Maze220925,0.634,9.0824,-0.9990,23.8471,151.62,
2,Maze220925,0.642,9.0824,-0.9990,23.8471,151.62,
2,Maze220925,0.650,9.0824,-0.9990,23.8471,151.62,
2,Maze220925,0.659,9.0824,-0.9990,23.8471,151.62,
2,Maze220925,0.667,9.0824,-0.9990,23.8471,151.62,
2,Maze220925,0.675,9.0824,-0.9990,23.8471,151.62,
2,Maze220925,0.684,9.0824,-0.9990,23.8471,151.62,
2,Maze220925,0.692,9.0824,-0.9990,23.8471,151.62,
2,Maze220925,0.701,9.0824,-0.9990,23.8471,151.62,
2,Maze220925,0.709,9.0824,-0.9990,23.8471,151.62,
2,Maze220925,0.717,9.0824,-0.9990,23.8471,151.62,
2,Maze220925,0.726,9.0824,-0.9990,23.8471,151.62,
2,Maze220925,0.734,9.0824,-0.9990,23.8471,151.62,
2,Maze220925,0.742,9.0824,-0.9990,23.8471,151.62,
2,Maze220925,0.751,9.0824,-0.9990,23.8471,151.62,
2,Maze220925,0.759,9.0824,-0.9990,23.8471,151.62,
2,Maze220925,0.767,9.0824,-0.9990,23.8471,151.63,
2,Maze220925,0.775,9.0824,-0.9990,23.8471,151.64,
2,Maze220925,0.784,9.0824,-0.9990,23.8471,151.66,
2,Maze220925,0.792,9.0824,-0.9990,23.8471,151.68,
2,Maze220925,0.800,9.0824,-0.9990,23.8471,151.70,
2,Maze220925,0.809,9.0824,-0.9990,23.8471,151.77,
2,Maze220925,0.818,9.0824,-0.9990,23.8471,151.90,
2,Maze220925,0.826,9.0824,-0.9990,23.8471,152.21,
2,Maze220925,0.834,9.0824,-0.9990,23.8471,152.66,
2,Maze220925,0.843,9.0824,-0.9990,23.8471,153.72,
2,Maze220925,0.851,9.0824,-0.9990,23.8471,154.99,
2,Maze220925,0.859,9.0824,-0.9990,23.8471,156.66,
2,Maze220925,0.867,9.0824,-0.9990,23.8471,158.63,
2,Maze220925,0.876,9.0824,-0.9990,23.8471,161.81,
2,Maze220925,0.883,9.0824,-0.9990,23.8471,164.92,
2,Maze220925,0.892,9.0824,-0.9990,23.8471,167.82,
2,Maze220925,0.901,9.0824,-0.9990,23.8471,171.24,
2,Maze220925,0.909,9.0824,-0.9990,23.8471,175.16,
2,Maze220925,0.917,9.0824,-0.9990,23.8471,181.01,
2,Maze220925,0.925,9.0824,-0.9990,23.8471,187.55,
2,Maze220925,0.934,9.0824,-0.9990,23.8471,189.19,
2,Maze220925,0.941,9.0824,-0.9990,23.8471,190.78,
2,Maze220925,0.951,9.0824,-0.9990,23.8471,192.93,
2,Maze220925,0.959,9.0824,-0.9990,23.8471,194.68,
2,Maze220925,0.967,9.0824,-0.9990,23.8471,195.79,
2,Maze220925,0.975,9.0824,-0.9990,23.8471,196.26,
2,Maze220925,0.984,9.0824,-0.9990,23.8471,196.26,
2,Maze220925,0.992,9.0824,-0.9990,23.8471,196.26,
2,Maze220925,1.000,9.0824,-0.9990,23.8471,196.26,
2,Maze220925,1.009,9.0824,-0.9990,23.8471,196.26,
2,Maze220925,1.017,9.0824,-0.9990,23.8471,196.26,
2,Maze220925,1.025,9.0824,-0.9990,23.8471,196.26,
2,Maze220925,1.034,9.0824,-0.9990,23.8471,196.26,
2,Maze220925,1.041,9.0824,-0.9990,23.8471,196.26,
2,Maze220925,1.051,9.0824,-0.9990,23.8471,196.26,
2,Maze220925,1.059,9.0824,-0.9990,23.8471,196.26,
2,Maze220925,1.067,9.0824,-0.9990,23.8471,196.26,
2,Maze220925,1.076,9.0824,-0.9990,23.8471,196.26,
2,Maze220925,1.084,9.0824,-0.9990,23.8471,196.26,
2,Maze220925,1.092,9.0824,-0.9990,23.8471,196.26,
2,Maze220925,1.101,9.0824,-0.9990,23.8471,196.26,
2,Maze220925,1.109,9.0824,-0.9990,23.8471,196.26,
2,Maze220925,1.117,9.0824,-0.9990,23.8471,196.26,
2,Maze220925,1.126,9.0824,-0.9990,23.8471,196.26,
2,Maze220925,1.134,9.0824,-0.9990,23.8471,196.26,
2,Maze220925,1.142,9.0824,-0.9990,23.8471,196.26,
2,Maze220925,1.151,9.0824,-0.9990,23.8471,196.26,
2,Maze220925,1.159,9.0824,-0.9990,23.8471,196.26,
2,Maze220925,1.167,9.0824,-0.9990,23.8471,196.26,
2,Maze220925,1.176,9.0824,-0.9990,23.8471,196.26,
2,Maze220925,1.184,9.0824,-0.9990,23.8471,196.26,
2,Maze220925,1.194,9.0824,-0.9990,23.8471,196.26,
2,Maze220925,1.201,9.0824,-0.9990,23.8471,196.26,
2,Maze220925,1.209,9.0824,-0.9990,23.8471,196.26,
2,Maze220925,1.217,9.0824,-0.9990,23.8471,196.71,
2,Maze220925,1.226,9.0824,-0.9990,23.8471,197.32,
2,Maze220925,1.234,9.0824,-0.9990,23.8471,198.93,
2,Maze220925,1.242,9.0824,-0.9990,23.8471,200.69,
2,Maze220925,1.251,9.0824,-0.9990,23.8471,203.02,
2,Maze220925,1.259,9.0824,-0.9990,23.8471,205.36,
2,Maze220925,1.267,9.0824,-0.9990,23.8471,207.69,
2,Maze220925,1.275,9.0824,-0.9990,23.8471,209.89,
2,Maze220925,1.283,9.0824,-0.9990,23.8471,212.00,
2,Maze220925,1.292,9.0824,-0.9990,23.8471,213.82,
2,Maze220925,1.300,9.0824,-0.9990,23.8471,215.61,
2,Maze220925,1.309,9.0824,-0.9990,23.8471,216.88,
2,Maze220925,1.316,9.0824,-0.9990,23.8471,218.00,
2,Maze220925,1.326,9.0824,-0.9990,23.8471,218.47,
2,Maze220925,1.334,9.0824,-0.9990,23.8471,218.80,
2,Maze220925,1.342,9.0824,-0.9990,23.8471,218.89,
2,Maze220925,1.350,9.0824,-0.9990,23.8471,218.92,
2,Maze220925,1.359,9.0824,-0.9990,23.8471,218.92,
2,Maze220925,1.367,9.0824,-0.9990,23.8471,218.98,
2,Maze220925,1.375,9.0824,-0.9990,23.8471,219.05,
2,Maze220925,1.384,9.0824,-0.9990,23.8471,219.11,
2,Maze220925,1.391,9.0824,-0.9990,23.8471,219.14,
2,Maze220925,1.401,9.0824,-0.9990,23.8471,219.00,
2,Maze220925,1.409,9.0824,-0.9990,23.8471,218.81,
2,Maze220925,1.417,9.0824,-0.9990,23.8471,218.55,
2,Maze220925,1.425,9.0824,-0.9990,23.8471,218.29,
2,Maze220925,1.434,9.0824,-0.9990,23.8471,218.04,
2,Maze220925,1.442,9.0824,-0.9990,23.8471,217.92,
2,Maze220925,1.450,9.0824,-0.9990,23.8471,217.82,
2,Maze220925,1.459,9.0824,-0.9990,23.8471,217.70,
2,Maze220925,1.467,9.0824,-0.9990,23.8471,217.60,
2,Maze220925,1.475,9.0824,-0.9990,23.8471,217.58,
2,Maze220925,1.484,9.0824,-0.9990,23.8471,217.56,
2,Maze220925,1.492,9.0824,-0.9990,23.8471,217.54,
2,Maze220925,1.500,9.0824,-0.9990,23.8471,217.53,
2,Maze220925,1.509,9.0824,-0.9990,23.8471,217.53,
2,Maze220925,1.517,9.0824,-0.9990,23.8471,217.53,
2,Maze220925,1.525,9.0824,-0.9990,23.8471,217.53,
2,Maze220925,1.534,9.0824,-0.9990,23.8471,217.53,
2,Maze220925,1.542,9.0824,-0.9990,23.8471,217.53,
2,Maze220925,1.551,9.0824,-0.9990,23.8471,217.53,
2,Maze220925,1.559,9.0824,-0.9990,23.8471,217.52,
2,Maze220925,1.567,9.0824,-0.9990,23.8471,217.50,
2,Maze220925,1.575,9.0824,-0.9990,23.8471,217.45,
2,Maze220925,1.584,9.0824,-0.9990,23.8471,217.40,
2,Maze220925,1.592,9.0824,-0.9990,23.8471,217.27,
2,Maze220925,1.600,9.0824,-0.9990,23.8471,217.13,
2,Maze220925,1.608,9.0824,-0.9990,23.8471,216.73,
2,Maze220925,1.617,9.0824,-0.9990,23.8471,216.29,
2,Maze220925,1.625,9.0824,-0.9990,23.8471,215.70,
2,Maze220925,1.634,9.0824,-0.9990,23.8471,214.86,
2,Maze220925,1.642,9.0824,-0.9990,23.8471,213.61,
2,Maze220925,1.651,9.0824,-0.9990,23.8471,212.39,
2,Maze220925,1.659,9.0824,-0.9990,23.8471,211.20,
2,Maze220925,1.668,9.0824,-0.9990,23.8471,208.92,
2,Maze220925,1.676,9.0824,-0.9990,23.8471,206.27,
2,Maze220925,1.684,9.0824,-0.9990,23.8471,203.80,
2,Maze220925,1.693,9.0824,-0.9990,23.8471,201.33,
2,Maze220925,1.701,9.0824,-0.9990,23.8471,198.40,
2,Maze220925,1.709,9.0824,-0.9990,23.8471,196.05,
2,Maze220925,1.718,9.0824,-0.9990,23.8471,194.74,
2,Maze220925,1.726,9.0824,-0.9990,23.8471,194.17,
2,Maze220925,1.734,9.0824,-0.9990,23.8471,194.13,
2,Maze220925,1.742,9.0824,-0.9990,23.8471,192.04,
2,Maze220925,1.751,9.0824,-0.9990,23.8471,191.64,
2,Maze220925,1.759,9.0824,-0.9990,23.8471,191.37,
2,Maze220925,1.767,9.0824,-0.9990,23.8471,191.10,
2,Maze220925,1.776,9.0824,-0.9990,23.8471,190.81,
2,Maze220925,1.784,9.0824,-0.9990,23.8471,190.63,
2,Maze220925,1.792,9.0824,-0.9990,23.8471,190.63,
2,Maze220925,1.800,9.0824,-0.9990,23.8471,190.63,
2,Maze220925,1.809,9.0824,-0.9990,23.8471,190.63,
2,Maze220925,1.817,9.0824,-0.9990,23.8471,190.63,
2,Maze220925,1.825,9.0824,-0.9990,23.8471,190.63,
2,Maze220925,1.833,9.0824,-0.9990,23.8471,190.63,
2,Maze220925,1.842,9.0824,-0.9990,23.8471,190.63,
2,Maze220925,1.850,9.0824,-0.9990,23.8471,190.63,
2,Maze220925,1.859,9.0824,-0.9990,23.8471,190.63,
2,Maze220925,1.867,9.0824,-0.9990,23.8471,190.63,
2,Maze220925,1.876,9.0824,-0.9990,23.8471,190.63,
2,Maze220925,1.884,9.0824,-0.9990,23.8471,190.63,
2,Maze220925,1.892,9.0824,-0.9990,23.8471,190.63,
2,Maze220925,1.900,9.0824,-0.9990,23.8471,190.63,
2,Maze220925,1.909,9.0824,-0.9990,23.8471,190.63,
2,Maze220925,1.917,9.0824,-0.9990,23.8471,190.63,
2,Maze220925,1.926,9.0824,-0.9990,23.8471,190.63,
2,Maze220925,1.934,9.0824,-0.9990,23.8471,190.63,
2,Maze220925,1.942,9.0824,-0.9990,23.8471,190.63,
2,Maze220925,1.951,9.0824,-0.9990,23.8471,190.63,
2,Maze220925,1.959,9.0824,-0.9990,23.8471,190.62,
2,Maze220925,1.967,9.0824,-0.9990,23.8471,190.62,
2,Maze220925,1.975,9.0824,-0.9990,23.8471,190.62,
2,Maze220925,1.984,9.0824,-0.9990,23.8471,190.62,
2,Maze220925,1.992,9.0824,-0.9990,23.8471,190.62,
2,Maze220925,2.000,9.0824,-0.9990,23.8471,190.62,
2,Maze220925,2.009,9.0824,-0.9990,23.8471,190.62,
2,Maze220925,2.017,9.0824,-0.9990,23.8471,190.62,
2,Maze220925,2.025,9.0824,-0.9990,23.8471,190.62,
2,Maze220925,2.034,9.0824,-0.9990,23.8471,190.62,
2,Maze220925,2.042,9.0824,-0.9990,23.8471,190.62,
2,Maze220925,2.051,9.0824,-0.9990,23.8471,190.62,
2,Maze220925,2.059,9.0824,-0.9990,23.8471,190.62,
2,Maze220925,2.093,9.0824,-0.9990,23.8471,190.62,
2,Maze220925,2.102,8.9848,-0.9990,23.8653,190.62,
2,Maze220925,2.110,8.9564,-0.9990,23.8707,190.62,
2,Maze220925,2.120,8.9322,-0.9990,23.8752,190.62,
2,Maze220925,2.135,8.9044,-0.9990,23.8804,190.62,
2,Maze220925,2.144,8.8595,-0.9990,23.8888,190.62,
2,Maze220925,2.157,8.8334,-0.9990,23.8937,190.62,
2,Maze220925,2.169,8.7940,-0.9990,23.9011,190.62,
2,Maze220925,2.176,8.7592,-0.9990,23.9077,190.65,
2,Maze220925,2.185,8.7380,-0.9990,23.9116,190.67,
2,Maze220925,2.193,8.7133,-0.9990,23.9163,190.68,
2,Maze220925,2.202,8.6883,-0.9990,23.9210,190.70,
2,Maze220925,2.209,8.6604,-0.9990,23.9210,190.73,
2,Maze220925,2.218,8.6404,-0.9990,23.9210,190.75,
2,Maze220925,2.227,8.6157,-0.9990,23.9210,190.76,
2,Maze220925,2.234,8.5892,-0.9990,23.9210,190.78,
2,Maze220925,2.256,8.5657,-0.9990,23.9210,190.81,
2,Maze220925,2.260,8.5147,-0.9990,23.8864,190.84,
2,Maze220925,2.268,8.5034,-0.9990,23.8787,190.84,
2,Maze220925,2.276,8.4822,-0.9990,23.8644,190.84,
2,Maze220925,2.284,8.4624,-0.9990,23.8509,190.85,
2,Maze220925,2.293,8.4425,-0.9990,23.8375,190.86,
2,Maze220925,2.301,8.4195,-0.9990,23.8219,190.86,
2,Maze220925,2.309,8.4000,-0.9990,23.8086,190.87,
2,Maze220925,2.317,8.3801,-0.9990,23.7951,190.87,
2,Maze220925,2.326,8.3611,-0.9990,23.7823,190.87,
2,Maze220925,2.338,8.3381,-0.9990,23.7666,190.87,
2,Maze220925,2.342,8.3095,-0.9990,23.7473,190.87,
2,Maze220925,2.351,8.2971,-0.9990,23.7389,190.87,
2,Maze220925,2.359,8.2767,-0.9990,23.7250,190.87,
2,Maze220925,2.367,8.2560,-0.9990,23.7110,190.87,
2,Maze220925,2.376,8.2353,-0.9990,23.6969,190.87,
2,Maze220925,2.384,8.2146,-0.9990,23.6830,190.87,
2,Maze220925,2.392,8.1943,-0.9990,23.6692,190.87,
2,Maze220925,2.400,8.1738,-0.9990,23.6552,190.87,
2,Maze220925,2.409,8.1532,-0.9990,23.6413,190.87,
2,Maze220925,2.417,8.1325,-0.9990,23.6273,190.87,
2,Maze220925,2.426,8.1116,-0.9990,23.6131,190.87,
2,Maze220925,2.434,8.0902,-0.9990,23.5986,190.87,
2,Maze220925,2.442,8.0700,-0.9990,23.5849,190.87,
2,Maze220925,2.451,8.0495,-0.9990,23.5710,190.87,
2,Maze220925,2.459,8.0447,-0.9990,23.5459,190.87,
2,Maze220925,2.467,8.0401,-0.9990,23.5218,190.87,
2,Maze220925,2.475,8.0354,-0.9990,23.4974,190.87,
2,Maze220925,2.484,8.0307,-0.9990,23.4728,190.87,
2,Maze220925,2.492,8.0258,-0.9990,23.4477,190.87,
2,Maze220925,2.500,8.0212,-0.9990,23.4232,190.87,
2,Maze220925,2.509,8.0165,-0.9990,23.3989,190.87,
2,Maze220925,2.517,8.0118,-0.9990,23.3745,190.87,
2,Maze220925,2.526,8.0070,-0.9990,23.3496,190.87,
2,Maze220925,2.534,8.0024,-0.9990,23.3253,190.87,
2,Maze220925,2.542,7.9976,-0.9990,23.3007,190.87,
2,Maze220925,2.551,7.9930,-0.9990,23.2764,190.87,
2,Maze220925,2.560,7.9882,-0.9990,23.2516,190.87,
2,Maze220925,2.568,7.9832,-0.9990,23.2256,190.87,
2,Maze220925,2.576,7.9785,-0.9990,23.2010,190.87,
2,Maze220925,2.584,7.9739,-0.9990,23.1771,190.87,
2,Maze220925,2.592,7.9692,-0.9990,23.1527,190.87,
2,Maze220925,2.621,7.9646,-0.9990,23.1286,190.87,
2,Maze220925,2.626,7.8933,-0.9990,23.0803,190.87,
2,Maze220925,2.635,7.8811,-0.9990,23.0720,190.87,
2,Maze220925,2.643,7.8599,-0.9990,23.0577,190.87,
2,Maze220925,2.652,7.8386,-0.9990,23.0432,190.87,
2,Maze220925,2.660,7.8180,-0.9990,23.0293,190.88,
2,Maze220925,2.669,7.7972,-0.9990,23.0152,190.89,
2,Maze220925,2.677,7.7759,-0.9990,23.0008,190.89,
2,Maze220925,2.685,7.7560,-0.9990,22.9872,190.89,
2,Maze220925,2.694,7.7355,-0.9990,22.9734,190.90,
2,Maze220925,2.701,7.7127,-0.9990,22.9579,190.90,
2,Maze220925,2.710,7.6939,-0.9990,22.9452,190.91,
2,Maze220925,2.718,7.6734,-0.9990,22.9313,190.92,
2,Maze220925,2.726,7.6528,-0.9990,22.9174,190.93,
2,Maze220925,2.735,7.6325,-0.9990,22.9037,190.93,
2,Maze220925,2.743,7.6112,-0.9990,22.8893,190.93,
2,Maze220925,2.751,7.5911,-0.9990,22.8757,190.93,
2,Maze220925,2.759,7.5708,-0.9990,22.8619,190.93,
2,Maze220925,2.767,7.5498,-0.9990,22.8478,190.94,
2,Maze220925,2.776,7.5316,-0.9990,22.8354,190.94,
2,Maze220925,2.784,7.5086,-0.9990,22.8199,190.95,
2,Maze220925,2.793,7.4881,-0.9990,22.8061,190.96,
2,Maze220925,2.801,7.4667,-0.9990,22.7916,190.98,
2,Maze220925,2.809,7.4468,-0.9990,22.7782,191.04,
2,Maze220925,2.817,7.4261,-0.9990,22.7643,191.11,
2,Maze220925,2.826,7.4053,-0.9990,22.7504,191.21,
2,Maze220925,2.834,7.3850,-0.9990,22.7369,191.34,
2,Maze220925,2.842,7.3641,-0.9990,22.7231,191.54,
2,Maze220925,2.850,7.3433,-0.9990,22.7093,191.62,
2,Maze220925,2.859,7.3223,-0.9990,22.6955,191.63,
2,Maze220925,2.867,7.3014,-0.9990,22.6820,192.10,
2,Maze220925,2.875,7.2800,-0.9990,22.6683,192.28,
2,Maze220925,2.883,7.2593,-0.9990,22.6550,192.37,
2,Maze220925,2.892,7.2401,-0.9990,22.6427,192.48,
2,Maze220925,2.901,7.2168,-0.9990,22.6280,192.63,
2,Maze220925,2.909,7.1956,-0.9990,22.6146,192.76,
2,Maze220925,2.917,7.1747,-0.9990,22.6015,192.85,
2,Maze220925,2.926,7.1536,-0.9990,22.5882,192.92,
2,Maze220925,2.934,7.1323,-0.9990,22.5749,192.97,
2,Maze220925,2.942,7.1110,-0.9990,22.5616,193.03,
2,Maze220925,2.950,7.0900,-0.9990,22.5486,193.10,
2,Maze220925,2.959,7.0688,-0.9990,22.5354,193.11,
2,Maze220925,2.967,7.0473,-0.9990,22.5220,193.13,
2,Maze220925,2.975,7.0264,-0.9990,22.5090,193.17,
2,Maze220925,2.984,7.0067,-0.9990,22.4968,193.19,
2,Maze220925,2.992,6.9834,-0.9990,22.4824,193.21,
2,Maze220925,3.001,6.9626,-0.9990,22.4695,193.23,
2,Maze220925,3.009,6.9413,-0.9990,22.4563,193.24,
2,Maze220925,3.017,6.9201,-0.9990,22.4432,193.25,
2,Maze220925,3.025,6.8988,-0.9990,22.4300,193.27,
2,Maze220925,3.033,6.8776,-0.9990,22.4169,193.29,
2,Maze220925,3.042,6.8580,-0.9990,22.4048,193.32,
2,Maze220925,3.050,6.8347,-0.9990,22.3905,193.33,
2,Maze220925,3.058,6.8138,-0.9990,22.3776,193.34,
2,Maze220925,3.067,6.7940,-0.9990,22.3654,193.36,
2,Maze220925,3.076,6.7709,-0.9990,22.3511,193.36,
2,Maze220925,3.084,6.7498,-0.9990,22.3382,193.37,
2,Maze220925,3.092,6.7285,-0.9990,22.3250,193.37,
2,Maze220925,3.122,6.7073,-0.9990,22.3119,193.38,
2,Maze220925,3.126,6.6321,-0.9990,22.2657,193.40,
2,Maze220925,3.134,6.6291,-0.9990,22.2528,193.40,
2,Maze220925,3.142,6.6234,-0.9990,22.2289,193.40,
2,Maze220925,3.150,6.6178,-0.9990,22.2055,193.40,
2,Maze220925,3.159,6.6121,-0.9990,22.1814,193.40,
2,Maze220925,3.167,6.6062,-0.9990,22.1571,193.40,
2,Maze220925,3.176,6.6005,-0.9990,22.1329,193.40,
2,Maze220925,3.184,6.5946,-0.9990,22.1081,193.40,
2,Maze220925,3.192,6.5887,-0.9990,22.0836,193.40,
2,Maze220925,3.201,6.5829,-0.9990,22.0591,193.40,
2,Maze220925,3.209,6.5771,-0.9990,22.0349,193.40,
2,Maze220925,3.217,6.5714,-0.9990,22.0109,193.41,
2,Maze220925,3.225,6.5656,-0.9990,21.9865,193.41,
2,Maze220925,3.234,6.5599,-0.9990,21.9626,193.41,
2,Maze220925,3.242,6.5541,-0.9990,21.9382,193.41,
2,Maze220925,3.250,6.5483,-0.9990,21.9140,193.41,
2,Maze220925,3.259,6.5425,-0.9990,21.8895,193.41,
2,Maze220925,3.267,6.5367,-0.9990,21.8653,193.41,
2,Maze220925,3.276,6.5308,-0.9990,21.8406,193.41,
2,Maze220925,3.284,6.5308,-0.9990,21.8406,193.41,
2,Maze220925,3.292,6.5308,-0.9990,21.8406,193.41,
2,Maze220925,3.300,6.5308,-0.9990,21.8406,193.41,
2,Maze220925,3.309,6.5308,-0.9990,21.8406,193.41,
2,Maze220925,3.317,6.5308,-0.9990,21.8406,193.41,
2,Maze220925,3.326,6.5308,-0.9990,21.8406,193.41,
2,Maze220925,3.340,6.5308,-0.9990,21.8406,193.41,
2,Maze220925,3.344,6.5308,-0.9990,21.8406,193.41,
2,Maze220925,3.351,6.5308,-0.9990,21.8406,193.41,
2,Maze220925,3.359,6.5308,-0.9990,21.8406,193.41,
2,Maze220925,3.367,6.5308,-0.9990,21.8406,193.41,
2,Maze220925,3.376,6.5308,-0.9990,21.8406,193.41,
2,Maze220925,3.384,6.5308,-0.9990,21.8406,193.41,
2,Maze220925,3.392,6.5308,-0.9990,21.8406,193.41,
2,Maze220925,3.401,6.5308,-0.9990,21.8406,193.41,
2,Maze220925,3.409,6.5308,-0.9990,21.8406,193.41,
2,Maze220925,3.417,6.5308,-0.9990,21.8406,193.41,
2,Maze220925,3.426,6.5308,-0.9990,21.8406,193.41,
2,Maze220925,3.434,6.5308,-0.9990,21.8406,193.41,
2,Maze220925,3.442,6.5308,-0.9990,21.8406,193.41,
2,Maze220925,3.451,6.5308,-0.9990,21.8406,193.41,
2,Maze220925,3.459,6.5308,-0.9990,21.8406,193.41,
2,Maze220925,3.469,6.5308,-0.9990,21.8406,193.41,
2,Maze220925,3.477,6.5308,-0.9990,21.8406,193.41,
2,Maze220925,3.483,6.5308,-0.9990,21.8406,193.41,
2,Maze220925,3.493,6.5308,-0.9990,21.8406,193.41,
2,Maze220925,3.501,6.5308,-0.9990,21.8406,193.41,
2,Maze220925,3.509,6.5308,-0.9990,21.8406,193.41,
2,Maze220925,3.518,6.5308,-0.9990,21.8406,193.41,
2,Maze220925,3.527,6.5308,-0.9990,21.8406,193.41,
2,Maze220925,3.534,6.5308,-0.9990,21.8406,193.41,
2,Maze220925,3.544,6.5308,-0.9990,21.8406,193.41,
2,Maze220925,3.551,6.5308,-0.9990,21.8406,193.41,
2,Maze220925,3.561,6.5308,-0.9990,21.8406,193.41,
2,Maze220925,3.568,6.5308,-0.9990,21.8406,193.41,
2,Maze220925,3.578,6.5308,-0.9990,21.8406,193.41,
2,Maze220925,3.584,6.5308,-0.9990,21.8406,193.41,
2,Maze220925,3.593,6.5308,-0.9990,21.8406,193.41,
2,Maze220925,3.603,6.5308,-0.9990,21.8406,193.41,
2,Maze220925,3.610,6.5308,-0.9990,21.8406,193.41,
2,Maze220925,3.618,6.5308,-0.9990,21.8406,193.41,
2,Maze220925,3.626,6.5308,-0.9990,21.8406,193.41,
2,Maze220925,3.636,6.5308,-0.9990,21.8406,193.41,
2,Maze220925,3.643,6.5308,-0.9990,21.8406,193.41,
2,Maze220925,3.651,6.5308,-0.9990,21.8406,193.41,
2,Maze220925,3.659,6.5308,-0.9990,21.8406,193.41,
2,Maze220925,3.668,6.5308,-0.9990,21.8406,193.41,
2,Maze220925,3.678,6.5308,-0.9990,21.8406,193.41,
2,Maze220925,3.684,6.5308,-0.9990,21.8406,193.41,
2,Maze220925,3.695,6.5308,-0.9990,21.8406,193.41,
2,Maze220925,3.701,6.5308,-0.9990,21.8406,193.41,
2,Maze220925,3.709,6.5308,-0.9990,21.8406,193.41,
2,Maze220925,3.717,6.5308,-0.9990,21.8406,193.41,
2,Maze220925,3.728,6.5308,-0.9990,21.8406,193.41,
2,Maze220925,3.734,6.5308,-0.9990,21.8406,193.41,
2,Maze220925,3.743,6.5308,-0.9990,21.8406,193.41,
2,Maze220925,3.751,6.5308,-0.9990,21.8406,193.41,
2,Maze220925,3.760,6.5308,-0.9990,21.8406,193.41,
2,Maze220925,3.768,6.5308,-0.9990,21.8406,193.41,
2,Maze220925,3.778,6.5308,-0.9990,21.8406,193.41,
2,Maze220925,3.785,6.5308,-0.9990,21.8406,193.41,
2,Maze220925,3.793,6.5308,-0.9990,21.8406,193.41,
2,Maze220925,3.801,6.5308,-0.9990,21.8406,193.41,
2,Maze220925,3.810,6.5308,-0.9990,21.8406,193.41,
2,Maze220925,3.818,6.5308,-0.9990,21.8406,193.41,
2,Maze220925,3.827,6.5308,-0.9990,21.8406,193.41,
2,Maze220925,3.835,6.5308,-0.9990,21.8406,193.41,
2,Maze220925,3.843,6.5308,-0.9990,21.8406,193.41,
2,Maze220925,3.851,6.5308,-0.9990,21.8406,193.41,
2,Maze220925,3.859,6.5308,-0.9990,21.8406,193.41,
2,Maze220925,3.868,6.5308,-0.9990,21.8406,193.41,
2,Maze220925,3.876,6.5308,-0.9990,21.8406,193.41,
2,Maze220925,3.884,6.5308,-0.9990,21.8406,193.41,
2,Maze220925,3.893,6.5308,-0.9990,21.8406,193.41,
2,Maze220925,3.901,6.5308,-0.9990,21.8406,193.41,
2,Maze220925,3.910,6.5308,-0.9990,21.8406,193.41,
2,Maze220925,3.917,6.5308,-0.9990,21.8406,193.41,
2,Maze220925,3.928,6.5308,-0.9990,21.8406,193.41,
2,Maze220925,3.934,6.5308,-0.9990,21.8406,193.41,
2,Maze220925,3.944,6.5308,-0.9990,21.8406,193.41,
2,Maze220925,3.951,6.5308,-0.9990,21.8406,193.41,
2,Maze220925,3.959,6.5308,-0.9990,21.8406,193.41,
2,Maze220925,3.969,6.5308,-0.9990,21.8406,193.41,
2,Maze220925,3.976,6.5308,-0.9990,21.8406,193.41,
2,Maze220925,3.984,6.5308,-0.9990,21.8406,193.41,
2,Maze220925,3.993,6.5308,-0.9990,21.8406,193.41,
2,Maze220925,4.001,6.5308,-0.9990,21.8406,193.41,
2,Maze220925,4.009,6.5308,-0.9990,21.8406,193.41,
2,Maze220925,4.019,6.5308,-0.9990,21.8406,193.41,
2,Maze220925,4.028,6.5308,-0.9990,21.8406,193.41,
2,Maze220925,4.035,6.5308,-0.9990,21.8406,193.41,
2,Maze220925,4.043,6.5308,-0.9990,21.8406,193.41,
2,Maze220925,4.051,6.5308,-0.9990,21.8406,193.41,
2,Maze220925,4.059,6.5308,-0.9990,21.8406,193.41,
2,Maze220925,4.068,6.5308,-0.9990,21.8406,193.41,
2,Maze220925,4.076,6.5308,-0.9990,21.8406,193.41,
2,Maze220925,4.084,6.5308,-0.9990,21.8406,193.41,
2,Maze220925,4.093,6.5308,-0.9990,21.8406,193.41,
2,Maze220925,4.101,6.5308,-0.9990,21.8406,193.41,
2,Maze220925,4.109,6.5308,-0.9990,21.8406,193.41,
2,Maze220925,4.119,6.5308,-0.9990,21.8406,193.41,
2,Maze220925,4.126,6.5308,-0.9990,21.8406,193.41,
2,Maze220925,4.134,6.5308,-0.9990,21.8406,193.41,
2,Maze220925,4.142,6.5308,-0.9990,21.8406,193.41,
2,Maze220925,4.151,6.5308,-0.9990,21.8406,193.41,
2,Maze220925,4.159,6.5308,-0.9990,21.8406,193.41,
2,Maze220925,4.168,6.5308,-0.9990,21.8406,193.41,
2,Maze220925,4.178,6.5308,-0.9990,21.8406,193.41,
2,Maze220925,4.185,6.5308,-0.9990,21.8406,193.41,
2,Maze220925,4.194,6.5308,-0.9990,21.8406,193.41,
2,Maze220925,4.201,6.5308,-0.9990,21.8406,193.41,
2,Maze220925,4.210,6.5308,-0.9990,21.8406,193.41,
2,Maze220925,4.218,6.5308,-0.9990,21.8406,193.41,
2,Maze220925,4.229,6.5308,-0.9990,21.8406,193.41,
2,Maze220925,4.234,6.5308,-0.9990,21.8406,193.41,
2,Maze220925,4.244,6.5308,-0.9990,21.8406,193.41,
2,Maze220925,4.251,6.5308,-0.9990,21.8406,193.41,
2,Maze220925,4.261,6.5308,-0.9990,21.8406,193.41,
2,Maze220925,4.268,6.5308,-0.9990,21.8406,193.41,
2,Maze220925,4.276,6.5308,-0.9990,21.8406,193.41,
2,Maze220925,4.302,6.5308,-0.9990,21.8406,193.41,
2,Maze220925,4.311,6.5308,-0.9990,21.8406,193.41,
2,Maze220925,4.318,6.5308,-0.9990,21.8406,193.41,
2,Maze220925,4.326,6.5308,-0.9990,21.8406,193.41,
2,Maze220925,4.336,6.5308,-0.9990,21.8406,193.41,
2,Maze220925,4.343,6.5308,-0.9990,21.8406,193.41,
2,Maze220925,4.351,6.5308,-0.9990,21.8406,193.41,
2,Maze220925,4.359,6.5308,-0.9990,21.8406,193.41,
2,Maze220925,4.370,6.5308,-0.9990,21.8406,193.41,
2,Maze220925,4.376,6.5308,-0.9990,21.8406,193.41,
2,Maze220925,4.385,6.5308,-0.9990,21.8406,193.41,
2,Maze220925,4.395,6.5308,-0.9990,21.8406,193.41,
2,Maze220925,4.401,6.5308,-0.9990,21.8406,193.41,
2,Maze220925,4.409,6.5308,-0.9990,21.8406,193.41,
2,Maze220925,4.418,6.5308,-0.9990,21.8406,193.41,
2,Maze220925,4.427,6.5308,-0.9990,21.8406,193.41,
2,Maze220925,4.434,6.5308,-0.9990,21.8406,193.41,
2,Maze220925,4.443,6.5308,-0.9990,21.8406,193.41,
2,Maze220925,4.451,6.5308,-0.9990,21.8406,193.41,
2,Maze220925,4.459,6.5308,-0.9990,21.8406,193.41,
2,Maze220925,4.467,6.5308,-0.9990,21.8406,193.41,
2,Maze220925,4.476,6.5308,-0.9990,21.8406,193.41,
2,Maze220925,4.484,6.5308,-0.9990,21.8406,193.41,
2,Maze220925,4.495,6.5308,-0.9990,21.8406,193.41,
2,Maze220925,4.501,6.5308,-0.9990,21.8406,193.41,
2,Maze220925,4.509,6.5308,-0.9990,21.8406,193.41,
2,Maze220925,4.518,6.5308,-0.9990,21.8406,193.41,
2,Maze220925,4.526,6.5308,-0.9990,21.8406,193.41,
2,Maze220925,4.534,6.5308,-0.9990,21.8406,193.41,
2,Maze220925,4.543,6.5308,-0.9990,21.8406,193.41,
2,Maze220925,4.551,6.5308,-0.9990,21.8406,193.41,
2,Maze220925,4.561,6.5308,-0.9990,21.8406,193.41,
2,Maze220925,4.568,6.5308,-0.9990,21.8406,193.41,
2,Maze220925,4.577,6.5308,-0.9990,21.8406,193.41,
2,Maze220925,4.584,6.5308,-0.9990,21.8406,193.41,
2,Maze220925,4.593,6.5308,-0.9990,21.8406,193.41,
2,Maze220925,4.603,6.5308,-0.9990,21.8406,193.41,
2,Maze220925,4.609,6.5308,-0.9990,21.8406,193.41,
2,Maze220925,4.618,6.5308,-0.9990,21.8406,193.41,
2,Maze220925,4.626,6.5308,-0.9990,21.8406,193.41,
2,Maze220925,4.634,6.5308,-0.9990,21.8406,193.41,
2,Maze220925,4.642,6.5308,-0.9990,21.8406,193.41,
2,Maze220925,4.652,6.5308,-0.9990,21.8406,193.41,
2,Maze220925,4.660,6.5308,-0.9990,21.8406,193.41,
2,Maze220925,4.669,6.5308,-0.9990,21.8406,193.41,
2,Maze220925,4.676,6.5308,-0.9990,21.8406,193.41,
2,Maze220925,4.686,6.5308,-0.9990,21.8406,193.41,
2,Maze220925,4.693,6.5308,-0.9990,21.8406,193.41,
2,Maze220925,4.701,6.5308,-0.9990,21.8406,193.41,
2,Maze220925,4.709,6.5308,-0.9990,21.8406,193.41,
2,Maze220925,4.718,6.5308,-0.9990,21.8406,193.41,
2,Maze220925,4.727,6.5308,-0.9990,21.8406,193.41,
2,Maze220925,4.734,6.5308,-0.9990,21.8406,193.41,
2,Maze220925,4.744,6.5308,-0.9990,21.8406,193.41,
2,Maze220925,4.751,6.5308,-0.9990,21.8406,193.41,
2,Maze220925,4.759,6.5308,-0.9990,21.8406,193.41,
2,Maze220925,4.768,6.5308,-0.9990,21.8406,193.41,
2,Maze220925,4.776,6.5308,-0.9990,21.8406,193.41,
2,Maze220925,4.803,6.5308,-0.9990,21.8406,193.41,
2,Maze220925,4.811,6.5308,-0.9990,21.8406,193.41,
2,Maze220925,4.818,6.5308,-0.9990,21.8406,193.41,
2,Maze220925,4.827,6.5308,-0.9990,21.8406,193.41,
2,Maze220925,4.835,6.5308,-0.9990,21.8406,193.41,
2,Maze220925,4.844,6.5308,-0.9990,21.8406,193.41,
2,Maze220925,4.851,6.5308,-0.9990,21.8406,193.41,
2,Maze220925,4.860,6.5308,-0.9990,21.8406,193.41,
2,Maze220925,4.867,6.5308,-0.9990,21.8406,193.41,
2,Maze220925,4.888,6.5308,-0.9990,21.8406,193.41,
2,Maze220925,4.894,6.5308,-0.9990,21.8406,193.41,
2,Maze220925,4.903,6.5308,-0.9990,21.8406,193.41,
2,Maze220925,4.910,6.5308,-0.9990,21.8406,193.41,
2,Maze220925,4.918,6.5308,-0.9990,21.8406,193.41,
2,Maze220925,4.926,6.5308,-0.9990,21.8406,193.41,
2,Maze220925,4.934,6.5308,-0.9990,21.8406,193.41,
2,Maze220925,4.944,6.5308,-0.9990,21.8406,193.41,
2,Maze220925,4.960,6.5308,-0.9990,21.8406,193.41,
2,Maze220925,4.968,6.5308,-0.9990,21.8406,193.41,
2,Maze220925,4.979,6.5308,-0.9990,21.8406,193.41,
2,Maze220925,4.984,6.5308,-0.9990,21.8406,193.41,
2,Maze220925,4.993,6.5308,-0.9990,21.8406,193.41,
2,Maze220925,5.001,6.5308,-0.9990,21.8406,193.41,
2,Maze220925,5.009,6.5308,-0.9990,21.8406,193.41,
2,Maze220925,5.018,6.5308,-0.9990,21.8406,193.41,
2,Maze220925,5.027,6.5308,-0.9990,21.8406,193.41,
2,Maze220925,5.037,6.5308,-0.9990,21.8406,193.41,
2,Maze220925,5.043,6.5308,-0.9990,21.8406,193.41,
2,Maze220925,5.051,6.5308,-0.9990,21.8406,193.41,
2,Maze220925,5.059,6.5308,-0.9990,21.8406,193.41,
2,Maze220925,5.068,6.5308,-0.9990,21.8406,193.41,
2,Maze220925,5.077,6.5308,-0.9990,21.8406,193.41,
2,Maze220925,5.086,6.5308,-0.9990,21.8406,193.41,
2,Maze220925,5.094,6.5308,-0.9990,21.8406,193.41,
2,Maze220925,5.101,6.5308,-0.9990,21.8406,193.41,
2,Maze220925,5.111,6.5308,-0.9990,21.8406,193.41,
2,Maze220925,5.122,6.5308,-0.9990,21.8406,193.41,
2,Maze220925,5.127,6.5308,-0.9990,21.8406,193.41,
2,Maze220925,5.135,6.5308,-0.9990,21.8406,193.41,
2,Maze220925,5.144,6.5308,-0.9990,21.8406,193.41,
2,Maze220925,5.152,6.5308,-0.9990,21.8406,193.41,
2,Maze220925,5.160,6.5308,-0.9990,21.8406,193.41,
2,Maze220925,5.169,6.5308,-0.9990,21.8406,193.41,
2,Maze220925,5.177,6.5308,-0.9990,21.8406,193.41,
2,Maze220925,5.186,6.5308,-0.9990,21.8406,193.41,
2,Maze220925,5.194,6.5308,-0.9990,21.8406,193.41,
2,Maze220925,5.205,6.5308,-0.9990,21.8406,193.41,
2,Maze220925,5.209,6.5308,-0.9990,21.8406,193.41,
2,Maze220925,5.218,6.5308,-0.9990,21.8406,193.41,
2,Maze220925,5.226,6.5308,-0.9990,21.8406,193.41,
2,Maze220925,5.234,6.5308,-0.9990,21.8406,193.41,
2,Maze220925,5.244,6.5308,-0.9990,21.8406,193.41,
2,Maze220925,5.252,6.5308,-0.9990,21.8406,193.41,
2,Maze220925,5.260,6.5308,-0.9990,21.8406,193.41,
2,Maze220925,5.270,6.5308,-0.9990,21.8406,193.41,
2,Maze220925,5.276,6.5308,-0.9990,21.8406,193.41,
2,Maze220925,5.288,6.5308,-0.9990,21.8406,193.41,
2,Maze220925,5.292,6.5308,-0.9990,21.8406,193.41,
2,Maze220925,5.301,6.5308,-0.9990,21.8406,193.41,
2,Maze220925,5.309,6.5308,-0.9990,21.8406,193.41,
2,Maze220925,5.319,6.5308,-0.9990,21.8406,193.41,
2,Maze220925,5.326,6.5308,-0.9990,21.8406,193.41,
2,Maze220925,5.349,6.5308,-0.9990,21.8406,193.41,
2,Maze220925,5.362,6.4653,-0.9990,21.8562,193.41,
2,Maze220925,5.371,6.4242,-0.9990,21.8660,193.41,
2,Maze220925,5.383,6.3990,-0.9990,21.8720,193.41,
2,Maze220925,5.392,6.3634,-0.9990,21.8805,193.41,
2,Maze220925,5.401,6.3364,-0.9990,21.8869,193.41,
2,Maze220925,5.435,6.3109,-0.9990,21.8930,193.41,
2,Maze220925,5.444,6.2252,-0.9990,21.8403,193.41,
2,Maze220925,5.451,6.2007,-0.9990,21.8252,193.41,
2,Maze220925,5.459,6.1833,-0.9990,21.8145,193.41,
2,Maze220925,5.468,6.1625,-0.9990,21.8017,193.41,
2,Maze220925,5.476,6.1416,-0.9990,21.7889,193.41,
2,Maze220925,5.484,6.1203,-0.9990,21.7758,193.41,
2,Maze220925,5.493,6.0981,-0.9990,21.7621,193.41,
2,Maze220925,5.501,6.0773,-0.9990,21.7493,193.41,
2,Maze220925,5.510,6.0558,-0.9990,21.7361,193.41,
2,Maze220925,5.518,6.0326,-0.9990,21.7218,193.41,
2,Maze220925,5.526,6.0135,-0.9990,21.7101,193.41,
2,Maze220925,5.536,5.9923,-0.9990,21.6971,193.41,
2,Maze220925,5.543,5.9683,-0.9990,21.6823,193.41,
2,Maze220925,5.551,5.9492,-0.9990,21.6706,193.41,
2,Maze220925,5.559,5.9280,-0.9990,21.6575,193.41,
2,Maze220925,5.568,5.9070,-0.9990,21.6446,193.41,
2,Maze220925,5.576,5.8856,-0.9990,21.6314,193.41,
2,Maze220925,5.585,5.8647,-0.9990,21.6186,193.41,
2,Maze220925,5.593,5.8406,-0.9990,21.6038,193.41,
2,Maze220925,5.603,5.8218,-0.9990,21.5922,193.41,
2,Maze220925,5.609,5.7984,-0.9990,21.5778,193.41,
2,Maze220925,5.618,5.7792,-0.9990,21.5660,193.41,
2,Maze220925,5.626,5.7733,-0.9990,21.5410,193.41,
2,Maze220925,5.634,5.7677,-0.9990,21.5176,193.41,
2,Maze220925,5.643,5.7619,-0.9990,21.4934,193.41,
2,Maze220925,5.651,5.7561,-0.9990,21.4689,193.41,
2,Maze220925,5.661,5.7506,-0.9990,21.4461,193.41,
2,Maze220925,5.668,5.7434,-0.9990,21.4159,193.41,
2,Maze220925,5.678,5.7387,-0.9990,21.3959,193.41,
2,Maze220925,5.684,5.7322,-0.9990,21.3686,193.41,
2,Maze220925,5.693,5.7271,-0.9990,21.3472,193.41,
2,Maze220925,5.701,5.7212,-0.9990,21.3228,193.41,
2,Maze220925,5.709,5.7155,-0.9990,21.2989,193.41,
2,Maze220925,5.718,5.7097,-0.9990,21.2745,193.41,
2,Maze220925,5.726,5.7039,-0.9990,21.2502,193.41,
2,Maze220925,5.736,5.6982,-0.9990,21.2263,193.41,
2,Maze220925,5.742,5.6913,-0.9990,21.1971,193.41,
2,Maze220925,5.752,5.6869,-0.9990,21.1788,193.41,
2,Maze220925,5.759,5.6805,-0.9990,21.1519,193.41,
2,Maze220925,5.769,5.6750,-0.9990,21.1286,193.41,
2,Maze220925,5.776,5.6684,-0.9990,21.1011,193.41,
2,Maze220925,5.784,5.6633,-0.9990,21.0796,193.41,
2,Maze220925,5.793,5.6575,-0.9990,21.0555,193.41,
2,Maze220925,5.801,5.6518,-0.9990,21.0314,193.41,
2,Maze220925,5.810,5.6460,-0.9990,21.0070,193.41,
2,Maze220925,5.817,5.6400,-0.9990,20.9819,193.41,
2,Maze220925,5.827,5.6344,-0.9990,20.9585,193.41,
2,Maze220925,5.834,5.6285,-0.9990,20.9338,193.41,
2,Maze220925,5.845,5.6228,-0.9990,20.9096,193.41,
2,Maze220925,5.851,5.6158,-0.9990,20.8804,193.41,
2,Maze220925,5.859,5.6111,-0.9990,20.8609,193.41,
2,Maze220925,5.869,5.6054,-0.9990,20.8369,193.41,
2,Maze220925,5.876,5.5992,-0.9990,20.8106,193.41,
2,Maze220925,5.884,5.5937,-0.9990,20.7879,193.41,
2,Maze220925,5.893,5.5880,-0.9990,20.7637,193.41,
2,Maze220925,5.901,5.5822,-0.9990,20.7394,193.41,
2,Maze220925,5.927,5.5763,-0.9990,20.7147,193.41,
2,Maze220925,5.935,5.5589,-0.9990,20.6417,193.41,
2,Maze220925,5.945,5.5529,-0.9990,20.6165,193.41,
2,Maze220925,5.952,5.5463,-0.9990,20.5891,193.41,
2,Maze220925,5.961,5.5412,-0.9990,20.5673,193.41,
2,Maze220925,5.969,5.5352,-0.9990,20.5422,193.41,
2,Maze220925,5.976,5.5294,-0.9990,20.5179,193.41,
2,Maze220925,5.985,5.5242,-0.9990,20.4962,193.41,
2,Maze220925,6.011,5.5180,-0.9990,20.4703,193.41,
2,Maze220925,6.019,5.5001,-0.9990,20.3950,193.41,
2,Maze220925,6.028,5.4945,-0.9990,20.3717,193.41,
2,Maze220925,6.036,5.4885,-0.9990,20.3464,193.41,
2,Maze220925,6.044,5.4828,-0.9990,20.3224,193.41,
2,Maze220925,6.052,5.4773,-0.9990,20.2995,193.41,
2,Maze220925,6.060,5.4715,-0.9990,20.2751,193.41,
2,Maze220925,6.069,5.4657,-0.9990,20.2507,193.41,
2,Maze220925,6.091,5.4597,-0.9990,20.2255,193.41,
2,Maze220925,6.102,5.4450,-0.9990,20.1640,193.41,
2,Maze220925,6.110,5.4365,-0.9990,20.1283,193.41,
2,Maze220925,6.119,5.4312,-0.9990,20.1061,193.41,
2,Maze220925,6.126,5.4250,-0.9990,20.0802,193.41,
2,Maze220925,6.136,5.4198,-0.9990,20.0583,193.41,
2,Maze220925,6.143,5.4134,-0.9990,20.0315,193.41,
2,Maze220925,6.151,5.4083,-0.9990,20.0101,193.41,
2,Maze220925,6.175,5.4024,-0.9990,19.9855,193.41,
2,Maze220925,6.186,5.3861,-0.9990,19.9170,193.41,
2,Maze220925,6.193,5.3786,-0.9990,19.8853,193.41,
2,Maze220925,6.201,5.3731,-0.9990,19.8626,193.41,
2,Maze220925,6.209,5.3676,-0.9990,19.8394,193.41,
2,Maze220925,6.218,5.3618,-0.9990,19.8152,193.41,
2,Maze220925,6.226,5.3561,-0.9990,19.7911,193.41,
2,Maze220925,6.234,5.3503,-0.9990,19.7668,193.41,
2,Maze220925,6.258,5.3445,-0.9990,19.7425,193.41,
2,Maze220925,6.269,5.3284,-0.9990,19.6750,193.41,
2,Maze220925,6.277,5.3209,-0.9990,19.6435,193.41,
2,Maze220925,6.284,5.3152,-0.9990,19.6194,193.41,
2,Maze220925,6.294,5.3097,-0.9990,19.5965,193.41,
2,Maze220925,6.300,5.3028,-0.9990,19.5677,193.41,
2,Maze220925,6.311,5.2985,-0.9990,19.5497,193.41,
2,Maze220925,6.319,5.2916,-0.9990,19.5204,193.41,
2,Maze220925,6.340,5.2860,-0.9990,19.4970,193.41,
2,Maze220925,6.352,5.2713,-0.9990,19.4354,193.41,
2,Maze220925,6.361,5.2626,-0.9990,19.3989,193.41,
2,Maze220925,6.368,5.2569,-0.9990,19.3748,193.41,
2,Maze220925,6.376,5.2517,-0.9990,19.3532,193.41,
2,Maze220925,6.384,5.2460,-0.9990,19.3291,193.41,
2,Maze220925,6.393,5.2402,-0.9990,19.3048,193.41,
2,Maze220925,6.401,5.2342,-0.9990,19.2797,193.41,
2,Maze220925,6.421,5.2286,-0.9990,19.2562,193.41,
2,Maze220925,6.427,5.2148,-0.9990,19.1982,193.41,
2,Maze220925,6.436,5.2104,-0.9990,19.1801,193.41,
2,Maze220925,6.444,5.2046,-0.9990,19.1558,193.41,
2,Maze220925,6.451,5.1988,-0.9990,19.1313,193.41,
2,Maze220925,6.459,5.1937,-0.9990,19.1099,193.41,
2,Maze220925,6.469,5.1880,-0.9990,19.0858,193.41,
2,Maze220925,6.496,5.1814,-0.9990,19.0584,193.41,
2,Maze220925,6.502,5.1127,-0.9990,19.0161,193.41,
2,Maze220925,6.511,5.0966,-0.9990,19.0062,193.41,
2,Maze220925,6.519,5.0742,-0.9990,18.9925,193.41,
2,Maze220925,6.527,5.0537,-0.9990,18.9799,193.41,
2,Maze220925,6.534,5.0329,-0.9990,18.9671,193.41,
2,Maze220925,6.543,5.0153,-0.9990,18.9562,193.41,
2,Maze220925,6.551,4.9924,-0.9990,18.9422,193.41,
2,Maze220925,6.559,4.9712,-0.9990,18.9291,193.41,
2,Maze220925,6.568,4.9499,-0.9990,18.9161,193.41,
2,Maze220925,6.576,4.9281,-0.9990,18.9025,193.25,
2,Maze220925,6.584,4.9069,-0.9990,18.8893,193.10,
2,Maze220925,6.593,4.8858,-0.9990,18.8761,192.99,
2,Maze220925,6.600,4.8648,-0.9990,18.8630,192.89,
2,Maze220925,6.609,4.8450,-0.9990,18.8505,192.82,
2,Maze220925,6.617,4.8224,-0.9990,18.8363,192.76,
2,Maze220925,6.626,4.8017,-0.9990,18.8232,192.72,
2,Maze220925,6.633,4.7807,-0.9990,18.8099,192.66,
2,Maze220925,6.643,4.7612,-0.9990,18.7975,192.61,collect_1
2,Maze220925,6.643,4.7612,-0.9990,18.7975,192.61,
2,Maze220925,6.650,4.7381,-0.9990,18.7829,192.59,
2,Maze220925,6.659,4.7189,-0.9990,18.7706,192.56,
2,Maze220925,6.667,4.6959,-0.9990,18.7560,192.53,
2,Maze220925,6.676,4.6773,-0.9990,18.7442,192.52,
2,Maze220925,6.684,4.6540,-0.9990,18.7293,192.52,
2,Maze220925,6.692,4.6333,-0.9990,18.7161,192.47,
2,Maze220925,6.701,4.6119,-0.9990,18.7025,192.43,
2,Maze220925,6.709,4.5911,-0.9990,18.6891,192.31,
2,Maze220925,6.717,4.5701,-0.9990,18.6756,192.26,
2,Maze220925,6.726,4.5507,-0.9990,18.6631,192.20,
2,Maze220925,6.734,4.5279,-0.9990,18.6484,192.14,
2,Maze220925,6.742,4.5072,-0.9990,18.6350,192.08,
2,Maze220925,6.751,4.4861,-0.9990,18.6213,192.06,
2,Maze220925,6.759,4.4651,-0.9990,18.6077,192.06,
2,Maze220925,6.767,4.4439,-0.9990,18.5939,192.00,
2,Maze220925,6.775,4.4231,-0.9990,18.5805,191.98,
2,Maze220925,6.784,4.4038,-0.9990,18.5679,191.97,
2,Maze220925,6.792,4.3812,-0.9990,18.5532,191.96,
2,Maze220925,6.801,4.3602,-0.9990,18.5395,191.95,
2,Maze220925,6.809,4.3394,-0.9990,18.5260,191.93,
2,Maze220925,6.818,4.3184,-0.9990,18.5123,191.92,
2,Maze220925,6.826,4.2968,-0.9990,18.4982,191.91,
2,Maze220925,6.834,4.2762,-0.9990,18.4848,191.90,
2,Maze220925,6.842,4.2556,-0.9990,18.4714,191.89,
2,Maze220925,6.851,4.2347,-0.9990,18.4577,191.87,
2,Maze220925,6.859,4.2138,-0.9990,18.4441,191.86,
2,Maze220925,6.867,4.1927,-0.9990,18.4303,191.84,
2,Maze220925,6.876,4.1875,-0.9990,18.4055,191.81,
2,Maze220925,6.884,4.1825,-0.9990,18.3814,191.76,
2,Maze220925,6.892,4.1775,-0.9990,18.3572,191.67,
2,Maze220925,6.901,4.1725,-0.9990,18.3328,191.63,
2,Maze220925,6.909,4.1674,-0.9990,18.3079,191.62,
2,Maze220925,6.917,4.1624,-0.9990,18.2831,191.27,
2,Maze220925,6.925,4.1577,-0.9990,18.2593,191.11,
2,Maze220925,6.934,4.1530,-0.9990,18.2346,190.86,
2,Maze220925,6.942,4.1485,-0.9990,18.2103,190.61,
2,Maze220925,6.950,4.1439,-0.9990,18.1855,190.36,
2,Maze220925,6.959,4.1396,-0.9990,18.1610,190.09,
2,Maze220925,6.967,4.1353,-0.9990,18.1362,189.78,
2,Maze220925,6.975,4.1311,-0.9990,18.1118,189.66,
2,Maze220925,6.983,4.1272,-0.9990,18.0889,189.63,
2,Maze220925,6.992,4.1236,-0.9990,18.0640,188.27,
2,Maze220925,7.001,4.1199,-0.9990,18.0369,187.78,
2,Maze220925,7.009,4.1199,-0.9990,18.0369,187.14,
2,Maze220925,7.016,4.1199,-0.9990,18.0369,186.49,
2,Maze220925,7.026,4.1199,-0.9990,18.0369,185.88,
2,Maze220925,7.034,4.1199,-0.9990,18.0369,185.39,
2,Maze220925,7.042,4.1199,-0.9990,18.0369,185.10,
2,Maze220925,7.051,4.1199,-0.9990,18.0369,184.77,
2,Maze220925,7.059,4.1199,-0.9990,18.0369,184.32,
2,Maze220925,7.067,4.1199,-0.9990,18.0369,183.95,
2,Maze220925,7.076,4.1199,-0.9990,18.0369,183.65,
2,Maze220925,7.084,4.1199,-0.9990,18.0369,183.47,
2,Maze220925,7.092,4.1199,-0.9990,18.0369,183.31,
2,Maze220925,7.101,4.1199,-0.9990,18.0369,183.22,
2,Maze220925,7.109,4.1199,-0.9990,18.0369,183.11,
2,Maze220925,7.117,4.1199,-0.9990,18.0369,182.97,
2,Maze220925,7.126,4.1199,-0.9990,18.0369,182.87,
2,Maze220925,7.134,4.1199,-0.9990,18.0369,182.80,
2,Maze220925,7.142,4.1199,-0.9990,18.0369,182.76,
2,Maze220925,7.151,4.1199,-0.9990,18.0369,182.73,
2,Maze220925,7.159,4.1199,-0.9990,18.0369,182.72,
2,Maze220925,7.167,4.1199,-0.9990,18.0369,182.71,
2,Maze220925,7.176,4.1199,-0.9990,18.0369,182.71,
2,Maze220925,7.184,4.1199,-0.9990,18.0369,182.70,
2,Maze220925,7.192,4.1199,-0.9990,18.0369,182.70,
2,Maze220925,7.200,4.1199,-0.9990,18.0369,182.70,
2,Maze220925,7.209,4.1199,-0.9990,18.0369,182.70,
2,Maze220925,7.217,4.1199,-0.9990,18.0369,182.70,
2,Maze220925,7.225,4.1199,-0.9990,18.0369,182.70,
2,Maze220925,7.234,4.1199,-0.9990,18.0369,182.70,
2,Maze220925,7.242,4.1199,-0.9990,18.0369,182.70,
2,Maze220925,7.250,4.1199,-0.9990,18.0369,182.70,
2,Maze220925,7.259,4.1199,-0.9990,18.0369,182.70,
2,Maze220925,7.267,4.1199,-0.9990,18.0369,182.70,
2,Maze220925,7.275,4.1199,-0.9990,18.0369,182.70,
2,Maze220925,7.284,4.1199,-0.9990,18.0369,182.70,
2,Maze220925,7.292,4.1199,-0.9990,18.0369,182.70,
2,Maze220925,7.300,4.1199,-0.9990,18.0369,182.70,
2,Maze220925,7.309,4.1199,-0.9990,18.0369,182.70,
2,Maze220925,7.330,4.1199,-0.9990,18.0369,182.70,
2,Maze220925,7.334,4.1169,-0.9990,17.9739,182.72,
2,Maze220925,7.343,4.1163,-0.9990,17.9617,182.72,
2,Maze220925,7.351,4.1151,-0.9990,17.9359,182.72,
2,Maze220925,7.359,4.1140,-0.9990,17.9118,182.72,
2,Maze220925,7.368,4.1128,-0.9990,17.8880,182.74,
2,Maze220925,7.376,4.1116,-0.9990,17.8616,182.75,
2,Maze220925,7.383,4.1104,-0.9990,17.8368,182.75,
2,Maze220925,7.392,4.1093,-0.9990,17.8141,182.75,
2,Maze220925,7.401,4.1080,-0.9990,17.7870,182.76,
2,Maze220925,7.409,4.1068,-0.9990,17.7621,182.76,
2,Maze220925,7.417,4.1056,-0.9990,17.7378,182.76,
2,Maze220925,7.425,4.1044,-0.9990,17.7128,182.76,
2,Maze220925,7.434,4.1032,-0.9990,17.6879,182.76,
2,Maze220925,7.442,4.1020,-0.9990,17.6628,182.76,
2,Maze220925,7.450,4.1008,-0.9990,17.6380,182.76,
2,Maze220925,7.459,4.0996,-0.9990,17.6130,182.76,
2,Maze220925,7.467,4.0984,-0.9990,17.5878,182.76,
2,Maze220925,7.475,4.0972,-0.9990,17.5628,182.76,
2,Maze220925,7.484,4.0960,-0.9990,17.5389,182.76,
2,Maze220925,7.492,4.0947,-0.9990,17.5121,182.76,
2,Maze220925,7.499,4.0936,-0.9990,17.4876,182.76,
2,Maze220925,7.509,4.0925,-0.9990,17.4658,182.76,
2,Maze220925,7.517,4.0911,-0.9990,17.4374,182.76,
2,Maze220925,7.526,4.0899,-0.9990,17.4125,182.76,
2,Maze220925,7.533,4.0888,-0.9990,17.3881,182.76,
2,Maze220925,7.542,4.0876,-0.9990,17.3645,182.76,
2,Maze220925,7.550,4.0863,-0.9990,17.3373,182.76,
2,Maze220925,7.559,4.0852,-0.9990,17.3147,182.76,
2,Maze220925,7.567,4.0840,-0.9990,17.2891,182.76,
2,Maze220925,7.576,4.0827,-0.9990,17.2624,182.76,
2,Maze220925,7.584,4.0815,-0.9990,17.2378,182.76,
2,Maze220925,7.592,4.0803,-0.9990,17.2131,182.76,
2,Maze220925,7.602,4.0791,-0.9990,17.1879,182.76,
2,Maze220925,7.609,4.0778,-0.9990,17.1598,182.76,
2,Maze220925,7.630,4.0767,-0.9990,17.1379,182.76,
2,Maze220925,7.634,4.1182,-0.9990,17.0922,182.76,
2,Maze220925,7.642,4.1271,-0.9990,17.0825,182.76,
2,Maze220925,7.651,4.1444,-0.9990,17.0634,182.76,
2,Maze220925,7.660,4.1614,-0.9990,17.0447,182.76,
2,Maze220925,7.668,4.1784,-0.9990,17.0260,182.76,
2,Maze220925,7.676,4.1953,-0.9990,17.0074,182.76,
2,Maze220925,7.684,4.2116,-0.9990,16.9894,182.76,
2,Maze220925,7.693,4.2286,-0.9990,16.9707,182.76,
2,Maze220925,7.701,4.2453,-0.9990,16.9523,182.76,
2,Maze220925,7.709,4.2616,-0.9990,16.9343,182.76,
2,Maze220925,7.717,4.2780,-0.9990,16.9163,182.76,
2,Maze220925,7.725,4.2948,-0.9990,16.8978,182.76,
2,Maze220925,7.734,4.3115,-0.9990,16.8793,182.76,
2,Maze220925,7.742,4.3283,-0.9990,16.8608,182.76,
2,Maze220925,7.750,4.3451,-0.9990,16.8424,182.76,
2,Maze220925,7.759,4.3620,-0.9990,16.8238,182.76,
2,Maze220925,7.767,4.3792,-0.9990,16.8048,182.76,
2,Maze220925,7.776,4.3963,-0.9990,16.7860,182.76,
2,Maze220925,7.784,4.4131,-0.9990,16.7675,182.76,
2,Maze220925,7.792,4.4296,-0.9990,16.7493,182.77,
2,Maze220925,7.801,4.4466,-0.9990,16.7305,182.77,
2,Maze220925,7.809,4.4631,-0.9990,16.7124,182.77,
2,Maze220925,7.817,4.4800,-0.9990,16.6938,182.77,
2,Maze220925,7.825,4.4965,-0.9990,16.6756,182.77,
2,Maze220925,7.834,4.5132,-0.9990,16.6572,182.77,
2,Maze220925,7.842,4.5301,-0.9990,16.6386,182.77,
2,Maze220925,7.850,4.5469,-0.9990,16.6201,182.77,
2,Maze220925,7.859,4.5637,-0.9990,16.6016,182.77,
2,Maze220925,7.867,4.5805,-0.9990,16.5831,182.77,
2,Maze220925,7.875,4.5973,-0.9990,16.5645,182.77,
2,Maze220925,7.884,4.6142,-0.9990,16.5460,182.77,
2,Maze220925,7.892,4.6310,-0.9990,16.5274,182.77,
2,Maze220925,7.901,4.6478,-0.9990,16.5090,182.77,
2,Maze220925,7.909,4.6651,-0.9990,16.4899,182.77,
2,Maze220925,7.917,4.6815,-0.9990,16.4718,182.77,
2,Maze220925,7.926,4.6984,-0.9990,16.4531,182.77,
2,Maze220925,7.934,4.7154,-0.9990,16.4344,182.77,
2,Maze220925,7.943,4.7320,-0.9990,16.4162,182.77,
2,Maze220925,7.951,4.7307,-0.9990,16.3902,182.77,
2,Maze220925,7.959,4.7296,-0.9990,16.3662,182.77,
2,Maze220925,7.967,4.7283,-0.9990,16.3409,182.77,
2,Maze220925,7.976,4.7271,-0.9990,16.3160,182.77,
2,Maze220925,7.984,4.7260,-0.9990,16.2914,182.77,
2,Maze220925,7.992,4.7247,-0.9990,16.2664,182.77,
2,Maze220925,8.001,4.7235,-0.9990,16.2411,182.77,
2,Maze220925,8.010,4.7223,-0.9990,16.2160,182.77,
2,Maze220925,8.018,4.7210,-0.9990,16.1884,182.77,
2,Maze220925,8.028,4.7210,-0.9990,16.1659,182.77,
2,Maze220925,8.035,4.7210,-0.9990,16.1378,182.77,
2,Maze220925,8.043,4.7210,-0.9990,16.1144,182.77,
2,Maze220925,8.051,4.7210,-0.9990,16.0911,182.77,
2,Maze220925,8.059,4.7210,-0.9990,16.0663,182.77,
2,Maze220925,8.069,4.7210,-0.9990,16.0413,182.77,
2,Maze220925,8.077,4.7210,-0.9990,16.0127,182.77,
2,Maze220925,8.085,4.7210,-0.9990,15.9890,182.77,
2,Maze220925,8.093,4.7210,-0.9990,15.9631,182.77,
2,Maze220925,8.101,4.7210,-0.9990,15.9408,182.77,
2,Maze220925,8.111,4.7210,-0.9990,15.9163,182.77,
2,Maze220925,8.118,4.7210,-0.9990,15.8881,182.77,
2,Maze220925,8.127,4.7210,-0.9990,15.8652,182.77,
2,Maze220925,8.134,4.7210,-0.9990,15.8382,182.77,
2,Maze220925,8.143,4.7210,-0.9990,15.8162,182.77,
2,Maze220925,8.151,4.7210,-0.9990,15.7914,182.77,
2,Maze220925,8.160,4.7210,-0.9990,15.7667,182.77,
2,Maze220925,8.168,4.7210,-0.9990,15.7375,182.77,
2,Maze220925,8.176,4.7210,-0.9990,15.7165,182.77,
2,Maze220925,8.186,4.7210,-0.9990,15.6916,182.77,
2,Maze220925,8.192,4.7210,-0.9990,15.6631,182.77,
2,Maze220925,8.203,4.7210,-0.9990,15.6427,182.77,
2,Maze220925,8.209,4.7210,-0.9990,15.6132,182.77,
2,Maze220925,8.217,4.7210,-0.9990,15.5917,182.77,
2,Maze220925,8.227,4.7210,-0.9990,15.5683,182.77,
2,Maze220925,8.233,4.7210,-0.9990,15.5379,182.77,
2,Maze220925,8.243,4.7210,-0.9990,15.5196,182.77,
2,Maze220925,8.252,4.7210,-0.9990,15.4893,182.77,
2,Maze220925,8.259,4.7210,-0.9990,15.4651,182.77,
2,Maze220925,8.268,4.7210,-0.9990,15.4417,182.77,
2,Maze220925,8.276,4.7210,-0.9990,15.4168,182.77,
2,Maze220925,8.284,4.7210,-0.9990,15.3919,182.77,
2,Maze220925,8.292,4.7210,-0.9990,15.3668,182.77,
2,Maze220925,8.303,4.7210,-0.9990,15.3426,182.77,
2,Maze220925,8.310,4.7210,-0.9990,15.3138,182.77,
2,Maze220925,8.318,4.7210,-0.9990,15.2901,182.77,
2,Maze220925,8.326,4.7210,-0.9990,15.2667,182.77,
2,Maze220925,8.334,4.7210,-0.9990,15.2425,182.77,
2,Maze220925,8.342,4.7210,-0.9990,15.2174,182.77,
2,Maze220925,8.362,4.7210,-0.9990,15.1925,182.77,
2,Maze220925,8.369,4.7210,-0.9990,15.1925,182.77,
2,Maze220925,8.377,4.7210,-0.9990,15.1925,182.77,
2,Maze220925,8.385,4.7210,-0.9990,15.1925,182.77,
2,Maze220925,8.393,4.7210,-0.9990,15.1925,182.77,
2,Maze220925,8.401,4.7210,-0.9990,15.1925,182.77,
2,Maze220925,8.409,4.7210,-0.9990,15.1925,182.77,
2,Maze220925,8.419,4.7210,-0.9990,15.1925,182.77,
2,Maze220925,8.425,4.7210,-0.9990,15.1925,182.77,
2,Maze220925,8.436,4.7210,-0.9990,15.1925,182.77,
2,Maze220925,8.443,4.7210,-0.9990,15.1925,182.77,
2,Maze220925,8.451,4.7210,-0.9990,15.1925,182.77,
2,Maze220925,8.459,4.7210,-0.9990,15.1925,182.77,
2,Maze220925,8.467,4.7210,-0.9990,15.1925,182.77,
2,Maze220925,8.478,4.7210,-0.9990,15.1925,182.77,
2,Maze220925,8.485,4.7210,-0.9990,15.1925,182.77,
2,Maze220925,8.494,4.7210,-0.9990,15.1701,182.77,
2,Maze220925,8.501,4.7210,-0.9990,15.1414,182.77,
2,Maze220925,8.509,4.7210,-0.9990,15.1209,182.77,
2,Maze220925,8.517,4.7210,-0.9990,15.0959,182.77,
2,Maze220925,8.528,4.7210,-0.9990,15.0715,182.77,
2,Maze220925,8.536,4.7210,-0.9990,15.0429,182.77,
2,Maze220925,8.543,4.7210,-0.9990,15.0186,182.77,
2,Maze220925,8.551,4.7210,-0.9990,14.9960,182.77,
2,Maze220925,8.559,4.7210,-0.9990,14.9713,182.77,
2,Maze220925,8.569,4.7210,-0.9990,14.9465,182.77,
2,Maze220925,8.576,4.7210,-0.9990,14.9167,182.77,
2,Maze220925,8.586,4.7210,-0.9990,14.8960,182.77,
2,Maze220925,8.593,4.7210,-0.9990,14.8689,182.77,
2,Maze220925,8.603,4.7210,-0.9990,14.8462,182.77,
2,Maze220925,8.609,4.7210,-0.9990,14.8183,182.77,
2,Maze220925,8.618,4.7210,-0.9990,14.7988,182.77,
2,Maze220925,8.626,4.7210,-0.9990,14.7686,182.77,
2,Maze220925,8.634,4.7210,-0.9990,14.7465,182.77,
2,Maze220925,8.642,4.7210,-0.9990,14.7216,182.77,
2,Maze220925,8.651,4.7210,-0.9990,14.6967,182.77,
2,Maze220925,8.661,4.7210,-0.9990,14.6717,182.77,
2,Maze220925,8.667,4.7210,-0.9990,14.6437,182.77,
2,Maze220925,8.678,4.7210,-0.9990,14.6235,182.77,
2,Maze220925,8.684,4.7210,-0.9990,14.5916,182.77,
2,Maze220925,8.693,4.7210,-0.9990,14.5717,182.77,
2,Maze220925,8.701,4.7210,-0.9990,14.5469,182.77,
2,Maze220925,8.711,4.7210,-0.9990,14.5221,182.77,
2,Maze220925,8.717,4.7210,-0.9990,14.4924,182.77,
2,Maze220925,8.746,4.7210,-0.9990,14.4720,182.77,
2,Maze220925,8.751,4.7210,-0.9990,14.4720,182.77,
2,Maze220925,8.761,4.7210,-0.9990,14.4720,182.77,
2,Maze220925,8.770,4.7210,-0.9990,14.4720,182.77,
2,Maze220925,8.777,4.7210,-0.9990,14.4720,182.77,
2,Maze220925,8.786,4.7210,-0.9990,14.4720,182.77,
2,Maze220925,8.793,4.7210,-0.9990,14.4720,182.77,
2,Maze220925,8.801,4.7210,-0.9990,14.4720,182.77,
2,Maze220925,8.811,4.7210,-0.9990,14.4720,182.77,
2,Maze220925,8.817,4.7210,-0.9990,14.4720,182.77,
2,Maze220925,8.828,4.7210,-0.9990,14.4720,182.77,
2,Maze220925,8.834,4.7210,-0.9990,14.4720,182.77,
2,Maze220925,8.842,4.7210,-0.9990,14.4720,182.77,
2,Maze220925,8.852,4.7210,-0.9990,14.4720,182.77,
2,Maze220925,8.859,4.7210,-0.9990,14.4720,182.77,
2,Maze220925,8.867,4.7210,-0.9990,14.4720,182.77,
2,Maze220925,8.876,4.7210,-0.9990,14.4720,182.77,
2,Maze220925,8.886,4.7210,-0.9990,14.4720,182.77,
2,Maze220925,8.892,4.7210,-0.9990,14.4720,182.77,
2,Maze220925,8.901,4.7210,-0.9990,14.4720,182.77,
2,Maze220925,8.909,4.7210,-0.9990,14.4720,182.77,
2,Maze220925,8.917,4.7210,-0.9990,14.4720,182.77,
2,Maze220925,8.927,4.7210,-0.9990,14.4720,182.77,
2,Maze220925,8.933,4.7210,-0.9990,14.4720,182.77,
2,Maze220925,8.944,4.7210,-0.9990,14.4720,182.77,
2,Maze220925,8.952,4.7210,-0.9990,14.4720,182.77,
2,Maze220925,8.959,4.7210,-0.9990,14.4720,182.77,
2,Maze220925,8.969,4.7210,-0.9990,14.4720,182.77,
2,Maze220925,8.975,4.7210,-0.9990,14.4720,182.77,
2,Maze220925,8.983,4.7210,-0.9990,14.4720,182.77,
2,Maze220925,8.993,4.7210,-0.9990,14.4720,182.77,
2,Maze220925,9.001,4.7210,-0.9990,14.4720,182.77,
2,Maze220925,9.010,4.7210,-0.9990,14.4720,182.77,
2,Maze220925,9.017,4.7210,-0.9990,14.4720,182.77,
2,Maze220925,9.028,4.7210,-0.9990,14.4720,182.77,
2,Maze220925,9.034,4.7210,-0.9990,14.4720,182.77,
2,Maze220925,9.045,4.7210,-0.9990,14.4720,182.77,
2,Maze220925,9.051,4.7210,-0.9990,14.4720,182.77,
2,Maze220925,9.059,4.7210,-0.9990,14.4720,182.77,
2,Maze220925,9.067,4.7210,-0.9990,14.4720,182.77,
2,Maze220925,9.077,4.7210,-0.9990,14.4720,182.77,
2,Maze220925,9.084,4.7210,-0.9990,14.4720,182.77,
2,Maze220925,9.093,4.7210,-0.9990,14.4720,182.77,
2,Maze220925,9.101,4.7210,-0.9990,14.4720,182.77,
2,Maze220925,9.109,4.7210,-0.9990,14.4720,182.77,
2,Maze220925,9.117,4.7210,-0.9990,14.4720,182.77,
2,Maze220925,9.126,4.7210,-0.9990,14.4720,182.77,
2,Maze220925,9.136,4.7210,-0.9990,14.4720,182.77,
2,Maze220925,9.144,4.7210,-0.9990,14.4720,182.77,
2,Maze220925,9.153,4.7210,-0.9990,14.4720,182.77,
2,Maze220925,9.159,4.7210,-0.9990,14.4720,182.77,
2,Maze220925,9.167,4.7210,-0.9990,14.4720,182.77,
2,Maze220925,9.177,4.7210,-0.9990,14.4720,182.77,
2,Maze220925,9.184,4.7210,-0.9990,14.4720,182.77,
2,Maze220925,9.192,4.7210,-0.9990,14.4720,182.77,
2,Maze220925,9.201,4.7210,-0.9990,14.4720,182.77,
2,Maze220925,9.209,4.7210,-0.9990,14.4720,182.77,
2,Maze220925,9.219,4.7210,-0.9990,14.4720,182.77,
2,Maze220925,9.251,4.7210,-0.9990,14.4720,182.77,
2,Maze220925,9.261,4.7210,-0.9990,14.4720,182.77,
2,Maze220925,9.268,4.7210,-0.9990,14.4720,182.77,
2,Maze220925,9.276,4.7210,-0.9990,14.4720,183.16,
2,Maze220925,9.284,4.7210,-0.9990,14.4720,183.51,
2,Maze220925,9.293,4.7210,-0.9990,14.4720,183.94,
2,Maze220925,9.301,4.7210,-0.9990,14.4720,184.32,
2,Maze220925,9.310,4.7210,-0.9990,14.4720,184.68,
2,Maze220925,9.318,4.7210,-0.9990,14.4465,185.01,
2,Maze220925,9.326,4.7210,-0.9990,14.4223,185.35,
2,Maze220925,9.334,4.7210,-0.9990,14.3977,185.66,
2,Maze220925,9.342,4.7210,-0.9990,14.3732,186.06,
2,Maze220925,9.351,4.7210,-0.9990,14.3502,186.90,
2,Maze220925,9.359,4.7210,-0.9990,14.3233,187.77,
2,Maze220925,9.368,4.7210,-0.9990,14.2987,188.44,
2,Maze220925,9.376,4.7210,-0.9990,14.2987,189.40,
2,Maze220925,9.384,4.7210,-0.9990,14.2987,190.79,
2,Maze220925,9.392,4.7210,-0.9990,14.2987,191.59,
2,Maze220925,9.401,4.7210,-0.9990,14.2987,192.20,
2,Maze220925,9.409,4.7210,-0.9990,14.2987,193.41,
2,Maze220925,9.417,4.7210,-0.9990,14.2987,194.59,
2,Maze220925,9.426,4.7210,-0.9990,14.2987,195.48,
2,Maze220925,9.434,4.7210,-0.9990,14.2987,196.11,
2,Maze220925,9.442,4.7210,-0.9990,14.2987,196.33,
2,Maze220925,9.450,4.7210,-0.9990,14.2987,196.42,
2,Maze220925,9.459,4.7210,-0.9990,14.2987,196.42,
2,Maze220925,9.467,4.7210,-0.9990,14.2987,196.42,
2,Maze220925,9.475,4.7210,-0.9990,14.2987,196.42,
2,Maze220925,9.484,4.7210,-0.9990,14.2987,196.42,
2,Maze220925,9.492,4.7210,-0.9990,14.2987,196.42,
2,Maze220925,9.500,4.7210,-0.9990,14.2987,196.42,
2,Maze220925,9.509,4.7210,-0.9990,14.2987,196.42,
2,Maze220925,9.517,4.7210,-0.9990,14.2987,196.42,
2,Maze220925,9.525,4.7210,-0.9990,14.2987,196.42,
2,Maze220925,9.534,4.7210,-0.9990,14.2987,196.42,
2,Maze220925,9.542,4.7210,-0.9990,14.2987,196.42,
2,Maze220925,9.550,4.7210,-0.9990,14.2987,196.42,
2,Maze220925,9.559,4.7210,-0.9990,14.2987,196.42,
2,Maze220925,9.567,4.7210,-0.9990,14.2987,196.42,
2,Maze220925,9.576,4.7210,-0.9990,14.2987,196.42,
2,Maze220925,9.584,4.7210,-0.9990,14.2987,196.47,
2,Maze220925,9.592,4.7210,-0.9990,14.2987,196.59,
2,Maze220925,9.601,4.7210,-0.9990,14.2987,196.64,
2,Maze220925,9.608,4.7210,-0.9990,14.2987,196.71,
2,Maze220925,9.617,4.7210,-0.9990,14.2987,201.75,
2,Maze220925,9.626,4.7210,-0.9990,14.2987,204.27,
2,Maze220925,9.634,4.7210,-0.9990,14.2987,206.74,
2,Maze220925,9.642,4.7210,-0.9990,14.2987,209.16,
2,Maze220925,9.650,4.7210,-0.9990,14.2987,211.59,
2,Maze220925,9.659,4.7210,-0.9990,14.2987,214.12,
2,Maze220925,9.667,4.7210,-0.9990,14.2987,216.71,
2,Maze220925,9.675,4.7210,-0.9990,14.2987,217.74,
2,Maze220925,9.684,4.7210,-0.9990,14.2987,217.93,
2,Maze220925,9.692,4.7210,-0.9990,14.2987,225.19,
2,Maze220925,9.700,4.7210,-0.9990,14.2987,226.42,
2,Maze220925,9.709,4.7210,-0.9990,14.2987,228.66,
2,Maze220925,9.717,4.7210,-0.9990,14.2987,230.61,
2,Maze220925,9.725,4.7210,-0.9990,14.2987,231.16,
2,Maze220925,9.734,4.7210,-0.9990,14.2987,231.96,
2,Maze220925,9.747,4.7210,-0.9990,14.2987,233.11,
2,Maze220925,9.750,4.7210,-0.9990,14.2987,233.58,
2,Maze220925,9.759,4.7210,-0.9990,14.2987,233.58,
2,Maze220925,9.767,4.7210,-0.9990,14.2987,233.58,
2,Maze220925,9.775,4.7210,-0.9990,14.2987,233.58,
2,Maze220925,9.784,4.7210,-0.9990,14.2987,233.58,
2,Maze220925,9.813,4.7210,-0.9990,14.2987,233.58,
2,Maze220925,9.817,4.7210,-0.9990,14.2987,233.58,
2,Maze220925,9.826,4.7210,-0.9990,14.2987,233.58,
2,Maze220925,9.834,4.7210,-0.9990,14.2987,233.58,
2,Maze220925,9.842,4.7210,-0.9990,14.2987,233.58,
2,Maze220925,9.851,4.7210,-0.9990,14.2987,233.58,
2,Maze220925,9.859,4.7210,-0.9990,14.2987,233.58,
2,Maze220925,9.867,4.7210,-0.9990,14.2987,233.58,
2,Maze220925,9.875,4.7210,-0.9990,14.2987,233.58,
2,Maze220925,9.884,4.7210,-0.9990,14.2987,233.58,
2,Maze220925,9.892,4.7210,-0.9990,14.2987,233.58,
2,Maze220925,9.901,4.7210,-0.9990,14.2987,233.58,
2,Maze220925,9.909,4.7210,-0.9990,14.2987,233.58,
2,Maze220925,9.919,4.7210,-0.9990,14.2987,233.58,
2,Maze220925,9.926,4.7210,-0.9990,14.2987,233.58,
2,Maze220925,9.962,4.7210,-0.9990,14.2987,233.58,
2,Maze220925,9.968,4.7210,-0.9990,14.2987,233.58,
2,Maze220925,9.976,4.7210,-0.9990,14.2987,233.58,
2,Maze220925,9.984,4.7210,-0.9990,14.2987,233.58,
2,Maze220925,9.994,4.7210,-0.9990,14.2987,233.58,
2,Maze220925,10.002,4.7210,-0.9990,14.2987,233.58,
2,Maze220925,10.009,4.7210,-0.9990,14.2987,233.58,
2,Maze220925,10.017,4.7210,-0.9990,14.2987,233.58,
2,Maze220925,10.026,4.7210,-0.9990,14.2987,233.58,
2,Maze220925,10.034,4.7210,-0.9990,14.2987,233.58,
2,Maze220925,10.042,4.7210,-0.9990,14.2987,233.58,
2,Maze220925,10.052,4.7210,-0.9990,14.2987,233.58,
2,Maze220925,10.059,4.7210,-0.9990,14.2987,233.58,
2,Maze220925,10.070,4.7210,-0.9990,14.2987,233.58,
2,Maze220925,10.075,4.7210,-0.9990,14.2987,233.58,
2,Maze220925,10.086,4.7210,-0.9990,14.2987,233.58,
2,Maze220925,10.093,4.7210,-0.9990,14.2987,233.58,
2,Maze220925,10.101,4.7210,-0.9990,14.2987,233.58,
2,Maze220925,10.109,4.7210,-0.9990,14.2987,233.58,
2,Maze220925,10.118,4.7210,-0.9990,14.2987,233.58,
2,Maze220925,10.126,4.7210,-0.9990,14.2987,233.58,
2,Maze220925,10.135,4.7210,-0.9990,14.2987,233.58,
2,Maze220925,10.144,4.7210,-0.9990,14.2987,233.58,
2,Maze220925,10.151,4.7210,-0.9990,14.2987,233.58,
2,Maze220925,10.159,4.7210,-0.9990,14.2987,233.58,
2,Maze220925,10.167,4.7210,-0.9990,14.2987,233.58,
2,Maze220925,10.176,4.7210,-0.9990,14.2987,233.58,
2,Maze220925,10.186,4.7210,-0.9990,14.2987,233.58,
2,Maze220925,10.192,4.7210,-0.9990,14.2987,233.58,
2,Maze220925,10.202,4.7210,-0.9990,14.2987,233.58,
2,Maze220925,10.209,4.7210,-0.9990,14.2987,233.58,
2,Maze220925,10.219,4.7210,-0.9990,14.2987,233.58,
2,Maze220925,10.226,4.7210,-0.9990,14.2987,233.58,
2,Maze220925,10.234,4.7210,-0.9990,14.2987,233.58,
2,Maze220925,10.242,4.7210,-0.9990,14.2987,233.58,
2,Maze220925,10.251,4.7210,-0.9990,14.2987,233.58,
2,Maze220925,10.260,4.7210,-0.9990,14.2987,233.58,
2,Maze220925,10.267,4.7210,-0.9990,14.2987,233.58,
2,Maze220925,10.276,4.7210,-0.9990,14.2987,233.58,
2,Maze220925,10.286,4.7210,-0.9990,14.2987,233.58,
2,Maze220925,10.293,4.7210,-0.9990,14.2987,233.58,
2,Maze220925,10.301,4.7210,-0.9990,14.2987,233.58,
2,Maze220925,10.309,4.7210,-0.9990,14.2987,233.58,
2,Maze220925,10.317,4.7210,-0.9990,14.2987,233.58,
2,Maze220925,10.326,4.7210,-0.9990,14.2987,233.58,
2,Maze220925,10.334,4.7210,-0.9990,14.2987,233.58,
2,Maze220925,10.344,4.7210,-0.9990,14.2987,233.58,
2,Maze220925,10.351,4.7210,-0.9990,14.2987,233.58,
2,Maze220925,10.361,4.7210,-0.9990,14.2987,233.58,
2,Maze220925,10.368,4.7210,-0.9990,14.2987,233.58,
2,Maze220925,10.376,4.7210,-0.9990,14.2987,233.58,
2,Maze220925,10.384,4.7210,-0.9990,14.2987,233.58,
2,Maze220925,10.392,4.7210,-0.9990,14.2987,233.58,
2,Maze220925,10.402,4.7210,-0.9990,14.2987,233.58,
2,Maze220925,10.409,4.7210,-0.9990,14.2987,233.58,
2,Maze220925,10.417,4.7210,-0.9990,14.2987,233.58,
2,Maze220925,10.426,4.7210,-0.9990,14.2987,233.58,
2,Maze220925,10.436,4.7210,-0.9990,14.2987,233.58,
2,Maze220925,10.443,4.7210,-0.9990,14.2987,233.58,
2,Maze220925,10.453,4.7210,-0.9990,14.2987,233.58,
2,Maze220925,10.459,4.7210,-0.9990,14.2987,233.58,
2,Maze220925,10.467,4.7210,-0.9990,14.2987,233.58,
2,Maze220925,10.476,4.7210,-0.9990,14.2987,233.58,
2,Maze220925,10.486,4.7210,-0.9990,14.2987,233.58,
2,Maze220925,10.494,4.7210,-0.9990,14.2987,233.58,
2,Maze220925,10.500,4.7210,-0.9990,14.2987,233.58,
2,Maze220925,10.509,4.7210,-0.9990,14.2987,233.58,
2,Maze220925,10.517,4.7210,-0.9990,14.2987,233.58,
2,Maze220925,10.527,4.7210,-0.9990,14.2987,233.58,
2,Maze220925,10.534,4.7210,-0.9990,14.2987,233.58,
2,Maze220925,10.542,4.7210,-0.9990,14.2987,233.58,
2,Maze220925,10.551,4.7210,-0.9990,14.2987,233.58,
2,Maze220925,10.559,4.7210,-0.9990,14.2987,233.56,
2,Maze220925,10.567,4.7210,-0.9990,14.2987,233.56,
2,Maze220925,10.576,4.7210,-0.9990,14.2987,233.56,
2,Maze220925,10.584,4.7210,-0.9990,14.2987,233.51,
2,Maze220925,10.593,4.7210,-0.9990,14.2987,233.40,
2,Maze220925,10.601,4.7210,-0.9990,14.2987,233.35,
2,Maze220925,10.609,4.7210,-0.9990,14.2987,233.31,
2,Maze220925,10.617,4.7210,-0.9990,14.2987,233.26,
2,Maze220925,10.625,4.7210,-0.9990,14.2987,233.25,
2,Maze220925,10.634,4.7210,-0.9990,14.2987,233.23,
2,Maze220925,10.642,4.7210,-0.9990,14.2987,233.21,
2,Maze220925,10.650,4.7210,-0.9990,14.2987,233.19,
2,Maze220925,10.659,4.7210,-0.9990,14.2987,233.19,
2,Maze220925,10.667,4.7210,-0.9990,14.2987,233.15,
2,Maze220925,10.675,4.7210,-0.9990,14.2987,233.14,
2,Maze220925,10.684,4.7210,-0.9990,14.2987,233.13,
2,Maze220925,10.691,4.7210,-0.9990,14.2987,233.12,
2,Maze220925,10.701,4.7210,-0.9990,14.2987,233.11,
2,Maze220925,10.709,4.7210,-0.9990,14.2987,233.10,
2,Maze220925,10.717,4.7210,-0.9990,14.2987,233.09,
2,Maze220925,10.726,4.7210,-0.9990,14.2987,233.09,
2,Maze220925,10.754,4.7210,-0.9990,14.2987,233.09,
2,Maze220925,10.759,4.7210,-0.9990,14.2987,233.09,
2,Maze220925,10.767,4.7210,-0.9990,14.2987,233.09,
2,Maze220925,10.775,4.7210,-0.9990,14.2987,233.09,
2,Maze220925,10.783,4.7210,-0.9990,14.2987,233.09,
2,Maze220925,10.792,4.7210,-0.9990,14.2987,233.09,
2,Maze220925,10.801,4.7210,-0.9990,14.2987,233.09,
2,Maze220925,10.809,4.7210,-0.9990,14.2987,233.09,
2,Maze220925,10.817,4.7210,-0.9990,14.2987,233.09,
2,Maze220925,10.826,4.7210,-0.9990,14.2987,233.09,
2,Maze220925,10.834,4.7210,-0.9990,14.2987,233.09,
2,Maze220925,10.842,4.7210,-0.9990,14.2987,233.09,
2,Maze220925,10.850,4.7210,-0.9990,14.2987,233.09,
2,Maze220925,10.859,4.7210,-0.9990,14.2987,233.09,
2,Maze220925,10.867,4.7210,-0.9990,14.2987,233.09,
2,Maze220925,10.875,4.7210,-0.9990,14.2987,233.09,
2,Maze220925,10.884,4.7210,-0.9990,14.2987,233.09,
2,Maze220925,10.892,4.7210,-0.9990,14.2987,233.09,
2,Maze220925,10.901,4.7210,-0.9990,14.2987,233.09,
2,Maze220925,10.909,4.7210,-0.9990,14.2987,233.09,
2,Maze220925,10.917,4.7210,-0.9990,14.2987,233.09,
2,Maze220925,10.925,4.7210,-0.9990,14.2987,233.09,
2,Maze220925,10.934,4.7210,-0.9990,14.2987,233.09,
2,Maze220925,10.942,4.7210,-0.9990,14.2987,233.09,
2,Maze220925,10.950,4.7210,-0.9990,14.2987,233.09,
2,Maze220925,10.959,4.7210,-0.9990,14.2987,233.09,
2,Maze220925,10.967,4.7210,-0.9990,14.2987,233.09,
2,Maze220925,10.976,4.7210,-0.9990,14.2987,233.09,
2,Maze220925,10.984,4.7210,-0.9990,14.2987,233.09,
2,Maze220925,10.992,4.7210,-0.9990,14.2987,233.09,
2,Maze220925,11.001,4.7210,-0.9990,14.2987,233.09,
2,Maze220925,11.009,4.7210,-0.9990,14.2987,233.09,
2,Maze220925,11.017,4.7210,-0.9990,14.2987,233.09,
2,Maze220925,11.026,4.7210,-0.9990,14.2987,233.09,
2,Maze220925,11.035,4.7210,-0.9990,14.2987,233.09,
2,Maze220925,11.042,4.7210,-0.9990,14.2987,233.09,
2,Maze220925,11.051,4.7210,-0.9990,14.2987,233.09,
2,Maze220925,11.059,4.7210,-0.9990,14.2987,233.09,
2,Maze220925,11.066,4.7210,-0.9990,14.2987,233.09,
2,Maze220925,11.077,4.7210,-0.9990,14.2987,233.09,
2,Maze220925,11.083,4.7210,-0.9990,14.2987,233.09,
2,Maze220925,11.094,4.7210,-0.9990,14.2987,233.09,
2,Maze220925,11.100,4.7210,-0.9990,14.2987,233.09,
2,Maze220925,11.111,4.7210,-0.9990,14.2987,233.09,
2,Maze220925,11.118,4.7210,-0.9990,14.2987,233.09,
2,Maze220925,11.126,4.7210,-0.9990,14.2987,233.09,
2,Maze220925,11.134,4.7210,-0.9990,14.2987,233.09,
2,Maze220925,11.142,4.7210,-0.9990,14.2987,233.09,
2,Maze220925,11.152,4.7210,-0.9990,14.2987,233.09,
2,Maze220925,11.159,4.7210,-0.9990,14.2987,233.09,
2,Maze220925,11.169,4.7210,-0.9990,14.2987,233.09,
2,Maze220925,11.176,4.7210,-0.9990,14.2987,233.09,
2,Maze220925,11.184,4.7210,-0.9990,14.2987,233.09,
2,Maze220925,11.192,4.7210,-0.9990,14.2987,233.09,
2,Maze220925,11.201,4.7210,-0.9990,14.2987,233.09,
2,Maze220925,11.209,4.7210,-0.9990,14.2987,233.09,
2,Maze220925,11.217,4.7210,-0.9990,14.2987,233.09,
2,Maze220925,11.227,4.7210,-0.9990,14.2987,233.09,
2,Maze220925,11.234,4.7210,-0.9990,14.2987,233.09,
2,Maze220925,11.243,4.7210,-0.9990,14.2987,233.09,
2,Maze220925,11.251,4.7210,-0.9990,14.2987,233.09,
2,Maze220925,11.259,4.7210,-0.9990,14.2987,233.09,
2,Maze220925,11.267,4.7210,-0.9990,14.2987,233.09,
2,Maze220925,11.276,4.7210,-0.9990,14.2987,233.09,
2,Maze220925,11.284,4.7210,-0.9990,14.2987,233.09,
2,Maze220925,11.294,4.7210,-0.9990,14.2987,233.09,
2,Maze220925,11.301,4.7210,-0.9990,14.2987,233.09,
2,Maze220925,11.309,4.7210,-0.9990,14.2987,232.85,
2,Maze220925,11.318,4.7210,-0.9990,14.2987,232.24,
2,Maze220925,11.326,4.7210,-0.9990,14.2987,231.80,
2,Maze220925,11.334,4.7210,-0.9990,14.2987,231.49,
2,Maze220925,11.342,4.7210,-0.9990,14.2987,231.38,
2,Maze220925,11.351,4.7210,-0.9990,14.2987,231.32,
2,Maze220925,11.359,4.7210,-0.9990,14.2987,231.27,
2,Maze220925,11.367,4.7210,-0.9990,14.2987,231.23,
2,Maze220925,11.376,4.7210,-0.9990,14.2987,231.21,
2,Maze220925,11.384,4.7210,-0.9990,14.2987,231.19,
2,Maze220925,11.392,4.7210,-0.9990,14.2987,231.18,
2,Maze220925,11.401,4.7210,-0.9990,14.2987,231.16,
2,Maze220925,11.409,4.7210,-0.9990,14.2987,231.13,
2,Maze220925,11.417,4.7210,-0.9990,14.2987,231.13,
2,Maze220925,11.425,4.7210,-0.9990,14.2987,231.13,
2,Maze220925,11.433,4.7210,-0.9990,14.2987,231.12,
2,Maze220925,11.442,4.7210,-0.9990,14.2987,231.11,
2,Maze220925,11.450,4.7210,-0.9990,14.2987,231.09,
2,Maze220925,11.459,4.7210,-0.9990,14.2987,231.08,
2,Maze220925,11.467,4.7210,-0.9990,14.2987,231.08,
2,Maze220925,11.475,4.7210,-0.9990,14.2987,231.08,
2,Maze220925,11.484,4.7210,-0.9990,14.2987,231.08,
2,Maze220925,11.492,4.7210,-0.9990,14.2987,231.08,
2,Maze220925,11.499,4.7210,-0.9990,14.2987,231.08,
2,Maze220925,11.509,4.7210,-0.9990,14.2987,231.08,
2,Maze220925,11.517,4.7210,-0.9990,14.2987,231.08,
2,Maze220925,11.525,4.7210,-0.9990,14.2987,231.08,
2,Maze220925,11.534,4.7210,-0.9990,14.2987,231.08,
2,Maze220925,11.542,4.7210,-0.9990,14.2987,231.08,
2,Maze220925,11.550,4.7210,-0.9990,14.2987,231.08,
2,Maze220925,11.559,4.7210,-0.9990,14.2987,231.08,
2,Maze220925,11.568,4.7210,-0.9990,14.2987,231.08,
2,Maze220925,11.575,4.7210,-0.9990,14.2987,231.08,
2,Maze220925,11.584,4.7210,-0.9990,14.2987,231.08,
2,Maze220925,11.592,4.7210,-0.9990,14.2987,231.07,
2,Maze220925,11.601,4.7210,-0.9990,14.2987,231.05,
2,Maze220925,11.608,4.7210,-0.9990,14.2987,231.04,
2,Maze220925,11.617,4.7210,-0.9990,14.2987,231.04,
2,Maze220925,11.626,4.7210,-0.9990,14.2987,231.03,
2,Maze220925,11.634,4.7210,-0.9990,14.2987,231.03,
2,Maze220925,11.642,4.7210,-0.9990,14.2987,231.01,
2,Maze220925,11.650,4.7210,-0.9990,14.2987,231.00,
2,Maze220925,11.659,4.7210,-0.9990,14.2987,230.97,
2,Maze220925,11.667,4.7210,-0.9990,14.2987,230.94,
2,Maze220925,11.675,4.7210,-0.9990,14.2987,230.94,
2,Maze220925,11.684,4.7210,-0.9990,14.2987,230.93,
2,Maze220925,11.691,4.7210,-0.9990,14.2987,230.87,
2,Maze220925,11.701,4.7210,-0.9990,14.2987,230.81,
2,Maze220925,11.709,4.7210,-0.9990,14.2987,230.77,
2,Maze220925,11.717,4.7210,-0.9990,14.2987,230.73,
2,Maze220925,11.725,4.7210,-0.9990,14.2987,230.71,
2,Maze220925,11.734,4.7210,-0.9990,14.2987,230.66,
2,Maze220925,11.742,4.7210,-0.9990,14.2987,230.61,
2,Maze220925,11.750,4.7210,-0.9990,14.2987,230.61,
2,Maze220925,11.758,4.7210,-0.9990,14.2987,230.61,
2,Maze220925,11.767,4.7210,-0.9990,14.2987,230.60,
2,Maze220925,11.775,4.7210,-0.9990,14.2987,230.60,
2,Maze220925,11.784,4.7210,-0.9990,14.2987,230.60,
2,Maze220925,11.792,4.7210,-0.9990,14.2987,230.60,
2,Maze220925,11.800,4.7210,-0.9990,14.2987,230.60,
2,Maze220925,11.809,4.7210,-0.9990,14.2987,230.60,
2,Maze220925,11.817,4.7210,-0.9990,14.2987,230.60,
2,Maze220925,11.826,4.7210,-0.9990,14.2987,230.60,
2,Maze220925,11.834,4.7210,-0.9990,14.2987,230.60,
2,Maze220925,11.842,4.7210,-0.9990,14.2987,230.56,
2,Maze220925,11.850,4.7210,-0.9990,14.2987,230.54,
2,Maze220925,11.859,4.7210,-0.9990,14.2987,230.54,
2,Maze220925,11.867,4.7210,-0.9990,14.2987,230.54,
2,Maze220925,11.875,4.7210,-0.9990,14.2987,230.54,
2,Maze220925,11.884,4.7210,-0.9990,14.2987,230.54,
2,Maze220925,11.892,4.7210,-0.9990,14.2987,230.54,
2,Maze220925,11.902,4.7210,-0.9990,14.2987,230.54,
2,Maze220925,11.909,4.7210,-0.9990,14.2987,230.54,
2,Maze220925,11.917,4.7210,-0.9990,14.2987,230.54,
2,Maze220925,11.925,4.7210,-0.9990,14.2987,230.54,
2,Maze220925,12.004,4.7210,-0.9990,14.2987,230.54,
2,Maze220925,12.011,4.7210,-0.9990,14.2987,230.54,
2,Maze220925,12.019,4.7210,-0.9990,14.2987,230.54,
2,Maze220925,12.028,4.7210,-0.9990,14.2987,230.54,
2,Maze220925,12.035,4.7210,-0.9990,14.2987,230.54,
2,Maze220925,12.052,4.7210,-0.9990,14.2987,230.54,
2,Maze220925,12.059,4.7210,-0.9990,14.2987,230.54,
2,Maze220925,12.067,4.7210,-0.9990,14.2987,230.54,
2,Maze220925,12.077,4.7210,-0.9990,14.2987,230.54,
2,Maze220925,12.084,4.7210,-0.9990,14.2987,230.54,
2,Maze220925,12.092,4.7210,-0.9990,14.2987,230.54,
2,Maze220925,12.101,4.7210,-0.9990,14.2987,230.54,
2,Maze220925,12.109,4.7210,-0.9990,14.2987,230.54,
2,Maze220925,12.119,4.7210,-0.9990,14.2987,230.54,
2,Maze220925,12.125,4.7210,-0.9990,14.2987,230.54,
2,Maze220925,12.135,4.7210,-0.9990,14.2987,230.54,
2,Maze220925,12.142,4.7210,-0.9990,14.2987,230.54,
2,Maze220925,12.152,4.7210,-0.9990,14.2987,230.54,
2,Maze220925,12.159,4.7210,-0.9990,14.2987,230.54,
2,Maze220925,12.167,4.7210,-0.9990,14.2987,230.54,
2,Maze220925,12.177,4.7210,-0.9990,14.2987,230.54,
2,Maze220925,12.184,4.7210,-0.9990,14.2987,230.54,
2,Maze220925,12.192,4.7210,-0.9990,14.2987,230.54,
2,Maze220925,12.201,4.7210,-0.9990,14.2987,230.54,
2,Maze220925,12.209,4.7210,-0.9990,14.2987,230.54,
2,Maze220925,12.217,4.7210,-0.9990,14.2987,230.54,
2,Maze220925,12.227,4.7210,-0.9990,14.2987,230.54,
2,Maze220925,12.233,4.7210,-0.9990,14.2987,230.54,
2,Maze220925,12.244,4.7210,-0.9990,14.2987,230.54,
2,Maze220925,12.250,4.7210,-0.9990,14.2987,230.54,
2,Maze220925,12.261,4.7210,-0.9990,14.2987,230.54,
2,Maze220925,12.267,4.7210,-0.9990,14.2987,230.54,
2,Maze220925,12.276,4.7210,-0.9990,14.2987,230.54,
2,Maze220925,12.284,4.7210,-0.9990,14.2987,230.54,
2,Maze220925,12.297,4.7210,-0.9990,14.2987,230.54,
2,Maze220925,12.301,4.7210,-0.9990,14.2987,230.54,
2,Maze220925,12.309,4.7210,-0.9990,14.2987,230.54,
2,Maze220925,12.317,4.7210,-0.9990,14.2987,230.54,
2,Maze220925,12.327,4.7210,-0.9990,14.2987,230.54,
2,Maze220925,12.336,4.7210,-0.9990,14.2987,230.54,
2,Maze220925,12.343,4.7210,-0.9990,14.2987,230.54,
2,Maze220925,12.351,4.7210,-0.9990,14.2987,230.54,
2,Maze220925,12.359,4.7210,-0.9990,14.2987,230.54,
2,Maze220925,12.369,4.7210,-0.9990,14.2987,230.54,
2,Maze220925,12.375,4.7210,-0.9990,14.2987,230.54,
2,Maze220925,12.386,4.7210,-0.9990,14.2987,230.54,
2,Maze220925,12.392,4.7210,-0.9990,14.2987,230.54,
2,Maze220925,12.401,4.7210,-0.9990,14.2987,230.54,
2,Maze220925,12.411,4.7210,-0.9990,14.2987,230.54,
2,Maze220925,12.417,4.7210,-0.9990,14.2987,230.54,
2,Maze220925,12.426,4.7210,-0.9990,14.2987,230.54,
2,Maze220925,12.434,4.7210,-0.9990,14.2987,230.54,
2,Maze220925,12.442,4.7210,-0.9990,14.2987,230.54,
2,Maze220925,12.451,4.7210,-0.9990,14.2987,230.54,
2,Maze220925,12.461,4.7210,-0.9990,14.2987,230.54,
2,Maze220925,12.467,4.7210,-0.9990,14.2987,230.54,
2,Maze220925,12.478,4.7210,-0.9990,14.2987,230.54,
2,Maze220925,12.484,4.7210,-0.9990,14.2987,230.54,
2,Maze220925,12.493,4.7210,-0.9990,14.2987,230.54,
2,Maze220925,12.501,4.7210,-0.9990,14.2987,230.54,
2,Maze220925,12.509,4.7210,-0.9990,14.2987,230.54,
2,Maze220925,12.519,4.7210,-0.9990,14.2987,230.54,
2,Maze220925,12.526,4.7210,-0.9990,14.2987,230.54,
2,Maze220925,12.534,4.7210,-0.9990,14.2987,230.54,
2,Maze220925,12.543,4.7210,-0.9990,14.2987,230.54,
2,Maze220925,12.551,4.7210,-0.9990,14.2987,230.54,
2,Maze220925,12.559,4.7210,-0.9990,14.2987,230.54,
2,Maze220925,12.567,4.7210,-0.9990,14.2987,230.54,
2,Maze220925,12.576,4.7210,-0.9990,14.2987,230.54,
2,Maze220925,12.584,4.7210,-0.9990,14.2987,230.54,
2,Maze220925,12.594,4.7210,-0.9990,14.2987,230.54,
2,Maze220925,12.601,4.7210,-0.9990,14.2987,230.54,
2,Maze220925,12.611,4.7210,-0.9990,14.2987,230.54,
2,Maze220925,12.617,4.7210,-0.9990,14.2987,230.54,
2,Maze220925,12.626,4.7210,-0.9990,14.2987,230.54,
2,Maze220925,12.634,4.7210,-0.9990,14.2987,230.54,
2,Maze220925,12.705,4.7210,-0.9990,14.2987,230.54,
2,Maze220925,12.711,4.7210,-0.9990,14.2987,230.54,
2,Maze220925,12.720,4.7210,-0.9990,14.2987,230.54,
2,Maze220925,12.727,4.7210,-0.9990,14.2987,230.54,
2,Maze220925,12.738,4.7210,-0.9990,14.2987,230.54,
2,Maze220925,12.743,4.7210,-0.9990,14.2987,230.54,
2,Maze220925,12.752,4.7210,-0.9990,14.2987,230.54,
2,Maze220925,12.760,4.7210,-0.9990,14.2987,230.54,
2,Maze220925,12.768,4.7210,-0.9990,14.2987,230.54,
2,Maze220925,12.777,4.7210,-0.9990,14.2987,230.54,
2,Maze220925,12.784,4.7210,-0.9990,14.2987,230.54,
2,Maze220925,12.792,4.7210,-0.9990,14.2987,230.54,
2,Maze220925,12.801,4.7210,-0.9990,14.2987,230.54,
2,Maze220925,12.809,4.7210,-0.9990,14.2987,230.54,
2,Maze220925,12.818,4.7210,-0.9990,14.2987,230.54,
2,Maze220925,12.827,4.7210,-0.9990,14.2987,230.54,
2,Maze220925,12.834,4.7210,-0.9990,14.2987,230.54,
2,Maze220925,12.844,4.7210,-0.9990,14.2987,230.54,
2,Maze220925,12.850,4.7210,-0.9990,14.2987,230.54,
2,Maze220925,12.860,4.7210,-0.9990,14.2987,230.54,
2,Maze220925,12.867,4.7210,-0.9990,14.2987,230.54,
2,Maze220925,12.876,4.7210,-0.9990,14.2987,230.54,
2,Maze220925,12.886,4.7210,-0.9990,14.2987,230.54,
2,Maze220925,12.893,4.7210,-0.9990,14.2987,230.54,
2,Maze220925,12.901,4.7210,-0.9990,14.2987,230.54,
2,Maze220925,12.909,4.7210,-0.9990,14.2987,230.54,
2,Maze220925,12.917,4.7210,-0.9990,14.2987,230.54,
2,Maze220925,12.926,4.7210,-0.9990,14.2987,230.54,
2,Maze220925,12.934,4.7210,-0.9990,14.2987,230.54,
2,Maze220925,12.943,4.7210,-0.9990,14.2987,230.54,
2,Maze220925,12.950,4.7210,-0.9990,14.2987,230.54,
2,Maze220925,12.959,4.7210,-0.9990,14.2987,230.54,
2,Maze220925,12.967,4.7210,-0.9990,14.2987,230.54,
2,Maze220925,12.977,4.7210,-0.9990,14.2987,230.54,
2,Maze220925,12.984,4.7210,-0.9990,14.2987,230.54,
2,Maze220925,12.992,4.7210,-0.9990,14.2987,230.54,
2,Maze220925,13.002,4.7210,-0.9990,14.2987,230.54,
2,Maze220925,13.009,4.7210,-0.9990,14.2987,230.54,
2,Maze220925,13.019,4.7210,-0.9990,14.2987,230.54,
2,Maze220925,13.026,4.7210,-0.9990,14.2987,230.54,
2,Maze220925,13.034,4.7210,-0.9990,14.2987,230.54,
2,Maze220925,13.044,4.7210,-0.9990,14.2987,230.54,
2,Maze220925,13.051,4.7210,-0.9990,14.2987,230.54,
2,Maze220925,13.059,4.7210,-0.9990,14.2987,230.54,
2,Maze220925,13.067,4.7210,-0.9990,14.2987,230.54,
2,Maze220925,13.076,4.7210,-0.9990,14.2987,230.54,
2,Maze220925,13.084,4.7210,-0.9990,14.2987,230.54,
2,Maze220925,13.094,4.7210,-0.9990,14.2987,230.54,
2,Maze220925,13.100,4.7210,-0.9990,14.2987,230.54,
2,Maze220925,13.111,4.7210,-0.9990,14.2987,230.54,
2,Maze220925,13.117,4.7210,-0.9990,14.2987,230.54,
2,Maze220925,13.127,4.7210,-0.9990,14.2987,230.54,
2,Maze220925,13.134,4.7210,-0.9990,14.2987,230.54,
2,Maze220925,13.201,4.7210,-0.9990,14.2987,230.54,
2,Maze220925,13.211,4.7210,-0.9990,14.2987,230.54,
2,Maze220925,13.219,4.7210,-0.9990,14.2987,230.54,
2,Maze220925,13.263,4.7210,-0.9990,14.2987,230.54,
2,Maze220925,13.269,4.7210,-0.9990,14.2987,230.54,
2,Maze220925,13.278,4.7210,-0.9990,14.2987,230.54,
2,Maze220925,13.286,4.7210,-0.9990,14.2987,230.54,
2,Maze220925,13.294,4.7210,-0.9990,14.2987,230.54,
2,Maze220925,13.302,4.7210,-0.9990,14.2987,230.54,
2,Maze220925,13.338,4.7210,-0.9990,14.2987,230.54,
2,Maze220925,13.343,4.7210,-0.9990,14.2987,230.54,
2,Maze220925,13.353,4.7210,-0.9990,14.2987,230.54,
2,Maze220925,13.361,4.7210,-0.9990,14.2987,230.54,
2,Maze220925,13.369,4.7210,-0.9990,14.2987,230.54,
2,Maze220925,13.377,4.7210,-0.9990,14.2987,230.54,
2,Maze220925,13.385,4.7210,-0.9990,14.2987,230.54,
2,Maze220925,13.426,4.7210,-0.9990,14.2987,230.54,
2,Maze220925,13.436,4.7210,-0.9990,14.2987,230.54,
2,Maze220925,13.444,4.7210,-0.9990,14.2987,230.54,
2,Maze220925,13.452,4.7210,-0.9990,14.2987,230.54,
2,Maze220925,13.460,4.7210,-0.9990,14.2987,230.54,
2,Maze220925,13.469,4.7210,-0.9990,14.2987,230.54,
2,Maze220925,13.508,4.7210,-0.9990,14.2987,230.54,
2,Maze220925,13.519,4.7210,-0.9990,14.2987,230.54,
2,Maze220925,13.527,4.7210,-0.9990,14.2987,230.54,
2,Maze220925,13.535,4.7210,-0.9990,14.2987,230.54,
2,Maze220925,13.544,4.7210,-0.9990,14.2987,230.54,
2,Maze220925,13.552,4.7210,-0.9990,14.2987,230.54,
2,Maze220925,13.591,4.7210,-0.9990,14.2987,230.54,
2,Maze220925,13.602,4.7210,-0.9990,14.2987,230.54,
2,Maze220925,13.611,4.7210,-0.9990,14.2987,230.54,
2,Maze220925,13.618,4.7210,-0.9990,14.2987,230.54,
2,Maze220925,13.627,4.7210,-0.9990,14.2987,230.54,
2,Maze220925,13.636,4.7210,-0.9990,14.2987,230.54,
2,Maze220925,13.671,4.7210,-0.9990,14.2987,230.54,
2,Maze220925,13.677,4.7210,-0.9990,14.2987,230.54,
2,Maze220925,13.686,4.7210,-0.9990,14.2987,230.54,
2,Maze220925,13.694,4.7210,-0.9990,14.2987,230.54,
2,Maze220925,13.702,4.7210,-0.9990,14.2987,230.54,
2,Maze220925,13.710,4.7210,-0.9990,14.2987,230.54,
2,Maze220925,13.719,4.7210,-0.9990,14.2987,230.54,
2,Maze220925,13.752,4.7210,-0.9990,14.2987,230.54,
2,Maze220925,13.760,4.7210,-0.9990,14.2987,230.54,
2,Maze220925,13.769,4.7210,-0.9990,14.2987,230.54,
2,Maze220925,13.776,4.7210,-0.9990,14.2987,230.54,
2,Maze220925,13.786,4.7210,-0.9990,14.2987,230.54,
2,Maze220925,13.793,4.7210,-0.9990,14.2987,230.54,
2,Maze220925,13.802,4.7210,-0.9990,14.2987,230.54,
2,Maze220925,13.835,4.7210,-0.9990,14.2987,230.54,
2,Maze220925,13.844,4.7210,-0.9990,14.2987,230.54,
2,Maze220925,13.853,4.7210,-0.9990,14.2987,230.54,
2,Maze220925,13.860,4.7210,-0.9990,14.2987,230.54,
2,Maze220925,13.869,4.7210,-0.9990,14.2987,230.54,
2,Maze220925,13.877,4.7210,-0.9990,14.2987,230.54,
2,Maze220925,13.885,4.7210,-0.9990,14.2987,230.54,
2,Maze220925,13.916,4.7210,-0.9990,14.2987,230.54,
2,Maze220925,13.927,4.7210,-0.9990,14.2987,230.54,
2,Maze220925,13.935,4.7210,-0.9990,14.2987,230.54,
2,Maze220925,13.943,4.7210,-0.9990,14.2987,230.54,
2,Maze220925,13.952,4.7210,-0.9990,14.2987,230.54,
2,Maze220925,13.959,4.7210,-0.9990,14.2987,230.54,
2,Maze220925,13.969,4.7210,-0.9990,14.2987,230.54,
2,Maze220925,13.999,4.7210,-0.9990,14.2987,230.54,
2,Maze220925,14.011,4.7210,-0.9990,14.2987,230.54,
2,Maze220925,14.019,4.7210,-0.9990,14.2987,230.54,
2,Maze220925,14.027,4.7210,-0.9990,14.2987,230.54,
2,Maze220925,14.035,4.7210,-0.9990,14.2987,230.54,
2,Maze220925,14.044,4.7210,-0.9990,14.2987,230.54,
2,Maze220925,14.052,4.7210,-0.9990,14.2987,230.54,
2,Maze220925,14.077,4.7210,-0.9990,14.2987,230.54,
2,Maze220925,14.086,4.7210,-0.9990,14.2987,230.54,
2,Maze220925,14.094,4.7210,-0.9990,14.2987,230.54,
2,Maze220925,14.102,4.7210,-0.9990,14.2987,230.54,
2,Maze220925,14.110,4.7210,-0.9990,14.2987,230.54,
2,Maze220925,14.118,4.7210,-0.9990,14.2987,230.54,
2,Maze220925,14.127,4.7210,-0.9990,14.2987,230.54,
2,Maze220925,14.135,4.7210,-0.9990,14.2987,230.54,
2,Maze220925,14.161,4.7210,-0.9990,14.2987,230.54,
2,Maze220925,14.169,4.7210,-0.9990,14.2987,230.54,
2,Maze220925,14.177,4.7210,-0.9990,14.2987,230.54,
2,Maze220925,14.185,4.7210,-0.9990,14.2987,230.54,
2,Maze220925,14.193,4.7210,-0.9990,14.2987,230.54,
2,Maze220925,14.201,4.7210,-0.9990,14.2987,230.54,
2,Maze220925,14.209,4.7210,-0.9990,14.2987,230.54,
2,Maze220925,14.217,4.7210,-0.9990,14.2987,230.54,
2,Maze220925,14.244,4.7210,-0.9990,14.2987,230.54,
2,Maze220925,14.252,4.7210,-0.9990,14.2987,230.54,
2,Maze220925,14.261,4.7210,-0.9990,14.2987,230.54,
2,Maze220925,14.268,4.7210,-0.9990,14.2987,230.54,
2,Maze220925,14.277,4.7210,-0.9990,14.2987,230.54,
2,Maze220925,14.285,4.7210,-0.9990,14.2987,230.54,
2,Maze220925,14.293,4.7210,-0.9990,14.2987,230.54,
2,Maze220925,14.301,4.7210,-0.9990,14.2987,230.54,
2,Maze220925,14.329,4.7210,-0.9990,14.2987,230.54,
2,Maze220925,14.334,4.7210,-0.9990,14.2987,230.54,
2,Maze220925,14.342,4.7210,-0.9990,14.2987,230.54,
2,Maze220925,14.352,4.7210,-0.9990,14.2987,230.54,
2,Maze220925,14.359,4.7210,-0.9990,14.2987,230.54,
2,Maze220925,14.367,4.7210,-0.9990,14.2987,230.54,
2,Maze220925,14.376,4.7210,-0.9990,14.2987,230.54,
2,Maze220925,14.386,4.7210,-0.9990,14.2987,230.54,
2,Maze220925,14.401,4.7210,-0.9990,14.2987,230.54,
2,Maze220925,14.410,4.7210,-0.9990,14.2987,230.54,
2,Maze220925,14.418,4.7210,-0.9990,14.2987,230.54,
2,Maze220925,14.426,4.7210,-0.9990,14.2987,230.54,
2,Maze220925,14.434,4.7210,-0.9990,14.2987,230.54,
2,Maze220925,14.444,4.7210,-0.9990,14.2987,230.54,
2,Maze220925,14.451,4.7210,-0.9990,14.2987,230.54,
2,Maze220925,14.459,4.7210,-0.9990,14.2987,230.54,
2,Maze220925,14.469,4.7210,-0.9990,14.2987,230.54,
2,Maze220925,14.478,4.7210,-0.9990,14.2987,230.54,
2,Maze220925,14.485,4.7210,-0.9990,14.2987,230.54,
2,Maze220925,14.493,4.7210,-0.9990,14.2987,230.54,
2,Maze220925,14.502,4.7210,-0.9990,14.2987,230.54,
2,Maze220925,14.510,4.7210,-0.9990,14.2987,230.54,
2,Maze220925,14.518,4.7210,-0.9990,14.2987,230.54,
2,Maze220925,14.527,4.7210,-0.9990,14.2987,230.54,
2,Maze220925,14.534,4.7210,-0.9990,14.2987,230.54,
2,Maze220925,14.544,4.7210,-0.9990,14.2987,230.54,
2,Maze220925,14.552,4.7210,-0.9990,14.2987,230.54,
2,Maze220925,14.563,4.7210,-0.9990,14.2987,230.54,
2,Maze220925,14.568,4.7210,-0.9990,14.2987,230.54,
2,Maze220925,14.577,4.7210,-0.9990,14.2987,230.54,
2,Maze220925,14.585,4.7210,-0.9990,14.2987,230.54,
2,Maze220925,14.593,4.7210,-0.9990,14.2987,230.54,
2,Maze220925,14.602,4.7210,-0.9990,14.2987,230.54,
2,Maze220925,14.609,4.7210,-0.9990,14.2987,230.54,
2,Maze220925,14.619,4.7210,-0.9990,14.2987,230.54,
2,Maze220925,14.627,4.7210,-0.9990,14.2987,230.54,
2,Maze220925,14.635,4.7210,-0.9990,14.2987,230.54,
2,Maze220925,14.643,4.7210,-0.9990,14.2987,230.54,
2,Maze220925,14.651,4.7210,-0.9990,14.2987,230.54,
2,Maze220925,14.660,4.7210,-0.9990,14.2987,230.54,
2,Maze220925,14.667,4.7210,-0.9990,14.2987,230.54,
2,Maze220925,14.677,4.7210,-0.9990,14.2987,230.54,
2,Maze220925,14.685,4.7210,-0.9990,14.2987,230.54,
2,Maze220925,14.692,4.7210,-0.9990,14.2987,230.54,
2,Maze220925,14.701,4.7210,-0.9990,14.2987,230.54,
2,Maze220925,14.710,4.7210,-0.9990,14.2987,230.54,
2,Maze220925,14.718,4.7210,-0.9990,14.2987,230.54,
2,Maze220925,14.726,4.7210,-0.9990,14.2987,230.54,
2,Maze220925,14.734,4.7210,-0.9990,14.2987,230.54,
2,Maze220925,14.742,4.7210,-0.9990,14.2987,230.54,
2,Maze220925,14.752,4.7210,-0.9990,14.2987,230.54,
2,Maze220925,14.760,4.7210,-0.9990,14.2987,230.54,
2,Maze220925,14.768,4.7210,-0.9990,14.2987,230.54,
2,Maze220925,14.777,4.7210,-0.9990,14.2987,230.54,
2,Maze220925,14.785,4.7210,-0.9990,14.2987,230.54,
2,Maze220925,14.793,4.7210,-0.9990,14.2987,230.54,
2,Maze220925,14.802,4.7210,-0.9990,14.2987,230.54,
2,Maze220925,14.809,4.7210,-0.9990,14.2987,230.54,
2,Maze220925,14.818,4.7210,-0.9990,14.2987,230.54,
2,Maze220925,14.826,4.7210,-0.9990,14.2987,230.54,
2,Maze220925,14.835,4.7210,-0.9990,14.2987,230.54,
2,Maze220925,14.843,4.7210,-0.9990,14.2987,230.54,
2,Maze220925,14.852,4.7210,-0.9990,14.2987,230.54,
2,Maze220925,14.860,4.7210,-0.9990,14.2987,230.54,
2,Maze220925,14.868,4.7210,-0.9990,14.2987,230.54,
2,Maze220925,14.877,4.7210,-0.9990,14.2987,230.54,
2,Maze220925,14.885,4.7210,-0.9990,14.2987,230.54,
2,Maze220925,14.893,4.7210,-0.9990,14.2987,230.69,
2,Maze220925,14.901,4.7210,-0.9990,14.2987,231.88,
2,Maze220925,14.909,4.7210,-0.9990,14.2987,232.76,
2,Maze220925,14.917,4.7210,-0.9990,14.2987,232.93,
2,Maze220925,14.925,4.7210,-0.9990,14.2987,233.00,
2,Maze220925,14.933,4.7210,-0.9990,14.2987,233.00,
2,Maze220925,14.942,4.7210,-0.9990,14.2987,232.97,
2,Maze220925,14.953,4.7210,-0.9990,14.2987,232.92,
2,Maze220925,14.959,4.7210,-0.9990,14.2987,232.43,
2,Maze220925,14.967,4.7210,-0.9990,14.2987,231.81,
2,Maze220925,14.975,4.7210,-0.9990,14.2987,230.85,
2,Maze220925,14.985,4.7210,-0.9990,14.2987,229.80,
2,Maze220925,14.992,4.7210,-0.9990,14.2987,228.55,
2,Maze220925,15.000,4.7210,-0.9990,14.2987,226.67,
2,Maze220925,15.009,4.7210,-0.9990,14.2987,224.36,
2,Maze220925,15.017,4.7210,-0.9990,14.2987,221.25,
2,Maze220925,15.025,4.7210,-0.9990,14.2987,217.82,
2,Maze220925,15.034,4.7210,-0.9990,14.2987,215.40,
2,Maze220925,15.042,4.7210,-0.9990,14.2987,213.23,
2,Maze220925,15.050,4.7210,-0.9990,14.2987,211.78,
2,Maze220925,15.058,4.7210,-0.9990,14.2987,209.96,
2,Maze220925,15.067,4.7210,-0.9990,14.2987,207.62,
2,Maze220925,15.075,4.7210,-0.9990,14.2987,206.67,
2,Maze220925,15.083,4.7210,-0.9990,14.2987,206.61,
2,Maze220925,15.092,4.7210,-0.9990,14.2987,203.97,
2,Maze220925,15.100,4.7210,-0.9990,14.2987,203.59,
2,Maze220925,15.109,4.7210,-0.9990,14.2987,203.16,
2,Maze220925,15.116,4.7210,-0.9990,14.2987,202.75,
2,Maze220925,15.125,4.7210,-0.9990,14.2987,202.46,
2,Maze220925,15.134,4.7210,-0.9990,14.2987,202.07,
2,Maze220925,15.142,4.7210,-0.9990,14.2987,201.57,
2,Maze220925,15.150,4.7210,-0.9990,14.2987,201.37,
2,Maze220925,15.159,4.7210,-0.9990,14.2987,201.37,
2,Maze220925,15.167,4.7210,-0.9990,14.2987,201.21,
2,Maze220925,15.175,4.7210,-0.9990,14.2987,201.00,
2,Maze220925,15.184,4.7210,-0.9990,14.2987,201.00,
2,Maze220925,15.192,4.7210,-0.9990,14.2987,201.00,
2,Maze220925,15.200,4.7210,-0.9990,14.2987,201.00,
2,Maze220925,15.209,4.7210,-0.9990,14.2987,201.00,
2,Maze220925,15.217,4.7210,-0.9990,14.2987,201.00,
2,Maze220925,15.225,4.7210,-0.9990,14.2987,201.00,
2,Maze220925,15.234,4.7210,-0.9990,14.2987,201.00,
2,Maze220925,15.242,4.7210,-0.9990,14.2987,201.00,
2,Maze220925,15.251,4.7210,-0.9990,14.2987,201.00,
2,Maze220925,15.259,4.7210,-0.9990,14.2987,201.00,
2,Maze220925,15.267,4.7210,-0.9990,14.2987,201.00,
2,Maze220925,15.275,4.7210,-0.9990,14.2987,201.00,
2,Maze220925,15.284,4.7210,-0.9990,14.2987,201.00,
2,Maze220925,15.292,4.7210,-0.9990,14.2987,201.00,
2,Maze220925,15.302,4.7210,-0.9990,14.2987,201.00,
2,Maze220925,15.308,4.7210,-0.9990,14.2987,201.00,
2,Maze220925,15.319,4.7210,-0.9990,14.2987,201.00,
2,Maze220925,15.326,4.7210,-0.9990,14.2987,201.00,
2,Maze220925,15.334,4.7210,-0.9990,14.2987,201.00,
2,Maze220925,15.342,4.7210,-0.9990,14.2987,200.94,
2,Maze220925,15.351,4.7210,-0.9990,14.2987,200.62,
2,Maze220925,15.359,4.7210,-0.9990,14.2987,199.78,
2,Maze220925,15.367,4.7210,-0.9990,14.2987,198.12,
2,Maze220925,15.375,4.7210,-0.9990,14.2987,195.95,
2,Maze220925,15.384,4.7210,-0.9990,14.2987,193.42,
2,Maze220925,15.392,4.7210,-0.9990,14.2987,191.03,
2,Maze220925,15.400,4.7210,-0.9990,14.2987,188.66,
2,Maze220925,15.409,4.7210,-0.9990,14.2987,186.69,
2,Maze220925,15.417,4.7210,-0.9990,14.2987,184.80,
2,Maze220925,15.425,4.7210,-0.9990,14.2987,183.30,
2,Maze220925,15.434,4.7210,-0.9990,14.2987,182.00,
2,Maze220925,15.442,4.7210,-0.9990,14.2987,181.00,
2,Maze220925,15.450,4.7210,-0.9990,14.2987,180.24,
2,Maze220925,15.459,4.7210,-0.9990,14.2987,179.63,
2,Maze220925,15.467,4.7210,-0.9990,14.2987,179.33,
2,Maze220925,15.475,4.7210,-0.9990,14.2987,179.10,
2,Maze220925,15.484,4.7210,-0.9990,14.2987,179.06,
2,Maze220925,15.492,4.7210,-0.9990,14.2987,179.02,
2,Maze220925,15.500,4.7210,-0.9990,14.2987,178.90,
2,Maze220925,15.509,4.7210,-0.9990,14.2987,178.82,
2,Maze220925,15.517,4.7210,-0.9990,14.2987,178.82,
2,Maze220925,15.525,4.7210,-0.9990,14.2987,178.82,
2,Maze220925,15.534,4.7210,-0.9990,14.2987,178.82,
2,Maze220925,15.542,4.7210,-0.9990,14.2987,178.87,
2,Maze220925,15.566,4.7210,-0.9990,14.2987,178.93,
2,Maze220925,15.598,4.7915,-0.9990,14.3000,178.93,
2,Maze220925,15.601,4.8599,-0.9990,14.2342,178.93,
2,Maze220925,15.612,4.8676,-0.9990,14.2268,178.93,
2,Maze220925,15.617,4.8917,-0.9990,14.2035,178.93,
2,Maze220925,15.626,4.9029,-0.9990,14.1927,178.93,
2,Maze220925,15.634,4.9208,-0.9990,14.1755,178.93,
2,Maze220925,15.642,4.9386,-0.9990,14.1583,178.93,
2,Maze220925,15.650,4.9568,-0.9990,14.1408,178.93,
2,Maze220925,15.659,4.9747,-0.9990,14.1235,178.93,
2,Maze220925,15.667,4.9927,-0.9990,14.1063,178.93,
2,Maze220925,15.676,5.0107,-0.9990,14.0888,178.93,
2,Maze220925,15.684,5.0288,-0.9990,14.0714,178.93,
2,Maze220925,15.692,5.0470,-0.9990,14.0539,178.93,
2,Maze220925,15.701,5.0649,-0.9990,14.0367,178.93,
2,Maze220925,15.709,5.0843,-0.9990,14.0179,178.93,
2,Maze220925,15.717,5.1007,-0.9990,14.0022,178.93,
2,Maze220925,15.726,5.1190,-0.9990,13.9845,178.93,
2,Maze220925,15.734,5.1367,-0.9990,13.9675,178.93,
2,Maze220925,15.742,5.1547,-0.9990,13.9501,178.93,
2,Maze220925,15.751,5.1728,-0.9990,13.9327,178.93,
2,Maze220925,15.759,5.1912,-0.9990,13.9150,178.93,
2,Maze220925,15.767,5.2090,-0.9990,13.8979,178.93,
2,Maze220925,15.776,5.2268,-0.9990,13.8807,178.93,
2,Maze220925,15.784,5.2448,-0.9990,13.8633,178.93,
2,Maze220925,15.792,5.2629,-0.9990,13.8460,178.93,
2,Maze220925,15.801,5.2811,-0.9990,13.8284,178.93,
2,Maze220925,15.809,5.2990,-0.9990,13.8111,178.93,
2,Maze220925,15.817,5.3176,-0.9990,13.7932,178.93,
2,Maze220925,15.828,5.3343,-0.9990,13.7772,178.93,
2,Maze220925,15.854,5.3555,-0.9990,13.7567,178.93,
2,Maze220925,15.861,5.3570,-0.9990,13.6778,178.93,
2,Maze220925,15.869,5.3574,-0.9990,13.6564,178.93,
2,Maze220925,15.877,5.3578,-0.9990,13.6322,178.93,
2,Maze220925,15.884,5.3583,-0.9990,13.6069,178.93,
2,Maze220925,15.893,5.3587,-0.9990,13.5844,178.93,
2,Maze220925,15.901,5.3592,-0.9990,13.5597,178.93,
2,Maze220925,15.909,5.3597,-0.9990,13.5347,178.93,
2,Maze220925,15.917,5.3601,-0.9990,13.5102,178.93,
2,Maze220925,15.926,5.3606,-0.9990,13.4852,178.93,
2,Maze220925,15.934,5.3611,-0.9990,13.4603,178.93,
2,Maze220925,15.944,5.3615,-0.9990,13.4355,178.93,
2,Maze220925,15.950,5.3621,-0.9990,13.4069,178.93,
2,Maze220925,15.961,5.3624,-0.9990,13.3869,178.93,
2,Maze220925,15.968,5.3630,-0.9990,13.3556,178.93,
2,Maze220925,15.977,5.3634,-0.9990,13.3349,178.93,
2,Maze220925,15.984,5.3639,-0.9990,13.3093,178.93,
2,Maze220925,15.993,5.3644,-0.9990,13.2847,178.84,
2,Maze220925,16.001,5.3649,-0.9990,13.2595,178.72,
2,Maze220925,16.009,5.3658,-0.9990,13.2349,177.94,
2,Maze220925,16.018,5.3671,-0.9990,13.2100,177.17,
2,Maze220925,16.026,5.3686,-0.9990,13.1851,176.52,
2,Maze220925,16.034,5.3704,-0.9990,13.1599,175.85,
2,Maze220925,16.042,5.3725,-0.9990,13.1354,175.18,
2,Maze220925,16.051,5.3749,-0.9990,13.1105,174.48,
2,Maze220925,16.059,5.3775,-0.9990,13.0861,173.78,
2,Maze220925,16.067,5.3804,-0.9990,13.0609,173.63,
2,Maze220925,16.076,5.3832,-0.9990,13.0361,173.39,
2,Maze220925,16.084,5.3875,-0.9990,13.0115,170.21,
2,Maze220925,16.092,5.3924,-0.9990,12.9872,168.53,
2,Maze220925,16.100,5.3982,-0.9990,12.9627,166.73,
2,Maze220925,16.109,5.4042,-0.9990,12.9403,164.87,
2,Maze220925,16.117,5.4122,-0.9990,12.9143,163.02,
2,Maze220925,16.126,5.4200,-0.9990,12.8912,161.18,
2,Maze220925,16.134,5.4290,-0.9990,12.8675,159.30,
2,Maze220925,16.142,5.4385,-0.9990,12.8444,157.81,
2,Maze220925,16.151,5.4483,-0.9990,12.8218,156.37,
2,Maze220925,16.159,5.4585,-0.9990,12.7990,155.85,
2,Maze220925,16.167,5.4691,-0.9990,12.7760,155.39,
2,Maze220925,16.176,5.4795,-0.9990,12.7536,155.02,
2,Maze220925,16.184,5.4904,-0.9990,12.7307,154.69,
2,Maze220925,16.192,5.5012,-0.9990,12.7081,154.42,
2,Maze220925,16.201,5.5119,-0.9990,12.6859,154.16,
2,Maze220925,16.209,5.5230,-0.9990,12.6632,153.91,
2,Maze220925,16.217,5.5339,-0.9990,12.6411,153.83,
2,Maze220925,16.225,5.5450,-0.9990,12.6186,153.78,
2,Maze220925,16.233,5.5557,-0.9990,12.5968,153.77,
2,Maze220925,16.242,5.5658,-0.9990,12.5764,153.77,
2,Maze220925,16.250,5.5781,-0.9990,12.5515,153.77,
2,Maze220925,16.259,5.5890,-0.9990,12.5293,153.77,
2,Maze220925,16.267,5.6000,-0.9990,12.5068,153.77,
2,Maze220925,16.275,5.6110,-0.9990,12.4845,153.77,
2,Maze220925,16.284,5.6222,-0.9990,12.4619,153.77,
2,Maze220925,16.292,5.6332,-0.9990,12.4395,153.77,
2,Maze220925,16.300,5.6442,-0.9990,12.4171,153.77,
2,Maze220925,16.309,5.6553,-0.9990,12.3946,153.77,
2,Maze220925,16.317,5.6664,-0.9990,12.3721,153.77,
2,Maze220925,16.325,5.6775,-0.9990,12.3496,153.77,
2,Maze220925,16.361,5.6885,-0.9990,12.3273,153.77,
2,Maze220925,16.368,5.7349,-0.9990,12.2330,153.77,
2,Maze220925,16.376,5.7450,-0.9990,12.2125,153.77,
2,Maze220925,16.384,5.7553,-0.9990,12.1917,153.77,
2,Maze220925,16.392,5.7663,-0.9990,12.1694,153.77,
2,Maze220925,16.402,5.7773,-0.9990,12.1470,153.77,
2,Maze220925,16.409,5.7896,-0.9990,12.1221,153.77,
2,Maze220925,16.437,5.7988,-0.9990,12.1033,153.77,
2,Maze220925,16.443,5.8345,-0.9990,12.0309,153.77,
2,Maze220925,16.451,5.8437,-0.9990,12.0122,153.77,
2,Maze220925,16.460,5.8545,-0.9990,11.9902,153.77,
2,Maze220925,16.468,5.8675,-0.9990,11.9639,153.77,
2,Maze220925,16.477,5.8767,-0.9990,11.9452,153.77,
2,Maze220925,16.484,5.8877,-0.9990,11.9228,153.77,
2,Maze220925,16.495,5.8987,-0.9990,11.9006,153.77,
2,Maze220925,16.523,5.9120,-0.9990,11.8735,153.77,
2,Maze220925,16.535,5.9495,-0.9990,11.7974,153.77,
2,Maze220925,16.543,5.9667,-0.9990,11.7625,153.77,
2,Maze220925,16.552,5.9763,-0.9990,11.7430,153.77,
2,Maze220925,16.561,5.9876,-0.9990,11.7201,153.77,
2,Maze220925,16.568,6.0003,-0.9990,11.6942,153.77,
2,Maze220925,16.576,6.0195,-0.9990,11.7037,153.77,
2,Maze220925,16.586,6.0407,-0.9990,11.7141,153.77,
2,Maze220925,16.592,6.0661,-0.9990,11.7266,153.77,
2,Maze220925,16.603,6.0839,-0.9990,11.7354,153.77,
2,Maze220925,16.609,6.1123,-0.9990,11.7494,153.77,
2,Maze220925,16.617,6.1306,-0.9990,11.7584,153.77,
2,Maze220925,16.627,6.1528,-0.9990,11.7693,153.77,
2,Maze220925,16.635,6.1781,-0.9990,11.7818,153.77,
2,Maze220925,16.643,6.2001,-0.9990,11.7926,153.77,
2,Maze220925,16.651,6.2204,-0.9990,11.8026,153.77,
2,Maze220925,16.660,6.2425,-0.9990,11.8135,153.77,
2,Maze220925,16.668,6.2658,-0.9990,11.8250,153.77,
2,Maze220925,16.676,6.2873,-0.9990,11.8356,153.77,
2,Maze220925,16.684,6.3097,-0.9990,11.8466,153.77,
2,Maze220925,16.692,6.3321,-0.9990,11.8576,153.77,
2,Maze220925,16.701,6.3545,-0.9990,11.8687,153.77,
2,Maze220925,16.709,6.3545,-0.9990,11.8687,153.77,
2,Maze220925,16.717,6.3545,-0.9990,11.8687,153.77,
2,Maze220925,16.728,6.3545,-0.9990,11.8687,153.77,
2,Maze220925,16.734,6.3545,-0.9990,11.8687,153.77,
2,Maze220925,16.745,6.3545,-0.9990,11.8687,153.77,
2,Maze220925,16.751,6.3545,-0.9990,11.8687,153.77,
2,Maze220925,16.759,6.3545,-0.9990,11.8687,153.77,
2,Maze220925,16.767,6.3545,-0.9990,11.8687,153.77,
2,Maze220925,16.777,6.3545,-0.9990,11.8687,153.77,
2,Maze220925,16.784,6.3545,-0.9990,11.8687,153.77,
2,Maze220925,16.793,6.3545,-0.9990,11.8687,153.77,
2,Maze220925,16.801,6.3545,-0.9990,11.8687,153.77,
2,Maze220925,16.809,6.3545,-0.9990,11.8687,153.77,
2,Maze220925,16.818,6.3545,-0.9990,11.8687,153.77,
2,Maze220925,16.826,6.3545,-0.9990,11.8687,153.77,
2,Maze220925,16.835,6.3545,-0.9990,11.8687,153.77,
2,Maze220925,16.844,6.3545,-0.9990,11.8687,153.77,
2,Maze220925,16.851,6.3545,-0.9990,11.8687,153.77,
2,Maze220925,16.859,6.3545,-0.9990,11.8687,153.77,
2,Maze220925,16.867,6.3545,-0.9990,11.8687,153.77,
2,Maze220925,16.876,6.3545,-0.9990,11.8687,153.77,
2,Maze220925,16.885,6.3545,-0.9990,11.8687,153.77,
2,Maze220925,16.892,6.3545,-0.9990,11.8687,153.77,
2,Maze220925,16.901,6.3545,-0.9990,11.8687,153.77,
2,Maze220925,16.909,6.3545,-0.9990,11.8687,153.77,
2,Maze220925,16.917,6.3545,-0.9990,11.8687,153.77,
2,Maze220925,16.927,6.3545,-0.9990,11.8687,153.77,
2,Maze220925,16.933,6.3545,-0.9990,11.8687,153.77,
2,Maze220925,16.942,6.3545,-0.9990,11.8687,153.77,
2,Maze220925,16.951,6.3545,-0.9990,11.8687,153.77,
2,Maze220925,16.959,6.3545,-0.9990,11.8687,153.77,
2,Maze220925,16.967,6.3545,-0.9990,11.8687,153.77,
2,Maze220925,16.976,6.3545,-0.9990,11.8687,153.77,
2,Maze220925,16.984,6.3545,-0.9990,11.8687,153.77,
2,Maze220925,16.993,6.3545,-0.9990,11.8687,153.77,
2,Maze220925,17.002,6.3545,-0.9990,11.8687,153.77,
2,Maze220925,17.009,6.3545,-0.9990,11.8687,153.77,
2,Maze220925,17.017,6.3545,-0.9990,11.8687,153.77,
2,Maze220925,17.028,6.3545,-0.9990,11.8687,153.77,
2,Maze220925,17.034,6.3545,-0.9990,11.8687,153.77,
2,Maze220925,17.043,6.3545,-0.9990,11.8687,153.77,
2,Maze220925,17.051,6.3545,-0.9990,11.8687,153.77,
2,Maze220925,17.059,6.3545,-0.9990,11.8687,153.77,
2,Maze220925,17.068,6.3545,-0.9990,11.8687,153.77,
2,Maze220925,17.078,6.3545,-0.9990,11.8687,153.77,
2,Maze220925,17.083,6.3545,-0.9990,11.8687,153.77,
2,Maze220925,17.094,6.3545,-0.9990,11.8687,153.77,
2,Maze220925,17.101,6.3545,-0.9990,11.8687,153.77,
2,Maze220925,17.109,6.3545,-0.9990,11.8687,153.77,
2,Maze220925,17.117,6.3545,-0.9990,11.8687,153.77,
2,Maze220925,17.126,6.3545,-0.9990,11.8687,153.77,
2,Maze220925,17.134,6.3545,-0.9990,11.8687,153.77,
2,Maze220925,17.142,6.3545,-0.9990,11.8687,153.77,
2,Maze220925,17.152,6.3545,-0.9990,11.8687,153.77,
2,Maze220925,17.159,6.3545,-0.9990,11.8687,153.77,
2,Maze220925,17.168,6.3545,-0.9990,11.8687,153.77,
2,Maze220925,17.176,6.3545,-0.9990,11.8687,153.77,
2,Maze220925,17.184,6.3545,-0.9990,11.8687,153.77,
2,Maze220925,17.195,6.3545,-0.9990,11.8687,153.77,
2,Maze220925,17.200,6.3545,-0.9990,11.8687,153.77,
2,Maze220925,17.209,6.3545,-0.9990,11.8687,153.77,
2,Maze220925,17.217,6.3545,-0.9990,11.8687,153.77,
2,Maze220925,17.255,6.3545,-0.9990,11.8687,153.77,
2,Maze220925,17.261,6.3545,-0.9990,11.8687,153.77,
2,Maze220925,17.270,6.3545,-0.9990,11.8687,153.77,
2,Maze220925,17.278,6.3545,-0.9990,11.8687,153.77,
2,Maze220925,17.286,6.3545,-0.9990,11.8687,153.77,
2,Maze220925,17.294,6.3545,-0.9990,11.8687,153.77,
2,Maze220925,17.301,6.3545,-0.9990,11.8687,153.77,
2,Maze220925,17.309,6.3545,-0.9990,11.8687,153.77,
2,Maze220925,17.317,6.3545,-0.9990,11.8687,153.77,
2,Maze220925,17.326,6.3545,-0.9990,11.8687,153.77,
2,Maze220925,17.334,6.3545,-0.9990,11.8687,153.77,
2,Maze220925,17.342,6.3545,-0.9990,11.8687,153.77,
2,Maze220925,17.351,6.3545,-0.9990,11.8687,153.77,
2,Maze220925,17.362,6.3545,-0.9990,11.8687,153.77,
2,Maze220925,17.368,6.3545,-0.9990,11.8687,153.77,
2,Maze220925,17.376,6.3545,-0.9990,11.8687,153.77,
2,Maze220925,17.386,6.3545,-0.9990,11.8687,153.77,
2,Maze220925,17.393,6.3545,-0.9990,11.8687,153.77,
2,Maze220925,17.403,6.3545,-0.9990,11.8687,153.77,
2,Maze220925,17.419,6.3545,-0.9990,11.8687,153.77,
2,Maze220925,17.427,6.3545,-0.9990,11.8687,153.77,
2,Maze220925,17.435,6.3545,-0.9990,11.8687,153.77,
2,Maze220925,17.446,6.3545,-0.9990,11.8687,153.77,
2,Maze220925,17.451,6.3545,-0.9990,11.8687,153.77,
2,Maze220925,17.460,6.3545,-0.9990,11.8687,153.77,
2,Maze220925,17.468,6.3545,-0.9990,11.8687,153.77,
2,Maze220925,17.477,6.3545,-0.9990,11.8687,153.77,
2,Maze220925,17.494,6.3545,-0.9990,11.8687,153.77,
2,Maze220925,17.501,6.3545,-0.9990,11.8687,153.77,
2,Maze220925,17.509,6.3545,-0.9990,11.8687,153.77,
2,Maze220925,17.518,6.3545,-0.9990,11.8687,153.77,
2,Maze220925,17.526,6.3545,-0.9990,11.8687,153.77,
2,Maze220925,17.534,6.3545,-0.9990,11.8687,153.77,
2,Maze220925,17.543,6.3545,-0.9990,11.8687,153.77,
2,Maze220925,17.551,6.3545,-0.9990,11.8687,153.77,
2,Maze220925,17.560,6.3545,-0.9990,11.8687,153.77,
2,Maze220925,17.568,6.3545,-0.9990,11.8687,153.77,
2,Maze220925,17.577,6.3545,-0.9990,11.8687,153.77,
2,Maze220925,17.584,6.3545,-0.9990,11.8687,153.77,
2,Maze220925,17.592,6.3545,-0.9990,11.8687,153.77,
2,Maze220925,17.600,6.3545,-0.9990,11.8687,153.77,
2,Maze220925,17.609,6.3545,-0.9990,11.8687,153.77,
2,Maze220925,17.617,6.3545,-0.9990,11.8687,153.77,
2,Maze220925,17.626,6.3545,-0.9990,11.8687,153.77,
2,Maze220925,17.634,6.3545,-0.9990,11.8687,153.77,
2,Maze220925,17.642,6.3545,-0.9990,11.8687,153.77,
2,Maze220925,17.650,6.3545,-0.9990,11.8687,153.77,
2,Maze220925,17.659,6.3545,-0.9990,11.8687,153.77,
2,Maze220925,17.667,6.3545,-0.9990,11.8687,153.77,
2,Maze220925,17.675,6.3545,-0.9990,11.8687,153.77,
2,Maze220925,17.684,6.3545,-0.9990,11.8687,153.77,
2,Maze220925,17.693,6.3545,-0.9990,11.8687,153.77,
2,Maze220925,17.701,6.3545,-0.9990,11.8687,153.77,
2,Maze220925,17.709,6.3545,-0.9990,11.8687,153.77,
2,Maze220925,17.717,6.3545,-0.9990,11.8687,153.77,
2,Maze220925,17.725,6.3545,-0.9990,11.8687,153.77,
2,Maze220925,17.734,6.3545,-0.9990,11.8687,153.77,
2,Maze220925,17.742,6.3545,-0.9990,11.8687,153.77,
2,Maze220925,17.751,6.3545,-0.9990,11.8687,153.77,
2,Maze220925,17.759,6.3545,-0.9990,11.8687,153.77,
2,Maze220925,17.768,6.3545,-0.9990,11.8687,153.77,
2,Maze220925,17.776,6.3545,-0.9990,11.8687,153.77,
2,Maze220925,17.784,6.3545,-0.9990,11.8687,153.77,
2,Maze220925,17.793,6.3545,-0.9990,11.8687,153.77,
2,Maze220925,17.801,6.3545,-0.9990,11.8687,153.77,
2,Maze220925,17.810,6.3545,-0.9990,11.8687,153.77,
2,Maze220925,17.818,6.3545,-0.9990,11.8687,153.77,
2,Maze220925,17.841,6.3545,-0.9990,11.8687,153.77,
2,Maze220925,17.851,6.3545,-0.9990,11.8687,153.77,
2,Maze220925,17.859,6.3545,-0.9990,11.8687,153.77,
2,Maze220925,17.868,6.3545,-0.9990,11.8687,153.77,
2,Maze220925,17.876,6.3545,-0.9990,11.8687,153.77,
2,Maze220925,17.884,6.3545,-0.9990,11.8687,153.77,
2,Maze220925,17.893,6.3545,-0.9990,11.8687,153.77,
2,Maze220925,17.901,6.3545,-0.9990,11.8687,153.77,
2,Maze220925,17.910,6.3545,-0.9990,11.8687,153.77,
2,Maze220925,17.918,6.3545,-0.9990,11.8687,153.77,
2,Maze220925,17.926,6.3545,-0.9990,11.8687,153.77,
2,Maze220925,17.935,6.3545,-0.9990,11.8687,153.77,
2,Maze220925,17.942,6.3545,-0.9990,11.8687,153.77,
2,Maze220925,17.952,6.3545,-0.9990,11.8687,153.77,
2,Maze220925,17.960,6.3545,-0.9990,11.8687,153.77,
2,Maze220925,17.969,6.3545,-0.9990,11.8687,153.77,
2,Maze220925,17.977,6.3545,-0.9990,11.8687,153.77,
2,Maze220925,17.985,6.3545,-0.9990,11.8687,153.77,
2,Maze220925,17.993,6.3545,-0.9990,11.8687,153.77,
2,Maze220925,18.001,6.3545,-0.9990,11.8687,153.77,
2,Maze220925,18.009,6.3545,-0.9990,11.8687,153.77,
2,Maze220925,18.017,6.3545,-0.9990,11.8687,153.77,
2,Maze220925,18.026,6.3545,-0.9990,11.8687,153.77,
2,Maze220925,18.034,6.3545,-0.9990,11.8687,153.77,
2,Maze220925,18.042,6.3545,-0.9990,11.8687,153.77,
2,Maze220925,18.050,6.3545,-0.9990,11.8687,153.77,
2,Maze220925,18.059,6.3545,-0.9990,11.8687,153.77,
2,Maze220925,18.067,6.3545,-0.9990,11.8687,153.77,
2,Maze220925,18.076,6.3545,-0.9990,11.8687,153.77,
2,Maze220925,18.084,6.3545,-0.9990,11.8687,153.77,
2,Maze220925,18.092,6.3545,-0.9990,11.8687,153.77,
2,Maze220925,18.102,6.3545,-0.9990,11.8687,153.77,
2,Maze220925,18.110,6.3545,-0.9990,11.8687,153.77,
2,Maze220925,18.118,6.3545,-0.9990,11.8687,153.77,
2,Maze220925,18.126,6.3545,-0.9990,11.8687,153.77,
2,Maze220925,18.135,6.3545,-0.9990,11.8687,153.77,
2,Maze220925,18.144,6.3545,-0.9990,11.8687,153.77,
2,Maze220925,18.151,6.3545,-0.9990,11.8687,153.77,
2,Maze220925,18.161,6.3545,-0.9990,11.8687,153.77,
2,Maze220925,18.168,6.3545,-0.9990,11.8687,153.77,
2,Maze220925,18.176,6.3545,-0.9990,11.8687,153.77,
2,Maze220925,18.184,6.3545,-0.9990,11.8687,153.77,
2,Maze220925,18.192,6.3545,-0.9990,11.8687,153.77,
2,Maze220925,18.201,6.3545,-0.9990,11.8687,153.77,
2,Maze220925,18.209,6.3545,-0.9990,11.8687,153.77,
2,Maze220925,18.219,6.3545,-0.9990,11.8687,153.77,
2,Maze220925,18.226,6.3545,-0.9990,11.8687,153.77,
2,Maze220925,18.235,6.3545,-0.9990,11.8687,153.77,
2,Maze220925,18.243,6.3545,-0.9990,11.8687,153.77,
2,Maze220925,18.252,6.3545,-0.9990,11.8687,153.77,
2,Maze220925,18.259,6.3545,-0.9990,11.8687,153.77,
2,Maze220925,18.269,6.3545,-0.9990,11.8687,153.77,
2,Maze220925,18.275,6.3545,-0.9990,11.8687,153.77,
2,Maze220925,18.284,6.3545,-0.9990,11.8687,153.77,
2,Maze220925,18.292,6.3545,-0.9990,11.8687,153.77,
2,Maze220925,18.301,6.3545,-0.9990,11.8687,153.77,
2,Maze220925,18.311,6.3545,-0.9990,11.8687,153.77,
2,Maze220925,18.318,6.3545,-0.9990,11.8687,153.77,
2,Maze220925,18.341,6.3545,-0.9990,11.8687,153.77,
2,Maze220925,18.352,6.3545,-0.9990,11.8687,153.77,
2,Maze220925,18.361,6.3545,-0.9990,11.8687,153.77,
2,Maze220925,18.368,6.3545,-0.9990,11.8687,153.77,
2,Maze220925,18.376,6.3545,-0.9990,11.8687,153.77,
2,Maze220925,18.384,6.3545,-0.9990,11.8687,153.77,
2,Maze220925,18.392,6.3545,-0.9990,11.8687,153.77,
2,Maze220925,18.401,6.3545,-0.9990,11.8687,153.77,
2,Maze220925,18.409,6.3545,-0.9990,11.8687,153.77,
2,Maze220925,18.430,6.3545,-0.9990,11.8687,153.77,
2,Maze220925,18.436,6.3545,-0.9990,11.8687,153.77,
2,Maze220925,18.445,6.3545,-0.9990,11.8687,153.77,
2,Maze220925,18.451,6.3545,-0.9990,11.8687,153.77,
2,Maze220925,18.459,6.3545,-0.9990,11.8687,153.77,
2,Maze220925,18.469,6.3545,-0.9990,11.8687,153.77,
2,Maze220925,18.475,6.3545,-0.9990,11.8687,153.77,
2,Maze220925,18.485,6.3545,-0.9990,11.8687,153.77,
2,Maze220925,18.492,6.3545,-0.9990,11.8687,153.77,
2,Maze220925,18.511,6.3545,-0.9990,11.8687,153.77,
2,Maze220925,18.520,6.3545,-0.9990,11.8687,153.77,
2,Maze220925,18.527,6.3545,-0.9990,11.8687,153.77,
2,Maze220925,18.534,6.3545,-0.9990,11.8687,153.77,
2,Maze220925,18.543,6.3545,-0.9990,11.8687,153.77,
2,Maze220925,18.552,6.3545,-0.9990,11.8687,153.77,
2,Maze220925,18.561,6.3545,-0.9990,11.8687,153.77,
2,Maze220925,18.568,6.3545,-0.9990,11.8687,153.77,
2,Maze220925,18.576,6.3545,-0.9990,11.8687,153.77,
2,Maze220925,18.595,6.3545,-0.9990,11.8687,153.77,
2,Maze220925,18.602,6.3545,-0.9990,11.8687,153.77,
2,Maze220925,18.610,6.3545,-0.9990,11.8687,153.77,
2,Maze220925,18.618,6.3545,-0.9990,11.8687,153.77,
2,Maze220925,18.626,6.3545,-0.9990,11.8687,153.77,
2,Maze220925,18.634,6.3545,-0.9990,11.8687,153.77,
2,Maze220925,18.642,6.3545,-0.9990,11.8687,153.77,
2,Maze220925,18.652,6.3545,-0.9990,11.8687,153.77,
2,Maze220925,18.664,6.3545,-0.9990,11.8687,153.77,
2,Maze220925,18.668,6.3545,-0.9990,11.8687,153.77,
2,Maze220925,18.676,6.3545,-0.9990,11.8687,153.77,
2,Maze220925,18.686,6.3545,-0.9990,11.8687,153.77,
2,Maze220925,18.694,6.3545,-0.9990,11.8687,153.77,
2,Maze220925,18.702,6.3545,-0.9990,11.8687,153.77,
2,Maze220925,18.710,6.3545,-0.9990,11.8687,153.77,
2,Maze220925,18.719,6.3545,-0.9990,11.8687,153.77,
2,Maze220925,18.727,6.3545,-0.9990,11.8687,153.77,
2,Maze220925,18.735,6.3545,-0.9990,11.8687,153.77,
2,Maze220925,18.747,6.3545,-0.9990,11.8687,153.77,
2,Maze220925,18.752,6.3545,-0.9990,11.8687,153.77,
2,Maze220925,18.760,6.3545,-0.9990,11.8687,153.77,
2,Maze220925,18.768,6.3545,-0.9990,11.8687,153.77,
2,Maze220925,18.777,6.3545,-0.9990,11.8687,153.77,
2,Maze220925,18.785,6.3545,-0.9990,11.8687,153.77,
2,Maze220925,18.794,6.3545,-0.9990,11.8687,153.77,
2,Maze220925,18.802,6.3545,-0.9990,11.8687,153.77,
2,Maze220925,18.811,6.3545,-0.9990,11.8687,153.77,
2,Maze220925,18.818,6.3545,-0.9990,11.8687,153.77,
2,Maze220925,18.827,6.3545,-0.9990,11.8687,153.77,
2,Maze220925,18.839,6.3545,-0.9990,11.8687,153.77,
2,Maze220925,18.842,6.3545,-0.9990,11.8687,153.77,
2,Maze220925,18.856,6.3545,-0.9990,11.8687,153.77,
2,Maze220925,18.859,6.3706,-0.9990,11.8360,153.77,
2,Maze220925,18.867,6.3766,-0.9990,11.8238,153.77,
2,Maze220925,18.876,6.3877,-0.9990,11.8013,153.77,
2,Maze220925,18.886,6.3988,-0.9990,11.7789,153.77,
2,Maze220925,18.892,6.4110,-0.9990,11.7540,153.77,
2,Maze220925,18.903,6.4197,-0.9990,11.7363,153.77,
2,Maze220925,18.912,6.4335,-0.9990,11.7082,153.77,
2,Maze220925,18.919,6.4236,-0.9990,11.6789,153.77,
2,Maze220925,18.926,6.4177,-0.9990,11.6616,153.77,
2,Maze220925,18.935,6.4105,-0.9990,11.6406,153.77,
2,Maze220925,18.942,6.4016,-0.9990,11.6143,153.77,
2,Maze220925,18.953,6.3945,-0.9990,11.5933,153.77,
2,Maze220925,18.961,6.3856,-0.9990,11.5672,153.77,
2,Maze220925,18.969,6.3777,-0.9990,11.5439,153.77,
2,Maze220925,18.976,6.3697,-0.9990,11.5206,153.77,
2,Maze220925,18.984,6.3629,-0.9990,11.5003,153.77,
2,Maze220925,18.992,6.3542,-0.9990,11.4748,153.77,
2,Maze220925,19.002,6.3462,-0.9990,11.4514,153.77,
2,Maze220925,19.010,6.3373,-0.9990,11.4252,153.77,
2,Maze220925,19.019,6.3486,-0.9990,11.4022,153.77,
2,Maze220925,19.027,6.3593,-0.9990,11.3806,153.77,
2,Maze220925,19.033,6.3702,-0.9990,11.3585,153.77,
2,Maze220925,19.044,6.3792,-0.9990,11.3402,153.77,
2,Maze220925,19.051,6.3926,-0.9990,11.3130,153.77,
2,Maze220925,19.059,6.4021,-0.9990,11.2937,153.77,
2,Maze220925,19.067,6.4135,-0.9990,11.2706,153.77,
2,Maze220925,19.078,6.4245,-0.9990,11.2483,153.77,
2,Maze220925,19.084,6.4368,-0.9990,11.2232,153.77,
2,Maze220925,19.092,6.4467,-0.9990,11.2032,153.77,
2,Maze220925,19.103,6.4577,-0.9990,11.1808,153.77,
2,Maze220925,19.109,6.4699,-0.9990,11.1561,153.77,
2,Maze220925,19.117,6.4799,-0.9990,11.1357,153.77,
2,Maze220925,19.125,6.4908,-0.9990,11.1136,153.77,
2,Maze220925,19.134,6.5008,-0.9990,11.0932,153.77,
2,Maze220925,19.144,6.5131,-0.9990,11.0684,153.77,
2,Maze220925,19.152,6.5251,-0.9990,11.0441,153.77,
2,Maze220925,19.159,6.5359,-0.9990,11.0220,153.77,
2,Maze220925,19.167,6.5461,-0.9990,11.0014,153.77,
2,Maze220925,19.176,6.5570,-0.9990,10.9792,153.77,
2,Maze220925,19.186,6.5682,-0.9990,10.9566,153.77,
2,Maze220925,19.193,6.5805,-0.9990,10.9316,153.77,
2,Maze220925,19.202,6.5899,-0.9990,10.9124,153.77,
2,Maze220925,19.210,6.6022,-0.9990,10.8874,153.77,
2,Maze220925,19.219,6.6129,-0.9990,10.8657,153.77,
2,Maze220925,19.226,6.6244,-0.9990,10.8424,153.77,
2,Maze220925,19.236,6.6345,-0.9990,10.8219,153.77,
2,Maze220925,19.242,6.6466,-0.9990,10.7973,153.77,
2,Maze220925,19.251,6.6554,-0.9990,10.7796,153.77,
2,Maze220925,19.261,6.6677,-0.9990,10.7546,153.77,
2,Maze220925,19.269,6.6798,-0.9990,10.7300,153.77,
2,Maze220925,19.277,6.6905,-0.9990,10.7082,153.77,
2,Maze220925,19.284,6.7015,-0.9990,10.6860,153.77,
2,Maze220925,19.292,6.7112,-0.9990,10.6662,153.77,
2,Maze220925,19.302,6.7228,-0.9990,10.6427,153.77,
2,Maze220925,19.310,6.7350,-0.9990,10.6180,153.77,
2,Maze220925,19.317,6.7460,-0.9990,10.5955,153.77,
2,Maze220925,19.326,6.7559,-0.9990,10.5754,153.77,
2,Maze220925,19.336,6.7670,-0.9990,10.5530,153.77,
2,Maze220925,19.347,6.7793,-0.9990,10.5279,153.77,
2,Maze220925,19.351,6.7684,-0.9990,10.4958,153.77,
2,Maze220925,19.359,6.7643,-0.9990,10.4836,153.77,
2,Maze220925,19.368,6.7562,-0.9990,10.4598,153.77,
2,Maze220925,19.376,6.7481,-0.9990,10.4361,153.77,
2,Maze220925,19.385,6.7401,-0.9990,10.4124,153.77,
2,Maze220925,19.392,6.7311,-0.9990,10.3860,153.77,
2,Maze220925,19.403,6.7240,-0.9990,10.3650,153.77,
2,Maze220925,19.411,6.7150,-0.9990,10.3386,153.77,
2,Maze220925,19.419,6.7071,-0.9990,10.3154,153.77,
2,Maze220925,19.427,6.6991,-0.9990,10.2917,153.77,
2,Maze220925,19.433,6.6911,-0.9990,10.2684,153.77,
2,Maze220925,19.443,6.6846,-0.9990,10.2492,153.77,
2,Maze220925,19.451,6.6757,-0.9990,10.2229,153.77,
2,Maze220925,19.459,6.6677,-0.9990,10.1994,153.66,
2,Maze220925,19.467,6.6599,-0.9990,10.1760,153.45,
2,Maze220925,19.475,6.6523,-0.9990,10.1522,152.82,
2,Maze220925,19.484,6.6449,-0.9990,10.1285,152.24,
2,Maze220925,19.492,6.6377,-0.9990,10.1047,151.78,
2,Maze220925,19.501,6.6307,-0.9990,10.0806,151.27,
2,Maze220925,19.509,6.6239,-0.9990,10.0565,150.71,
2,Maze220925,19.517,6.6174,-0.9990,10.0324,150.16,
2,Maze220925,19.525,6.6110,-0.9990,10.0077,149.59,
2,Maze220925,19.534,6.6053,-0.9990,9.9846,148.83,
2,Maze220925,19.542,6.5995,-0.9990,9.9593,147.97,
2,Maze220925,19.550,6.5945,-0.9990,9.9351,146.69,
2,Maze220925,19.558,6.5903,-0.9990,9.9122,145.34,
2,Maze220925,19.567,6.5864,-0.9990,9.8874,143.91,
2,Maze220925,19.576,6.5828,-0.9990,9.8603,142.53,
2,Maze220925,19.584,6.5802,-0.9990,9.8360,141.14,
2,Maze220925,19.592,6.5781,-0.9990,9.8111,139.77,
2,Maze220925,19.601,6.5767,-0.9990,9.7861,138.19,
2,Maze220925,19.609,6.5762,-0.9990,9.7611,136.14,
2,Maze220925,19.617,6.5766,-0.9990,9.7364,134.25,
2,Maze220925,19.625,6.5779,-0.9990,9.7105,132.12,
2,Maze220925,19.634,6.5799,-0.9990,9.6864,130.06,
2,Maze220925,19.642,6.5829,-0.9990,9.6616,128.24,
2,Maze220925,19.650,6.5861,-0.9990,9.6368,127.54,
2,Maze220925,19.658,6.5894,-0.9990,9.6121,127.45,
2,Maze220925,19.667,6.5944,-0.9990,9.5889,122.95,
2,Maze220925,19.675,6.6007,-0.9990,9.5627,121.41,
2,Maze220925,19.683,6.6068,-0.9990,9.5389,120.68,
2,Maze220925,19.692,6.6128,-0.9990,9.5166,119.88,
2,Maze220925,19.700,6.6198,-0.9990,9.4925,118.74,
2,Maze220925,19.708,6.6271,-0.9990,9.4687,118.05,
2,Maze220925,19.717,6.6340,-0.9990,9.4458,118.05,
2,Maze220925,19.726,6.6420,-0.9990,9.4200,117.90,
2,Maze220925,19.734,6.6498,-0.9990,9.3950,117.62,
2,Maze220925,19.742,6.6572,-0.9990,9.3715,117.56,
2,Maze220925,19.750,6.6646,-0.9990,9.3479,117.56,
2,Maze220925,19.759,6.6722,-0.9990,9.3237,117.56,
2,Maze220925,19.767,6.6797,-0.9990,9.2998,117.56,
2,Maze220925,19.775,6.6872,-0.9990,9.2760,117.56,
2,Maze220925,19.784,6.6947,-0.9990,9.2523,117.56,
2,Maze220925,19.792,6.7022,-0.9990,9.2283,117.56,
2,Maze220925,19.800,6.7097,-0.9990,9.2044,117.56,
2,Maze220925,19.809,6.7172,-0.9990,9.1804,117.56,
2,Maze220925,19.817,6.7248,-0.9990,9.1564,117.56,
2,Maze220925,19.826,6.7323,-0.9990,9.1326,117.56,
2,Maze220925,19.834,6.7552,-0.9990,9.1206,117.56,
2,Maze220925,19.842,6.7765,-0.9990,9.1095,117.56,
2,Maze220925,19.851,6.7986,-0.9990,9.0980,117.56,
2,Maze220925,19.859,6.8209,-0.9990,9.0863,117.56,
2,Maze220925,19.867,6.8431,-0.9990,9.0748,117.56,
2,Maze220925,19.876,6.8653,-0.9990,9.0632,117.56,
2,Maze220925,19.884,6.8875,-0.9990,9.0516,117.56,
2,Maze220925,19.892,6.9096,-0.9990,9.0400,117.56,
2,Maze220925,19.901,6.9318,-0.9990,9.0285,117.56,
2,Maze220925,19.909,6.9540,-0.9990,9.0169,117.56,
2,Maze220925,19.919,6.9764,-0.9990,9.0052,117.56,
2,Maze220925,19.926,7.0006,-0.9990,8.9926,117.56,
2,Maze220925,19.934,7.0208,-0.9990,8.9820,117.56,
2,Maze220925,19.944,7.0430,-0.9990,8.9705,117.56,
2,Maze220925,19.957,7.0678,-0.9990,8.9575,117.56,
2,Maze220925,19.967,7.1044,-0.9990,8.9384,117.56,
2,Maze220925,19.976,7.1312,-0.9990,8.9244,117.56,
2,Maze220925,19.984,7.1535,-0.9990,8.9128,117.56,
2,Maze220925,19.993,7.1756,-0.9990,8.9012,117.56,
2,Maze220925,20.001,7.1982,-0.9990,8.8895,117.46,
2,Maze220925,20.009,7.2202,-0.9990,8.8782,117.29,
2,Maze220925,20.017,7.2424,-0.9990,8.8670,116.75,
2,Maze220925,20.026,7.2647,-0.9990,8.8560,116.15,
2,Maze220925,20.034,7.2875,-0.9990,8.8452,115.40,
2,Maze220925,20.042,7.3102,-0.9990,8.8348,114.61,
2,Maze220925,20.050,7.3315,-0.9990,8.8254,113.78,
2,Maze220925,20.058,7.3540,-0.9990,8.8158,113.08,
2,Maze220925,20.067,7.3773,-0.9990,8.8062,112.43,
2,Maze220925,20.076,7.4024,-0.9990,8.7961,112.01,
2,Maze220925,20.084,7.4251,-0.9990,8.7871,111.60,
2,Maze220925,20.092,7.4484,-0.9990,8.7779,111.39,
2,Maze220925,20.100,7.4716,-0.9990,8.7689,111.31,
2,Maze220925,20.109,7.4949,-0.9990,8.7598,111.31,
2,Maze220925,20.117,7.5183,-0.9990,8.7508,111.10,
2,Maze220925,20.125,7.5414,-0.9990,8.7419,111.10,
2,Maze220925,20.134,7.5644,-0.9990,8.7330,111.07,
2,Maze220925,20.142,7.5885,-0.9990,8.7237,111.05,
2,Maze220925,20.150,7.6117,-0.9990,8.7148,111.04,
2,Maze220925,20.159,7.6348,-0.9990,8.7059,111.04,
2,Maze220925,20.167,7.6584,-0.9990,8.6969,111.04,
2,Maze220925,20.175,7.6816,-0.9990,8.6879,111.04,
2,Maze220925,20.184,7.7048,-0.9990,8.6790,111.04,
2,Maze220925,20.192,7.7287,-0.9990,8.6698,111.04,
2,Maze220925,20.201,7.7518,-0.9990,8.6609,111.05,
2,Maze220925,20.209,7.7750,-0.9990,8.6520,111.07,
2,Maze220925,20.217,7.7983,-0.9990,8.6430,111.08,
2,Maze220925,20.225,7.8216,-0.9990,8.6340,111.09,
2,Maze220925,20.234,7.8448,-0.9990,8.6251,111.09,
2,Maze220925,20.242,7.8681,-0.9990,8.6161,111.10,
2,Maze220925,20.251,7.8914,-0.9990,8.6071,111.10,
2,Maze220925,20.259,7.9149,-0.9990,8.5980,111.11,
2,Maze220925,20.266,7.9382,-0.9990,8.5890,111.12,
2,Maze220925,20.275,7.9597,-0.9990,8.5807,111.12,
2,Maze220925,20.283,7.9597,-0.9990,8.5807,111.12,
2,Maze220925,20.292,7.9597,-0.9990,8.5807,111.12,
2,Maze220925,20.300,7.9597,-0.9990,8.5807,111.13,
2,Maze220925,20.309,7.9597,-0.9990,8.5807,111.15,
2,Maze220925,20.317,7.9597,-0.9990,8.5807,111.18,
2,Maze220925,20.325,7.9597,-0.9990,8.5807,111.21,
2,Maze220925,20.334,7.9597,-0.9990,8.5807,111.23,
2,Maze220925,20.342,7.9597,-0.9990,8.5807,111.24,
2,Maze220925,20.355,7.9597,-0.9990,8.5807,111.25,
2,Maze220925,20.359,7.9743,-0.9990,8.5476,111.27,
2,Maze220925,20.367,7.9805,-0.9990,8.5335,111.27,
2,Maze220925,20.376,7.9901,-0.9990,8.5116,111.28,
2,Maze220925,20.384,8.0000,-0.9990,8.4890,111.28,
2,Maze220925,20.392,8.0000,-0.9990,8.4664,111.28,
2,Maze220925,20.400,8.0000,-0.9990,8.4435,111.28,
2,Maze220925,20.409,8.0000,-0.9990,8.4204,111.28,
2,Maze220925,20.417,8.0000,-0.9990,8.3974,111.29,
2,Maze220925,20.425,8.0000,-0.9990,8.3744,111.30,
2,Maze220925,20.433,8.0000,-0.9990,8.3524,111.34,
2,Maze220925,20.441,8.0000,-0.9990,8.3305,111.40,
2,Maze220925,20.451,8.0000,-0.9990,8.3077,111.53,
2,Maze220925,20.459,8.0000,-0.9990,8.2828,111.68,
2,Maze220925,20.467,8.0000,-0.9990,8.2601,111.87,
2,Maze220925,20.475,8.0000,-0.9990,8.2367,111.95,
2,Maze220925,20.483,8.0000,-0.9990,8.2141,111.96,
2,Maze220925,20.491,8.0000,-0.9990,8.1929,112.18,
2,Maze220925,20.500,8.0000,-0.9990,8.1697,112.34,
2,Maze220925,20.508,8.0000,-0.9990,8.1467,113.06,
2,Maze220925,20.517,8.0000,-0.9990,8.1230,113.35,
2,Maze220925,20.525,8.0000,-0.9990,8.0977,113.67,
2,Maze220925,20.534,8.0000,-0.9990,8.0749,114.20,
2,Maze220925,20.542,8.0000,-0.9990,8.0514,115.03,
2,Maze220925,20.550,8.0000,-0.9990,8.0277,115.81,
2,Maze220925,20.559,8.0079,-0.9990,8.0040,116.57,
2,Maze220925,20.567,8.0155,-0.9990,7.9801,117.47,
2,Maze220925,20.575,8.0226,-0.9990,7.9561,118.42,
2,Maze220925,20.584,8.0293,-0.9990,7.9323,119.37,
2,Maze220925,20.592,8.0357,-0.9990,7.9080,120.18,
2,Maze220925,20.600,8.0420,-0.9990,7.8838,120.42,
2,Maze220925,20.609,8.0482,-0.9990,7.8596,120.65,
2,Maze220925,20.617,8.0543,-0.9990,7.8354,120.88,
2,Maze220925,20.625,8.0600,-0.9990,7.8124,121.08,
2,Maze220925,20.634,8.0660,-0.9990,7.7876,121.32,
2,Maze220925,20.642,8.0721,-0.9990,7.7622,121.43,
2,Maze220925,20.650,8.0780,-0.9990,7.7380,121.46,
2,Maze220925,20.659,8.0838,-0.9990,7.7140,121.46,
2,Maze220925,20.667,8.0896,-0.9990,7.6896,121.46,
2,Maze220925,20.676,8.0955,-0.9990,7.6652,121.46,
2,Maze220925,20.684,8.1015,-0.9990,7.6404,121.46,
2,Maze220925,20.692,8.1073,-0.9990,7.6163,121.46,
2,Maze220925,20.700,8.1131,-0.9990,7.5920,121.45,
2,Maze220925,20.709,8.1190,-0.9990,7.5678,121.41,
2,Maze220925,20.717,8.1249,-0.9990,7.5434,121.36,
2,Maze220925,20.725,8.1309,-0.9990,7.5189,121.31,
2,Maze220925,20.733,8.1367,-0.9990,7.4950,121.24,
2,Maze220925,20.742,8.1423,-0.9990,7.4724,121.16,
2,Maze220925,20.751,8.1488,-0.9990,7.4460,121.11,
2,Maze220925,20.759,8.1708,-0.9990,7.4328,121.05,
2,Maze220925,20.767,8.1915,-0.9990,7.4204,120.97,
2,Maze220925,20.776,8.2131,-0.9990,7.4075,120.85,
2,Maze220925,20.784,8.2344,-0.9990,7.3948,120.70,
2,Maze220925,20.792,8.2561,-0.9990,7.3820,120.53,
2,Maze220925,20.801,8.2774,-0.9990,7.3695,120.35,
2,Maze220925,20.809,8.2992,-0.9990,7.3569,120.08,
2,Maze220925,20.818,8.3207,-0.9990,7.3446,119.79,
2,Maze220925,20.825,8.3432,-0.9990,7.3319,119.52,
2,Maze220925,20.833,8.3640,-0.9990,7.3202,119.26,
2,Maze220925,20.842,8.3846,-0.9990,7.3088,119.00,
2,Maze220925,20.850,8.4081,-0.9990,7.2958,118.90,
2,Maze220925,20.859,8.4298,-0.9990,7.2839,118.90,
2,Maze220925,20.866,8.4518,-0.9990,7.2718,118.67,
2,Maze220925,20.876,8.4721,-0.9990,7.2608,118.52,
2,Maze220925,20.883,8.4960,-0.9990,7.2478,118.49,
2,Maze220925,20.891,8.5159,-0.9990,7.2370,118.46,
2,Maze220925,20.900,8.5379,-0.9990,7.2251,118.44,
2,Maze220925,20.908,8.5598,-0.9990,7.2133,118.43,
2,Maze220925,20.917,8.5817,-0.9990,7.2014,118.42,
2,Maze220925,20.925,8.6056,-0.9990,7.1885,118.41,
2,Maze220925,20.934,8.6274,-0.9990,7.1767,118.41,
2,Maze220925,20.942,8.6495,-0.9990,7.1648,118.41,
2,Maze220925,20.950,8.6714,-0.9990,7.1529,118.41,
2,Maze220925,20.959,8.6935,-0.9990,7.1409,118.41,
2,Maze220925,20.967,8.7154,-0.9990,7.1291,118.41,
2,Maze220925,20.975,8.7374,-0.9990,7.1172,118.41,
2,Maze220925,20.983,8.7595,-0.9990,7.1052,118.41,
2,Maze220925,20.992,8.7812,-0.9990,7.0935,118.41,
2,Maze220925,21.000,8.8035,-0.9990,7.0814,118.41,
2,Maze220925,21.009,8.8255,-0.9990,7.0696,118.41,
2,Maze220925,21.017,8.8475,-0.9990,7.0577,118.41,
2,Maze220925,21.025,8.8695,-0.9990,7.0457,118.41,
2,Maze220925,21.034,8.8916,-0.9990,7.0338,118.41,
2,Maze220925,21.042,8.9135,-0.9990,7.0219,118.41,
2,Maze220925,21.050,8.9358,-0.9990,7.0099,118.41,
2,Maze220925,21.059,8.9577,-0.9990,6.9980,118.41,
2,Maze220925,21.067,8.9796,-0.9990,6.9862,118.41,
2,Maze220925,21.075,9.0016,-0.9990,6.9743,118.41,
2,Maze220925,21.084,9.0238,-0.9990,6.9623,118.41,
2,Maze220925,21.092,9.0458,-0.9990,6.9504,118.41,
2,Maze220925,21.100,9.0677,-0.9990,6.9385,118.41,
2,Maze220925,21.109,9.0897,-0.9990,6.9266,118.41,
2,Maze220925,21.117,9.1119,-0.9990,6.9146,118.41,
2,Maze220925,21.130,9.1338,-0.9990,6.9028,118.41,
2,Maze220925,21.134,9.1443,-0.9990,6.8674,118.41,
2,Maze220925,21.142,9.1480,-0.9990,6.8548,118.41,
2,Maze220925,21.152,9.1552,-0.9990,6.8309,118.41,
2,Maze220925,21.159,9.1632,-0.9990,6.8039,118.41,
2,Maze220925,21.167,9.1695,-0.9990,6.7828,118.41,
2,Maze220925,21.178,9.1767,-0.9990,6.7587,118.41,
2,Maze220925,21.185,9.1846,-0.9990,6.7319,118.41,
2,Maze220925,21.193,9.1915,-0.9990,6.7088,118.41,
2,Maze220925,21.201,9.1986,-0.9990,6.6852,118.41,
2,Maze220925,21.209,9.2054,-0.9990,6.6621,118.41,
2,Maze220925,21.217,9.2124,-0.9990,6.6386,118.41,
2,Maze220925,21.226,9.2195,-0.9990,6.6148,118.41,
2,Maze220925,21.234,9.2266,-0.9990,6.5910,118.41,
2,Maze220925,21.244,9.2338,-0.9990,6.5670,118.41,
2,Maze220925,21.251,9.2418,-0.9990,6.5402,118.41,
2,Maze220925,21.259,9.2481,-0.9990,6.5189,118.39,
2,Maze220925,21.267,9.2551,-0.9990,6.4954,118.37,
2,Maze220925,21.276,9.2621,-0.9990,6.4720,118.37,
2,Maze220925,21.284,9.2694,-0.9990,6.4478,118.36,
2,Maze220925,21.292,9.2765,-0.9990,6.4240,118.33,
2,Maze220925,21.300,9.2836,-0.9990,6.4002,118.29,
2,Maze220925,21.309,9.2909,-0.9990,6.3762,118.23,
2,Maze220925,21.317,9.2982,-0.9990,6.3520,118.13,
2,Maze220925,21.326,9.3055,-0.9990,6.3282,118.01,
2,Maze220925,21.334,9.3128,-0.9990,6.3043,117.87,
2,Maze220925,21.342,9.3202,-0.9990,6.2805,117.74,
2,Maze220925,21.350,9.3277,-0.9990,6.2567,117.59,
2,Maze220925,21.359,9.3352,-0.9990,6.2328,117.44,
2,Maze220925,21.367,9.3428,-0.9990,6.2090,117.35,
2,Maze220925,21.375,9.3505,-0.9990,6.1852,117.22,
2,Maze220925,21.384,9.3581,-0.9990,6.1615,117.06,
2,Maze220925,21.392,9.3659,-0.9990,6.1376,116.88,
2,Maze220925,21.400,9.3738,-0.9990,6.1139,116.68,
2,Maze220925,21.409,9.3817,-0.9990,6.0903,116.47,
2,Maze220925,21.417,9.3898,-0.9990,6.0665,116.21,
2,Maze220925,21.425,9.3980,-0.9990,6.0429,115.73,
2,Maze220925,21.434,9.4064,-0.9990,6.0195,115.45,
2,Maze220925,21.442,9.4147,-0.9990,5.9961,115.45,
2,Maze220925,21.450,9.4236,-0.9990,5.9727,114.16,
2,Maze220925,21.459,9.4327,-0.9990,5.9494,113.51,
2,Maze220925,21.467,9.4566,-0.9990,5.9394,112.90,
2,Maze220925,21.475,9.4797,-0.9990,5.9299,112.26,
2,Maze220925,21.484,9.5024,-0.9990,5.9208,111.96,
2,Maze220925,21.491,9.5256,-0.9990,5.9115,111.66,
2,Maze220925,21.500,9.5469,-0.9990,5.9033,111.16,
2,Maze220925,21.509,9.5705,-0.9990,5.8944,110.75,
2,Maze220925,21.517,9.5959,-0.9990,5.8849,110.48,
2,Maze220925,21.525,9.6190,-0.9990,5.8763,110.33,
2,Maze220925,21.534,9.6423,-0.9990,5.8677,110.26,
2,Maze220925,21.542,9.6660,-0.9990,5.8590,110.12,
2,Maze220925,21.550,9.6895,-0.9990,5.8505,109.96,
2,Maze220925,21.558,9.7129,-0.9990,5.8420,109.91,
2,Maze220925,21.567,9.7349,-0.9990,5.8341,109.87,
2,Maze220925,21.575,9.7605,-0.9990,5.8248,109.83,
2,Maze220925,21.583,9.7837,-0.9990,5.8165,109.80,
2,Maze220925,21.596,9.8043,-0.9990,5.8091,109.80,
2,Maze220925,21.600,9.8217,-0.9990,5.7722,109.80,
2,Maze220925,21.609,9.8269,-0.9990,5.7610,109.80,
2,Maze220925,21.617,9.8376,-0.9990,5.7384,109.75,
2,Maze220925,21.625,9.8483,-0.9990,5.7157,109.73,
2,Maze220925,21.634,9.8589,-0.9990,5.6933,109.69,
2,Maze220925,21.642,9.8696,-0.9990,5.6706,109.64,
2,Maze220925,21.650,9.8803,-0.9990,5.6482,109.58,
2,Maze220925,21.659,9.8903,-0.9990,5.6271,109.49,
2,Maze220925,21.667,9.9021,-0.9990,5.6027,109.38,
2,Maze220925,21.675,9.9128,-0.9990,5.5805,109.27,
2,Maze220925,21.684,9.9237,-0.9990,5.5580,109.17,
2,Maze220925,21.692,9.9346,-0.9990,5.5356,109.08,
2,Maze220925,21.700,9.9455,-0.9990,5.5131,108.99,
2,Maze220925,21.709,9.9565,-0.9990,5.4907,108.98,
2,Maze220925,21.717,9.9674,-0.9990,5.4682,108.98,
2,Maze220925,21.725,9.9784,-0.9990,5.4457,108.98,
2,Maze220925,21.734,9.9894,-0.9990,5.4233,108.98,
2,Maze220925,21.742,10.0003,-0.9990,5.4009,108.98,
2,Maze220925,21.750,10.0114,-0.9990,5.3781,108.98,
2,Maze220925,21.759,10.0224,-0.9990,5.3555,108.98,
2,Maze220925,21.767,10.0467,-0.9990,5.3472,108.98,
2,Maze220925,21.775,10.0698,-0.9990,5.3392,108.98,
2,Maze220925,21.784,10.0934,-0.9990,5.3311,108.98,
2,Maze220925,21.792,10.1170,-0.9990,5.3230,108.98,
2,Maze220925,21.800,10.1406,-0.9990,5.3149,108.98,
2,Maze220925,21.809,10.1642,-0.9990,5.3068,108.98,
2,Maze220925,21.817,10.1886,-0.9990,5.2984,108.98,
2,Maze220925,21.826,10.2121,-0.9990,5.2903,108.98,
2,Maze220925,21.836,10.2357,-0.9990,5.2822,108.98,
2,Maze220925,21.844,10.2623,-0.9990,5.2730,108.98,
2,Maze220925,21.852,10.2852,-0.9990,5.2652,108.98,
2,Maze220925,21.859,10.3086,-0.9990,5.2571,108.98,
2,Maze220925,21.867,10.3302,-0.9990,5.2497,108.98,
2,Maze220925,21.878,10.3537,-0.9990,5.2416,108.98,
2,Maze220925,21.884,10.3804,-0.9990,5.2324,108.98,
2,Maze220925,21.892,10.4012,-0.9990,5.2253,108.98,
2,Maze220925,21.901,10.4247,-0.9990,5.2172,108.98,
2,Maze220925,21.911,10.4482,-0.9990,5.2091,108.98,
2,Maze220925,21.919,10.4750,-0.9990,5.1999,108.98,
2,Maze220925,21.927,10.4973,-0.9990,5.1922,108.98,
2,Maze220925,21.933,10.5205,-0.9990,5.1842,108.98,
2,Maze220925,21.942,10.5412,-0.9990,5.1771,108.98,
2,Maze220925,21.952,10.5667,-0.9990,5.1683,108.98,
2,Maze220925,21.960,10.5930,-0.9990,5.1593,108.98,
2,Maze220925,21.969,10.6161,-0.9990,5.1513,108.98,
2,Maze220925,21.976,10.6395,-0.9990,5.1433,108.98,
2,Maze220925,21.984,10.6612,-0.9990,5.1358,108.98,
2,Maze220925,21.992,10.6848,-0.9990,5.1278,108.82,
2,Maze220925,22.001,10.7083,-0.9990,5.1199,108.61,
2,Maze220925,22.009,10.7318,-0.9990,5.1120,108.46,
2,Maze220925,22.017,10.7553,-0.9990,5.1042,108.32,
2,Maze220925,22.026,10.7792,-0.9990,5.0964,108.20,
2,Maze220925,22.034,10.8031,-0.9990,5.0886,108.07,
2,Maze220925,22.042,10.8267,-0.9990,5.0810,107.92,
2,Maze220925,22.050,10.8505,-0.9990,5.0733,107.79,
2,Maze220925,22.059,10.8722,-0.9990,5.0664,107.65,
2,Maze220925,22.067,10.8980,-0.9990,5.0582,107.60,
2,Maze220925,22.075,10.9219,-0.9990,5.0506,107.60,collect_2
2,Maze220925,22.075,10.9219,-0.9990,5.0506,107.60,
2,Maze220925,22.084,10.9456,-0.9990,5.0433,107.19,
2,Maze220925,22.092,10.9699,-0.9990,5.0359,107.09,
2,Maze220925,22.101,10.9935,-0.9990,5.0286,107.01,
2,Maze220925,22.109,11.0180,-0.9990,5.0212,106.92,
2,Maze220925,22.117,11.0412,-0.9990,5.0142,106.83,
2,Maze220925,22.125,11.0652,-0.9990,5.0070,106.76,
2,Maze220925,22.134,11.0892,-0.9990,4.9997,106.70,
2,Maze220925,22.142,11.1129,-0.9990,4.9926,106.69,
2,Maze220925,22.150,11.1369,-0.9990,4.9854,106.69,
2,Maze220925,22.159,11.1610,-0.9990,4.9782,106.67,
2,Maze220925,22.167,11.1853,-0.9990,4.9709,106.66,
2,Maze220925,22.175,11.2089,-0.9990,4.9639,106.66,
2,Maze220925,22.184,11.2328,-0.9990,4.9567,106.66,
2,Maze220925,22.196,11.2567,-0.9990,4.9496,106.66,
2,Maze220925,22.200,11.2741,-0.9990,4.9172,106.66,
2,Maze220925,22.209,11.2806,-0.9990,4.9053,106.66,
2,Maze220925,22.217,11.2924,-0.9990,4.8834,106.66,
2,Maze220925,22.225,11.3043,-0.9990,4.8612,106.66,
2,Maze220925,22.234,11.3162,-0.9990,4.8392,106.66,
2,Maze220925,22.242,11.3283,-0.9990,4.8168,106.66,
2,Maze220925,22.250,11.3400,-0.9990,4.7951,106.66,
2,Maze220925,22.259,11.3518,-0.9990,4.7732,106.66,
2,Maze220925,22.267,11.3636,-0.9990,4.7514,106.66,
2,Maze220925,22.275,11.3754,-0.9990,4.7294,106.65,
2,Maze220925,22.284,11.3873,-0.9990,4.7074,106.64,
2,Maze220925,22.292,11.3992,-0.9990,4.6854,106.63,
2,Maze220925,22.300,11.4111,-0.9990,4.6634,106.61,
2,Maze220925,22.309,11.4230,-0.9990,4.6414,106.59,
2,Maze220925,22.317,11.4349,-0.9990,4.6194,106.58,
2,Maze220925,22.325,11.4469,-0.9990,4.5972,106.56,
2,Maze220925,22.334,11.4586,-0.9990,4.5756,106.55,
2,Maze220925,22.342,11.4706,-0.9990,4.5535,106.53,
2,Maze220925,22.350,11.4825,-0.9990,4.5315,106.52,
2,Maze220925,22.359,11.4945,-0.9990,4.5095,106.50,
2,Maze220925,22.366,11.5065,-0.9990,4.4874,106.48,
2,Maze220925,22.376,11.5175,-0.9990,4.4672,106.45,
2,Maze220925,22.384,11.5305,-0.9990,4.4432,106.43,
2,Maze220925,22.392,11.5423,-0.9990,4.4216,106.40,
2,Maze220925,22.400,11.5543,-0.9990,4.3997,106.36,
2,Maze220925,22.409,11.5662,-0.9990,4.3779,106.30,
2,Maze220925,22.417,11.5783,-0.9990,4.3559,106.19,
2,Maze220925,22.425,11.5904,-0.9990,4.3341,106.06,
2,Maze220925,22.434,11.6027,-0.9990,4.3120,105.91,
2,Maze220925,22.442,11.6147,-0.9990,4.2905,105.88,
2,Maze220925,22.450,11.6269,-0.9990,4.2685,105.82,
2,Maze220925,22.459,11.6396,-0.9990,4.2466,105.10,
2,Maze220925,22.467,11.6521,-0.9990,4.2250,104.76,
2,Maze220925,22.475,11.6647,-0.9990,4.2037,104.33,
2,Maze220925,22.484,11.6776,-0.9990,4.1824,103.91,
2,Maze220925,22.492,11.6906,-0.9990,4.1611,103.48,
2,Maze220925,22.500,11.7040,-0.9990,4.1399,102.83,
2,Maze220925,22.509,11.7177,-0.9990,4.1188,102.00,
2,Maze220925,22.517,11.7314,-0.9990,4.0981,101.45,
2,Maze220925,22.525,11.7459,-0.9990,4.0767,100.96,
2,Maze220925,22.534,11.7592,-0.9990,4.0575,100.30,
2,Maze220925,22.542,11.7742,-0.9990,4.0362,99.72,
2,Maze220925,22.550,11.7886,-0.9990,4.0161,99.46,
2,Maze220925,22.559,11.8032,-0.9990,3.9959,99.08,
2,Maze220925,22.567,11.8181,-0.9990,3.9758,98.53,
2,Maze220925,22.575,11.8331,-0.9990,3.9558,98.19,
2,Maze220925,22.584,11.8482,-0.9990,3.9358,97.94,
2,Maze220925,22.592,11.8634,-0.9990,3.9159,97.64,
2,Maze220925,22.600,11.8786,-0.9990,3.8961,97.33,
2,Maze220925,22.609,11.8939,-0.9990,3.8765,97.02,
2,Maze220925,22.616,11.9096,-0.9990,3.8566,96.72,
2,Maze220925,22.625,11.9240,-0.9990,3.8386,96.45,
2,Maze220925,22.634,11.9402,-0.9990,3.8184,96.21,
2,Maze220925,22.642,11.9566,-0.9990,3.7982,95.92,
2,Maze220925,22.650,11.9722,-0.9990,3.7792,95.67,
2,Maze220925,22.659,11.9882,-0.9990,3.7598,95.49,
2,Maze220925,22.666,12.0045,-0.9990,3.7402,95.38,
2,Maze220925,22.675,12.0191,-0.9990,3.7226,95.27,
2,Maze220925,22.684,12.0363,-0.9990,3.7019,95.18,
2,Maze220925,22.696,12.0523,-0.9990,3.6828,95.10,
2,Maze220925,22.700,12.0755,-0.9990,3.6551,95.05,
2,Maze220925,22.709,12.0845,-0.9990,3.6444,95.05,
2,Maze220925,22.717,12.1003,-0.9990,3.6255,95.05,
2,Maze220925,22.725,12.1165,-0.9990,3.6061,95.05,
2,Maze220925,22.734,12.1326,-0.9990,3.5869,95.05,
2,Maze220925,22.742,12.1487,-0.9990,3.5677,95.05,
2,Maze220925,22.750,12.1647,-0.9990,3.5486,95.05,
2,Maze220925,22.759,12.1808,-0.9990,3.5294,95.05,
2,Maze220925,22.767,12.1968,-0.9990,3.5102,95.05,
2,Maze220925,22.776,12.2129,-0.9990,3.4911,95.05,
2,Maze220925,22.784,12.2387,-0.9990,3.4888,95.05,
2,Maze220925,22.792,12.2628,-0.9990,3.4867,95.05,
2,Maze220925,22.800,12.2878,-0.9990,3.4845,95.05,
2,Maze220925,22.809,12.3127,-0.9990,3.4822,95.05,
2,Maze220925,22.817,12.3379,-0.9990,3.4800,95.05,
2,Maze220925,22.826,12.3630,-0.9990,3.4778,95.05,
2,Maze220925,22.834,12.3877,-0.9990,3.4756,95.05,
2,Maze220925,22.844,12.4126,-0.9990,3.4734,95.05,
2,Maze220925,22.851,12.4401,-0.9990,3.4710,95.05,
2,Maze220925,22.860,12.4633,-0.9990,3.4689,95.05,
2,Maze220925,22.867,12.4911,-0.9990,3.4665,95.05,
2,Maze220925,22.879,12.5128,-0.9990,3.4646,95.05,
2,Maze220925,22.884,12.5422,-0.9990,3.4620,95.05,
2,Maze220925,22.892,12.5624,-0.9990,3.4602,95.05,
2,Maze220925,22.901,12.5869,-0.9990,3.4580,95.05,
2,Maze220925,22.911,12.6119,-0.9990,3.4558,95.05,
2,Maze220925,22.919,12.6396,-0.9990,3.4534,95.05,
2,Maze220925,22.927,12.6639,-0.9990,3.4512,95.05,
2,Maze220925,22.934,12.6899,-0.9990,3.4490,94.92,
2,Maze220925,22.942,12.7104,-0.9990,3.4473,94.60,
2,Maze220925,22.951,12.7364,-0.9990,3.4459,93.19,
2,Maze220925,22.959,12.7610,-0.9990,3.4447,92.81,
2,Maze220925,22.967,12.7859,-0.9990,3.4437,92.32,
2,Maze220925,22.976,12.8106,-0.9990,3.4429,91.78,
2,Maze220925,22.984,12.8357,-0.9990,3.4425,90.94,
2,Maze220925,22.992,12.8609,-0.9990,3.4424,90.09,
2,Maze220925,23.000,12.8856,-0.9990,3.4428,89.20,
2,Maze220925,23.009,12.9108,-0.9990,3.4436,88.23,
2,Maze220925,23.016,12.9358,-0.9990,3.4448,87.15,
2,Maze220925,23.025,12.9589,-0.9990,3.4463,86.22,
2,Maze220925,23.034,12.9849,-0.9990,3.4484,85.41,
2,Maze220925,23.042,13.0107,-0.9990,3.4510,84.30,
2,Maze220925,23.050,13.0352,-0.9990,3.4540,83.11,
2,Maze220925,23.058,13.0583,-0.9990,3.4569,82.75,
2,Maze220925,23.067,13.0834,-0.9990,3.4603,82.34,
2,Maze220925,23.075,13.1100,-0.9990,3.4642,81.66,
2,Maze220925,23.083,13.1324,-0.9990,3.4677,81.13,
2,Maze220925,23.093,13.1572,-0.9990,3.4717,80.84,
2,Maze220925,23.101,13.1861,-0.9990,3.4764,80.69,
2,Maze220925,23.109,13.2100,-0.9990,3.4803,80.63,
2,Maze220925,23.118,13.2345,-0.9990,3.4844,80.62,
2,Maze220925,23.126,13.2587,-0.9990,3.4884,80.62,
2,Maze220925,23.134,13.2832,-0.9990,3.4924,80.62,
2,Maze220925,23.142,13.3070,-0.9990,3.4964,80.62,
2,Maze220925,23.150,13.3315,-0.9990,3.5004,80.62,
2,Maze220925,23.159,13.3560,-0.9990,3.5045,80.62,
2,Maze220925,23.167,13.3809,-0.9990,3.5086,80.62,
2,Maze220925,23.175,13.4055,-0.9990,3.5127,80.62,
2,Maze220925,23.183,13.4300,-0.9990,3.5167,80.62,
2,Maze220925,23.192,13.4547,-0.9990,3.5208,80.62,
2,Maze220925,23.200,13.4794,-0.9990,3.5249,80.62,
2,Maze220925,23.208,13.5040,-0.9990,3.5289,80.62,
2,Maze220925,23.217,13.5288,-0.9990,3.5330,80.62,
2,Maze220925,23.225,13.5536,-0.9990,3.5371,80.62,
2,Maze220925,23.234,13.5781,-0.9990,3.5412,80.62,
2,Maze220925,23.242,13.6030,-0.9990,3.5453,80.62,
2,Maze220925,23.250,13.6279,-0.9990,3.5494,80.62,
2,Maze220925,23.259,13.6524,-0.9990,3.5535,80.62,
2,Maze220925,23.267,13.6770,-0.9990,3.5575,80.62,
2,Maze220925,23.275,13.7019,-0.9990,3.5616,80.62,
2,Maze220925,23.284,13.7267,-0.9990,3.5657,80.62,
2,Maze220925,23.292,13.7513,-0.9990,3.5698,80.62,
2,Maze220925,23.301,13.7760,-0.9990,3.5739,80.62,
2,Maze220925,23.311,13.8007,-0.9990,3.5780,80.62,
2,Maze220925,23.319,13.8280,-0.9990,3.5825,80.62,
2,Maze220925,23.327,13.8529,-0.9990,3.5866,80.62,
2,Maze220925,23.336,13.8771,-0.9990,3.5906,80.62,
2,Maze220925,23.342,13.9016,-0.9990,3.5946,80.62,
2,Maze220925,23.356,13.9242,-0.9990,3.5984,80.62,
2,Maze220925,23.369,13.9556,-0.9990,3.5759,80.62,
2,Maze220925,23.377,13.9876,-0.9990,3.5530,80.62,
2,Maze220925,23.385,14.0076,-0.9990,3.5387,80.62,
2,Maze220925,23.393,14.0260,-0.9990,3.5255,80.62,
2,Maze220925,23.401,14.0462,-0.9990,3.5110,80.62,
2,Maze220925,23.409,14.0665,-0.9990,3.4965,80.62,
2,Maze220925,23.419,14.0868,-0.9990,3.4819,80.62,
2,Maze220925,23.426,14.1096,-0.9990,3.4656,80.62,
2,Maze220925,23.434,14.1274,-0.9990,3.4529,80.52,
2,Maze220925,23.442,14.1479,-0.9990,3.4383,80.36,
2,Maze220925,23.451,14.1681,-0.9990,3.4242,79.93,
2,Maze220925,23.459,14.1886,-0.9990,3.4101,79.55,
2,Maze220925,23.467,14.2093,-0.9990,3.3960,79.25,
2,Maze220925,23.475,14.2303,-0.9990,3.3820,78.80,
2,Maze220925,23.484,14.2497,-0.9990,3.3692,78.26,
2,Maze220925,23.492,14.2725,-0.9990,3.3547,77.51,
2,Maze220925,23.501,14.2937,-0.9990,3.3416,76.71,
2,Maze220925,23.509,14.3149,-0.9990,3.3291,75.61,
2,Maze220925,23.517,14.3367,-0.9990,3.3168,74.36,
2,Maze220925,23.526,14.3585,-0.9990,3.3049,73.63,
2,Maze220925,23.534,14.3808,-0.9990,3.2933,72.45,
2,Maze220925,23.542,14.4033,-0.9990,3.2826,70.52,
2,Maze220925,23.551,14.4261,-0.9990,3.2722,69.46,
2,Maze220925,23.559,14.4488,-0.9990,3.2621,69.05,
2,Maze220925,23.567,14.4718,-0.9990,3.2522,68.16,
2,Maze220925,23.575,14.4950,-0.9990,3.2428,67.13,
2,Maze220925,23.584,14.5183,-0.9990,3.2337,66.44,
2,Maze220925,23.592,14.5415,-0.9990,3.2248,65.86,
2,Maze220925,23.601,14.5649,-0.9990,3.2160,65.67,
2,Maze220925,23.609,14.5885,-0.9990,3.2072,65.38,
2,Maze220925,23.617,14.6119,-0.9990,3.1987,64.96,
2,Maze220925,23.625,14.6355,-0.9990,3.1902,64.76,
2,Maze220925,23.634,14.6589,-0.9990,3.1819,64.69,
2,Maze220925,23.642,14.6826,-0.9990,3.1734,64.60,
2,Maze220925,23.650,14.7060,-0.9990,3.1651,64.50,
2,Maze220925,23.659,14.7296,-0.9990,3.1568,64.50,
2,Maze220925,23.667,14.7529,-0.9990,3.1485,64.50,
2,Maze220925,23.675,14.7763,-0.9990,3.1597,64.50,
2,Maze220925,23.684,14.7982,-0.9990,3.1701,64.50,
2,Maze220925,23.692,14.8207,-0.9990,3.1809,64.50,
2,Maze220925,23.700,14.8436,-0.9990,3.1918,64.50,
2,Maze220925,23.709,14.8663,-0.9990,3.2026,64.50,
2,Maze220925,23.717,14.8889,-0.9990,3.2134,64.50,
2,Maze220925,23.725,14.9114,-0.9990,3.2241,64.50,
2,Maze220925,23.734,14.9340,-0.9990,3.2349,64.50,
2,Maze220925,23.742,14.9565,-0.9990,3.2456,64.50,
2,Maze220925,23.751,14.9794,-0.9990,3.2565,64.50,
2,Maze220925,23.761,15.0019,-0.9990,3.2673,64.50,collect_3
2,Maze220925,23.761,15.0019,-0.9990,3.2673,64.50,
2,Maze220925,23.769,15.0272,-0.9990,3.2793,64.50,
2,Maze220925,23.777,15.0490,-0.9990,3.2898,64.50,
2,Maze220925,23.784,15.0719,-0.9990,3.3006,64.50,
2,Maze220925,23.794,15.0919,-0.9990,3.3102,64.50,
2,Maze220925,23.800,15.1172,-0.9990,3.3223,64.50,
2,Maze220925,23.810,15.1353,-0.9990,3.3309,64.50,
2,Maze220925,23.818,15.1626,-0.9990,3.3439,64.50,
2,Maze220925,23.827,15.1823,-0.9990,3.3533,64.50,
2,Maze220925,23.835,15.2070,-0.9990,3.3651,64.50,
2,Maze220925,23.843,15.2292,-0.9990,3.3757,64.50,
2,Maze220925,23.852,15.2517,-0.9990,3.3864,64.50,
2,Maze220925,23.859,15.2742,-0.9990,3.3972,64.50,
2,Maze220925,23.867,15.2938,-0.9990,3.4067,64.01,
2,Maze220925,23.876,15.3176,-0.9990,3.4187,63.36,
2,Maze220925,23.884,15.3391,-0.9990,3.4302,61.68,
2,Maze220925,23.892,15.3608,-0.9990,3.4428,59.90,
2,Maze220925,23.901,15.3817,-0.9990,3.4560,57.68,
2,Maze220925,23.909,15.4023,-0.9990,3.4702,55.49,
2,Maze220925,23.917,15.4224,-0.9990,3.4851,53.32,
2,Maze220925,23.926,15.4420,-0.9990,3.5009,51.27,
2,Maze220925,23.934,15.4609,-0.9990,3.5171,49.36,
2,Maze220925,23.942,15.4794,-0.9990,3.5340,47.63,
2,Maze220925,23.950,15.4972,-0.9990,3.5513,45.84,
2,Maze220925,23.959,15.5135,-0.9990,3.5679,44.43,
2,Maze220925,23.967,15.5323,-0.9990,3.5879,43.18,
2,Maze220925,23.976,15.5487,-0.9990,3.6059,42.43,
2,Maze220925,23.983,15.5654,-0.9990,3.6246,41.83,
2,Maze220925,23.992,15.5807,-0.9990,3.6418,41.45,
2,Maze220925,24.000,15.5987,-0.9990,3.6625,41.14,
2,Maze220925,24.009,15.6148,-0.9990,3.6810,40.88,
2,Maze220925,24.017,15.6309,-0.9990,3.6998,40.70,
2,Maze220925,24.025,15.6471,-0.9990,3.6998,40.51,
2,Maze220925,24.033,15.6633,-0.9990,3.6998,40.48,
2,Maze220925,24.042,15.6795,-0.9990,3.6998,40.48,
2,Maze220925,24.054,15.6957,-0.9990,3.6998,40.48,
2,Maze220925,24.059,15.7318,-0.9990,3.6998,40.48,
2,Maze220925,24.067,15.7459,-0.9990,3.6998,40.48,
2,Maze220925,24.075,15.7708,-0.9990,3.6998,40.48,
2,Maze220925,24.084,15.7958,-0.9990,3.6998,40.48,
2,Maze220925,24.092,15.8207,-0.9990,3.6998,40.48,
2,Maze220925,24.100,15.8457,-0.9990,3.7017,40.48,
2,Maze220925,24.109,15.8707,-0.9990,3.7037,40.48,
2,Maze220925,24.117,15.8957,-0.9990,3.7057,40.48,
2,Maze220925,24.125,15.9205,-0.9990,3.7076,40.48,
2,Maze220925,24.134,15.9455,-0.9990,3.7096,40.48,
2,Maze220925,24.142,15.9705,-0.9990,3.7116,40.48,
2,Maze220925,24.150,15.9956,-0.9990,3.7136,40.48,
2,Maze220925,24.159,16.0205,-0.9990,3.7155,40.48,
2,Maze220925,24.167,16.0454,-0.9990,3.7175,40.48,
2,Maze220925,24.176,16.0703,-0.9990,3.7195,40.48,
2,Maze220925,24.184,16.0955,-0.9990,3.7215,40.48,
2,Maze220925,24.194,16.1204,-0.9990,3.7234,40.48,
2,Maze220925,24.201,16.1483,-0.9990,3.7256,40.48,
2,Maze220925,24.209,16.1708,-0.9990,3.7274,40.48,
2,Maze220925,24.217,16.1954,-0.9990,3.7294,40.48,
2,Maze220925,24.228,16.2202,-0.9990,3.7313,40.48,
2,Maze220925,24.236,16.2481,-0.9990,3.7335,40.48,
2,Maze220925,24.244,16.2732,-0.9990,3.7355,40.48,
2,Maze220925,24.252,16.2971,-0.9990,3.7374,40.48,
2,Maze220925,24.261,16.3216,-0.9990,3.7393,40.48,
2,Maze220925,24.267,16.3468,-0.9990,3.7413,40.48,
2,Maze220925,24.278,16.3699,-0.9990,3.7432,40.48,
2,Maze220925,24.284,16.3976,-0.9990,3.7453,40.48,
2,Maze220925,24.292,16.4198,-0.9990,3.7471,40.48,
2,Maze220925,24.301,16.4445,-0.9990,3.7493,39.99,
2,Maze220925,24.309,16.4690,-0.9990,3.7518,39.16,
2,Maze220925,24.317,16.4939,-0.9990,3.7550,37.58,
2,Maze220925,24.325,16.5182,-0.9990,3.7590,35.73,
2,Maze220925,24.334,16.5427,-0.9990,3.7639,33.65,
2,Maze220925,24.342,16.5670,-0.9990,3.7697,31.65,
2,Maze220925,24.351,16.5909,-0.9990,3.7697,29.99,
2,Maze220925,24.359,16.6158,-0.9990,3.7697,28.21,
2,Maze220925,24.367,16.6389,-0.9990,3.7775,26.31,
2,Maze220925,24.375,16.6621,-0.9990,3.7861,24.48,
2,Maze220925,24.384,16.6852,-0.9990,3.7957,22.63,
2,Maze220925,24.392,16.7081,-0.9990,3.8053,22.22,
2,Maze220925,24.400,16.7314,-0.9990,3.8150,22.22,
2,Maze220925,24.409,16.7535,-0.9990,3.8262,18.31,
2,Maze220925,24.417,16.7759,-0.9990,3.8380,17.16,
2,Maze220925,24.425,16.7978,-0.9990,3.8502,15.85,
2,Maze220925,24.434,16.8193,-0.9990,3.8626,15.03,
2,Maze220925,24.442,16.8413,-0.9990,3.8753,14.95,
2,Maze220925,24.451,16.8625,-0.9990,3.8877,14.82,
2,Maze220925,24.459,16.8841,-0.9990,3.9003,14.65,
2,Maze220925,24.467,16.9058,-0.9990,3.9131,14.62,
2,Maze220925,24.475,16.9273,-0.9990,3.9257,14.62,
2,Maze220925,24.484,16.9487,-0.9990,3.9382,14.62,
2,Maze220925,24.492,16.9704,-0.9990,3.9509,14.62,
2,Maze220925,24.500,16.9921,-0.9990,3.9636,14.62,
2,Maze220925,24.509,17.0136,-0.9990,3.9763,14.62,
2,Maze220925,24.517,17.0352,-0.9990,3.9889,14.62,
2,Maze220925,24.525,17.0569,-0.9990,4.0016,14.62,
2,Maze220925,24.534,17.0784,-0.9990,4.0142,14.62,
2,Maze220925,24.542,17.1000,-0.9990,4.0269,14.62,
2,Maze220925,24.554,17.1218,-0.9990,4.0397,14.62,
2,Maze220925,24.559,17.1524,-0.9990,4.0576,14.62,
2,Maze220925,24.567,17.1650,-0.9990,4.0650,14.62,
2,Maze220925,24.576,17.1865,-0.9990,4.0776,14.62,
2,Maze220925,24.584,17.2084,-0.9990,4.0904,14.62,
2,Maze220925,24.592,17.2296,-0.9990,4.1029,14.62,
2,Maze220925,24.601,17.2511,-0.9990,4.1155,14.62,
2,Maze220925,24.609,17.2727,-0.9990,4.1281,14.62,
2,Maze220925,24.620,17.2946,-0.9990,4.1410,14.62,
2,Maze220925,24.626,17.3191,-0.9990,4.1553,14.62,
2,Maze220925,24.638,17.3375,-0.9990,4.1661,14.62,
2,Maze220925,24.642,17.3683,-0.9990,4.1842,14.62,
2,Maze220925,24.652,17.3809,-0.9990,4.1916,14.62,
2,Maze220925,24.659,17.4051,-0.9990,4.2057,14.62,
2,Maze220925,24.667,17.4242,-0.9990,4.2170,14.62,
2,Maze220925,24.676,17.4455,-0.9990,4.2295,14.45,
2,Maze220925,24.684,17.4669,-0.9990,4.2423,14.16,
2,Maze220925,24.692,17.4880,-0.9990,4.2556,12.87,
2,Maze220925,24.701,17.5086,-0.9990,4.2693,11.27,
2,Maze220925,24.709,17.5288,-0.9990,4.2841,8.73,
2,Maze220925,24.723,17.5479,-0.9990,4.2995,6.20,
2,Maze220925,24.726,17.5784,-0.9990,4.3261,3.84,
2,Maze220925,24.734,17.5861,-0.9990,4.3332,2.64,
2,Maze220925,24.742,17.6037,-0.9990,4.3505,0.37,
2,Maze220925,24.751,17.6205,-0.9990,4.3686,-1.91,
2,Maze220925,24.759,17.6370,-0.9990,4.3876,-4.18,
2,Maze220925,24.767,17.6532,-0.9990,4.4067,-4.61,
2,Maze220925,24.776,17.6696,-0.9990,4.4262,-5.05,
2,Maze220925,24.784,17.6848,-0.9990,4.4457,-6.91,
2,Maze220925,24.792,17.6999,-0.9990,4.4656,-7.97,
2,Maze220925,24.805,17.7147,-0.9990,4.4853,-7.97,
2,Maze220925,24.809,17.7385,-0.9990,4.5169,-7.97,
2,Maze220925,24.817,17.7450,-0.9990,4.5255,-7.97,
2,Maze220925,24.826,17.7602,-0.9990,4.5456,-7.97,
2,Maze220925,24.834,17.7751,-0.9990,4.5653,-7.97,
2,Maze220925,24.842,17.7901,-0.9990,4.5852,-7.97,
2,Maze220925,24.850,17.8053,-0.9990,4.6054,-7.97,
2,Maze220925,24.859,17.8202,-0.9990,4.6251,-7.97,
2,Maze220925,24.867,17.8352,-0.9990,4.6450,-7.97,
2,Maze220925,24.876,17.8504,-0.9990,4.6652,-7.97,
2,Maze220925,24.884,17.8654,-0.9990,4.6851,-7.97,
2,Maze220925,24.896,17.8804,-0.9990,4.7048,-7.97,
2,Maze220925,24.901,17.9025,-0.9990,4.7342,-7.97,
2,Maze220925,24.909,17.9108,-0.9990,4.7452,-7.97,
2,Maze220925,24.917,17.9257,-0.9990,4.7650,-7.97,
2,Maze220925,24.926,17.9407,-0.9990,4.7848,-7.97,
2,Maze220925,24.934,17.9558,-0.9990,4.8048,-7.97,
2,Maze220925,24.942,17.9708,-0.9990,4.8247,-7.97,
2,Maze220925,24.956,17.9861,-0.9990,4.8450,-7.97,
2,Maze220925,24.959,18.0111,-0.9990,4.8781,-7.97,
2,Maze220925,24.967,18.0160,-0.9990,4.8847,-7.97,
2,Maze220925,24.979,18.0309,-0.9990,4.9044,-7.97,
2,Maze220925,24.984,18.0522,-0.9990,4.9327,-7.97,
2,Maze220925,24.992,18.0612,-0.9990,4.9446,-7.97,
2,Maze220925,25.002,18.0765,-0.9990,4.9648,-7.97,
2,Maze220925,25.010,18.0934,-0.9990,4.9873,-7.97,
2,Maze220925,25.018,18.1079,-0.9990,5.0064,-7.97,
2,Maze220925,25.028,18.1218,-0.9990,5.0249,-7.97,
2,Maze220925,25.034,18.1386,-0.9990,5.0472,-7.97,
2,Maze220925,25.042,18.1518,-0.9990,5.0647,-7.97,
2,Maze220925,25.051,18.1668,-0.9990,5.0846,-7.97,
2,Maze220925,25.064,18.1817,-0.9990,5.1043,-7.97,
2,Maze220925,25.067,18.2039,-0.9990,5.1337,-7.97,
2,Maze220925,25.076,18.2118,-0.9990,5.1442,-7.97,
2,Maze220925,25.084,18.2270,-0.9990,5.1643,-7.97,
2,Maze220925,25.092,18.2421,-0.9990,5.1843,-7.97,
2,Maze220925,25.102,18.2571,-0.9990,5.2042,-7.97,
2,Maze220925,25.110,18.2741,-0.9990,5.2268,-7.97,
2,Maze220925,25.119,18.2891,-0.9990,5.2466,-7.97,
2,Maze220925,25.126,18.3036,-0.9990,5.2658,-7.97,
2,Maze220925,25.140,18.3175,-0.9990,5.2843,-7.97,
2,Maze220925,25.153,18.3403,-0.9990,5.3146,-7.97,
2,Maze220925,25.160,18.3644,-0.9990,5.3464,-7.97,
2,Maze220925,25.168,18.3778,-0.9990,5.3642,-7.97,
2,Maze220925,25.178,18.3928,-0.9990,5.3841,-7.97,
2,Maze220925,25.186,18.4097,-0.9990,5.4064,-7.97,
2,Maze220925,25.194,18.4238,-0.9990,5.4252,-7.97,
2,Maze220925,25.202,18.4384,-0.9990,5.4445,-7.97,
2,Maze220925,25.209,18.4546,-0.9990,5.4660,-7.97,
2,Maze220925,25.223,18.4680,-0.9990,5.4838,-7.97,
2,Maze220925,25.226,18.4908,-0.9990,5.5140,-7.97,
2,Maze220925,25.234,18.4981,-0.9990,5.5237,-7.97,
2,Maze220925,25.242,18.5129,-0.9990,5.5433,-7.97,
2,Maze220925,25.251,18.5281,-0.9990,5.5634,-7.97,
3,Maze220925,0.000,9.0824,-0.9990,23.8471,152.05,
3,Maze220925,0.005,9.0824,-0.9990,23.8471,152.05,
3,Maze220925,0.013,9.0824,-0.9990,23.8471,152.05,
3,Maze220925,0.020,9.0824,-0.9990,23.8471,152.05,
3,Maze220925,0.039,9.0824,-0.9990,23.8471,152.05,
3,Maze220925,0.047,9.0824,-0.9990,23.8471,152.05,
3,Maze220925,0.054,9.0824,-0.9990,23.8471,152.05,
3,Maze220925,0.061,9.0824,-0.9990,23.8471,152.05,
3,Maze220925,0.070,9.0824,-0.9990,23.8471,152.05,
3,Maze220925,0.079,9.0824,-0.9990,23.8471,152.05,
3,Maze220925,0.087,9.0824,-0.9990,23.8471,152.05,
3,Maze220925,0.095,9.0824,-0.9990,23.8471,152.05,
3,Maze220925,0.104,9.0824,-0.9990,23.8471,152.05,
3,Maze220925,0.112,9.0824,-0.9990,23.8471,152.05,
3,Maze220925,0.120,9.0824,-0.9990,23.8471,152.05,
3,Maze220925,0.129,9.0824,-0.9990,23.8471,152.05,
3,Maze220925,0.137,9.0824,-0.9990,23.8471,152.05,
3,Maze220925,0.145,9.0824,-0.9990,23.8471,152.05,
3,Maze220925,0.154,9.0824,-0.9990,23.8471,152.05,
3,Maze220925,0.162,9.0824,-0.9990,23.8471,152.05,
3,Maze220925,0.170,9.0824,-0.9990,23.8471,152.05,
3,Maze220925,0.179,9.0824,-0.9990,23.8471,152.05,
3,Maze220925,0.187,9.0824,-0.9990,23.8471,152.05,
3,Maze220925,0.196,9.0824,-0.9990,23.8471,152.05,
3,Maze220925,0.204,9.0824,-0.9990,23.8471,152.05,
3,Maze220925,0.212,9.0824,-0.9990,23.8471,152.05,
3,Maze220925,0.221,9.0824,-0.9990,23.8471,152.05,
3,Maze220925,0.229,9.0824,-0.9990,23.8471,152.05,
3,Maze220925,0.237,9.0824,-0.9990,23.8471,152.05,
3,Maze220925,0.246,9.0824,-0.9990,23.8471,152.05,
3,Maze220925,0.256,9.0824,-0.9990,23.8471,152.05,
3,Maze220925,0.264,9.0824,-0.9990,23.8471,152.05,
3,Maze220925,0.272,9.0824,-0.9990,23.8471,152.05,
3,Maze220925,0.279,9.0824,-0.9990,23.8471,152.05,
3,Maze220925,0.288,9.0824,-0.9990,23.8471,152.05,
3,Maze220925,0.297,9.0824,-0.9990,23.8471,152.05,
3,Maze220925,0.304,9.0824,-0.9990,23.8471,152.05,
3,Maze220925,0.314,9.0824,-0.9990,23.8471,152.05,
3,Maze220925,0.322,9.0824,-0.9990,23.8471,152.05,
3,Maze220925,0.330,9.0824,-0.9990,23.8471,152.05,
3,Maze220925,0.339,9.0824,-0.9990,23.8471,152.05,
3,Maze220925,0.345,9.0824,-0.9990,23.8471,152.05,
3,Maze220925,0.354,9.0824,-0.9990,23.8471,152.05,
3,Maze220925,0.363,9.0824,-0.9990,23.8471,152.05,
3,Maze220925,0.371,9.0824,-0.9990,23.8471,152.05,
3,Maze220925,0.379,9.0824,-0.9990,23.8471,152.05,
3,Maze220925,0.388,9.0824,-0.9990,23.8471,152.05,
3,Maze220925,0.396,9.0824,-0.9990,23.8471,152.05,
3,Maze220925,0.406,9.0824,-0.9990,23.8471,152.05,
3,Maze220925,0.412,9.0824,-0.9990,23.8471,152.05,
3,Maze220925,0.421,9.0824,-0.9990,23.8471,152.05,
3,Maze220925,0.429,9.0824,-0.9990,23.8471,152.05,
3,Maze220925,0.437,9.0824,-0.9990,23.8471,152.05,
3,Maze220925,0.445,9.0824,-0.9990,23.8471,152.05,
3,Maze220925,0.454,9.0824,-0.9990,23.8471,152.05,
3,Maze220925,0.462,9.0824,-0.9990,23.8471,152.05,
3,Maze220925,0.470,9.0824,-0.9990,23.8471,152.05,
3,Maze220925,0.479,9.0824,-0.9990,23.8471,152.05,
3,Maze220925,0.487,9.0824,-0.9990,23.8471,152.05,
3,Maze220925,0.495,9.0824,-0.9990,23.8471,152.05,
3,Maze220925,0.504,9.0824,-0.9990,23.8471,152.05,
3,Maze220925,0.512,9.0824,-0.9990,23.8471,152.05,
3,Maze220925,0.520,9.0824,-0.9990,23.8471,152.05,
3,Maze220925,0.529,9.0824,-0.9990,23.8471,152.05,
3,Maze220925,0.537,9.0824,-0.9990,23.8471,152.05,
3,Maze220925,0.546,9.0824,-0.9990,23.8471,152.05,
3,Maze220925,0.554,9.0824,-0.9990,23.8471,152.05,
3,Maze220925,0.562,9.0824,-0.9990,23.8471,152.05,
3,Maze220925,0.571,9.0824,-0.9990,23.8471,152.05,
3,Maze220925,0.579,9.0824,-0.9990,23.8471,152.05,
3,Maze220925,0.588,9.0824,-0.9990,23.8471,152.05,
3,Maze220925,0.596,9.0824,-0.9990,23.8471,152.05,
3,Maze220925,0.604,9.0824,-0.9990,23.8471,152.05,
3,Maze220925,0.613,9.0824,-0.9990,23.8471,152.05,
3,Maze220925,0.621,9.0824,-0.9990,23.8471,152.05,
3,Maze220925,0.630,9.0824,-0.9990,23.8471,152.05,
3,Maze220925,0.637,9.0824,-0.9990,23.8471,152.05,
3,Maze220925,0.646,9.0824,-0.9990,23.8471,152.05,
3,Maze220925,0.654,9.0824,-0.9990,23.8471,152.05,
3,Maze220925,0.663,9.0824,-0.9990,23.8471,152.05,
3,Maze220925,0.671,9.0824,-0.9990,23.8471,152.05,
3,Maze220925,0.680,9.0824,-0.9990,23.8471,152.05,
3,Maze220925,0.689,9.0824,-0.9990,23.8471,152.05,
3,Maze220925,0.696,9.0824,-0.9990,23.8471,152.05,
3,Maze220925,0.704,9.0824,-0.9990,23.8471,152.05,
3,Maze220925,0.713,9.0824,-0.9990,23.8471,152.05,
3,Maze220925,0.721,9.0824,-0.9990,23.8471,152.05,
3,Maze220925,0.731,9.0824,-0.9990,23.8471,152.05,
3,Maze220925,0.738,9.0824,-0.9990,23.8471,152.05,
3,Maze220925,0.746,9.0824,-0.9990,23.8471,152.05,
3,Maze220925,0.754,9.0824,-0.9990,23.8471,152.05,
3,Maze220925,0.762,9.0824,-0.9990,23.8471,152.05,
3,Maze220925,0.771,9.0824,-0.9990,23.8471,152.05,
3,Maze220925,0.779,9.0824,-0.9990,23.8471,152.05,
3,Maze220925,0.788,9.0824,-0.9990,23.8471,152.05,
3,Maze220925,0.796,9.0824,-0.9990,23.8471,152.05,
3,Maze220925,0.806,9.0824,-0.9990,23.8471,152.05,
3,Maze220925,0.814,9.0824,-0.9990,23.8471,152.05,
3,Maze220925,0.822,9.0824,-0.9990,23.8471,152.05,
3,Maze220925,0.830,9.0824,-0.9990,23.8471,152.05,
3,Maze220925,0.838,9.0824,-0.9990,23.8471,152.05,
3,Maze220925,0.846,9.0824,-0.9990,23.8471,152.05,
3,Maze220925,0.854,9.0824,-0.9990,23.8471,152.05,
3,Maze220925,0.863,9.0824,-0.9990,23.8471,152.05,
3,Maze220925,0.873,9.0824,-0.9990,23.8471,152.05,
3,Maze220925,0.880,9.0824,-0.9990,23.8471,152.05,
3,Maze220925,0.888,9.0824,-0.9990,23.8471,152.05,
3,Maze220925,0.896,9.0824,-0.9990,23.8471,154.56,
3,Maze220925,0.904,9.0824,-0.9990,23.8471,154.64,
3,Maze220925,0.912,9.0824,-0.9990,23.8471,155.27,
3,Maze220925,0.921,9.0824,-0.9990,23.8471,156.07,
3,Maze220925,0.929,9.0824,-0.9990,23.8471,157.14,
3,Maze220925,0.937,9.0824,-0.9990,23.8471,158.17,
3,Maze220925,0.946,9.0824,-0.9990,23.8471,159.23,
3,Maze220925,0.953,9.0824,-0.9990,23.8471,160.29,
3,Maze220925,0.962,9.0824,-0.9990,23.8471,161.29,
3,Maze220925,0.971,9.0824,-0.9990,23.8471,162.28,
3,Maze220925,0.979,9.0824,-0.9990,23.8471,163.28,
3,Maze220925,0.987,9.0824,-0.9990,23.8471,163.48,
3,Maze220925,0.996,9.0824,-0.9990,23.8471,164.85,
3,Maze220925,1.004,9.0824,-0.9990,23.8471,165.93,
3,Maze220925,1.012,9.0824,-0.9990,23.8471,166.81,
3,Maze220925,1.021,9.0824,-0.9990,23.8471,166.96,
3,Maze220925,1.029,9.0824,-0.9990,23.8471,167.09,
3,Maze220925,1.037,9.0824,-0.9990,23.8471,167.30,
3,Maze220925,1.045,9.0824,-0.9990,23.8471,167.55,
3,Maze220925,1.054,9.0824,-0.9990,23.8471,167.77,
3,Maze220925,1.062,9.0824,-0.9990,23.8471,167.84,
3,Maze220925,1.071,9.0824,-0.9990,23.8471,167.88,
3,Maze220925,1.079,9.0824,-0.9990,23.8471,167.89,
3,Maze220925,1.087,9.0824,-0.9990,23.8471,167.89,
3,Maze220925,1.095,9.0824,-0.9990,23.8471,167.89,
3,Maze220925,1.104,9.0824,-0.9990,23.8471,167.89,
3,Maze220925,1.112,9.0824,-0.9990,23.8471,167.89,
3,Maze220925,1.120,9.0824,-0.9990,23.8471,167.89,
3,Maze220925,1.129,9.0824,-0.9990,23.8471,167.89,
3,Maze220925,1.137,9.0824,-0.9990,23.8471,167.89,
3,Maze220925,1.146,9.0824,-0.9990,23.8471,167.89,
3,Maze220925,1.154,9.0824,-0.9990,23.8471,167.89,
3,Maze220925,1.162,9.0824,-0.9990,23.8471,167.89,
3,Maze220925,1.171,9.0824,-0.9990,23.8471,167.89,
3,Maze220925,1.179,9.0824,-0.9990,23.8471,167.89,
3,Maze220925,1.187,9.0824,-0.9990,23.8471,167.89,
3,Maze220925,1.196,9.0824,-0.9990,23.8471,167.89,
3,Maze220925,1.204,9.0824,-0.9990,23.8471,167.89,
3,Maze220925,1.212,9.0824,-0.9990,23.8471,167.89,
3,Maze220925,1.225,9.0824,-0.9990,23.8471,167.89,
3,Maze220925,1.229,9.0905,-0.9990,23.8093,167.89,
3,Maze220925,1.237,9.0929,-0.9990,23.7981,167.89,
3,Maze220925,1.246,9.0981,-0.9990,23.7737,167.89,
3,Maze220925,1.254,9.1034,-0.9990,23.7489,167.89,
3,Maze220925,1.262,9.1086,-0.9990,23.7245,167.89,
3,Maze220925,1.271,9.1139,-0.9990,23.7000,167.89,
3,Maze220925,1.279,9.1191,-0.9990,23.6757,167.89,
3,Maze220925,1.288,9.1244,-0.9990,23.6512,167.89,
3,Maze220925,1.296,9.1297,-0.9990,23.6264,167.89,
3,Maze220925,1.304,9.1349,-0.9990,23.6020,167.89,
3,Maze220925,1.313,9.1402,-0.9990,23.5775,167.89,
3,Maze220925,1.325,9.1454,-0.9990,23.5531,167.89,
3,Maze220925,1.331,9.1753,-0.9990,23.5337,167.89,
3,Maze220925,1.338,9.1900,-0.9990,23.5242,167.89,
3,Maze220925,1.346,9.2089,-0.9990,23.5120,167.89,
3,Maze220925,1.354,9.2296,-0.9990,23.4986,167.89,
3,Maze220925,1.362,9.2505,-0.9990,23.4851,167.89,
3,Maze220925,1.371,9.2695,-0.9990,23.4728,167.89,
3,Maze220925,1.381,9.2926,-0.9990,23.4579,167.89,
3,Maze220925,1.388,9.3163,-0.9990,23.4426,167.89,
3,Maze220925,1.396,9.3343,-0.9990,23.4309,167.89,
3,Maze220925,1.404,9.3554,-0.9990,23.4173,167.89,
3,Maze220925,1.413,9.3763,-0.9990,23.4038,167.89,
3,Maze220925,1.421,9.3973,-0.9990,23.3902,167.89,
3,Maze220925,1.429,9.4182,-0.9990,23.3766,167.89,
3,Maze220925,1.438,9.4392,-0.9990,23.3631,167.89,
3,Maze220925,1.448,9.4603,-0.9990,23.3495,167.89,
3,Maze220925,1.454,9.4842,-0.9990,23.3340,167.89,
3,Maze220925,1.463,9.5025,-0.9990,23.3221,167.89,
3,Maze220925,1.471,9.5233,-0.9990,23.3087,167.89,
3,Maze220925,1.481,9.5443,-0.9990,23.2951,167.89,
3,Maze220925,1.488,9.5680,-0.9990,23.2798,167.89,
3,Maze220925,1.495,9.5864,-0.9990,23.2679,167.89,
3,Maze220925,1.504,9.6053,-0.9990,23.2557,167.89,
3,Maze220925,1.512,9.6278,-0.9990,23.2411,167.89,
3,Maze220925,1.521,9.6487,-0.9990,23.2276,167.89,
3,Maze220925,1.529,9.6697,-0.9990,23.2140,167.89,
3,Maze220925,1.537,9.6907,-0.9990,23.2004,167.89,
3,Maze220925,1.546,9.7116,-0.9990,23.1869,167.87,
3,Maze220925,1.554,9.7324,-0.9990,23.1735,167.85,
3,Maze220925,1.562,9.7534,-0.9990,23.1600,167.83,
3,Maze220925,1.571,9.7743,-0.9990,23.1464,167.82,
3,Maze220925,1.579,9.7955,-0.9990,23.1328,167.80,
3,Maze220925,1.587,9.8165,-0.9990,23.1193,167.78,
3,Maze220925,1.596,9.8360,-0.9990,23.1067,167.75,
3,Maze220925,1.604,9.8589,-0.9990,23.0920,167.74,
3,Maze220925,1.612,9.8793,-0.9990,23.0789,167.74,
3,Maze220925,1.621,9.9004,-0.9990,23.0653,167.74,
3,Maze220925,1.629,9.9214,-0.9990,23.0518,167.73,
3,Maze220925,1.637,9.9424,-0.9990,23.0383,167.72,
3,Maze220925,1.645,9.9635,-0.9990,23.0248,167.72,
3,Maze220925,1.654,9.9845,-0.9990,23.0113,167.72,
3,Maze220925,1.662,10.0056,-0.9990,22.9977,167.72,
3,Maze220925,1.670,10.0267,-0.9990,22.9842,167.72,
3,Maze220925,1.679,10.0478,-0.9990,22.9706,167.72,
3,Maze220925,1.687,10.0689,-0.9990,22.9571,167.72,
3,Maze220925,1.696,10.0900,-0.9990,22.9435,167.72,
3,Maze220925,1.704,10.1111,-0.9990,22.9299,167.72,
3,Maze220925,1.712,10.1322,-0.9990,22.9164,167.72,
3,Maze220925,1.721,10.1531,-0.9990,22.9030,167.72,
3,Maze220925,1.729,10.1743,-0.9990,22.8893,167.72,
3,Maze220925,1.737,10.1954,-0.9990,22.8758,167.72,
3,Maze220925,1.746,10.2163,-0.9990,22.8624,167.72,
3,Maze220925,1.754,10.2377,-0.9990,22.8486,167.73,
3,Maze220925,1.762,10.2584,-0.9990,22.8353,167.74,
3,Maze220925,1.770,10.2792,-0.9990,22.8219,167.75,
3,Maze220925,1.778,10.3001,-0.9990,22.8085,167.75,
3,Maze220925,1.787,10.3195,-0.9990,22.7960,167.76,
3,Maze220925,1.795,10.3427,-0.9990,22.7811,167.79,
3,Maze220925,1.804,10.3631,-0.9990,22.7679,167.87,
3,Maze220925,1.812,10.3841,-0.9990,22.7543,167.90,
3,Maze220925,1.826,10.4050,-0.9990,22.7407,167.90,
3,Maze220925,1.828,10.4397,-0.9990,22.7182,167.98,
3,Maze220925,1.837,10.4457,-0.9990,22.7143,168.01,
3,Maze220925,1.845,10.4683,-0.9990,22.6997,168.01,
3,Maze220925,1.854,10.4887,-0.9990,22.6864,168.01,
3,Maze220925,1.865,10.5099,-0.9990,22.6726,168.01,
3,Maze220925,1.871,10.5168,-0.9990,22.6402,168.01,
3,Maze220925,1.879,10.5204,-0.9990,22.6232,168.01,
3,Maze220925,1.887,10.5255,-0.9990,22.5990,168.01,
3,Maze220925,1.895,10.5307,-0.9990,22.5746,168.01,
3,Maze220925,1.904,10.5359,-0.9990,22.5502,168.01,
3,Maze220925,1.912,10.5411,-0.9990,22.5256,168.01,
3,Maze220925,1.921,10.5463,-0.9990,22.5011,168.01,
3,Maze220925,1.929,10.5515,-0.9990,22.4765,168.01,
3,Maze220925,1.937,10.5567,-0.9990,22.4521,168.01,
3,Maze220925,1.946,10.5619,-0.9990,22.4276,168.01,
3,Maze220925,1.954,10.5671,-0.9990,22.4032,168.01,
3,Maze220925,1.962,10.5724,-0.9990,22.3786,168.01,
3,Maze220925,1.971,10.5775,-0.9990,22.3542,168.01,
3,Maze220925,1.979,10.5824,-0.9990,22.3295,168.76,
3,Maze220925,1.987,10.5868,-0.9990,22.3051,169.86,
3,Maze220925,1.995,10.5901,-0.9990,22.2804,172.37,
3,Maze220925,2.004,10.5921,-0.9990,22.2557,175.38,
3,Maze220925,2.012,10.5924,-0.9990,22.2308,179.20,
3,Maze220925,2.020,10.5912,-0.9990,22.2058,182.83,
3,Maze220925,2.029,10.5885,-0.9990,22.1811,186.33,
3,Maze220925,2.037,10.5844,-0.9990,22.1566,189.54,
3,Maze220925,2.045,10.5789,-0.9990,22.1323,192.71,
3,Maze220925,2.054,10.5721,-0.9990,22.1080,195.66,
3,Maze220925,2.062,10.5641,-0.9990,22.0847,198.81,
3,Maze220925,2.070,10.5543,-0.9990,22.0616,202.98,
3,Maze220925,2.079,10.5433,-0.9990,22.0391,206.02,
3,Maze220925,2.087,10.5319,-0.9990,22.0169,207.22,
3,Maze220925,2.095,10.5200,-0.9990,21.9948,208.33,
3,Maze220925,2.104,10.5077,-0.9990,21.9729,209.39,
3,Maze220925,2.112,10.4954,-0.9990,21.9513,209.61,
3,Maze220925,2.120,10.4832,-0.9990,21.9298,209.61,
3,Maze220925,2.129,10.4708,-0.9990,21.9079,209.61,
3,Maze220925,2.137,10.4582,-0.9990,21.8859,209.61,
3,Maze220925,2.145,10.4459,-0.9990,21.8641,209.61,
3,Maze220925,2.154,10.4336,-0.9990,21.8425,209.61,
3,Maze220925,2.162,10.4212,-0.9990,21.8208,209.61,
3,Maze220925,2.170,10.4089,-0.9990,21.7990,209.61,
3,Maze220925,2.179,10.3964,-0.9990,21.7771,209.61,
3,Maze220925,2.187,10.3841,-0.9990,21.7554,209.61,
3,Maze220925,2.195,10.3717,-0.9990,21.7337,209.61,
3,Maze220925,2.204,10.3594,-0.9990,21.7120,209.61,
3,Maze220925,2.212,10.3469,-0.9990,21.6900,209.61,
3,Maze220925,2.220,10.3346,-0.9990,21.6683,209.61,
3,Maze220925,2.229,10.3222,-0.9990,21.6466,209.61,
3,Maze220925,2.237,10.3097,-0.9990,21.6246,209.61,
3,Maze220925,2.246,10.2975,-0.9990,21.6030,209.61,
3,Maze220925,2.254,10.2851,-0.9990,21.5812,209.61,
3,Maze220925,2.262,10.2727,-0.9990,21.5595,209.61,
3,Maze220925,2.279,10.2604,-0.9990,21.5378,209.61,
3,Maze220925,2.287,10.2345,-0.9990,21.4936,210.39,
3,Maze220925,2.296,10.2219,-0.9990,21.4737,212.28,
3,Maze220925,2.304,10.2078,-0.9990,21.4532,214.54,
3,Maze220925,2.312,10.1927,-0.9990,21.4335,217.36,
3,Maze220925,2.320,10.1776,-0.9990,21.4156,220.14,
3,Maze220925,2.329,10.1594,-0.9990,21.3959,222.86,
3,Maze220925,2.337,10.1419,-0.9990,21.3785,225.21,
3,Maze220925,2.345,10.1233,-0.9990,21.3615,227.50,
3,Maze220925,2.354,10.1043,-0.9990,21.3454,229.68,
3,Maze220925,2.367,10.0848,-0.9990,21.3300,231.63,
3,Maze220925,2.370,10.0532,-0.9990,21.3066,233.63,
3,Maze220925,2.379,10.0461,-0.9990,21.3015,234.10,
3,Maze220925,2.387,10.0239,-0.9990,21.2859,234.92,
3,Maze220925,2.395,10.0035,-0.9990,21.2718,235.41,
3,Maze220925,2.404,9.9829,-0.9990,21.2578,235.70,
3,Maze220925,2.412,9.9621,-0.9990,21.2437,235.90,
3,Maze220925,2.420,9.9415,-0.9990,21.2298,236.03,
3,Maze220925,2.429,9.9206,-0.9990,21.2159,236.18,
3,Maze220925,2.437,9.8998,-0.9990,21.2020,236.30,
3,Maze220925,2.445,9.8792,-0.9990,21.1882,236.30,
3,Maze220925,2.458,9.8584,-0.9990,21.1744,236.30,
3,Maze220925,2.461,9.8275,-0.9990,21.1537,236.27,
3,Maze220925,2.471,9.8180,-0.9990,21.1473,236.11,
3,Maze220925,2.479,9.7955,-0.9990,21.1321,235.79,
3,Maze220925,2.487,9.7752,-0.9990,21.1182,235.73,
3,Maze220925,2.495,9.7548,-0.9990,21.1040,235.28,
3,Maze220925,2.504,9.7342,-0.9990,21.0897,235.14,
3,Maze220925,2.512,9.7137,-0.9990,21.0754,234.99,
3,Maze220925,2.520,9.6933,-0.9990,21.0610,234.84,
3,Maze220925,2.529,9.6729,-0.9990,21.0465,234.72,
3,Maze220925,2.542,9.6526,-0.9990,21.0321,234.63,
3,Maze220925,2.545,9.6202,-0.9990,21.0091,234.56,
3,Maze220925,2.554,9.6118,-0.9990,21.0031,234.55,
3,Maze220925,2.562,9.5916,-0.9990,20.9887,234.53,
3,Maze220925,2.570,9.5712,-0.9990,20.9742,234.52,
3,Maze220925,2.579,9.5509,-0.9990,20.9597,234.50,
3,Maze220925,2.587,9.5304,-0.9990,20.9451,234.47,
3,Maze220925,2.595,9.5099,-0.9990,20.9304,234.43,
3,Maze220925,2.604,9.4898,-0.9990,20.9160,234.38,
3,Maze220925,2.611,9.4694,-0.9990,20.9013,234.32,
3,Maze220925,2.625,9.4503,-0.9990,20.8876,234.24,
3,Maze220925,2.629,9.4186,-0.9990,20.8647,234.11,
3,Maze220925,2.637,9.4087,-0.9990,20.8575,234.08,
3,Maze220925,2.645,9.3885,-0.9990,20.8428,234.02,
3,Maze220925,2.654,9.3687,-0.9990,20.8284,233.88,
3,Maze220925,2.662,9.3479,-0.9990,20.8131,233.72,
3,Maze220925,2.670,9.3280,-0.9990,20.7984,233.64,
3,Maze220925,2.679,9.3078,-0.9990,20.7835,233.56,
3,Maze220925,2.687,9.2878,-0.9990,20.7687,233.45,
3,Maze220925,2.695,9.2676,-0.9990,20.7536,233.30,
3,Maze220925,2.709,9.2478,-0.9990,20.7388,233.17,
3,Maze220925,2.712,9.2157,-0.9990,20.7146,232.95,
3,Maze220925,2.720,9.2078,-0.9990,20.7087,232.87,
3,Maze220925,2.729,9.1879,-0.9990,20.6935,232.78,
3,Maze220925,2.737,9.1680,-0.9990,20.6783,232.69,
3,Maze220925,2.745,9.1479,-0.9990,20.6630,232.65,
3,Maze220925,2.754,9.1282,-0.9990,20.6480,232.61,
3,Maze220925,2.762,9.1085,-0.9990,20.6329,232.60,
3,Maze220925,2.770,9.0884,-0.9990,20.6175,232.59,
3,Maze220925,2.778,9.0702,-0.9990,20.6036,232.58,
3,Maze220925,2.791,9.0504,-0.9990,20.5884,232.58,
3,Maze220925,2.795,9.0197,-0.9990,20.5650,232.57,
3,Maze220925,2.804,9.0091,-0.9990,20.5568,232.57,
3,Maze220925,2.812,8.9894,-0.9990,20.5417,232.57,
3,Maze220925,2.820,8.9694,-0.9990,20.5265,232.57,
3,Maze220925,2.829,8.9496,-0.9990,20.5112,232.57,
3,Maze220925,2.837,8.9295,-0.9990,20.4959,232.56,
3,Maze220925,2.845,8.9100,-0.9990,20.4809,232.55,
3,Maze220925,2.854,8.8901,-0.9990,20.4657,232.55,
3,Maze220925,2.862,8.8702,-0.9990,20.4505,232.55,
3,Maze220925,2.874,8.8505,-0.9990,20.4354,232.55,
3,Maze220925,2.879,8.8214,-0.9990,20.4131,232.55,
3,Maze220925,2.887,8.8106,-0.9990,20.4049,232.55,
3,Maze220925,2.895,8.7907,-0.9990,20.3896,232.55,
3,Maze220925,2.904,8.7708,-0.9990,20.3743,232.55,
3,Maze220925,2.912,8.7510,-0.9990,20.3592,232.55,
3,Maze220925,2.921,8.7255,-0.9990,20.3626,232.55,
3,Maze220925,2.929,8.7011,-0.9990,20.3658,232.55,
3,Maze220925,2.937,8.6764,-0.9990,20.3691,232.55,
3,Maze220925,2.945,8.6514,-0.9990,20.3724,232.55,
3,Maze220925,2.958,8.6268,-0.9990,20.3757,232.55,
3,Maze220925,2.962,8.5903,-0.9990,20.3805,232.55,
3,Maze220925,2.971,8.5770,-0.9990,20.3823,232.55,
3,Maze220925,2.979,8.5517,-0.9990,20.3856,232.55,
3,Maze220925,2.987,8.5274,-0.9990,20.3888,232.55,
3,Maze220925,2.996,8.5028,-0.9990,20.3921,232.53,
3,Maze220925,3.004,8.4780,-0.9990,20.3954,232.50,
3,Maze220925,3.012,8.4532,-0.9990,20.3986,232.46,
3,Maze220925,3.021,8.4303,-0.9990,20.4016,232.42,
3,Maze220925,3.028,8.4037,-0.9990,20.4050,232.37,
3,Maze220925,3.042,8.3805,-0.9990,20.4080,232.32,
3,Maze220925,3.045,8.3395,-0.9990,20.4132,232.25,
3,Maze220925,3.054,8.3296,-0.9990,20.4145,232.22,
3,Maze220925,3.062,8.3049,-0.9990,20.4176,232.17,
3,Maze220925,3.070,8.2801,-0.9990,20.4207,232.13,
3,Maze220925,3.083,8.2552,-0.9990,20.4238,232.10,
3,Maze220925,3.087,8.2260,-0.9990,20.4238,232.05,
3,Maze220925,3.095,8.2157,-0.9990,20.4238,232.04,
3,Maze220925,3.104,8.1961,-0.9990,20.4238,232.03,
3,Maze220925,3.112,8.1766,-0.9990,20.4238,232.02,
3,Maze220925,3.120,8.1568,-0.9990,20.4238,232.02,
3,Maze220925,3.129,8.1371,-0.9990,20.4238,232.02,
3,Maze220925,3.137,8.1174,-0.9990,20.4238,232.02,
3,Maze220925,3.145,8.0970,-0.9990,20.4238,232.02,
3,Maze220925,3.154,8.0779,-0.9990,20.4238,232.02,
3,Maze220925,3.162,8.0583,-0.9990,20.4238,232.02,
3,Maze220925,3.170,8.0386,-0.9990,20.4238,232.02,
3,Maze220925,3.179,8.0189,-0.9990,20.4085,232.02,
3,Maze220925,3.187,7.9992,-0.9990,20.3931,232.02,
3,Maze220925,3.195,7.9793,-0.9990,20.3775,232.02,
3,Maze220925,3.204,7.9594,-0.9990,20.3619,232.02,
3,Maze220925,3.212,7.9399,-0.9990,20.3468,232.02,
3,Maze220925,3.221,7.9196,-0.9990,20.3309,232.00,
3,Maze220925,3.229,7.9003,-0.9990,20.3158,231.98,
3,Maze220925,3.237,7.8807,-0.9990,20.3004,231.98,
3,Maze220925,3.245,7.8609,-0.9990,20.2850,231.94,
3,Maze220925,3.254,7.8416,-0.9990,20.2698,231.81,
3,Maze220925,3.262,7.8219,-0.9990,20.2542,231.73,
3,Maze220925,3.270,7.8022,-0.9990,20.2387,231.73,
3,Maze220925,3.279,7.7827,-0.9990,20.2233,231.73,
3,Maze220925,3.287,7.7629,-0.9990,20.2077,231.73,
3,Maze220925,3.295,7.7432,-0.9990,20.1922,231.73,
3,Maze220925,3.304,7.7236,-0.9990,20.1767,231.73,
3,Maze220925,3.312,7.7039,-0.9990,20.1612,231.73,
3,Maze220925,3.320,7.6843,-0.9990,20.1457,231.73,
3,Maze220925,3.329,7.6645,-0.9990,20.1301,231.73,
3,Maze220925,3.337,7.6449,-0.9990,20.1146,231.73,
3,Maze220925,3.345,7.6253,-0.9990,20.0992,231.73,
3,Maze220925,3.354,7.6057,-0.9990,20.0837,231.73,
3,Maze220925,3.362,7.5860,-0.9990,20.0682,231.73,
3,Maze220925,3.371,7.5662,-0.9990,20.0525,231.73,
3,Maze220925,3.381,7.5466,-0.9990,20.0371,231.73,
3,Maze220925,3.389,7.5248,-0.9990,20.0199,231.73,
3,Maze220925,3.396,7.5054,-0.9990,20.0046,231.73,
3,Maze220925,3.404,7.4873,-0.9990,19.9903,231.73,
3,Maze220925,3.414,7.4679,-0.9990,19.9750,231.73,
3,Maze220925,3.422,7.4460,-0.9990,19.9577,231.73,
3,Maze220925,3.430,7.4271,-0.9990,19.9428,231.73,
3,Maze220925,3.437,7.4075,-0.9990,19.9274,231.73,
3,Maze220925,3.447,7.3893,-0.9990,19.9130,231.73,
3,Maze220925,3.456,7.3677,-0.9990,19.8960,231.73,
3,Maze220925,3.462,7.3483,-0.9990,19.8807,231.73,
3,Maze220925,3.471,7.3304,-0.9990,19.8666,231.73,
3,Maze220925,3.481,7.3109,-0.9990,19.8512,231.73,
3,Maze220925,3.488,7.2892,-0.9990,19.8341,231.73,
3,Maze220925,3.496,7.2715,-0.9990,19.8201,231.73,
3,Maze220925,3.504,7.2521,-0.9990,19.8047,231.73,
3,Maze220925,3.514,7.2324,-0.9990,19.7893,231.73,
3,Maze220925,3.521,7.2107,-0.9990,19.7721,231.73,
3,Maze220925,3.530,7.1937,-0.9990,19.7587,231.73,
3,Maze220925,3.539,7.1720,-0.9990,19.7416,231.73,
3,Maze220925,3.546,7.1528,-0.9990,19.7265,231.73,
3,Maze220925,3.556,7.1344,-0.9990,19.7120,231.73,
3,Maze220925,3.563,7.1125,-0.9990,19.6947,231.73,
3,Maze220925,3.571,7.0947,-0.9990,19.6806,231.73,
3,Maze220925,3.583,7.0754,-0.9990,19.6654,231.73,
3,Maze220925,3.587,7.0467,-0.9990,19.6428,231.73,
3,Maze220925,3.597,7.0362,-0.9990,19.6344,231.73,
3,Maze220925,3.604,7.0143,-0.9990,19.6172,231.73,
3,Maze220925,3.614,6.9968,-0.9990,19.6034,231.73,
3,Maze220925,3.621,6.9753,-0.9990,19.5864,231.73,
3,Maze220925,3.631,6.9575,-0.9990,19.5724,231.73,
3,Maze220925,3.639,6.9358,-0.9990,19.5553,231.73,
3,Maze220925,3.647,6.9174,-0.9990,19.5407,231.73,
3,Maze220925,3.655,6.8974,-0.9990,19.5250,231.73,
3,Maze220925,3.662,6.8780,-0.9990,19.5097,231.73,
3,Maze220925,3.675,6.8610,-0.9990,19.4963,231.73,
3,Maze220925,3.679,6.8321,-0.9990,19.4735,231.73,
3,Maze220925,3.687,6.8203,-0.9990,19.4642,231.73,
3,Maze220925,3.696,6.8007,-0.9990,19.4487,231.73,
3,Maze220925,3.706,6.7810,-0.9990,19.4331,231.73,
3,Maze220925,3.712,6.7591,-0.9990,19.4159,231.73,
3,Maze220925,3.722,6.7430,-0.9990,19.4032,231.73,
3,Maze220925,3.729,6.7198,-0.9990,19.3849,231.73,
3,Maze220925,3.737,6.7024,-0.9990,19.3712,231.73,
3,Maze220925,3.751,6.6829,-0.9990,19.3558,231.73,
3,Maze220925,3.755,6.6543,-0.9990,19.3332,231.73,
3,Maze220925,3.762,6.6417,-0.9990,19.3233,231.73,
3,Maze220925,3.771,6.6238,-0.9990,19.3092,231.73,
3,Maze220925,3.781,6.6044,-0.9990,19.2939,231.73,
3,Maze220925,3.788,6.5826,-0.9990,19.2767,231.73,
3,Maze220925,3.797,6.5656,-0.9990,19.2633,231.73,
3,Maze220925,3.805,6.5439,-0.9990,19.2461,231.73,
3,Maze220925,3.812,6.5246,-0.9990,19.2309,231.73,
3,Maze220925,3.821,6.5029,-0.9990,19.2335,231.73,
3,Maze220925,3.831,6.4762,-0.9990,19.2367,231.73,
3,Maze220925,3.838,6.4586,-0.9990,19.2590,231.73,
3,Maze220925,3.848,6.4444,-0.9990,19.2771,231.73,
3,Maze220925,3.856,6.4444,-0.9990,19.2771,231.73,
3,Maze220925,3.862,6.4444,-0.9990,19.2771,231.73,
3,Maze220925,3.872,6.4444,-0.9990,19.2771,231.73,
3,Maze220925,3.879,6.4444,-0.9990,19.2771,231.73,
3,Maze220925,3.889,6.4444,-0.9990,19.2771,231.73,
3,Maze220925,3.897,6.4444,-0.9990,19.2771,231.73,
3,Maze220925,3.905,6.4444,-0.9990,19.2771,231.73,
3,Maze220925,3.913,6.4444,-0.9990,19.2771,231.73,
3,Maze220925,3.921,6.4444,-0.9990,19.2771,231.29,
3,Maze220925,3.929,6.4444,-0.9990,19.2771,230.58,
3,Maze220925,3.937,6.4444,-0.9990,19.2771,229.91,
3,Maze220925,3.946,6.4444,-0.9990,19.2771,229.32,
3,Maze220925,3.954,6.4444,-0.9990,19.2771,228.67,
3,Maze220925,3.962,6.4444,-0.9990,19.2771,228.15,
3,Maze220925,3.971,6.4444,-0.9990,19.2771,227.65,
3,Maze220925,3.979,6.4444,-0.9990,19.2771,227.09,
3,Maze220925,3.987,6.4444,-0.9990,19.2771,225.97,
3,Maze220925,3.996,6.4444,-0.9990,19.2771,224.89,
3,Maze220925,4.004,6.4444,-0.9990,19.2771,223.86,
3,Maze220925,4.012,6.4444,-0.9990,19.2771,222.82,
3,Maze220925,4.020,6.4444,-0.9990,19.2771,221.71,
3,Maze220925,4.029,6.4444,-0.9990,19.2771,220.62,
3,Maze220925,4.037,6.4444,-0.9990,19.2771,218.45,
3,Maze220925,4.045,6.4444,-0.9990,19.2771,217.26,
3,Maze220925,4.054,6.4444,-0.9990,19.2771,215.97,
3,Maze220925,4.062,6.4444,-0.9990,19.2771,214.78,
3,Maze220925,4.070,6.4444,-0.9990,19.2771,213.58,
3,Maze220925,4.078,6.4444,-0.9990,19.2771,212.33,
3,Maze220925,4.087,6.4444,-0.9990,19.2771,211.14,
3,Maze220925,4.095,6.4444,-0.9990,19.2771,210.62,
3,Maze220925,4.104,6.4444,-0.9990,19.2771,209.58,
3,Maze220925,4.112,6.4444,-0.9990,19.2771,208.71,
3,Maze220925,4.120,6.4444,-0.9990,19.2771,207.87,
3,Maze220925,4.129,6.4444,-0.9990,19.2771,207.60,
3,Maze220925,4.137,6.4444,-0.9990,19.2771,206.98,
3,Maze220925,4.145,6.4444,-0.9990,19.2771,206.83,
3,Maze220925,4.154,6.4444,-0.9990,19.2771,206.46,
3,Maze220925,4.162,6.4444,-0.9990,19.2771,206.27,
3,Maze220925,4.170,6.4444,-0.9990,19.2771,206.15,
3,Maze220925,4.179,6.4444,-0.9990,19.2771,206.10,
3,Maze220925,4.187,6.4444,-0.9990,19.2771,206.07,
3,Maze220925,4.195,6.4444,-0.9990,19.2771,206.07,
3,Maze220925,4.204,6.4444,-0.9990,19.2771,206.20,
3,Maze220925,4.212,6.4444,-0.9990,19.2771,206.50,
3,Maze220925,4.220,6.4444,-0.9990,19.2771,206.90,
3,Maze220925,4.229,6.4444,-0.9990,19.2771,207.36,
3,Maze220925,4.237,6.4444,-0.9990,19.2771,207.86,
3,Maze220925,4.245,6.4444,-0.9990,19.2771,208.13,
3,Maze220925,4.253,6.4444,-0.9990,19.2771,208.58,
3,Maze220925,4.262,6.4444,-0.9990,19.2771,208.93,
3,Maze220925,4.270,6.4444,-0.9990,19.2771,209.09,
3,Maze220925,4.279,6.4444,-0.9990,19.2771,209.59,
3,Maze220925,4.287,6.4444,-0.9990,19.2771,209.83,
3,Maze220925,4.295,6.4444,-0.9990,19.2771,210.03,
3,Maze220925,4.304,6.4444,-0.9990,19.2771,210.39,
3,Maze220925,4.312,6.4444,-0.9990,19.2771,210.65,
3,Maze220925,4.320,6.4444,-0.9990,19.2771,210.93,
3,Maze220925,4.329,6.4444,-0.9990,19.2771,211.27,
3,Maze220925,4.337,6.4444,-0.9990,19.2771,211.65,
3,Maze220925,4.345,6.4444,-0.9990,19.2771,212.06,
3,Maze220925,4.354,6.4444,-0.9990,19.2771,212.46,
3,Maze220925,4.362,6.4444,-0.9990,19.2771,212.65,
3,Maze220925,4.370,6.4444,-0.9990,19.2771,213.12,
3,Maze220925,4.379,6.4444,-0.9990,19.2771,213.31,
3,Maze220925,4.387,6.4444,-0.9990,19.2771,213.47,
3,Maze220925,4.395,6.4444,-0.9990,19.2771,213.57,
3,Maze220925,4.404,6.4444,-0.9990,19.2771,213.57,
3,Maze220925,4.412,6.4444,-0.9990,19.2771,213.68,
3,Maze220925,4.420,6.4444,-0.9990,19.2771,213.69,
3,Maze220925,4.429,6.4444,-0.9990,19.2771,213.69,
3,Maze220925,4.437,6.4444,-0.9990,19.2771,213.69,
3,Maze220925,4.445,6.4444,-0.9990,19.2771,213.69,
3,Maze220925,4.454,6.4444,-0.9990,19.2771,213.69,
3,Maze220925,4.462,6.4444,-0.9990,19.2771,213.69,
3,Maze220925,4.470,6.4444,-0.9990,19.2771,213.69,
3,Maze220925,4.479,6.4444,-0.9990,19.2771,213.69,
3,Maze220925,4.487,6.4444,-0.9990,19.2771,213.75,
3,Maze220925,4.495,6.4444,-0.9990,19.2771,213.78,
3,Maze220925,4.504,6.4444,-0.9990,19.2771,213.82,
3,Maze220925,4.512,6.4444,-0.9990,19.2771,213.89,
3,Maze220925,4.520,6.4444,-0.9990,19.2771,213.99,
3,Maze220925,4.529,6.4444,-0.9990,19.2771,214.11,
3,Maze220925,4.537,6.4444,-0.9990,19.2771,214.43,
3,Maze220925,4.545,6.4444,-0.9990,19.2771,214.80,
3,Maze220925,4.554,6.4444,-0.9990,19.2771,215.16,
3,Maze220925,4.562,6.4444,-0.9990,19.2771,215.53,
3,Maze220925,4.570,6.4444,-0.9990,19.2771,216.33,
3,Maze220925,4.578,6.4444,-0.9990,19.2771,216.99,
3,Maze220925,4.587,6.4444,-0.9990,19.2771,217.74,
3,Maze220925,4.596,6.4444,-0.9990,19.2771,218.14,
3,Maze220925,4.604,6.4444,-0.9990,19.2771,218.87,
3,Maze220925,4.612,6.4444,-0.9990,19.2771,219.51,
3,Maze220925,4.620,6.4444,-0.9990,19.2771,220.15,
3,Maze220925,4.629,6.4444,-0.9990,19.2771,220.15,
3,Maze220925,4.637,6.4444,-0.9990,19.2771,220.87,
3,Maze220925,4.646,6.4444,-0.9990,19.2771,221.29,
3,Maze220925,4.654,6.4444,-0.9990,19.2771,221.70,
3,Maze220925,4.662,6.4444,-0.9990,19.2771,222.05,
3,Maze220925,4.670,6.4444,-0.9990,19.2771,222.30,
3,Maze220925,4.679,6.4444,-0.9990,19.2771,222.58,
3,Maze220925,4.687,6.4444,-0.9990,19.2771,222.78,
3,Maze220925,4.696,6.4444,-0.9990,19.2771,222.88,
3,Maze220925,4.704,6.4444,-0.9990,19.2771,223.11,
3,Maze220925,4.712,6.4444,-0.9990,19.2771,223.20,
3,Maze220925,4.720,6.4444,-0.9990,19.2771,223.23,
3,Maze220925,4.729,6.4444,-0.9990,19.2771,223.26,
3,Maze220925,4.737,6.4444,-0.9990,19.2771,223.26,
3,Maze220925,4.745,6.4444,-0.9990,19.2771,223.26,
3,Maze220925,4.753,6.4444,-0.9990,19.2771,223.26,
3,Maze220925,4.762,6.4444,-0.9990,19.2771,223.26,
3,Maze220925,4.770,6.4444,-0.9990,19.2771,223.26,
3,Maze220925,4.778,6.4444,-0.9990,19.2771,223.26,
3,Maze220925,4.787,6.4444,-0.9990,19.2771,223.26,
3,Maze220925,4.795,6.4444,-0.9990,19.2771,223.26,
3,Maze220925,4.804,6.4444,-0.9990,19.2771,223.26,
3,Maze220925,4.812,6.4444,-0.9990,19.2771,223.26,
3,Maze220925,4.824,6.4444,-0.9990,19.2771,223.26,
