trial,maze,time_s,x,y,z,angle,event
1,Maze001,0.203,3.2500,-0.9990,3.2500,45.00,
1,Maze001,0.208,3.2500,-0.9990,3.2500,45.00,
1,Maze001,0.212,3.2500,-0.9990,3.2500,45.00,
1,Maze001,0.216,3.2500,-0.9990,3.2500,52.19,
1,Maze001,0.220,3.2500,-0.9990,3.2500,52.19,
1,Maze001,0.224,3.2500,-0.9990,3.2500,52.19,
1,Maze001,0.229,3.2500,-0.9990,3.2500,52.19,
1,Maze001,0.233,3.2500,-0.9990,3.2500,52.19,
1,Maze001,0.237,3.2500,-0.9990,3.2500,52.19,
1,Maze001,0.241,3.2500,-0.9990,3.2500,52.19,
1,Maze001,0.245,3.2500,-0.9990,3.2500,52.19,
1,Maze001,0.249,3.2500,-0.9990,3.2500,52.19,
1,Maze001,0.253,3.2500,-0.9990,3.2500,52.19,
1,Maze001,0.258,3.2500,-0.9990,3.2500,52.19,
1,Maze001,0.262,3.2500,-0.9990,3.2500,52.19,
1,Maze001,0.266,3.2500,-0.9990,3.2500,52.19,
1,Maze001,0.270,3.2500,-0.9990,3.2500,52.19,
1,Maze001,0.274,3.2500,-0.9990,3.2500,52.19,
1,Maze001,0.279,3.2500,-0.9990,3.2500,52.19,
1,Maze001,0.282,3.2500,-0.9990,3.2500,52.19,
1,Maze001,0.287,3.2500,-0.9990,3.2500,52.19,
1,Maze001,0.291,3.2500,-0.9990,3.2500,52.19,
1,Maze001,0.295,3.2500,-0.9990,3.2500,52.19,
1,Maze001,0.299,3.2500,-0.9990,3.2500,52.19,
1,Maze001,0.303,3.2500,-0.9990,3.2500,52.19,
1,Maze001,0.308,3.2500,-0.9990,3.2500,52.19,
1,Maze001,0.312,3.2500,-0.9990,3.2500,52.19,
1,Maze001,0.316,3.2500,-0.9990,3.2500,52.19,
1,Maze001,0.320,3.2500,-0.9990,3.2500,52.19,
1,Maze001,0.324,3.2500,-0.9990,3.2500,52.19,
1,Maze001,0.328,3.2500,-0.9990,3.2500,52.19,
1,Maze001,0.332,3.2500,-0.9990,3.2500,52.19,
1,Maze001,0.337,3.2500,-0.9990,3.2500,52.19,
1,Maze001,0.341,3.2500,-0.9990,3.2500,52.19,
1,Maze001,0.345,3.2500,-0.9990,3.2500,52.19,
1,Maze001,0.349,3.2500,-0.9990,3.2500,52.19,
1,Maze001,0.354,3.2500,-0.9990,3.2500,52.19,
1,Maze001,0.357,3.2500,-0.9990,3.2500,52.19,
1,Maze001,0.362,3.2500,-0.9990,3.2500,52.19,
1,Maze001,0.366,3.2500,-0.9990,3.2500,52.19,
1,Maze001,0.370,3.2500,-0.9990,3.2500,52.19,
1,Maze001,0.374,3.2500,-0.9990,3.2500,52.19,
1,Maze001,0.378,3.2500,-0.9990,3.2500,52.19,
1,Maze001,0.382,3.2500,-0.9990,3.2500,52.19,
1,Maze001,0.387,3.2500,-0.9990,3.2500,52.19,
1,Maze001,0.391,3.2500,-0.9990,3.2500,52.19,
1,Maze001,0.395,3.2500,-0.9990,3.2500,52.19,
1,Maze001,0.399,3.2500,-0.9990,3.2500,52.19,
1,Maze001,0.404,3.2500,-0.9990,3.2500,52.19,
1,Maze001,0.408,3.2500,-0.9990,3.2500,52.19,
1,Maze001,0.412,3.2500,-0.9990,3.2500,52.19,
1,Maze001,0.416,3.2500,-0.9990,3.2500,52.19,
1,Maze001,0.420,3.2500,-0.9990,3.2500,52.19,
1,Maze001,0.424,3.2500,-0.9990,3.2500,52.19,
1,Maze001,0.428,3.2500,-0.9990,3.2500,52.19,
1,Maze001,0.433,3.2500,-0.9990,3.2500,52.19,
1,Maze001,0.437,3.2500,-0.9990,3.2500,52.19,
1,Maze001,0.441,3.2500,-0.9990,3.2500,52.19,
1,Maze001,0.445,3.2500,-0.9990,3.2500,52.19,
1,Maze001,0.449,3.2500,-0.9990,3.2500,52.19,
1,Maze001,0.453,3.2500,-0.9990,3.2500,52.19,
1,Maze001,0.458,3.2500,-0.9990,3.2500,52.19,
1,Maze001,0.462,3.2500,-0.9990,3.2500,52.19,
1,Maze001,0.466,3.2500,-0.9990,3.2500,52.19,
1,Maze001,0.470,3.2500,-0.9990,3.2500,52.19,
1,Maze001,0.474,3.2500,-0.9990,3.2500,52.19,
1,Maze001,0.479,3.2500,-0.9990,3.2500,52.19,
1,Maze001,0.483,3.2500,-0.9990,3.2500,52.19,
1,Maze001,0.487,3.2500,-0.9990,3.2500,52.19,
1,Maze001,0.491,3.2500,-0.9990,3.2500,52.19,
1,Maze001,0.495,3.2500,-0.9990,3.2500,52.19,
1,Maze001,0.499,3.2500,-0.9990,3.2500,52.19,
1,Maze001,0.504,3.2500,-0.9990,3.2500,52.19,
1,Maze001,0.508,3.2500,-0.9990,3.2500,52.19,
1,Maze001,0.512,3.2500,-0.9990,3.2500,52.19,
1,Maze001,0.516,3.2500,-0.9990,3.2500,52.19,
1,Maze001,0.520,3.2500,-0.9990,3.2500,52.19,
1,Maze001,0.524,3.2500,-0.9990,3.2500,52.19,
1,Maze001,0.529,3.2500,-0.9990,3.2500,52.19,
1,Maze001,0.533,3.2500,-0.9990,3.2500,52.19,
1,Maze001,0.537,3.2500,-0.9990,3.2500,52.19,
1,Maze001,0.541,3.2500,-0.9990,3.2500,52.19,
1,Maze001,0.545,3.2500,-0.9990,3.2500,52.19,
1,Maze001,0.549,3.2500,-0.9990,3.2500,52.19,
1,Maze001,0.553,3.2500,-0.9990,3.2500,52.19,
1,Maze001,0.558,3.2500,-0.9990,3.2500,52.19,
1,Maze001,0.562,3.2500,-0.9990,3.2500,52.19,
1,Maze001,0.566,3.2500,-0.9990,3.2500,52.19,
1,Maze001,0.570,3.2500,-0.9990,3.2500,52.19,
1,Maze001,0.575,3.2500,-0.9990,3.2500,52.19,
1,Maze001,0.578,3.2500,-0.9990,3.2500,52.19,
1,Maze001,0.582,3.2500,-0.9990,3.2500,52.19,
1,Maze001,0.587,3.2500,-0.9990,3.2500,52.19,
1,Maze001,0.592,3.2500,-0.9990,3.2500,52.19,
1,Maze001,0.595,3.2500,-0.9990,3.2500,52.19,
1,Maze001,0.599,3.2500,-0.9990,3.2500,52.19,
1,Maze001,0.604,3.2500,-0.9990,3.2500,52.19,
1,Maze001,0.608,3.2500,-0.9990,3.2500,52.19,
1,Maze001,0.612,3.2500,-0.9990,3.2500,52.19,
1,Maze001,0.616,3.2500,-0.9990,3.2500,52.19,
1,Maze001,0.621,3.2500,-0.9990,3.2500,52.19,
1,Maze001,0.624,3.2500,-0.9990,3.2500,52.19,
1,Maze001,0.628,3.2500,-0.9990,3.2500,52.19,
1,Maze001,0.633,3.2500,-0.9990,3.2500,52.19,
1,Maze001,0.637,3.2500,-0.9990,3.2500,52.19,
1,Maze001,0.641,3.2500,-0.9990,3.2500,52.19,
1,Maze001,0.645,3.2500,-0.9990,3.2500,52.19,
1,Maze001,0.649,3.2500,-0.9990,3.2500,52.19,
1,Maze001,0.654,3.2500,-0.9990,3.2500,52.19,
1,Maze001,0.657,3.2500,-0.9990,3.2500,52.19,
1,Maze001,0.662,3.2500,-0.9990,3.2500,52.19,
1,Maze001,0.666,3.2500,-0.9990,3.2500,52.19,
1,Maze001,0.670,3.2500,-0.9990,3.2500,52.19,
1,Maze001,0.674,3.2500,-0.9990,3.2500,52.19,
1,Maze001,0.678,3.2500,-0.9990,3.2500,52.19,
1,Maze001,0.682,3.2500,-0.9990,3.2500,52.19,
1,Maze001,0.687,3.2500,-0.9990,3.2500,52.19,
1,Maze001,0.691,3.2500,-0.9990,3.2500,52.19,
1,Maze001,0.695,3.2500,-0.9990,3.2500,52.19,
1,Maze001,0.699,3.2500,-0.9990,3.2500,52.19,
1,Maze001,0.703,3.2500,-0.9990,3.2500,52.19,
1,Maze001,0.708,3.2500,-0.9990,3.2500,52.19,
1,Maze001,0.712,3.2500,-0.9990,3.2500,52.19,
1,Maze001,0.716,3.2500,-0.9990,3.2500,52.19,
1,Maze001,0.720,3.2500,-0.9990,3.2500,52.19,
1,Maze001,0.724,3.2500,-0.9990,3.2500,52.19,
1,Maze001,0.729,3.2500,-0.9990,3.2500,52.19,
1,Maze001,0.733,3.2500,-0.9990,3.2500,52.19,
1,Maze001,0.736,3.2500,-0.9990,3.2500,52.19,
1,Maze001,0.742,3.2500,-0.9990,3.2500,52.19,
1,Maze001,0.745,3.2500,-0.9990,3.2500,52.19,
1,Maze001,0.750,3.2500,-0.9990,3.2500,52.19,
1,Maze001,0.754,3.2500,-0.9990,3.2500,52.19,
1,Maze001,0.758,3.2500,-0.9990,3.2500,52.19,
1,Maze001,0.762,3.2500,-0.9990,3.2500,52.19,
1,Maze001,0.766,3.2500,-0.9990,3.2500,52.19,
1,Maze001,0.770,3.2500,-0.9990,3.2500,52.19,
1,Maze001,0.774,3.2500,-0.9990,3.2500,52.19,
1,Maze001,0.778,3.2500,-0.9990,3.2500,52.19,
1,Maze001,0.782,3.2500,-0.9990,3.2500,52.19,
1,Maze001,0.787,3.2500,-0.9990,3.2500,52.19,
1,Maze001,0.791,3.2500,-0.9990,3.2500,52.19,
1,Maze001,0.795,3.2500,-0.9990,3.2500,52.19,
1,Maze001,0.799,3.2500,-0.9990,3.2500,52.19,
1,Maze001,0.803,3.2500,-0.9990,3.2500,52.19,
1,Maze001,0.808,3.2500,-0.9990,3.2500,52.19,
1,Maze001,0.812,3.2500,-0.9990,3.2500,52.19,
1,Maze001,0.816,3.2500,-0.9990,3.2500,52.19,
1,Maze001,0.820,3.2500,-0.9990,3.2500,52.19,
1,Maze001,0.824,3.2500,-0.9990,3.2500,52.19,
1,Maze001,0.828,3.2500,-0.9990,3.2500,52.19,
1,Maze001,0.832,3.2500,-0.9990,3.2500,52.19,
1,Maze001,0.837,3.2500,-0.9990,3.2500,52.19,
1,Maze001,0.841,3.2500,-0.9990,3.2500,52.19,
1,Maze001,0.845,3.2500,-0.9990,3.2500,52.19,
1,Maze001,0.849,3.2500,-0.9990,3.2500,52.19,
1,Maze001,0.853,3.2500,-0.9990,3.2500,52.19,
1,Maze001,0.858,3.2500,-0.9990,3.2500,52.19,
1,Maze001,0.862,3.2500,-0.9990,3.2500,52.19,
1,Maze001,0.866,3.2500,-0.9990,3.2500,52.19,
1,Maze001,0.870,3.2500,-0.9990,3.2500,52.19,
1,Maze001,0.874,3.2500,-0.9990,3.2500,52.19,
1,Maze001,0.878,3.2500,-0.9990,3.2500,52.19,
1,Maze001,0.883,3.2500,-0.9990,3.2500,52.19,
1,Maze001,0.887,3.2500,-0.9990,3.2500,52.19,
1,Maze001,0.891,3.2500,-0.9990,3.2500,52.19,
1,Maze001,0.895,3.2500,-0.9990,3.2500,52.19,
1,Maze001,0.899,3.2500,-0.9990,3.2500,52.19,
1,Maze001,0.904,3.2500,-0.9990,3.2500,52.19,
1,Maze001,0.907,3.2500,-0.9990,3.2500,52.19,
1,Maze001,0.912,3.2500,-0.9990,3.2500,52.19,
1,Maze001,0.916,3.2500,-0.9990,3.2500,52.19,
1,Maze001,0.920,3.2500,-0.9990,3.2500,52.19,
1,Maze001,0.924,3.2500,-0.9990,3.2500,52.19,
1,Maze001,0.928,3.2500,-0.9990,3.2500,52.19,
1,Maze001,0.932,3.2500,-0.9990,3.2500,52.19,
1,Maze001,0.937,3.2500,-0.9990,3.2500,52.19,
1,Maze001,0.941,3.2500,-0.9990,3.2500,52.19,
1,Maze001,0.945,3.2500,-0.9990,3.2500,52.19,
1,Maze001,0.954,3.2500,-0.9990,3.2500,52.19,
1,Maze001,0.957,3.2500,-0.9990,3.2500,52.19,
1,Maze001,0.962,3.2500,-0.9990,3.2500,52.19,
1,Maze001,0.967,3.2500,-0.9990,3.2500,52.19,
1,Maze001,0.974,3.2500,-0.9990,3.2500,52.19,
1,Maze001,0.979,3.2500,-0.9990,3.2500,52.19,
1,Maze001,0.982,3.2500,-0.9990,3.2500,52.19,
1,Maze001,0.987,3.2500,-0.9990,3.2500,52.19,
1,Maze001,0.991,3.2500,-0.9990,3.2500,52.19,
1,Maze001,0.995,3.2500,-0.9990,3.2500,52.19,
1,Maze001,0.999,3.2500,-0.9990,3.2500,52.19,
1,Maze001,1.003,3.2500,-0.9990,3.2500,52.19,
1,Maze001,1.007,3.2500,-0.9990,3.2500,52.19,
1,Maze001,1.012,3.2500,-0.9990,3.2500,52.19,
1,Maze001,1.016,3.2500,-0.9990,3.2500,52.19,
1,Maze001,1.020,3.2500,-0.9990,3.2500,52.19,
1,Maze001,1.024,3.2500,-0.9990,3.2500,52.19,
1,Maze001,1.028,3.2500,-0.9990,3.2500,52.19,
1,Maze001,1.033,3.2500,-0.9990,3.2500,52.19,
1,Maze001,1.037,3.2500,-0.9990,3.2500,52.19,
1,Maze001,1.041,3.2500,-0.9990,3.2500,52.19,
1,Maze001,1.045,3.2500,-0.9990,3.2500,52.19,
1,Maze001,1.049,3.2500,-0.9990,3.2500,52.19,
1,Maze001,1.053,3.2500,-0.9990,3.2500,52.19,
1,Maze001,1.058,3.2500,-0.9990,3.2500,52.19,
1,Maze001,1.062,3.2500,-0.9990,3.2500,52.19,
1,Maze001,1.066,3.2500,-0.9990,3.2500,52.19,
1,Maze001,1.070,3.2500,-0.9990,3.2500,52.19,
1,Maze001,1.074,3.2500,-0.9990,3.2500,52.19,
1,Maze001,1.079,3.2500,-0.9990,3.2500,52.19,
1,Maze001,1.083,3.2500,-0.9990,3.2500,52.19,
1,Maze001,1.087,3.2500,-0.9990,3.2500,52.19,
1,Maze001,1.091,3.2500,-0.9990,3.2500,52.19,
1,Maze001,1.095,3.2500,-0.9990,3.2500,52.19,
1,Maze001,1.099,3.2500,-0.9990,3.2500,52.19,
1,Maze001,1.104,3.2500,-0.9990,3.2500,52.19,
1,Maze001,1.108,3.2500,-0.9990,3.2500,52.19,
1,Maze001,1.112,3.2500,-0.9990,3.2500,52.19,
1,Maze001,1.116,3.2500,-0.9990,3.2500,52.19,
1,Maze001,1.120,3.2500,-0.9990,3.2500,52.19,
1,Maze001,1.124,3.2500,-0.9990,3.2500,52.19,
1,Maze001,1.129,3.2500,-0.9990,3.2500,52.19,
1,Maze001,1.132,3.2500,-0.9990,3.2500,52.19,
1,Maze001,1.137,3.2500,-0.9990,3.2500,52.19,
1,Maze001,1.141,3.2500,-0.9990,3.2500,52.19,
1,Maze001,1.145,3.2500,-0.9990,3.2500,52.19,
1,Maze001,1.149,3.2500,-0.9990,3.2500,52.19,
1,Maze001,1.153,3.2500,-0.9990,3.2500,52.19,
1,Maze001,1.157,3.2500,-0.9990,3.2500,52.19,
1,Maze001,1.162,3.2500,-0.9990,3.2500,52.19,
1,Maze001,1.166,3.2500,-0.9990,3.2500,52.19,
1,Maze001,1.170,3.2500,-0.9990,3.2500,52.19,
1,Maze001,1.174,3.2500,-0.9990,3.2500,52.19,
1,Maze001,1.179,3.2500,-0.9990,3.2500,52.19,
1,Maze001,1.183,3.2500,-0.9990,3.2500,52.19,
1,Maze001,1.187,3.2500,-0.9990,3.2500,52.19,
1,Maze001,1.191,3.2500,-0.9990,3.2500,52.19,
1,Maze001,1.195,3.2500,-0.9990,3.2500,52.19,
1,Maze001,1.199,3.2500,-0.9990,3.2500,52.19,
1,Maze001,1.203,3.2500,-0.9990,3.2500,52.19,
1,Maze001,1.208,3.2500,-0.9990,3.2500,52.19,
1,Maze001,1.212,3.2500,-0.9990,3.2500,52.19,
1,Maze001,1.216,3.2500,-0.9990,3.2500,52.19,
1,Maze001,1.220,3.2500,-0.9990,3.2500,52.19,
1,Maze001,1.224,3.2500,-0.9990,3.2500,52.19,
1,Maze001,1.228,3.2500,-0.9990,3.2500,52.19,
1,Maze001,1.232,3.2500,-0.9990,3.2500,52.19,
1,Maze001,1.237,3.2500,-0.9990,3.2500,52.19,
1,Maze001,1.241,3.2500,-0.9990,3.2500,52.19,
1,Maze001,1.245,3.2500,-0.9990,3.2500,52.19,
1,Maze001,1.249,3.2500,-0.9990,3.2500,52.19,
1,Maze001,1.253,3.2500,-0.9990,3.2500,52.19,
1,Maze001,1.257,3.2500,-0.9990,3.2500,52.19,
1,Maze001,1.262,3.2500,-0.9990,3.2500,52.19,
1,Maze001,1.266,3.2500,-0.9990,3.2500,52.19,
1,Maze001,1.270,3.2500,-0.9990,3.2500,52.19,
1,Maze001,1.274,3.2500,-0.9990,3.2500,52.19,
1,Maze001,1.279,3.2500,-0.9990,3.2500,52.19,
1,Maze001,1.283,3.2500,-0.9990,3.2500,52.19,
1,Maze001,1.287,3.2500,-0.9990,3.2500,52.19,
1,Maze001,1.291,3.2500,-0.9990,3.2500,52.19,
1,Maze001,1.295,3.2500,-0.9990,3.2500,52.19,
1,Maze001,1.299,3.2500,-0.9990,3.2500,52.19,
1,Maze001,1.303,3.2500,-0.9990,3.2500,52.19,
1,Maze001,1.308,3.2500,-0.9990,3.2500,52.19,
1,Maze001,1.312,3.2500,-0.9990,3.2500,52.19,
1,Maze001,1.316,3.2500,-0.9990,3.2500,52.19,
1,Maze001,1.320,3.2500,-0.9990,3.2500,52.19,
1,Maze001,1.324,3.2500,-0.9990,3.2500,52.19,
1,Maze001,1.329,3.2500,-0.9990,3.2500,52.19,
1,Maze001,1.333,3.2500,-0.9990,3.2500,52.19,
1,Maze001,1.337,3.2500,-0.9990,3.2500,52.19,
1,Maze001,1.341,3.2500,-0.9990,3.2500,52.19,
1,Maze001,1.345,3.2500,-0.9990,3.2500,52.19,
1,Maze001,1.349,3.2500,-0.9990,3.2500,52.19,
1,Maze001,1.353,3.2500,-0.9990,3.2500,52.19,
1,Maze001,1.358,3.2500,-0.9990,3.2500,52.19,
1,Maze001,1.361,3.2500,-0.9990,3.2500,52.19,
1,Maze001,1.366,3.2500,-0.9990,3.2500,52.19,
1,Maze001,1.371,3.2500,-0.9990,3.2500,52.19,
1,Maze001,1.374,3.2500,-0.9990,3.2500,52.19,
1,Maze001,1.378,3.2500,-0.9990,3.2500,52.19,
1,Maze001,1.382,3.2500,-0.9990,3.2500,52.19,
1,Maze001,1.387,3.2500,-0.9990,3.2500,52.19,
1,Maze001,1.391,3.2500,-0.9990,3.2500,52.19,
1,Maze001,1.395,3.2500,-0.9990,3.2500,52.19,
1,Maze001,1.399,3.2500,-0.9990,3.2500,52.19,
1,Maze001,1.403,3.2500,-0.9990,3.2500,52.19,
1,Maze001,1.408,3.2500,-0.9990,3.2500,52.19,
1,Maze001,1.412,3.2500,-0.9990,3.2500,52.19,
1,Maze001,1.416,3.2500,-0.9990,3.2500,52.19,
1,Maze001,1.421,3.2500,-0.9990,3.2500,52.19,
1,Maze001,1.425,3.2500,-0.9990,3.2500,52.19,
1,Maze001,1.429,3.2500,-0.9990,3.2500,52.19,
1,Maze001,1.433,3.2500,-0.9990,3.2500,52.19,
1,Maze001,1.437,3.2500,-0.9990,3.2500,52.19,
1,Maze001,1.441,3.2500,-0.9990,3.2500,52.19,
1,Maze001,1.446,3.2500,-0.9990,3.2500,52.19,
1,Maze001,1.450,3.2500,-0.9990,3.2500,52.19,
1,Maze001,1.454,3.2500,-0.9990,3.2500,52.19,
1,Maze001,1.458,3.2500,-0.9990,3.2500,52.19,
1,Maze001,1.462,3.2500,-0.9990,3.2500,52.19,
1,Maze001,1.466,3.2500,-0.9990,3.2500,52.19,
1,Maze001,1.470,3.2500,-0.9990,3.2500,52.19,
1,Maze001,1.474,3.2500,-0.9990,3.2500,52.19,
1,Maze001,1.479,3.2500,-0.9990,3.2500,52.19,
1,Maze001,1.483,3.2500,-0.9990,3.2500,52.19,
1,Maze001,1.487,3.2500,-0.9990,3.2500,52.19,
1,Maze001,1.491,3.2500,-0.9990,3.2500,52.19,
1,Maze001,1.495,3.2500,-0.9990,3.2500,52.19,
1,Maze001,1.499,3.2500,-0.9990,3.2500,52.19,
1,Maze001,1.503,3.2500,-0.9990,3.2500,52.19,
1,Maze001,1.507,3.2500,-0.9990,3.2500,52.19,
1,Maze001,1.512,3.2500,-0.9990,3.2500,52.19,
1,Maze001,1.517,3.2500,-0.9990,3.2500,52.19,
1,Maze001,1.524,3.2500,-0.9990,3.2500,52.19,
1,Maze001,1.529,3.2500,-0.9990,3.2500,52.19,
1,Maze001,1.532,3.2500,-0.9990,3.2500,52.19,
1,Maze001,1.537,3.2500,-0.9990,3.2500,52.19,
1,Maze001,1.541,3.2500,-0.9990,3.2500,52.19,
1,Maze001,1.545,3.2500,-0.9990,3.2500,52.19,
1,Maze001,1.549,3.2500,-0.9990,3.2500,52.19,
1,Maze001,1.553,3.2500,-0.9990,3.2500,52.19,
1,Maze001,1.557,3.2500,-0.9990,3.2500,52.19,
1,Maze001,1.561,3.2500,-0.9990,3.2500,52.19,
1,Maze001,1.566,3.2500,-0.9990,3.2500,52.19,
1,Maze001,1.570,3.2500,-0.9990,3.2500,52.19,
1,Maze001,1.575,3.2500,-0.9990,3.2500,52.19,
1,Maze001,1.579,3.2500,-0.9990,3.2500,52.19,
1,Maze001,1.583,3.2500,-0.9990,3.2500,52.19,
1,Maze001,1.587,3.2500,-0.9990,3.2500,52.19,
1,Maze001,1.591,3.2500,-0.9990,3.2500,52.19,
1,Maze001,1.595,3.2500,-0.9990,3.2500,52.19,
1,Maze001,1.599,3.2500,-0.9990,3.2500,52.19,
1,Maze001,1.603,3.2500,-0.9990,3.2500,52.19,
1,Maze001,1.607,3.2500,-0.9990,3.2500,52.19,
1,Maze001,1.613,3.2500,-0.9990,3.2500,52.19,
1,Maze001,1.616,3.2500,-0.9990,3.2500,52.19,
1,Maze001,1.620,3.2500,-0.9990,3.2500,52.19,
1,Maze001,1.624,3.2500,-0.9990,3.2500,52.19,
1,Maze001,1.628,3.2500,-0.9990,3.2500,52.19,
1,Maze001,1.632,3.2500,-0.9990,3.2500,52.19,
1,Maze001,1.636,3.2500,-0.9990,3.2500,52.19,
1,Maze001,1.641,3.2500,-0.9990,3.2500,52.19,
1,Maze001,1.645,3.2500,-0.9990,3.2500,52.19,
1,Maze001,1.650,3.2500,-0.9990,3.2500,52.19,
1,Maze001,1.653,3.2500,-0.9990,3.2500,52.19,
1,Maze001,1.657,3.2500,-0.9990,3.2500,52.19,
1,Maze001,1.661,3.2500,-0.9990,3.2500,52.19,
1,Maze001,1.666,3.2500,-0.9990,3.2500,52.19,
1,Maze001,1.670,3.2500,-0.9990,3.2500,52.19,
1,Maze001,1.674,3.2500,-0.9990,3.2500,52.19,
1,Maze001,1.679,3.2500,-0.9990,3.2500,52.19,
1,Maze001,1.683,3.2500,-0.9990,3.2500,52.19,
1,Maze001,1.688,3.2500,-0.9990,3.2500,52.19,
1,Maze001,1.691,3.2500,-0.9990,3.2500,52.19,
1,Maze001,1.695,3.2500,-0.9990,3.2500,52.19,
1,Maze001,1.699,3.2500,-0.9990,3.2500,52.19,
1,Maze001,1.703,3.2500,-0.9990,3.2500,52.19,
1,Maze001,1.707,3.2500,-0.9990,3.2500,52.19,
1,Maze001,1.711,3.2500,-0.9990,3.2500,52.19,
1,Maze001,1.717,3.2500,-0.9990,3.2500,52.19,
1,Maze001,1.720,3.2500,-0.9990,3.2500,52.19,
1,Maze001,1.724,3.2500,-0.9990,3.2500,52.19,
1,Maze001,1.728,3.2500,-0.9990,3.2500,52.19,
1,Maze001,1.732,3.2500,-0.9990,3.2500,52.19,
1,Maze001,1.737,3.2500,-0.9990,3.2500,52.19,
1,Maze001,1.741,3.2500,-0.9990,3.2500,52.19,
1,Maze001,1.746,3.2500,-0.9990,3.2500,52.19,
1,Maze001,1.749,3.2500,-0.9990,3.2500,52.19,
1,Maze001,1.753,3.2500,-0.9990,3.2500,52.19,
1,Maze001,1.758,3.2500,-0.9990,3.2500,52.19,
1,Maze001,1.762,3.2500,-0.9990,3.2500,52.19,
1,Maze001,1.766,3.2500,-0.9990,3.2500,52.19,
1,Maze001,1.771,3.2500,-0.9990,3.2500,52.19,
1,Maze001,1.775,3.2500,-0.9990,3.2500,52.19,
1,Maze001,1.778,3.2500,-0.9990,3.2500,52.19,
1,Maze001,1.782,3.2500,-0.9990,3.2500,52.19,
1,Maze001,1.786,3.2500,-0.9990,3.2500,52.19,
1,Maze001,1.792,3.2500,-0.9990,3.2500,52.19,
1,Maze001,1.795,3.2500,-0.9990,3.2500,52.19,
1,Maze001,1.799,3.2500,-0.9990,3.2500,52.19,
1,Maze001,1.803,3.2500,-0.9990,3.2500,52.19,
1,Maze001,1.807,3.2500,-0.9990,3.2500,52.19,
1,Maze001,1.811,3.2500,-0.9990,3.2500,52.19,
1,Maze001,1.817,3.2500,-0.9990,3.2500,52.19,
1,Maze001,1.820,3.2500,-0.9990,3.2500,52.19,
1,Maze001,1.824,3.2500,-0.9990,3.2500,52.19,
1,Maze001,1.829,3.2500,-0.9990,3.2500,52.19,
1,Maze001,1.833,3.2500,-0.9990,3.2500,52.19,
1,Maze001,1.837,3.2500,-0.9990,3.2500,52.19,
1,Maze001,1.841,3.2500,-0.9990,3.2500,52.19,
1,Maze001,1.845,3.2500,-0.9990,3.2500,52.19,
1,Maze001,1.849,3.2500,-0.9990,3.2500,52.19,
1,Maze001,1.854,3.2500,-0.9990,3.2500,52.19,
1,Maze001,1.857,3.2500,-0.9990,3.2500,52.19,
1,Maze001,1.861,3.2500,-0.9990,3.2500,52.19,
1,Maze001,1.865,3.2500,-0.9990,3.2500,52.19,
1,Maze001,1.870,3.2500,-0.9990,3.2500,52.19,
1,Maze001,1.874,3.2500,-0.9990,3.2500,52.19,
1,Maze001,1.879,3.2500,-0.9990,3.2500,52.19,
1,Maze001,1.882,3.2500,-0.9990,3.2500,52.19,
1,Maze001,1.886,3.2500,-0.9990,3.2500,52.19,
1,Maze001,1.890,3.2500,-0.9990,3.2500,52.19,
1,Maze001,1.895,3.2500,-0.9990,3.2500,52.19,
1,Maze001,1.899,3.2500,-0.9990,3.2500,52.19,
1,Maze001,1.903,3.2500,-0.9990,3.2500,52.19,
1,Maze001,1.907,3.2500,-0.9990,3.2500,52.19,
1,Maze001,1.913,3.2500,-0.9990,3.2500,52.19,
1,Maze001,1.916,3.2500,-0.9990,3.2500,52.19,
1,Maze001,1.920,3.2500,-0.9990,3.2500,52.19,
1,Maze001,1.924,3.2500,-0.9990,3.2500,52.19,
1,Maze001,1.928,3.2500,-0.9990,3.2500,52.19,
1,Maze001,1.932,3.2500,-0.9990,3.2500,52.19,
1,Maze001,1.936,3.2500,-0.9990,3.2500,52.19,
1,Maze001,1.941,3.2500,-0.9990,3.2500,52.19,
1,Maze001,1.946,3.2500,-0.9990,3.2500,52.19,
1,Maze001,1.950,3.2500,-0.9990,3.2500,52.19,
1,Maze001,1.954,3.2500,-0.9990,3.2500,52.19,
1,Maze001,1.958,3.2500,-0.9990,3.2500,52.19,
1,Maze001,1.962,3.2500,-0.9990,3.2500,52.19,
1,Maze001,1.966,3.2500,-0.9990,3.2500,52.19,
1,Maze001,1.970,3.2500,-0.9990,3.2500,52.19,
1,Maze001,1.974,3.2500,-0.9990,3.2500,52.19,
1,Maze001,1.979,3.2500,-0.9990,3.2500,52.19,
1,Maze001,1.982,3.2500,-0.9990,3.2500,52.19,
1,Maze001,1.986,3.2500,-0.9990,3.2500,52.19,
1,Maze001,1.991,3.2500,-0.9990,3.2500,52.19,
1,Maze001,1.995,3.2500,-0.9990,3.2500,52.19,
1,Maze001,1.999,3.2500,-0.9990,3.2500,52.19,
1,Maze001,2.003,3.2500,-0.9990,3.2500,52.19,
1,Maze001,2.007,3.2500,-0.9990,3.2500,52.19,
1,Maze001,2.012,3.2500,-0.9990,3.2500,52.19,
1,Maze001,2.016,3.2500,-0.9990,3.2500,52.19,
1,Maze001,2.020,3.2500,-0.9990,3.2500,52.19,
1,Maze001,2.025,3.2500,-0.9990,3.2500,52.19,
1,Maze001,2.028,3.2500,-0.9990,3.2500,52.19,
1,Maze001,2.032,3.2500,-0.9990,3.2500,52.19,
1,Maze001,2.037,3.2500,-0.9990,3.2500,52.19,
1,Maze001,2.042,3.2500,-0.9990,3.2500,52.19,
1,Maze001,2.045,3.2500,-0.9990,3.2500,52.19,
1,Maze001,2.049,3.2500,-0.9990,3.2500,52.19,
1,Maze001,2.053,3.2500,-0.9990,3.2500,52.19,
1,Maze001,2.057,3.2500,-0.9990,3.2500,52.19,
1,Maze001,2.061,3.2500,-0.9990,3.2500,52.19,
1,Maze001,2.066,3.2500,-0.9990,3.2500,52.19,
1,Maze001,2.070,3.2500,-0.9990,3.2500,52.19,
1,Maze001,2.074,3.2500,-0.9990,3.2500,52.19,
1,Maze001,2.079,3.2500,-0.9990,3.2500,52.19,
1,Maze001,2.082,3.2500,-0.9990,3.2500,52.19,
1,Maze001,2.086,3.2500,-0.9990,3.2500,52.19,
1,Maze001,2.091,3.2500,-0.9990,3.2500,52.19,
1,Maze001,2.095,3.2500,-0.9990,3.2500,52.19,
1,Maze001,2.099,3.2500,-0.9990,3.2500,52.19,
1,Maze001,2.104,3.2500,-0.9990,3.2500,52.19,
1,Maze001,2.108,3.2500,-0.9990,3.2500,52.19,
1,Maze001,2.111,3.2500,-0.9990,3.2500,52.19,
1,Maze001,2.117,3.2500,-0.9990,3.2500,52.19,
1,Maze001,2.120,3.2500,-0.9990,3.2500,52.19,
1,Maze001,2.124,3.2500,-0.9990,3.2500,52.19,
1,Maze001,2.128,3.2500,-0.9990,3.2500,52.19,
1,Maze001,2.132,3.2500,-0.9990,3.2500,52.19,
1,Maze001,2.136,3.2500,-0.9990,3.2500,52.19,
1,Maze001,2.142,3.2500,-0.9990,3.2500,52.19,
1,Maze001,2.146,3.2500,-0.9990,3.2500,52.19,
1,Maze001,2.150,3.2500,-0.9990,3.2500,52.19,
1,Maze001,2.153,3.2500,-0.9990,3.2500,52.19,
1,Maze001,2.157,3.2500,-0.9990,3.2500,52.19,
1,Maze001,2.161,3.2500,-0.9990,3.2500,52.19,
1,Maze001,2.166,3.2500,-0.9990,3.2500,52.19,
1,Maze001,2.170,3.2500,-0.9990,3.2500,52.19,
1,Maze001,2.174,3.2500,-0.9990,3.2500,52.19,
1,Maze001,2.178,3.2500,-0.9990,3.2500,52.19,
1,Maze001,2.183,3.2500,-0.9990,3.2500,52.19,
1,Maze001,2.186,3.2500,-0.9990,3.2500,52.19,
1,Maze001,2.191,3.2500,-0.9990,3.2500,52.19,
1,Maze001,2.195,3.2500,-0.9990,3.2500,52.19,
1,Maze001,2.199,3.2500,-0.9990,3.2500,52.19,
1,Maze001,2.203,3.2500,-0.9990,3.2500,52.19,
1,Maze001,2.207,3.2500,-0.9990,3.2500,52.19,
1,Maze001,2.211,3.2500,-0.9990,3.2500,52.19,
1,Maze001,2.215,3.2500,-0.9990,3.2500,52.19,
1,Maze001,2.220,3.2500,-0.9990,3.2500,52.19,
1,Maze001,2.225,3.2500,-0.9990,3.2500,52.19,
1,Maze001,2.228,3.2500,-0.9990,3.2500,52.19,
1,Maze001,2.232,3.2500,-0.9990,3.2500,52.19,
1,Maze001,2.236,3.2500,-0.9990,3.2500,52.19,
1,Maze001,2.241,3.2500,-0.9990,3.2500,52.19,
1,Maze001,2.245,3.2500,-0.9990,3.2500,52.19,
1,Maze001,2.249,3.2500,-0.9990,3.2500,52.19,
1,Maze001,2.253,3.2500,-0.9990,3.2500,52.19,
1,Maze001,2.258,3.2500,-0.9990,3.2500,52.19,
1,Maze001,2.261,3.2500,-0.9990,3.2500,52.19,
1,Maze001,2.266,3.2500,-0.9990,3.2500,52.19,
1,Maze001,2.270,3.2500,-0.9990,3.2500,52.19,
1,Maze001,2.274,3.2500,-0.9990,3.2500,52.19,
1,Maze001,2.278,3.2500,-0.9990,3.2500,52.19,
1,Maze001,2.283,3.2500,-0.9990,3.2500,52.19,
1,Maze001,2.288,3.2500,-0.9990,3.2500,52.19,
1,Maze001,2.292,3.2500,-0.9990,3.2500,52.19,
1,Maze001,2.295,3.2500,-0.9990,3.2500,52.19,
1,Maze001,2.299,3.2500,-0.9990,3.2500,52.19,
1,Maze001,2.305,3.2500,-0.9990,3.2500,52.19,
1,Maze001,2.312,3.2500,-0.9990,3.2500,52.19,
1,Maze001,2.316,3.2500,-0.9990,3.2500,52.19,
1,Maze001,2.320,3.2500,-0.9990,3.2500,52.19,
1,Maze001,2.325,3.2500,-0.9990,3.2500,52.19,
1,Maze001,2.329,3.2500,-0.9990,3.2500,52.19,
1,Maze001,2.333,3.2500,-0.9990,3.2500,52.19,
1,Maze001,2.337,3.2500,-0.9990,3.2500,52.19,
1,Maze001,2.346,3.2500,-0.9990,3.2500,52.19,
1,Maze001,2.350,3.2500,-0.9990,3.2500,52.19,
1,Maze001,2.354,3.2500,-0.9990,3.2500,52.19,
1,Maze001,2.358,3.2500,-0.9990,3.2500,52.19,
1,Maze001,2.362,3.2500,-0.9990,3.2500,52.19,
1,Maze001,2.366,3.2500,-0.9990,3.2500,52.19,
1,Maze001,2.370,3.2500,-0.9990,3.2500,52.19,
1,Maze001,2.374,3.2500,-0.9990,3.2500,52.19,
1,Maze001,2.378,3.2500,-0.9990,3.2500,52.19,
1,Maze001,2.383,3.2500,-0.9990,3.2500,52.19,
1,Maze001,2.386,3.2500,-0.9990,3.2500,52.19,
1,Maze001,2.390,3.2500,-0.9990,3.2500,52.19,
1,Maze001,2.395,3.2500,-0.9990,3.2500,52.19,
1,Maze001,2.399,3.2500,-0.9990,3.2500,52.19,
1,Maze001,2.403,3.2500,-0.9990,3.2500,52.19,
1,Maze001,2.407,3.2500,-0.9990,3.2500,52.19,
1,Maze001,2.412,3.2500,-0.9990,3.2500,52.19,
1,Maze001,2.416,3.2500,-0.9990,3.2500,52.19,
1,Maze001,2.420,3.2500,-0.9990,3.2500,52.19,
1,Maze001,2.424,3.2500,-0.9990,3.2500,52.19,
1,Maze001,2.428,3.2500,-0.9990,3.2500,52.19,
1,Maze001,2.432,3.2500,-0.9990,3.2500,52.19,
1,Maze001,2.436,3.2500,-0.9990,3.2500,52.19,
1,Maze001,2.440,3.2500,-0.9990,3.2500,52.19,
1,Maze001,2.445,3.2500,-0.9990,3.2500,52.19,
1,Maze001,2.449,3.2500,-0.9990,3.2500,52.19,
1,Maze001,2.453,3.2500,-0.9990,3.2500,52.19,
1,Maze001,2.457,3.2500,-0.9990,3.2500,52.19,
1,Maze001,2.461,3.2500,-0.9990,3.2500,52.19,
1,Maze001,2.466,3.2500,-0.9990,3.2500,52.19,
1,Maze001,2.470,3.2500,-0.9990,3.2500,52.19,
1,Maze001,2.475,3.2500,-0.9990,3.2500,52.19,
1,Maze001,2.478,3.2500,-0.9990,3.2500,52.19,
1,Maze001,2.482,3.2500,-0.9990,3.2500,52.19,
1,Maze001,2.487,3.2500,-0.9990,3.2500,52.19,
1,Maze001,2.491,3.2500,-0.9990,3.2500,52.19,
1,Maze001,2.495,3.2500,-0.9990,3.2500,52.19,
1,Maze001,2.499,3.2500,-0.9990,3.2500,52.19,
1,Maze001,2.503,3.2500,-0.9990,3.2500,52.19,
1,Maze001,2.507,3.2500,-0.9990,3.2500,52.19,
1,Maze001,2.511,3.2500,-0.9990,3.2500,52.19,
1,Maze001,2.516,3.2500,-0.9990,3.2500,52.19,
1,Maze001,2.521,3.2500,-0.9990,3.2500,52.19,
1,Maze001,2.524,3.2500,-0.9990,3.2500,52.19,
1,Maze001,2.528,3.2500,-0.9990,3.2500,52.19,
1,Maze001,2.532,3.2500,-0.9990,3.2500,52.19,
1,Maze001,2.536,3.2500,-0.9990,3.2500,52.19,
1,Maze001,2.541,3.2500,-0.9990,3.2500,52.19,
1,Maze001,2.545,3.2500,-0.9990,3.2500,52.19,
1,Maze001,2.549,3.2500,-0.9990,3.2500,52.19,
1,Maze001,2.553,3.2500,-0.9990,3.2500,52.19,
1,Maze001,2.557,3.2500,-0.9990,3.2500,52.19,
1,Maze001,2.561,3.2500,-0.9990,3.2500,52.19,
1,Maze001,2.565,3.2500,-0.9990,3.2500,52.19,
1,Maze001,2.570,3.2500,-0.9990,3.2500,52.19,
1,Maze001,2.574,3.2500,-0.9990,3.2500,52.19,
1,Maze001,2.578,3.2500,-0.9990,3.2500,52.19,
1,Maze001,2.583,3.2500,-0.9990,3.2500,52.19,
1,Maze001,2.586,3.2500,-0.9990,3.2500,52.19,
1,Maze001,2.591,3.2500,-0.9990,3.2500,52.19,
1,Maze001,2.595,3.2500,-0.9990,3.2500,52.19,
1,Maze001,2.599,3.2500,-0.9990,3.2500,52.19,
1,Maze001,2.603,3.2500,-0.9990,3.2500,52.19,
1,Maze001,2.607,3.2500,-0.9990,3.2500,52.19,
1,Maze001,2.611,3.2500,-0.9990,3.2500,52.19,
1,Maze001,2.617,3.2500,-0.9990,3.2500,52.19,
1,Maze001,2.620,3.2500,-0.9990,3.2500,52.19,
1,Maze001,2.624,3.2500,-0.9990,3.2500,52.19,
1,Maze001,2.628,3.2500,-0.9990,3.2500,52.19,
1,Maze001,2.633,3.2500,-0.9990,3.2500,52.19,
1,Maze001,2.637,3.2500,-0.9990,3.2500,52.19,
1,Maze001,2.641,3.2500,-0.9990,3.2500,52.19,
1,Maze001,2.645,3.2500,-0.9990,3.2500,52.19,
1,Maze001,2.649,3.2500,-0.9990,3.2500,52.19,
1,Maze001,2.653,3.2500,-0.9990,3.2500,52.19,
1,Maze001,2.657,3.2500,-0.9990,3.2500,52.19,
1,Maze001,2.661,3.2500,-0.9990,3.2500,52.19,
1,Maze001,2.665,3.2500,-0.9990,3.2500,52.19,
1,Maze001,2.669,3.2500,-0.9990,3.2500,52.19,
1,Maze001,2.674,3.2500,-0.9990,3.2500,52.19,
1,Maze001,2.678,3.2500,-0.9990,3.2500,52.19,
1,Maze001,2.682,3.2500,-0.9990,3.2500,52.19,
1,Maze001,2.686,3.2500,-0.9990,3.2500,52.19,
1,Maze001,2.692,3.2500,-0.9990,3.2500,52.19,
1,Maze001,2.695,3.2500,-0.9990,3.2500,52.19,
1,Maze001,2.699,3.2500,-0.9990,3.2500,52.19,
1,Maze001,2.703,3.2500,-0.9990,3.2500,52.19,
1,Maze001,2.707,3.2500,-0.9990,3.2500,52.19,
1,Maze001,2.713,3.2500,-0.9990,3.2500,52.19,
1,Maze001,2.716,3.2500,-0.9990,3.2500,52.19,
1,Maze001,2.720,3.2500,-0.9990,3.2500,52.19,
1,Maze001,2.724,3.2500,-0.9990,3.2500,52.19,
1,Maze001,2.728,3.2500,-0.9990,3.2500,52.19,
1,Maze001,2.732,3.2500,-0.9990,3.2500,52.19,
1,Maze001,2.738,3.2500,-0.9990,3.2500,52.19,
1,Maze001,2.741,3.2500,-0.9990,3.2500,52.19,
1,Maze001,2.745,3.2500,-0.9990,3.2500,52.19,
1,Maze001,2.749,3.2500,-0.9990,3.2500,52.19,
1,Maze001,2.753,3.2500,-0.9990,3.2500,52.19,
1,Maze001,2.757,3.2500,-0.9990,3.2500,52.19,
1,Maze001,2.761,3.2500,-0.9990,3.2500,52.19,
1,Maze001,2.766,3.2500,-0.9990,3.2500,52.19,
1,Maze001,2.772,3.2500,-0.9990,3.2500,52.19,
1,Maze001,2.775,3.2500,-0.9990,3.2500,52.19,
1,Maze001,2.778,3.2500,-0.9990,3.2500,52.19,
1,Maze001,2.783,3.2500,-0.9990,3.2500,52.19,
1,Maze001,2.786,3.2500,-0.9990,3.2500,52.19,
1,Maze001,2.791,3.2500,-0.9990,3.2500,52.19,
1,Maze001,2.795,3.2500,-0.9990,3.2500,52.19,
1,Maze001,2.799,3.2500,-0.9990,3.2500,52.19,
1,Maze001,2.804,3.2500,-0.9990,3.2500,52.19,
1,Maze001,2.807,3.2500,-0.9990,3.2500,52.19,
1,Maze001,2.811,3.2500,-0.9990,3.2500,52.19,
1,Maze001,2.816,3.2500,-0.9990,3.2500,52.19,
1,Maze001,2.820,3.2500,-0.9990,3.2500,52.19,
1,Maze001,2.824,3.2500,-0.9990,3.2500,52.19,
1,Maze001,2.828,3.2500,-0.9990,3.2500,52.19,
1,Maze001,2.833,3.2500,-0.9990,3.2500,52.19,
1,Maze001,2.836,3.2500,-0.9990,3.2500,52.19,
1,Maze001,2.841,3.2500,-0.9990,3.2500,52.19,
1,Maze001,2.845,3.2500,-0.9990,3.2500,52.19,
1,Maze001,2.849,3.2500,-0.9990,3.2500,52.19,
1,Maze001,2.853,3.2500,-0.9990,3.2500,52.19,
1,Maze001,2.857,3.2500,-0.9990,3.2500,52.19,
1,Maze001,2.861,3.2500,-0.9990,3.2500,52.19,
1,Maze001,2.865,3.2500,-0.9990,3.2500,52.19,
1,Maze001,2.870,3.2500,-0.9990,3.2500,52.19,
1,Maze001,2.875,3.2500,-0.9990,3.2500,52.19,
1,Maze001,2.878,3.2500,-0.9990,3.2500,52.19,
1,Maze001,2.882,3.2500,-0.9990,3.2500,52.19,
1,Maze001,2.886,3.2500,-0.9990,3.2500,52.19,
1,Maze001,2.890,3.2500,-0.9990,3.2500,52.19,
1,Maze001,2.895,3.2500,-0.9990,3.2500,52.19,
1,Maze001,2.899,3.2500,-0.9990,3.2500,52.19,
1,Maze001,2.903,3.2500,-0.9990,3.2500,52.19,
1,Maze001,2.907,3.2500,-0.9990,3.2500,52.19,
1,Maze001,2.911,3.2500,-0.9990,3.2500,52.19,
1,Maze001,2.915,3.2500,-0.9990,3.2500,52.19,
1,Maze001,2.920,3.2500,-0.9990,3.2500,52.19,
1,Maze001,2.924,3.2500,-0.9990,3.2500,52.19,
1,Maze001,2.928,3.2500,-0.9990,3.2500,52.19,
1,Maze001,2.932,3.2500,-0.9990,3.2500,52.19,
1,Maze001,2.937,3.2500,-0.9990,3.2500,52.19,
1,Maze001,2.941,3.2500,-0.9990,3.2500,52.19,
1,Maze001,2.945,3.2500,-0.9990,3.2500,52.19,
1,Maze001,2.949,3.2500,-0.9990,3.2500,52.19,
1,Maze001,2.953,3.2500,-0.9990,3.2500,52.19,
1,Maze001,2.957,3.2500,-0.9990,3.2500,52.19,
1,Maze001,2.962,3.2500,-0.9990,3.2500,52.19,
1,Maze001,2.966,3.2500,-0.9990,3.2500,52.19,
1,Maze001,2.970,3.2500,-0.9990,3.2500,52.19,
1,Maze001,2.974,3.2500,-0.9990,3.2500,52.19,
1,Maze001,2.978,3.2500,-0.9990,3.2500,52.19,
1,Maze001,2.982,3.2500,-0.9990,3.2500,52.19,
1,Maze001,2.986,3.2500,-0.9990,3.2500,52.19,
1,Maze001,2.990,3.2500,-0.9990,3.2500,52.19,
1,Maze001,2.995,3.2500,-0.9990,3.2500,52.19,
1,Maze001,2.999,3.2500,-0.9990,3.2500,52.19,
1,Maze001,3.005,3.2500,-0.9990,3.2500,52.19,
1,Maze001,3.008,3.2500,-0.9990,3.2500,52.19,
1,Maze001,3.011,3.2500,-0.9990,3.2500,52.19,
1,Maze001,3.015,3.2500,-0.9990,3.2500,52.19,
1,Maze001,3.020,3.2500,-0.9990,3.2500,52.19,
1,Maze001,3.024,3.2500,-0.9990,3.2500,52.19,
1,Maze001,3.028,3.2500,-0.9990,3.2500,52.19,
1,Maze001,3.032,3.2500,-0.9990,3.2500,52.19,
1,Maze001,3.038,3.2500,-0.9990,3.2500,52.19,
1,Maze001,3.041,3.2500,-0.9990,3.2500,52.19,
1,Maze001,3.045,3.2500,-0.9990,3.2500,52.19,
1,Maze001,3.049,3.2500,-0.9990,3.2500,52.19,
1,Maze001,3.053,3.2500,-0.9990,3.2500,52.19,
1,Maze001,3.057,3.2500,-0.9990,3.2500,52.19,
1,Maze001,3.062,3.2500,-0.9990,3.2500,52.19,
1,Maze001,3.066,3.2500,-0.9990,3.2500,52.19,
1,Maze001,3.070,3.2500,-0.9990,3.2500,52.19,
1,Maze001,3.074,3.2500,-0.9990,3.2500,52.19,
1,Maze001,3.078,3.2500,-0.9990,3.2500,52.19,
1,Maze001,3.083,3.2500,-0.9990,3.2500,52.19,
1,Maze001,3.086,3.2500,-0.9990,3.2500,52.19,
1,Maze001,3.090,3.2500,-0.9990,3.2500,52.19,
1,Maze001,3.096,3.2500,-0.9990,3.2500,52.19,
1,Maze001,3.099,3.2500,-0.9990,3.2500,52.19,
1,Maze001,3.103,3.2500,-0.9990,3.2500,52.19,
1,Maze001,3.107,3.2500,-0.9990,3.2500,52.19,
1,Maze001,3.112,3.2500,-0.9990,3.2500,52.19,
1,Maze001,3.115,3.2500,-0.9990,3.2500,52.19,
1,Maze001,3.120,3.2500,-0.9990,3.2500,52.19,
1,Maze001,3.124,3.2500,-0.9990,3.2500,52.19,
1,Maze001,3.129,3.2500,-0.9990,3.2500,52.19,
1,Maze001,3.132,3.2500,-0.9990,3.2500,52.19,
1,Maze001,3.136,3.2500,-0.9990,3.2500,52.19,
1,Maze001,3.141,3.2500,-0.9990,3.2500,52.19,
1,Maze001,3.145,3.2500,-0.9990,3.2500,52.19,
1,Maze001,3.149,3.2500,-0.9990,3.2500,52.19,
1,Maze001,3.153,3.2500,-0.9990,3.2500,52.19,
1,Maze001,3.158,3.2500,-0.9990,3.2500,52.19,
1,Maze001,3.162,3.2500,-0.9990,3.2500,52.19,
1,Maze001,3.166,3.2500,-0.9990,3.2500,52.19,
1,Maze001,3.173,3.2500,-0.9990,3.2500,52.19,
1,Maze001,3.176,3.2500,-0.9990,3.2500,52.19,
1,Maze001,3.182,3.2500,-0.9990,3.2500,52.19,
1,Maze001,3.186,3.2500,-0.9990,3.2500,52.19,
1,Maze001,3.191,3.2500,-0.9990,3.2500,52.19,
1,Maze001,3.194,3.2500,-0.9990,3.2500,52.19,
1,Maze001,3.199,3.2500,-0.9990,3.2500,52.19,
1,Maze001,3.203,3.2500,-0.9990,3.2500,52.19,
1,Maze001,3.209,3.2500,-0.9990,3.2500,52.19,
1,Maze001,3.212,3.2500,-0.9990,3.2500,52.19,
1,Maze001,3.215,3.2500,-0.9990,3.2500,52.19,
1,Maze001,3.220,3.2500,-0.9990,3.2500,52.19,
1,Maze001,3.224,3.2500,-0.9990,3.2500,52.19,
1,Maze001,3.229,3.2500,-0.9990,3.2500,52.19,
1,Maze001,3.232,3.2500,-0.9990,3.2500,52.19,
1,Maze001,3.237,3.2500,-0.9990,3.2500,52.19,
1,Maze001,3.241,3.2500,-0.9990,3.2500,52.19,
1,Maze001,3.245,3.2500,-0.9990,3.2500,52.19,
1,Maze001,3.249,3.2500,-0.9990,3.2500,52.19,
1,Maze001,3.253,3.2500,-0.9990,3.2500,52.19,
1,Maze001,3.258,3.2500,-0.9990,3.2500,52.19,
1,Maze001,3.266,3.2500,-0.9990,3.2500,52.19,
1,Maze001,3.270,3.2500,-0.9990,3.2500,52.19,
1,Maze001,3.274,3.2500,-0.9990,3.2500,52.19,
1,Maze001,3.278,3.2500,-0.9990,3.2500,52.19,
1,Maze001,3.282,3.2500,-0.9990,3.2500,52.19,
1,Maze001,3.286,3.2500,-0.9990,3.2500,52.19,
1,Maze001,3.290,3.2500,-0.9990,3.2500,52.19,
1,Maze001,3.295,3.2500,-0.9990,3.2500,52.19,
1,Maze001,3.299,3.2500,-0.9990,3.2500,52.19,
1,Maze001,3.304,3.2500,-0.9990,3.2500,52.19,
1,Maze001,3.307,3.2500,-0.9990,3.2500,52.19,
1,Maze001,3.311,3.2500,-0.9990,3.2500,52.19,
1,Maze001,3.316,3.2500,-0.9990,3.2500,52.19,
1,Maze001,3.320,3.2500,-0.9990,3.2500,52.19,
1,Maze001,3.325,3.2500,-0.9990,3.2500,52.19,
1,Maze001,3.329,3.2500,-0.9990,3.2500,52.19,
1,Maze001,3.333,3.2500,-0.9990,3.2500,52.19,
1,Maze001,3.337,3.2500,-0.9990,3.2500,52.19,
1,Maze001,3.340,3.2500,-0.9990,3.2500,52.19,
1,Maze001,3.345,3.2500,-0.9990,3.2500,52.19,
1,Maze001,3.349,3.2500,-0.9990,3.2500,52.19,
1,Maze001,3.353,3.2500,-0.9990,3.2500,52.19,
1,Maze001,3.358,3.2500,-0.9990,3.2500,52.19,
1,Maze001,3.361,3.2500,-0.9990,3.2500,52.19,
1,Maze001,3.365,3.2500,-0.9990,3.2500,52.19,
1,Maze001,3.369,3.2500,-0.9990,3.2500,52.19,
1,Maze001,3.374,3.2500,-0.9990,3.2500,52.19,
1,Maze001,3.378,3.2500,-0.9990,3.2500,52.19,
1,Maze001,3.382,3.2500,-0.9990,3.2500,52.19,
1,Maze001,3.386,3.2500,-0.9990,3.2500,52.19,
1,Maze001,3.391,3.2500,-0.9990,3.2500,52.19,
1,Maze001,3.396,3.2500,-0.9990,3.2500,52.19,
1,Maze001,3.399,3.2500,-0.9990,3.2500,52.19,
1,Maze001,3.403,3.2500,-0.9990,3.2500,52.19,
1,Maze001,3.407,3.2500,-0.9990,3.2500,52.19,
1,Maze001,3.411,3.2500,-0.9990,3.2500,52.19,
1,Maze001,3.415,3.2500,-0.9990,3.2500,52.19,
1,Maze001,3.419,3.2500,-0.9990,3.2500,52.19,
1,Maze001,3.425,3.2500,-0.9990,3.2500,52.19,
1,Maze001,3.428,3.2500,-0.9990,3.2500,52.19,
1,Maze001,3.432,3.2500,-0.9990,3.2500,52.19,
1,Maze001,3.436,3.2500,-0.9990,3.2500,52.19,
1,Maze001,3.440,3.2500,-0.9990,3.2500,52.19,
1,Maze001,3.445,3.2500,-0.9990,3.2500,52.19,
1,Maze001,3.449,3.2500,-0.9990,3.2500,52.19,
1,Maze001,3.453,3.2500,-0.9990,3.2500,52.19,
1,Maze001,3.457,3.2500,-0.9990,3.2500,52.19,
1,Maze001,3.461,3.2500,-0.9990,3.2500,52.19,
1,Maze001,3.466,3.2500,-0.9990,3.2500,52.19,
1,Maze001,3.470,3.2500,-0.9990,3.2500,52.19,
1,Maze001,3.474,3.2500,-0.9990,3.2500,52.19,
1,Maze001,3.478,3.2500,-0.9990,3.2500,52.19,
1,Maze001,3.482,3.2500,-0.9990,3.2500,52.19,
1,Maze001,3.486,3.2500,-0.9990,3.2500,52.19,
1,Maze001,3.491,3.2500,-0.9990,3.2500,52.19,
1,Maze001,3.495,3.2500,-0.9990,3.2500,52.19,
1,Maze001,3.499,3.2500,-0.9990,3.2500,52.19,
1,Maze001,3.503,3.2500,-0.9990,3.2500,52.19,
1,Maze001,3.507,3.2500,-0.9990,3.2500,52.19,
1,Maze001,3.511,3.2500,-0.9990,3.2500,52.19,
1,Maze001,3.516,3.2500,-0.9990,3.2500,52.19,
1,Maze001,3.520,3.2500,-0.9990,3.2500,52.19,
1,Maze001,3.524,3.2500,-0.9990,3.2500,52.19,
1,Maze001,3.528,3.2500,-0.9990,3.2500,52.19,
1,Maze001,3.534,3.2500,-0.9990,3.2500,52.19,
1,Maze001,3.537,3.2500,-0.9990,3.2500,52.19,
1,Maze001,3.540,3.2500,-0.9990,3.2500,52.19,
1,Maze001,3.544,3.2500,-0.9990,3.2500,52.19,
1,Maze001,3.549,3.2500,-0.9990,3.2500,52.19,
1,Maze001,3.553,3.2500,-0.9990,3.2500,52.19,
1,Maze001,3.557,3.2500,-0.9990,3.2500,52.19,
1,Maze001,3.562,3.2500,-0.9990,3.2500,52.19,
1,Maze001,3.566,3.2500,-0.9990,3.2500,52.19,
1,Maze001,3.570,3.2500,-0.9990,3.2500,52.19,
1,Maze001,3.574,3.2500,-0.9990,3.2500,52.19,
1,Maze001,3.578,3.2500,-0.9990,3.2500,52.19,
1,Maze001,3.582,3.2500,-0.9990,3.2500,52.19,
1,Maze001,3.586,3.2500,-0.9990,3.2500,52.19,
1,Maze001,3.591,3.2500,-0.9990,3.2500,52.19,
1,Maze001,3.595,3.2500,-0.9990,3.2500,52.19,
1,Maze001,3.599,3.2500,-0.9990,3.2500,52.19,
1,Maze001,3.603,3.2500,-0.9990,3.2500,52.19,
1,Maze001,3.607,3.2500,-0.9990,3.2500,52.19,
1,Maze001,3.611,3.2500,-0.9990,3.2500,52.19,
1,Maze001,3.615,3.2500,-0.9990,3.2500,52.19,
1,Maze001,3.620,3.2500,-0.9990,3.2500,52.19,
1,Maze001,3.625,3.2500,-0.9990,3.2500,52.19,
1,Maze001,3.628,3.2500,-0.9990,3.2500,52.19,
1,Maze001,3.632,3.2500,-0.9990,3.2500,52.19,
1,Maze001,3.637,3.2500,-0.9990,3.2500,52.19,
1,Maze001,3.640,3.2500,-0.9990,3.2500,52.19,
1,Maze001,3.645,3.2500,-0.9990,3.2500,52.19,
1,Maze001,3.649,3.2500,-0.9990,3.2500,52.19,
1,Maze001,3.653,3.2500,-0.9990,3.2500,52.19,
1,Maze001,3.659,3.2500,-0.9990,3.2500,52.19,
1,Maze001,3.662,3.2500,-0.9990,3.2500,52.19,
1,Maze001,3.666,3.2500,-0.9990,3.2500,52.19,
1,Maze001,3.670,3.2500,-0.9990,3.2500,52.19,
1,Maze001,3.674,3.2500,-0.9990,3.2500,52.19,
1,Maze001,3.678,3.2500,-0.9990,3.2500,52.19,
1,Maze001,3.682,3.2500,-0.9990,3.2500,52.19,
1,Maze001,3.686,3.2500,-0.9990,3.2500,52.19,
1,Maze001,3.691,3.2500,-0.9990,3.2500,52.19,
1,Maze001,3.694,3.2500,-0.9990,3.2500,52.19,
1,Maze001,3.699,3.2500,-0.9990,3.2500,52.19,
1,Maze001,3.703,3.2500,-0.9990,3.2500,52.19,
1,Maze001,3.707,3.2500,-0.9990,3.2500,52.19,
1,Maze001,3.711,3.2500,-0.9990,3.2500,52.19,
1,Maze001,3.715,3.2500,-0.9990,3.2500,52.19,
1,Maze001,3.722,3.2500,-0.9990,3.2500,52.19,
1,Maze001,3.725,3.2500,-0.9990,3.2500,52.19,
1,Maze001,3.728,3.2500,-0.9990,3.2500,52.19,
1,Maze001,3.732,3.2500,-0.9990,3.2500,52.19,
1,Maze001,3.736,3.2500,-0.9990,3.2500,52.19,
1,Maze001,3.740,3.2500,-0.9990,3.2500,52.19,
1,Maze001,3.744,3.2500,-0.9990,3.2500,52.19,
1,Maze001,3.749,3.2500,-0.9990,3.2500,52.19,
1,Maze001,3.754,3.2500,-0.9990,3.2500,52.19,
1,Maze001,3.757,3.2500,-0.9990,3.2500,52.19,
1,Maze001,3.761,3.2500,-0.9990,3.2500,52.19,
1,Maze001,3.765,3.2500,-0.9990,3.2500,52.19,
1,Maze001,3.769,3.2500,-0.9990,3.2500,52.19,
1,Maze001,3.774,3.2500,-0.9990,3.2500,52.19,
1,Maze001,3.778,3.2500,-0.9990,3.2500,52.19,
1,Maze001,3.782,3.2500,-0.9990,3.2500,52.19,
1,Maze001,3.787,3.2500,-0.9990,3.2500,52.19,
1,Maze001,3.791,3.2500,-0.9990,3.2500,52.19,
1,Maze001,3.795,3.2500,-0.9990,3.2500,52.19,
1,Maze001,3.799,3.2500,-0.9990,3.2500,52.19,
1,Maze001,3.803,3.2500,-0.9990,3.2500,52.19,
1,Maze001,3.807,3.2500,-0.9990,3.2500,52.19,
1,Maze001,3.811,3.2500,-0.9990,3.2500,52.19,
1,Maze001,3.816,3.2500,-0.9990,3.2500,52.19,
1,Maze001,3.821,3.2500,-0.9990,3.2500,52.19,
1,Maze001,3.824,3.2500,-0.9990,3.2500,52.19,
1,Maze001,3.828,3.2500,-0.9990,3.2500,52.19,
1,Maze001,3.832,3.2500,-0.9990,3.2500,52.19,
1,Maze001,3.836,3.2500,-0.9990,3.2500,52.19,
1,Maze001,3.840,3.2500,-0.9990,3.2500,52.19,
1,Maze001,3.845,3.2500,-0.9990,3.2500,52.19,
1,Maze001,3.849,3.2500,-0.9990,3.2500,52.19,
1,Maze001,3.854,3.2500,-0.9990,3.2500,52.19,
1,Maze001,3.857,3.2500,-0.9990,3.2500,52.19,
1,Maze001,3.862,3.2500,-0.9990,3.2500,52.19,
1,Maze001,3.865,3.2500,-0.9990,3.2500,52.19,
1,Maze001,3.870,3.2500,-0.9990,3.2500,52.19,
1,Maze001,3.874,3.2500,-0.9990,3.2500,52.19,
1,Maze001,3.878,3.2500,-0.9990,3.2500,52.19,
1,Maze001,3.882,3.2500,-0.9990,3.2500,52.19,
1,Maze001,3.887,3.2500,-0.9990,3.2500,52.19,
1,Maze001,3.890,3.2500,-0.9990,3.2500,52.19,
1,Maze001,3.895,3.2500,-0.9990,3.2500,52.19,
1,Maze001,3.899,3.2500,-0.9990,3.2500,52.19,
1,Maze001,3.903,3.2500,-0.9990,3.2500,52.19,
1,Maze001,3.907,3.2500,-0.9990,3.2500,52.19,
1,Maze001,3.911,3.2500,-0.9990,3.2500,52.19,
1,Maze001,3.916,3.2500,-0.9990,3.2500,52.19,
1,Maze001,3.920,3.2500,-0.9990,3.2500,52.19,
1,Maze001,3.924,3.2500,-0.9990,3.2500,52.19,
1,Maze001,3.928,3.2500,-0.9990,3.2500,52.19,
1,Maze001,3.932,3.2500,-0.9990,3.2500,52.19,
1,Maze001,3.937,3.2500,-0.9990,3.2500,52.19,
1,Maze001,3.940,3.2500,-0.9990,3.2500,52.19,
1,Maze001,3.945,3.2500,-0.9990,3.2500,52.19,
1,Maze001,3.950,3.2500,-0.9990,3.2500,52.19,
1,Maze001,3.953,3.2500,-0.9990,3.2500,52.19,
1,Maze001,3.957,3.2500,-0.9990,3.2500,52.19,
1,Maze001,3.961,3.2500,-0.9990,3.2500,52.19,
1,Maze001,3.965,3.2500,-0.9990,3.2500,52.19,
1,Maze001,3.970,3.2500,-0.9990,3.2500,52.19,
1,Maze001,3.974,3.2500,-0.9990,3.2500,52.19,
1,Maze001,3.978,3.2500,-0.9990,3.2500,52.19,
1,Maze001,3.984,3.2500,-0.9990,3.2500,52.19,
1,Maze001,3.987,3.2500,-0.9990,3.2500,52.19,
1,Maze001,3.991,3.2500,-0.9990,3.2500,52.19,
1,Maze001,3.995,3.2500,-0.9990,3.2500,52.19,
1,Maze001,3.999,3.2500,-0.9990,3.2500,52.19,
1,Maze001,4.003,3.2500,-0.9990,3.2500,52.19,
1,Maze001,4.007,3.2500,-0.9990,3.2500,52.19,
1,Maze001,4.011,3.2500,-0.9990,3.2500,52.19,
1,Maze001,4.017,3.2500,-0.9990,3.2500,52.19,
1,Maze001,4.020,3.2500,-0.9990,3.2500,52.19,
1,Maze001,4.024,3.2500,-0.9990,3.2500,52.19,
1,Maze001,4.028,3.2500,-0.9990,3.2500,52.19,
1,Maze001,4.032,3.2500,-0.9990,3.2500,52.19,
1,Maze001,4.036,3.2500,-0.9990,3.2500,52.19,
1,Maze001,4.041,3.2500,-0.9990,3.2500,52.19,
1,Maze001,4.045,3.2500,-0.9990,3.2500,52.19,
1,Maze001,4.050,3.2500,-0.9990,3.2500,52.19,
1,Maze001,4.053,3.2500,-0.9990,3.2500,52.19,
1,Maze001,4.057,3.2500,-0.9990,3.2500,52.19,
1,Maze001,4.062,3.2500,-0.9990,3.2500,52.19,
1,Maze001,4.065,3.2500,-0.9990,3.2500,52.19,
1,Maze001,4.069,3.2500,-0.9990,3.2500,52.19,
1,Maze001,4.074,3.2500,-0.9990,3.2500,52.19,
1,Maze001,4.078,3.2500,-0.9990,3.2500,52.19,
1,Maze001,4.084,3.2500,-0.9990,3.2500,52.19,
1,Maze001,4.090,3.2500,-0.9990,3.2500,52.19,
1,Maze001,4.095,3.2500,-0.9990,3.2500,52.19,
1,Maze001,4.099,3.2500,-0.9990,3.2500,52.19,
1,Maze001,4.103,3.2500,-0.9990,3.2500,52.19,
1,Maze001,4.107,3.2500,-0.9990,3.2500,52.19,
1,Maze001,4.112,3.2500,-0.9990,3.2500,52.19,
1,Maze001,4.117,3.2500,-0.9990,3.2500,52.19,
1,Maze001,4.120,3.2500,-0.9990,3.2500,52.19,
1,Maze001,4.124,3.2500,-0.9990,3.2500,52.19,
1,Maze001,4.128,3.2500,-0.9990,3.2500,52.19,
1,Maze001,4.132,3.2500,-0.9990,3.2500,52.19,
1,Maze001,4.136,3.2500,-0.9990,3.2500,52.19,
1,Maze001,4.141,3.2500,-0.9990,3.2500,52.19,
1,Maze001,4.145,3.2500,-0.9990,3.2500,52.19,
1,Maze001,4.150,3.2500,-0.9990,3.2500,52.19,
1,Maze001,4.153,3.2500,-0.9990,3.2500,52.19,
1,Maze001,4.157,3.2500,-0.9990,3.2500,52.19,
1,Maze001,4.161,3.2500,-0.9990,3.2500,52.19,
1,Maze001,4.166,3.2500,-0.9990,3.2500,52.19,
1,Maze001,4.170,3.2500,-0.9990,3.2500,52.19,
1,Maze001,4.174,3.2500,-0.9990,3.2500,52.19,
1,Maze001,4.179,3.2500,-0.9990,3.2500,52.19,
1,Maze001,4.184,3.2500,-0.9990,3.2500,52.19,
1,Maze001,4.187,3.2500,-0.9990,3.2500,52.19,
1,Maze001,4.194,3.2500,-0.9990,3.2500,52.19,
1,Maze001,4.199,3.2500,-0.9990,3.2500,52.19,
1,Maze001,4.203,3.2500,-0.9990,3.2500,52.19,
1,Maze001,4.207,3.2500,-0.9990,3.2500,52.19,
1,Maze001,4.211,3.2500,-0.9990,3.2500,52.19,
1,Maze001,4.217,3.2500,-0.9990,3.2500,52.19,
1,Maze001,4.220,3.2500,-0.9990,3.2500,52.19,
1,Maze001,4.224,3.2500,-0.9990,3.2500,52.19,
1,Maze001,4.228,3.2500,-0.9990,3.2500,52.19,
1,Maze001,4.232,3.2500,-0.9990,3.2500,52.19,
1,Maze001,4.236,3.2500,-0.9990,3.2500,52.19,
1,Maze001,4.241,3.2500,-0.9990,3.2500,52.19,
1,Maze001,4.245,3.2500,-0.9990,3.2500,52.19,
1,Maze001,4.250,3.2500,-0.9990,3.2500,52.19,
1,Maze001,4.253,3.2500,-0.9990,3.2500,52.19,
1,Maze001,4.257,3.2500,-0.9990,3.2500,52.19,
1,Maze001,4.261,3.2500,-0.9990,3.2500,52.19,
1,Maze001,4.265,3.2500,-0.9990,3.2500,52.19,
1,Maze001,4.270,3.2500,-0.9990,3.2500,52.19,
1,Maze001,4.274,3.2500,-0.9990,3.2500,52.19,
1,Maze001,4.279,3.2500,-0.9990,3.2500,52.19,
1,Maze001,4.283,3.2500,-0.9990,3.2500,52.19,
1,Maze001,4.286,3.2500,-0.9990,3.2500,52.19,
1,Maze001,4.291,3.2500,-0.9990,3.2500,52.19,
1,Maze001,4.295,3.2500,-0.9990,3.2500,52.19,
1,Maze001,4.299,3.2500,-0.9990,3.2500,52.19,
1,Maze001,4.303,3.2500,-0.9990,3.2500,52.19,
1,Maze001,4.307,3.2500,-0.9990,3.2500,52.19,
1,Maze001,4.311,3.2500,-0.9990,3.2500,52.19,
1,Maze001,4.316,3.2500,-0.9990,3.2500,52.19,
1,Maze001,4.319,3.2500,-0.9990,3.2500,52.19,
1,Maze001,4.324,3.2500,-0.9990,3.2500,52.19,
1,Maze001,4.328,3.2500,-0.9990,3.2500,52.19,
1,Maze001,4.332,3.2500,-0.9990,3.2500,52.19,
1,Maze001,4.336,3.2500,-0.9990,3.2500,52.19,
1,Maze001,4.341,3.2500,-0.9990,3.2500,52.19,
1,Maze001,4.345,3.2500,-0.9990,3.2500,52.19,
1,Maze001,4.350,3.2500,-0.9990,3.2500,52.19,
1,Maze001,4.353,3.2500,-0.9990,3.2500,52.19,
1,Maze001,4.357,3.2500,-0.9990,3.2500,52.19,
1,Maze001,4.362,3.2500,-0.9990,3.2500,52.19,
1,Maze001,4.365,3.2500,-0.9990,3.2500,52.19,
1,Maze001,4.370,3.2500,-0.9990,3.2500,52.19,
1,Maze001,4.374,3.2500,-0.9990,3.2500,52.19,
1,Maze001,4.379,3.2500,-0.9990,3.2500,52.19,
1,Maze001,4.382,3.2500,-0.9990,3.2500,52.19,
1,Maze001,4.386,3.2500,-0.9990,3.2500,52.19,
1,Maze001,4.390,3.2500,-0.9990,3.2500,52.19,
1,Maze001,4.394,3.2500,-0.9990,3.2500,52.19,
1,Maze001,4.399,3.2500,-0.9990,3.2500,52.19,
1,Maze001,4.403,3.2500,-0.9990,3.2500,52.19,
1,Maze001,4.407,3.2500,-0.9990,3.2500,52.19,
1,Maze001,4.412,3.2500,-0.9990,3.2500,52.19,
1,Maze001,4.416,3.2500,-0.9990,3.2500,52.19,
1,Maze001,4.420,3.2500,-0.9990,3.2500,52.19,
1,Maze001,4.424,3.2500,-0.9990,3.2500,52.19,
1,Maze001,4.428,3.2500,-0.9990,3.2500,52.19,
1,Maze001,4.432,3.2500,-0.9990,3.2500,52.19,
1,Maze001,4.436,3.2500,-0.9990,3.2500,52.19,
1,Maze001,4.441,3.2500,-0.9990,3.2500,52.19,
1,Maze001,4.446,3.2500,-0.9990,3.2500,52.19,
1,Maze001,4.449,3.2500,-0.9990,3.2500,52.19,
1,Maze001,4.453,3.2500,-0.9990,3.2500,52.19,
1,Maze001,4.457,3.2500,-0.9990,3.2500,52.19,
1,Maze001,4.461,3.2500,-0.9990,3.2500,52.19,
1,Maze001,4.466,3.2500,-0.9990,3.2500,52.19,
1,Maze001,4.470,3.2500,-0.9990,3.2500,52.19,
1,Maze001,4.474,3.2500,-0.9990,3.2500,52.19,
1,Maze001,4.479,3.2500,-0.9990,3.2500,52.19,
1,Maze001,4.483,3.2500,-0.9990,3.2500,52.19,
1,Maze001,4.486,3.2500,-0.9990,3.2500,52.19,
1,Maze001,4.491,3.2500,-0.9990,3.2500,52.19,
1,Maze001,4.495,3.2500,-0.9990,3.2500,52.19,
1,Maze001,4.499,3.2500,-0.9990,3.2500,52.19,
1,Maze001,4.503,3.2500,-0.9990,3.2500,52.19,
1,Maze001,4.507,3.2500,-0.9990,3.2500,52.19,
1,Maze001,4.512,3.2500,-0.9990,3.2500,52.19,
1,Maze001,4.516,3.2500,-0.9990,3.2500,52.19,
1,Maze001,4.520,3.2500,-0.9990,3.2500,52.19,
1,Maze001,4.524,3.2500,-0.9990,3.2500,52.19,
1,Maze001,4.528,3.2500,-0.9990,3.2500,52.19,
1,Maze001,4.532,3.2500,-0.9990,3.2500,52.19,
1,Maze001,4.536,3.2500,-0.9990,3.2500,52.19,
1,Maze001,4.541,3.2500,-0.9990,3.2500,52.19,
1,Maze001,4.546,3.2500,-0.9990,3.2500,52.19,
1,Maze001,4.549,3.2500,-0.9990,3.2500,52.19,
1,Maze001,4.553,3.2500,-0.9990,3.2500,52.19,
1,Maze001,4.557,3.2500,-0.9990,3.2500,52.19,
1,Maze001,4.561,3.2500,-0.9990,3.2500,52.19,
1,Maze001,4.566,3.2500,-0.9990,3.2500,52.19,
1,Maze001,4.570,3.2500,-0.9990,3.2500,52.19,
1,Maze001,4.574,3.2500,-0.9990,3.2500,52.19,
1,Maze001,4.579,3.2500,-0.9990,3.2500,52.19,
1,Maze001,4.582,3.2500,-0.9990,3.2500,52.19,
1,Maze001,4.586,3.2500,-0.9990,3.2500,52.19,
1,Maze001,4.591,3.2500,-0.9990,3.2500,52.19,
1,Maze001,4.595,3.2500,-0.9990,3.2500,52.19,
1,Maze001,4.599,3.2500,-0.9990,3.2500,52.19,
1,Maze001,4.603,3.2500,-0.9990,3.2500,52.19,
1,Maze001,4.607,3.2500,-0.9990,3.2500,52.19,
1,Maze001,4.612,3.2500,-0.9990,3.2500,52.19,
1,Maze001,4.615,3.2500,-0.9990,3.2500,52.19,
1,Maze001,4.620,3.2500,-0.9990,3.2500,52.19,
1,Maze001,4.624,3.2500,-0.9990,3.2500,52.19,
1,Maze001,4.628,3.2500,-0.9990,3.2500,52.19,
1,Maze001,4.632,3.2500,-0.9990,3.2500,52.19,
1,Maze001,4.636,3.2500,-0.9990,3.2500,52.19,
1,Maze001,4.641,3.2500,-0.9990,3.2500,52.19,
1,Maze001,4.646,3.2500,-0.9990,3.2500,52.19,
1,Maze001,4.649,3.2500,-0.9990,3.2500,52.19,
1,Maze001,4.653,3.2500,-0.9990,3.2500,52.19,
1,Maze001,4.657,3.2500,-0.9990,3.2500,52.19,
1,Maze001,4.661,3.2500,-0.9990,3.2500,52.19,
1,Maze001,4.665,3.2500,-0.9990,3.2500,52.19,
1,Maze001,4.669,3.2500,-0.9990,3.2500,52.19,
1,Maze001,4.675,3.2500,-0.9990,3.2500,52.19,
1,Maze001,4.678,3.2500,-0.9990,3.2500,52.19,
1,Maze001,4.682,3.2500,-0.9990,3.2500,52.19,
1,Maze001,4.687,3.2500,-0.9990,3.2500,52.19,
1,Maze001,4.691,3.2500,-0.9990,3.2500,52.19,
1,Maze001,4.695,3.2500,-0.9990,3.2500,52.19,
1,Maze001,4.699,3.2500,-0.9990,3.2500,52.19,
1,Maze001,4.703,3.2500,-0.9990,3.2500,52.19,
1,Maze001,4.709,3.2500,-0.9990,3.2500,52.19,
1,Maze001,4.712,3.2500,-0.9990,3.2500,52.19,
1,Maze001,4.716,3.2500,-0.9990,3.2500,52.19,
1,Maze001,4.720,3.2500,-0.9990,3.2500,52.19,
1,Maze001,4.724,3.2500,-0.9990,3.2500,52.19,
1,Maze001,4.728,3.2500,-0.9990,3.2500,52.19,
1,Maze001,4.732,3.2500,-0.9990,3.2500,52.19,
1,Maze001,4.736,3.2500,-0.9990,3.2500,52.19,
1,Maze001,4.742,3.2500,-0.9990,3.2500,52.19,
1,Maze001,4.745,3.2500,-0.9990,3.2500,52.19,
1,Maze001,4.749,3.2500,-0.9990,3.2500,52.19,
1,Maze001,4.753,3.2500,-0.9990,3.2500,52.19,
1,Maze001,4.757,3.2500,-0.9990,3.2500,52.19,
1,Maze001,4.761,3.2500,-0.9990,3.2500,52.19,
1,Maze001,4.765,3.2500,-0.9990,3.2500,52.19,
1,Maze001,4.770,3.2500,-0.9990,3.2500,52.19,
1,Maze001,4.775,3.2500,-0.9990,3.2500,52.19,
1,Maze001,4.778,3.2500,-0.9990,3.2500,52.19,
1,Maze001,4.782,3.2500,-0.9990,3.2500,52.19,
1,Maze001,4.786,3.2500,-0.9990,3.2500,52.19,
1,Maze001,4.790,3.2500,-0.9990,3.2500,52.19,
1,Maze001,4.795,3.2500,-0.9990,3.2500,52.19,
1,Maze001,4.799,3.2500,-0.9990,3.2500,52.19,
1,Maze001,4.803,3.2500,-0.9990,3.2500,52.19,
1,Maze001,4.809,3.2500,-0.9990,3.2500,52.19,
1,Maze001,4.812,3.2500,-0.9990,3.2500,52.19,
1,Maze001,4.815,3.2500,-0.9990,3.2500,52.19,
1,Maze001,4.820,3.2500,-0.9990,3.2500,52.19,
1,Maze001,4.824,3.2500,-0.9990,3.2500,52.19,
1,Maze001,4.828,3.2500,-0.9990,3.2500,52.19,
1,Maze001,4.832,3.2500,-0.9990,3.2500,52.19,
1,Maze001,4.836,3.2500,-0.9990,3.2500,52.19,
1,Maze001,4.841,3.2500,-0.9990,3.2500,52.19,
1,Maze001,4.845,3.2500,-0.9990,3.2500,52.19,
1,Maze001,4.849,3.2500,-0.9990,3.2500,52.19,
1,Maze001,4.853,3.2500,-0.9990,3.2500,52.19,
1,Maze001,4.857,3.2500,-0.9990,3.2500,52.19,
1,Maze001,4.861,3.2500,-0.9990,3.2500,52.19,
1,Maze001,4.865,3.2500,-0.9990,3.2500,52.19,
1,Maze001,4.870,3.2500,-0.9990,3.2500,52.19,
1,Maze001,4.875,3.2500,-0.9990,3.2500,52.19,
1,Maze001,4.878,3.2500,-0.9990,3.2500,52.19,
1,Maze001,4.882,3.2500,-0.9990,3.2500,52.19,
1,Maze001,4.886,3.2500,-0.9990,3.2500,52.19,
1,Maze001,4.890,3.2500,-0.9990,3.2500,52.19,
1,Maze001,4.895,3.2500,-0.9990,3.2500,52.19,
1,Maze001,4.899,3.2500,-0.9990,3.2500,52.19,
1,Maze001,4.903,3.2500,-0.9990,3.2500,52.19,
1,Maze001,4.908,3.2500,-0.9990,3.2500,52.19,
1,Maze001,4.911,3.2500,-0.9990,3.2500,52.19,
1,Maze001,4.916,3.2500,-0.9990,3.2500,52.19,
1,Maze001,4.920,3.2500,-0.9990,3.2500,52.19,
1,Maze001,4.924,3.2500,-0.9990,3.2500,52.19,
1,Maze001,4.928,3.2500,-0.9990,3.2500,52.19,
1,Maze001,4.932,3.2500,-0.9990,3.2500,52.19,
1,Maze001,4.936,3.2500,-0.9990,3.2500,52.19,
1,Maze001,4.941,3.2500,-0.9990,3.2500,52.19,
1,Maze001,4.945,3.2500,-0.9990,3.2500,52.19,
1,Maze001,4.949,3.2500,-0.9990,3.2500,52.19,
1,Maze001,4.953,3.2500,-0.9990,3.2500,52.19,
1,Maze001,4.957,3.2500,-0.9990,3.2500,52.19,
1,Maze001,4.961,3.2500,-0.9990,3.2500,52.19,
1,Maze001,4.965,3.2500,-0.9990,3.2500,52.19,
1,Maze001,4.971,3.2500,-0.9990,3.2500,52.19,
1,Maze001,4.974,3.2500,-0.9990,3.2500,52.19,
1,Maze001,4.978,3.2500,-0.9990,3.2500,52.19,
1,Maze001,4.982,3.2500,-0.9990,3.2500,52.19,
1,Maze001,4.986,3.2500,-0.9990,3.2500,52.19,
1,Maze001,4.990,3.2500,-0.9990,3.2500,52.19,
1,Maze001,4.994,3.2500,-0.9990,3.2500,52.19,
1,Maze001,4.999,3.2500,-0.9990,3.2500,52.19,
1,Maze001,5.004,3.2500,-0.9990,3.2500,52.19,
1,Maze001,5.007,3.2500,-0.9990,3.2500,52.19,
1,Maze001,5.012,3.2500,-0.9990,3.2500,52.19,
1,Maze001,5.016,3.2500,-0.9990,3.2500,52.19,
1,Maze001,5.020,3.2500,-0.9990,3.2500,52.19,
1,Maze001,5.024,3.2500,-0.9990,3.2500,52.19,
1,Maze001,5.028,3.2500,-0.9990,3.2500,52.19,
1,Maze001,5.032,3.2500,-0.9990,3.2500,52.19,
1,Maze001,5.037,3.2500,-0.9990,3.2500,52.19,
1,Maze001,5.040,3.2500,-0.9990,3.2500,52.19,
1,Maze001,5.045,3.2500,-0.9990,3.2500,52.19,
1,Maze001,5.049,3.2500,-0.9990,3.2500,52.19,
1,Maze001,5.053,3.2500,-0.9990,3.2500,52.19,
1,Maze001,5.057,3.2500,-0.9990,3.2500,52.19,
1,Maze001,5.061,3.2500,-0.9990,3.2500,52.19,
1,Maze001,5.065,3.2500,-0.9990,3.2500,52.19,
1,Maze001,5.070,3.2500,-0.9990,3.2500,52.19,
1,Maze001,5.074,3.2500,-0.9990,3.2500,52.19,
1,Maze001,5.078,3.2500,-0.9990,3.2500,52.19,
1,Maze001,5.082,3.2500,-0.9990,3.2500,52.19,
1,Maze001,5.086,3.2500,-0.9990,3.2500,52.19,
1,Maze001,5.090,3.2500,-0.9990,3.2500,52.19,
1,Maze001,5.094,3.2500,-0.9990,3.2500,52.19,
1,Maze001,5.099,3.2500,-0.9990,3.2500,52.19,
1,Maze001,5.104,3.2500,-0.9990,3.2500,52.19,
1,Maze001,5.107,3.2500,-0.9990,3.2500,52.19,
1,Maze001,5.111,3.2500,-0.9990,3.2500,52.19,
1,Maze001,5.115,3.2500,-0.9990,3.2500,52.19,
1,Maze001,5.120,3.2500,-0.9990,3.2500,52.19,
1,Maze001,5.124,3.2500,-0.9990,3.2500,52.19,
1,Maze001,5.128,3.2500,-0.9990,3.2500,52.19,
1,Maze001,5.132,3.2500,-0.9990,3.2500,52.19,
1,Maze001,5.137,3.2500,-0.9990,3.2500,52.19,
1,Maze001,5.142,3.2500,-0.9990,3.2500,52.19,
1,Maze001,5.145,3.2500,-0.9990,3.2500,52.19,
1,Maze001,5.149,3.2500,-0.9990,3.2500,52.19,
1,Maze001,5.153,3.2500,-0.9990,3.2500,52.19,
1,Maze001,5.157,3.2500,-0.9990,3.2500,52.19,
1,Maze001,5.161,3.2500,-0.9990,3.2500,52.19,
1,Maze001,5.165,3.2500,-0.9990,3.2500,52.19,
1,Maze001,5.171,3.2500,-0.9990,3.2500,52.19,
1,Maze001,5.174,3.2500,-0.9990,3.2500,52.19,
1,Maze001,5.178,3.2500,-0.9990,3.2500,52.19,
1,Maze001,5.182,3.2500,-0.9990,3.2500,52.19,
1,Maze001,5.186,3.2500,-0.9990,3.2500,52.19,
1,Maze001,5.190,3.2500,-0.9990,3.2500,52.19,
1,Maze001,5.195,3.2500,-0.9990,3.2500,52.19,
1,Maze001,5.199,3.2500,-0.9990,3.2500,52.19,
1,Maze001,5.204,3.2500,-0.9990,3.2500,52.19,
1,Maze001,5.207,3.2500,-0.9990,3.2500,52.19,
1,Maze001,5.211,3.2500,-0.9990,3.2500,52.19,
1,Maze001,5.215,3.2500,-0.9990,3.2500,52.19,
1,Maze001,5.220,3.2500,-0.9990,3.2500,52.19,
1,Maze001,5.224,3.2500,-0.9990,3.2500,52.19,
1,Maze001,5.228,3.2500,-0.9990,3.2500,52.19,
1,Maze001,5.232,3.2500,-0.9990,3.2500,52.19,
1,Maze001,5.237,3.2500,-0.9990,3.2500,52.19,
1,Maze001,5.240,3.2500,-0.9990,3.2500,52.19,
1,Maze001,5.245,3.2500,-0.9990,3.2500,52.19,
1,Maze001,5.249,3.2500,-0.9990,3.2500,52.19,
1,Maze001,5.253,3.2500,-0.9990,3.2500,52.19,
1,Maze001,5.257,3.2500,-0.9990,3.2500,52.19,
1,Maze001,5.261,3.2500,-0.9990,3.2500,52.19,
1,Maze001,5.266,3.2500,-0.9990,3.2500,52.19,
1,Maze001,5.270,3.2500,-0.9990,3.2500,52.19,
1,Maze001,5.274,3.2500,-0.9990,3.2500,52.19,
1,Maze001,5.278,3.2500,-0.9990,3.2500,52.19,
1,Maze001,5.282,3.2500,-0.9990,3.2500,52.19,
1,Maze001,5.286,3.2500,-0.9990,3.2500,52.19,
1,Maze001,5.290,3.2500,-0.9990,3.2500,52.19,
1,Maze001,5.295,3.2500,-0.9990,3.2500,52.19,
1,Maze001,5.299,3.2500,-0.9990,3.2500,52.19,
1,Maze001,5.304,3.2500,-0.9990,3.2500,52.19,
1,Maze001,5.307,3.2500,-0.9990,3.2500,52.19,
1,Maze001,5.311,3.2500,-0.9990,3.2500,52.19,
1,Maze001,5.316,3.2500,-0.9990,3.2500,52.19,
1,Maze001,5.319,3.2500,-0.9990,3.2500,52.19,
1,Maze001,5.324,3.2500,-0.9990,3.2500,52.19,
1,Maze001,5.328,3.2500,-0.9990,3.2500,52.19,
1,Maze001,5.333,3.2500,-0.9990,3.2500,52.19,
1,Maze001,5.337,3.2500,-0.9990,3.2500,52.19,
1,Maze001,5.340,3.2500,-0.9990,3.2500,52.19,
1,Maze001,5.344,3.2500,-0.9990,3.2500,52.19,
1,Maze001,5.348,3.2500,-0.9990,3.2500,52.19,
1,Maze001,5.353,3.2500,-0.9990,3.2500,52.19,
1,Maze001,5.357,3.2500,-0.9990,3.2500,52.19,
1,Maze001,5.361,3.2500,-0.9990,3.2500,52.19,
1,Maze001,5.365,3.2500,-0.9990,3.2500,52.19,
1,Maze001,5.371,3.2500,-0.9990,3.2500,52.19,
1,Maze001,5.374,3.2500,-0.9990,3.2500,52.19,
1,Maze001,5.378,3.2500,-0.9990,3.2500,52.19,
1,Maze001,5.382,3.2500,-0.9990,3.2500,52.19,
1,Maze001,5.386,3.2500,-0.9990,3.2500,52.19,
1,Maze001,5.390,3.2500,-0.9990,3.2500,52.19,
1,Maze001,5.395,3.2500,-0.9990,3.2500,52.19,
1,Maze001,5.400,3.2500,-0.9990,3.2500,52.19,
1,Maze001,5.404,3.2500,-0.9990,3.2500,52.19,
1,Maze001,5.407,3.2500,-0.9990,3.2500,52.19,
1,Maze001,5.411,3.2500,-0.9990,3.2500,52.19,
1,Maze001,5.415,3.2500,-0.9990,3.2500,52.19,
1,Maze001,5.420,3.2500,-0.9990,3.2500,52.19,
1,Maze001,5.424,3.2500,-0.9990,3.2500,52.19,
1,Maze001,5.428,3.2500,-0.9990,3.2500,52.19,
1,Maze001,5.433,3.2500,-0.9990,3.2500,52.19,
1,Maze001,5.436,3.2500,-0.9990,3.2500,52.19,
1,Maze001,5.440,3.2500,-0.9990,3.2500,52.19,
1,Maze001,5.444,3.2500,-0.9990,3.2500,52.19,
1,Maze001,5.449,3.2500,-0.9990,3.2500,52.19,
1,Maze001,5.453,3.2500,-0.9990,3.2500,52.19,
1,Maze001,5.457,3.2500,-0.9990,3.2500,52.19,
1,Maze001,5.461,3.2500,-0.9990,3.2500,52.19,
1,Maze001,5.466,3.2500,-0.9990,3.2500,52.19,
1,Maze001,5.470,3.2500,-0.9990,3.2500,52.19,
1,Maze001,5.474,3.2500,-0.9990,3.2500,52.19,
1,Maze001,5.478,3.2500,-0.9990,3.2500,52.19,
1,Maze001,5.482,3.2500,-0.9990,3.2500,52.19,
1,Maze001,5.486,3.2500,-0.9990,3.2500,52.19,
1,Maze001,5.490,3.2500,-0.9990,3.2500,52.19,
1,Maze001,5.494,3.2500,-0.9990,3.2500,52.19,
1,Maze001,5.500,3.2500,-0.9990,3.2500,52.19,
1,Maze001,5.506,3.2500,-0.9990,3.2500,52.19,
1,Maze001,5.511,3.2500,-0.9990,3.2500,52.19,
1,Maze001,5.515,3.2500,-0.9990,3.2500,52.19,
1,Maze001,5.520,3.2500,-0.9990,3.2500,52.19,
1,Maze001,5.524,3.2500,-0.9990,3.2500,52.19,
1,Maze001,5.528,3.2500,-0.9990,3.2500,52.19,
1,Maze001,5.533,3.2500,-0.9990,3.2500,52.19,
1,Maze001,5.536,3.2500,-0.9990,3.2500,52.19,
1,Maze001,5.540,3.2500,-0.9990,3.2500,52.19,
1,Maze001,5.544,3.2500,-0.9990,3.2500,52.19,
1,Maze001,5.548,3.2500,-0.9990,3.2500,52.19,
1,Maze001,5.552,3.2500,-0.9990,3.2500,52.19,
1,Maze001,5.557,3.2500,-0.9990,3.2500,52.19,
1,Maze001,5.561,3.2500,-0.9990,3.2500,52.19,
1,Maze001,5.566,3.2500,-0.9990,3.2500,52.19,
1,Maze001,5.569,3.2500,-0.9990,3.2500,52.19,
1,Maze001,5.574,3.2500,-0.9990,3.2500,52.19,
1,Maze001,5.578,3.2500,-0.9990,3.2500,52.19,
1,Maze001,5.582,3.2500,-0.9990,3.2500,52.19,
1,Maze001,5.586,3.2500,-0.9990,3.2500,52.19,
1,Maze001,5.590,3.2500,-0.9990,3.2500,52.19,
1,Maze001,5.594,3.2500,-0.9990,3.2500,52.19,
1,Maze001,5.599,3.2500,-0.9990,3.2500,52.19,
1,Maze001,5.603,3.2500,-0.9990,3.2500,52.19,
1,Maze001,5.607,3.2500,-0.9990,3.2500,52.19,
1,Maze001,5.611,3.2500,-0.9990,3.2500,52.19,
1,Maze001,5.615,3.2500,-0.9990,3.2500,52.19,
1,Maze001,5.619,3.2500,-0.9990,3.2500,52.19,
1,Maze001,5.624,3.2500,-0.9990,3.2500,52.19,
1,Maze001,5.628,3.2500,-0.9990,3.2500,52.19,
1,Maze001,5.633,3.2500,-0.9990,3.2500,52.19,
1,Maze001,5.636,3.2500,-0.9990,3.2500,52.19,
1,Maze001,5.640,3.2500,-0.9990,3.2500,52.19,
1,Maze001,5.644,3.2500,-0.9990,3.2500,52.19,
1,Maze001,5.649,3.2500,-0.9990,3.2500,52.19,
1,Maze001,5.653,3.2500,-0.9990,3.2500,52.19,
1,Maze001,5.657,3.2500,-0.9990,3.2500,52.19,
1,Maze001,5.662,3.2500,-0.9990,3.2500,52.19,
1,Maze001,5.665,3.2500,-0.9990,3.2500,52.19,
1,Maze001,5.669,3.2500,-0.9990,3.2500,52.19,
1,Maze001,5.674,3.2500,-0.9990,3.2500,52.19,
1,Maze001,5.678,3.2500,-0.9990,3.2500,52.19,
1,Maze001,5.682,3.2500,-0.9990,3.2500,52.19,
1,Maze001,5.686,3.2500,-0.9990,3.2500,52.19,
1,Maze001,5.690,3.2500,-0.9990,3.2500,52.19,
1,Maze001,5.697,3.2500,-0.9990,3.2500,52.19,
1,Maze001,5.699,3.2500,-0.9990,3.2500,52.19,
1,Maze001,5.703,3.2500,-0.9990,3.2500,52.19,
1,Maze001,5.707,3.2500,-0.9990,3.2500,52.19,
1,Maze001,5.711,3.2500,-0.9990,3.2500,52.19,
1,Maze001,5.716,3.2500,-0.9990,3.2500,52.19,
1,Maze001,5.720,3.2500,-0.9990,3.2500,52.19,
1,Maze001,5.724,3.2500,-0.9990,3.2500,52.19,
1,Maze001,5.729,3.2500,-0.9990,3.2500,52.19,
1,Maze001,5.733,3.2500,-0.9990,3.2500,52.19,
1,Maze001,5.736,3.2500,-0.9990,3.2500,52.19,
1,Maze001,5.740,3.2500,-0.9990,3.2500,52.19,
1,Maze001,5.745,3.2500,-0.9990,3.2500,52.19,
1,Maze001,5.748,3.2500,-0.9990,3.2500,52.19,
1,Maze001,5.753,3.2500,-0.9990,3.2500,52.19,
1,Maze001,5.757,3.2500,-0.9990,3.2500,52.19,
1,Maze001,5.762,3.2500,-0.9990,3.2500,52.19,
1,Maze001,5.765,3.2500,-0.9990,3.2500,52.19,
1,Maze001,5.769,3.2500,-0.9990,3.2500,52.19,
1,Maze001,5.774,3.2500,-0.9990,3.2500,52.19,
1,Maze001,5.778,3.2500,-0.9990,3.2500,52.19,
1,Maze001,5.782,3.2500,-0.9990,3.2500,52.19,
1,Maze001,5.786,3.2500,-0.9990,3.2500,52.19,
1,Maze001,5.790,3.2500,-0.9990,3.2500,52.19,
1,Maze001,5.796,3.2500,-0.9990,3.2500,52.19,
1,Maze001,5.799,3.2500,-0.9990,3.2500,52.19,
1,Maze001,5.803,3.2500,-0.9990,3.2500,52.19,
1,Maze001,5.807,3.2500,-0.9990,3.2500,52.19,
1,Maze001,5.811,3.2500,-0.9990,3.2500,52.19,
1,Maze001,5.816,3.2500,-0.9990,3.2500,52.19,
1,Maze001,5.820,3.2500,-0.9990,3.2500,52.19,
1,Maze001,5.824,3.2500,-0.9990,3.2500,52.19,
1,Maze001,5.829,3.2500,-0.9990,3.2500,52.19,
1,Maze001,5.832,3.2500,-0.9990,3.2500,52.19,
1,Maze001,5.836,3.2500,-0.9990,3.2500,52.19,
1,Maze001,5.840,3.2500,-0.9990,3.2500,52.19,
1,Maze001,5.844,3.2500,-0.9990,3.2500,52.19,
1,Maze001,5.848,3.2500,-0.9990,3.2500,52.19,
1,Maze001,5.853,3.2500,-0.9990,3.2500,52.19,
1,Maze001,5.857,3.2500,-0.9990,3.2500,52.19,
1,Maze001,5.862,3.2500,-0.9990,3.2500,52.19,
1,Maze001,5.865,3.2500,-0.9990,3.2500,52.19,
1,Maze001,5.870,3.2500,-0.9990,3.2500,52.19,
1,Maze001,5.873,3.2500,-0.9990,3.2500,52.19,
1,Maze001,5.878,3.2500,-0.9990,3.2500,52.19,
1,Maze001,5.882,3.2500,-0.9990,3.2500,52.19,
1,Maze001,5.886,3.2500,-0.9990,3.2500,52.19,
1,Maze001,5.891,3.2500,-0.9990,3.2500,52.19,
1,Maze001,5.895,3.2500,-0.9990,3.2500,52.19,
1,Maze001,5.899,3.2500,-0.9990,3.2500,52.19,
1,Maze001,5.903,3.2500,-0.9990,3.2500,52.19,
1,Maze001,5.907,3.2500,-0.9990,3.2500,52.19,
1,Maze001,5.911,3.2500,-0.9990,3.2500,52.19,
1,Maze001,5.916,3.2500,-0.9990,3.2500,52.19,
1,Maze001,5.919,3.2500,-0.9990,3.2500,52.19,
1,Maze001,5.923,3.2500,-0.9990,3.2500,52.19,
1,Maze001,5.928,3.2500,-0.9990,3.2500,52.19,
1,Maze001,5.932,3.2500,-0.9990,3.2500,52.19,
1,Maze001,5.936,3.2500,-0.9990,3.2500,52.19,
1,Maze001,5.940,3.2500,-0.9990,3.2500,52.19,
1,Maze001,5.944,3.2500,-0.9990,3.2500,52.19,
1,Maze001,5.948,3.2500,-0.9990,3.2500,52.19,
1,Maze001,5.953,3.2500,-0.9990,3.2500,52.19,
1,Maze001,5.957,3.2500,-0.9990,3.2500,52.19,
1,Maze001,5.962,3.2500,-0.9990,3.2500,52.19,
1,Maze001,5.965,3.2500,-0.9990,3.2500,52.19,
1,Maze001,5.969,3.2500,-0.9990,3.2500,52.19,
1,Maze001,5.973,3.2500,-0.9990,3.2500,52.19,
1,Maze001,5.978,3.2500,-0.9990,3.2500,52.19,
1,Maze001,5.982,3.2500,-0.9990,3.2500,52.19,
1,Maze001,5.986,3.2500,-0.9990,3.2500,52.19,
1,Maze001,5.991,3.2500,-0.9990,3.2500,52.19,
1,Maze001,5.995,3.2500,-0.9990,3.2500,52.19,
1,Maze001,5.999,3.2500,-0.9990,3.2500,52.19,
1,Maze001,6.003,3.2500,-0.9990,3.2500,52.19,
1,Maze001,6.007,3.2500,-0.9990,3.2500,52.19,
1,Maze001,6.011,3.2500,-0.9990,3.2500,52.19,
1,Maze001,6.015,3.2500,-0.9990,3.2500,52.19,
1,Maze001,6.019,3.2500,-0.9990,3.2500,52.19,
1,Maze001,6.024,3.2500,-0.9990,3.2500,52.19,
1,Maze001,6.028,3.2500,-0.9990,3.2500,52.19,
1,Maze001,6.032,3.2500,-0.9990,3.2500,52.19,
1,Maze001,6.036,3.2500,-0.9990,3.2500,52.19,
1,Maze001,6.041,3.2500,-0.9990,3.2500,52.19,
1,Maze001,6.049,3.2500,-0.9990,3.2500,52.19,
1,Maze001,6.053,3.2500,-0.9990,3.2500,52.19,
1,Maze001,6.058,3.2500,-0.9990,3.2500,52.19,
1,Maze001,6.061,3.2500,-0.9990,3.2500,52.19,
1,Maze001,6.065,3.2500,-0.9990,3.2500,52.19,
1,Maze001,6.070,3.2500,-0.9990,3.2500,52.19,
1,Maze001,6.074,3.2500,-0.9990,3.2500,52.19,
1,Maze001,6.078,3.2500,-0.9990,3.2500,52.19,
1,Maze001,6.082,3.2500,-0.9990,3.2500,52.19,
1,Maze001,6.086,3.2500,-0.9990,3.2500,52.19,
1,Maze001,6.091,3.2500,-0.9990,3.2500,52.19,
1,Maze001,6.095,3.2500,-0.9990,3.2500,52.19,
1,Maze001,6.099,3.2500,-0.9990,3.2500,52.19,
1,Maze001,6.103,3.2500,-0.9990,3.2500,52.19,
1,Maze001,6.107,3.2500,-0.9990,3.2500,52.19,
1,Maze001,6.111,3.2500,-0.9990,3.2500,52.19,
1,Maze001,6.115,3.2500,-0.9990,3.2500,52.19,
1,Maze001,6.120,3.2500,-0.9990,3.2500,52.19,
1,Maze001,6.125,3.2500,-0.9990,3.2500,52.19,
1,Maze001,6.128,3.2500,-0.9990,3.2500,52.19,
1,Maze001,6.132,3.2500,-0.9990,3.2500,52.19,
1,Maze001,6.136,3.2500,-0.9990,3.2500,52.19,
1,Maze001,6.140,3.2500,-0.9990,3.2500,52.19,
1,Maze001,6.144,3.2500,-0.9990,3.2500,52.19,
1,Maze001,6.149,3.2500,-0.9990,3.2500,52.19,
1,Maze001,6.153,3.2500,-0.9990,3.2500,52.19,
1,Maze001,6.158,3.2500,-0.9990,3.2500,52.19,
1,Maze001,6.161,3.2500,-0.9990,3.2500,52.19,
1,Maze001,6.165,3.2500,-0.9990,3.2500,52.19,
1,Maze001,6.169,3.2500,-0.9990,3.2500,52.19,
1,Maze001,6.173,3.2500,-0.9990,3.2500,52.19,
1,Maze001,6.178,3.2500,-0.9990,3.2500,52.19,
1,Maze001,6.182,3.2500,-0.9990,3.2500,52.19,
1,Maze001,6.186,3.2500,-0.9990,3.2500,52.19,
1,Maze001,6.192,3.2500,-0.9990,3.2500,52.19,
1,Maze001,6.195,3.2500,-0.9990,3.2500,52.19,
1,Maze001,6.199,3.2500,-0.9990,3.2500,52.19,
1,Maze001,6.203,3.2500,-0.9990,3.2500,52.19,
1,Maze001,6.207,3.2500,-0.9990,3.2500,52.19,
1,Maze001,6.211,3.2500,-0.9990,3.2500,52.19,
1,Maze001,6.215,3.2500,-0.9990,3.2500,52.19,
1,Maze001,6.219,3.2500,-0.9990,3.2500,52.19,
1,Maze001,6.225,3.2500,-0.9990,3.2500,52.19,
1,Maze001,6.232,3.2500,-0.9990,3.2500,52.19,
1,Maze001,6.236,3.2500,-0.9990,3.2500,52.19,
1,Maze001,6.241,3.2500,-0.9990,3.2500,52.19,
1,Maze001,6.244,3.2500,-0.9990,3.2500,52.19,
1,Maze001,6.249,3.2500,-0.9990,3.2500,52.19,
1,Maze001,6.253,3.2500,-0.9990,3.2500,52.19,
1,Maze001,6.257,3.2500,-0.9990,3.2500,52.19,
1,Maze001,6.261,3.2500,-0.9990,3.2500,52.19,
1,Maze001,6.265,3.2500,-0.9990,3.2500,52.19,
1,Maze001,6.269,3.2500,-0.9990,3.2500,52.19,
1,Maze001,6.274,3.2500,-0.9990,3.2500,52.19,
1,Maze001,6.278,3.2500,-0.9990,3.2500,52.19,
1,Maze001,6.282,3.2500,-0.9990,3.2500,52.19,
1,Maze001,6.286,3.2500,-0.9990,3.2500,52.19,
1,Maze001,6.291,3.2500,-0.9990,3.2500,52.19,
1,Maze001,6.295,3.2500,-0.9990,3.2500,52.19,
1,Maze001,6.299,3.2500,-0.9990,3.2500,52.19,
1,Maze001,6.303,3.2500,-0.9990,3.2500,52.19,
1,Maze001,6.307,3.2500,-0.9990,3.2500,52.19,
1,Maze001,6.311,3.2500,-0.9990,3.2500,52.19,
1,Maze001,6.315,3.2500,-0.9990,3.2500,52.19,
1,Maze001,6.319,3.2500,-0.9990,3.2500,52.19,
1,Maze001,6.323,3.2500,-0.9990,3.2500,52.19,
1,Maze001,6.329,3.2500,-0.9990,3.2500,52.19,
1,Maze001,6.333,3.2500,-0.9990,3.2500,52.19,
1,Maze001,6.340,3.2500,-0.9990,3.2500,52.19,
1,Maze001,6.345,3.2500,-0.9990,3.2500,52.19,
1,Maze001,6.349,3.2500,-0.9990,3.2500,52.19,
1,Maze001,6.354,3.2500,-0.9990,3.2500,52.19,
1,Maze001,6.357,3.2500,-0.9990,3.2500,52.19,
1,Maze001,6.361,3.2500,-0.9990,3.2500,52.19,
1,Maze001,6.365,3.2500,-0.9990,3.2500,52.19,
1,Maze001,6.369,3.2500,-0.9990,3.2500,52.19,
1,Maze001,6.373,3.2500,-0.9990,3.2500,52.19,
1,Maze001,6.378,3.2500,-0.9990,3.2500,52.19,
1,Maze001,6.382,3.2500,-0.9990,3.2500,52.19,
1,Maze001,6.386,3.2500,-0.9990,3.2500,52.19,
1,Maze001,6.391,3.2500,-0.9990,3.2500,52.19,
1,Maze001,6.394,3.2500,-0.9990,3.2500,52.19,
1,Maze001,6.398,3.2500,-0.9990,3.2500,52.19,
1,Maze001,6.402,3.2500,-0.9990,3.2500,52.19,
1,Maze001,6.407,3.2500,-0.9990,3.2500,52.19,
1,Maze001,6.411,3.2500,-0.9990,3.2500,52.19,
1,Maze001,6.415,3.2500,-0.9990,3.2500,52.19,
1,Maze001,6.421,3.2500,-0.9990,3.2500,52.19,
1,Maze001,6.424,3.2500,-0.9990,3.2500,52.19,
1,Maze001,6.428,3.2500,-0.9990,3.2500,52.19,
1,Maze001,6.432,3.2500,-0.9990,3.2500,52.19,
1,Maze001,6.436,3.2500,-0.9990,3.2500,52.19,
1,Maze001,6.440,3.2500,-0.9990,3.2500,52.19,
1,Maze001,6.444,3.2500,-0.9990,3.2500,52.19,
1,Maze001,6.448,3.2500,-0.9990,3.2500,52.19,
1,Maze001,6.454,3.2500,-0.9990,3.2500,52.19,
1,Maze001,6.457,3.2500,-0.9990,3.2500,52.19,
1,Maze001,6.461,3.2500,-0.9990,3.2500,52.19,
1,Maze001,6.465,3.2500,-0.9990,3.2500,52.19,
1,Maze001,6.469,3.2500,-0.9990,3.2500,52.19,
1,Maze001,6.473,3.2500,-0.9990,3.2500,52.19,
1,Maze001,6.478,3.2500,-0.9990,3.2500,52.19,
1,Maze001,6.482,3.2500,-0.9990,3.2500,52.19,
1,Maze001,6.487,3.2500,-0.9990,3.2500,52.19,
1,Maze001,6.491,3.2500,-0.9990,3.2500,52.19,
1,Maze001,6.494,3.2500,-0.9990,3.2500,52.19,
1,Maze001,6.498,3.2500,-0.9990,3.2500,52.19,
1,Maze001,6.502,3.2500,-0.9990,3.2500,52.19,
1,Maze001,6.507,3.2500,-0.9990,3.2500,52.19,
1,Maze001,6.511,3.2500,-0.9990,3.2500,52.19,
1,Maze001,6.515,3.2500,-0.9990,3.2500,52.19,
1,Maze001,6.520,3.2500,-0.9990,3.2500,52.19,
1,Maze001,6.524,3.2500,-0.9990,3.2500,52.19,
1,Maze001,6.528,3.2500,-0.9990,3.2500,52.19,
1,Maze001,6.532,3.2500,-0.9990,3.2500,52.19,
1,Maze001,6.536,3.2500,-0.9990,3.2500,52.19,
1,Maze001,6.540,3.2500,-0.9990,3.2500,52.19,
1,Maze001,6.544,3.2500,-0.9990,3.2500,52.19,
1,Maze001,6.549,3.2500,-0.9990,3.2500,52.19,
1,Maze001,6.554,3.2500,-0.9990,3.2500,52.19,
1,Maze001,6.557,3.2500,-0.9990,3.2500,52.19,
1,Maze001,6.561,3.2500,-0.9990,3.2500,52.19,
1,Maze001,6.565,3.2500,-0.9990,3.2500,52.19,
1,Maze001,6.570,3.2500,-0.9990,3.2500,52.19,
1,Maze001,6.573,3.2500,-0.9990,3.2500,52.19,
1,Maze001,6.578,3.2500,-0.9990,3.2500,52.19,
1,Maze001,6.582,3.2500,-0.9990,3.2500,52.19,
1,Maze001,6.587,3.2500,-0.9990,3.2500,52.19,
1,Maze001,6.590,3.2500,-0.9990,3.2500,52.19,
1,Maze001,6.594,3.2500,-0.9990,3.2500,52.19,
1,Maze001,6.598,3.2500,-0.9990,3.2500,52.19,
1,Maze001,6.602,3.2500,-0.9990,3.2500,52.19,
1,Maze001,6.607,3.2500,-0.9990,3.2500,52.19,
1,Maze001,6.611,3.2500,-0.9990,3.2500,52.19,
1,Maze001,6.615,3.2500,-0.9990,3.2500,52.19,
1,Maze001,6.620,3.2500,-0.9990,3.2500,52.19,
1,Maze001,6.623,3.2500,-0.9990,3.2500,52.19,
1,Maze001,6.628,3.2500,-0.9990,3.2500,52.19,
1,Maze001,6.632,3.2500,-0.9990,3.2500,52.19,
1,Maze001,6.636,3.2500,-0.9990,3.2500,52.19,
1,Maze001,6.640,3.2500,-0.9990,3.2500,52.19,
1,Maze001,6.644,3.2500,-0.9990,3.2500,52.19,
1,Maze001,6.649,3.2500,-0.9990,3.2500,52.19,
1,Maze001,6.654,3.2500,-0.9990,3.2500,52.19,
1,Maze001,6.658,3.2500,-0.9990,3.2500,52.19,
1,Maze001,6.661,3.2500,-0.9990,3.2500,52.19,
1,Maze001,6.666,3.2500,-0.9990,3.2500,52.19,
1,Maze001,6.670,3.2500,-0.9990,3.2500,52.19,
1,Maze001,6.673,3.2500,-0.9990,3.2500,52.19,
1,Maze001,6.678,3.2500,-0.9990,3.2500,52.19,
1,Maze001,6.683,3.2500,-0.9990,3.2500,52.19,
1,Maze001,6.687,3.2500,-0.9990,3.2500,52.19,
1,Maze001,6.690,3.2500,-0.9990,3.2500,52.19,
1,Maze001,6.694,3.2500,-0.9990,3.2500,52.19,
1,Maze001,6.698,3.2500,-0.9990,3.2500,52.19,
1,Maze001,6.703,3.2500,-0.9990,3.2500,52.19,
1,Maze001,6.707,3.2500,-0.9990,3.2500,52.19,
1,Maze001,6.711,3.2500,-0.9990,3.2500,52.19,
1,Maze001,6.716,3.2500,-0.9990,3.2500,52.19,
1,Maze001,6.720,3.2500,-0.9990,3.2500,52.19,
1,Maze001,6.724,3.2500,-0.9990,3.2500,52.19,
1,Maze001,6.727,3.2500,-0.9990,3.2500,52.19,
1,Maze001,6.732,3.2500,-0.9990,3.2500,52.19,
1,Maze001,6.736,3.2500,-0.9990,3.2500,52.19,
1,Maze001,6.740,3.2500,-0.9990,3.2500,52.19,
1,Maze001,6.744,3.2500,-0.9990,3.2500,52.19,
1,Maze001,6.750,3.2500,-0.9990,3.2500,52.19,
1,Maze001,6.753,3.2500,-0.9990,3.2500,52.19,
1,Maze001,6.757,3.2500,-0.9990,3.2500,52.19,
1,Maze001,6.762,3.2500,-0.9990,3.2500,52.19,
1,Maze001,6.766,3.2500,-0.9990,3.2500,52.19,
1,Maze001,6.769,3.2500,-0.9990,3.2500,52.19,
1,Maze001,6.774,3.2500,-0.9990,3.2500,52.19,
1,Maze001,6.778,3.2500,-0.9990,3.2500,52.19,
1,Maze001,6.783,3.2500,-0.9990,3.2500,52.19,
1,Maze001,6.786,3.2500,-0.9990,3.2500,52.19,
1,Maze001,6.790,3.2500,-0.9990,3.2500,52.19,
1,Maze001,6.794,3.2500,-0.9990,3.2500,52.19,
1,Maze001,6.799,3.2500,-0.9990,3.2500,52.19,
1,Maze001,6.803,3.2500,-0.9990,3.2500,52.19,
1,Maze001,6.807,3.2500,-0.9990,3.2500,52.19,
1,Maze001,6.811,3.2500,-0.9990,3.2500,52.19,
1,Maze001,6.816,3.2500,-0.9990,3.2500,52.19,
1,Maze001,6.820,3.2500,-0.9990,3.2500,52.19,
1,Maze001,6.824,3.2500,-0.9990,3.2500,52.19,
1,Maze001,6.828,3.2500,-0.9990,3.2500,52.19,
1,Maze001,6.832,3.2500,-0.9990,3.2500,52.19,
1,Maze001,6.836,3.2500,-0.9990,3.2500,52.19,
1,Maze001,6.840,3.2500,-0.9990,3.2500,52.19,
1,Maze001,6.844,3.2500,-0.9990,3.2500,52.19,
1,Maze001,6.850,3.2500,-0.9990,3.2500,52.19,
1,Maze001,6.853,3.2500,-0.9990,3.2500,52.19,
1,Maze001,6.857,3.2500,-0.9990,3.2500,52.19,
1,Maze001,6.861,3.2500,-0.9990,3.2500,52.19,
1,Maze001,6.865,3.2500,-0.9990,3.2500,52.19,
1,Maze001,6.869,3.2500,-0.9990,3.2500,52.19,
1,Maze001,6.873,3.2500,-0.9990,3.2500,52.19,
1,Maze001,6.878,3.2500,-0.9990,3.2500,52.19,
1,Maze001,6.883,3.2500,-0.9990,3.2500,52.19,
1,Maze001,6.886,3.2500,-0.9990,3.2500,52.19,
1,Maze001,6.890,3.2500,-0.9990,3.2500,52.19,
1,Maze001,6.894,3.2500,-0.9990,3.2500,52.19,
1,Maze001,6.899,3.2500,-0.9990,3.2500,52.19,
1,Maze001,6.903,3.2500,-0.9990,3.2500,52.19,
1,Maze001,6.907,3.2500,-0.9990,3.2500,52.19,
1,Maze001,6.911,3.2500,-0.9990,3.2500,52.19,
1,Maze001,6.916,3.2500,-0.9990,3.2500,52.19,
1,Maze001,6.919,3.2500,-0.9990,3.2500,52.19,
1,Maze001,6.923,3.2500,-0.9990,3.2500,52.19,
1,Maze001,6.928,3.2500,-0.9990,3.2500,52.19,
1,Maze001,6.932,3.2500,-0.9990,3.2500,52.19,
1,Maze001,6.936,3.2500,-0.9990,3.2500,52.19,
1,Maze001,6.940,3.2500,-0.9990,3.2500,52.19,
1,Maze001,6.944,3.2500,-0.9990,3.2500,52.19,
1,Maze001,6.949,3.2500,-0.9990,3.2500,52.19,
1,Maze001,6.953,3.2500,-0.9990,3.2500,52.19,
1,Maze001,6.957,3.2500,-0.9990,3.2500,52.19,
1,Maze001,6.961,3.2500,-0.9990,3.2500,52.19,
1,Maze001,6.965,3.2500,-0.9990,3.2500,52.19,
1,Maze001,6.970,3.2500,-0.9990,3.2500,52.19,
1,Maze001,6.974,3.2500,-0.9990,3.2500,52.19,
1,Maze001,6.978,3.2500,-0.9990,3.2500,52.19,
1,Maze001,6.982,3.2500,-0.9990,3.2500,52.19,
1,Maze001,6.986,3.2500,-0.9990,3.2500,52.19,
1,Maze001,6.992,3.2500,-0.9990,3.2500,52.19,
1,Maze001,6.996,3.2500,-0.9990,3.2500,52.19,
1,Maze001,7.003,3.2500,-0.9990,3.2500,52.19,
1,Maze001,7.007,3.2500,-0.9990,3.2500,52.19,
1,Maze001,7.011,3.2500,-0.9990,3.2500,52.19,
1,Maze001,7.016,3.2500,-0.9990,3.2500,52.19,
1,Maze001,7.021,3.2500,-0.9990,3.2500,52.19,
1,Maze001,7.025,3.2500,-0.9990,3.2500,52.19,
1,Maze001,7.028,3.2500,-0.9990,3.2500,52.19,
1,Maze001,7.032,3.2500,-0.9990,3.2500,52.19,
1,Maze001,7.036,3.2500,-0.9990,3.2500,52.19,
1,Maze001,7.040,3.2500,-0.9990,3.2500,52.19,
1,Maze001,7.046,3.2500,-0.9990,3.2500,52.19,
1,Maze001,7.049,3.2500,-0.9990,3.2500,52.19,
1,Maze001,7.053,3.2500,-0.9990,3.2500,52.19,
1,Maze001,7.057,3.2500,-0.9990,3.2500,52.19,
1,Maze001,7.061,3.2500,-0.9990,3.2500,52.19,
1,Maze001,7.065,3.2500,-0.9990,3.2500,52.19,
1,Maze001,7.069,3.2500,-0.9990,3.2500,52.19,
1,Maze001,7.073,3.2500,-0.9990,3.2500,52.19,
1,Maze001,7.079,3.2500,-0.9990,3.2500,52.19,
1,Maze001,7.082,3.2500,-0.9990,3.2500,52.19,
1,Maze001,7.086,3.2500,-0.9990,3.2500,52.19,
1,Maze001,7.090,3.2500,-0.9990,3.2500,52.19,
1,Maze001,7.094,3.2500,-0.9990,3.2500,52.19,
1,Maze001,7.099,3.2500,-0.9990,3.2500,52.19,
1,Maze001,7.103,3.2500,-0.9990,3.2500,52.19,
1,Maze001,7.107,3.2500,-0.9990,3.2500,52.19,
1,Maze001,7.113,3.2500,-0.9990,3.2500,52.19,
1,Maze001,7.116,3.2500,-0.9990,3.2500,52.19,
1,Maze001,7.123,3.2500,-0.9990,3.2500,52.19,
1,Maze001,7.127,3.2500,-0.9990,3.2500,52.19,
1,Maze001,7.132,3.2500,-0.9990,3.2500,52.19,
1,Maze001,7.136,3.2500,-0.9990,3.2500,52.19,
1,Maze001,7.140,3.2500,-0.9990,3.2500,52.19,
1,Maze001,7.144,3.2500,-0.9990,3.2500,52.19,
1,Maze001,7.149,3.2500,-0.9990,3.2500,52.19,
1,Maze001,7.152,3.2500,-0.9990,3.2500,52.19,
1,Maze001,7.157,3.2500,-0.9990,3.2500,52.19,
1,Maze001,7.161,3.2500,-0.9990,3.2500,52.19,
1,Maze001,7.165,3.2500,-0.9990,3.2500,52.19,
1,Maze001,7.169,3.2500,-0.9990,3.2500,52.19,
1,Maze001,7.174,3.2500,-0.9990,3.2500,52.19,
1,Maze001,7.179,3.2500,-0.9990,3.2500,52.19,
1,Maze001,7.182,3.2500,-0.9990,3.2500,52.19,
1,Maze001,7.186,3.2500,-0.9990,3.2500,52.19,
1,Maze001,7.190,3.2500,-0.9990,3.2500,52.19,
1,Maze001,7.194,3.2500,-0.9990,3.2500,52.19,
1,Maze001,7.198,3.2500,-0.9990,3.2500,52.19,
1,Maze001,7.202,3.2500,-0.9990,3.2500,52.19,
1,Maze001,7.207,3.2500,-0.9990,3.2500,52.19,
1,Maze001,7.212,3.2500,-0.9990,3.2500,52.19,
1,Maze001,7.215,3.2500,-0.9990,3.2500,52.19,
1,Maze001,7.219,3.2500,-0.9990,3.2500,52.19,
1,Maze001,7.223,3.2500,-0.9990,3.2500,52.19,
1,Maze001,7.228,3.2500,-0.9990,3.2500,52.19,
1,Maze001,7.232,3.2500,-0.9990,3.2500,52.19,
1,Maze001,7.236,3.2500,-0.9990,3.2500,52.19,
1,Maze001,7.240,3.2500,-0.9990,3.2500,52.19,
1,Maze001,7.245,3.2500,-0.9990,3.2500,52.19,
1,Maze001,7.248,3.2500,-0.9990,3.2500,52.19,
1,Maze001,7.252,3.2500,-0.9990,3.2500,52.19,
1,Maze001,7.257,3.2500,-0.9990,3.2500,52.19,
1,Maze001,7.261,3.2500,-0.9990,3.2500,52.19,
1,Maze001,7.265,3.2500,-0.9990,3.2500,52.19,
1,Maze001,7.270,3.2500,-0.9990,3.2500,52.19,
1,Maze001,7.273,3.2500,-0.9990,3.2500,52.19,
1,Maze001,7.278,3.2500,-0.9990,3.2500,52.19,
1,Maze001,7.282,3.2500,-0.9990,3.2500,52.19,
1,Maze001,7.287,3.2500,-0.9990,3.2500,52.19,
1,Maze001,7.290,3.2500,-0.9990,3.2500,52.19,
1,Maze001,7.295,3.2500,-0.9990,3.2500,52.19,
1,Maze001,7.298,3.2500,-0.9990,3.2500,52.19,
1,Maze001,7.302,3.2500,-0.9990,3.2500,52.19,
1,Maze001,7.306,3.2500,-0.9990,3.2500,52.19,
1,Maze001,7.311,3.2500,-0.9990,3.2500,52.19,
1,Maze001,7.315,3.2500,-0.9990,3.2500,52.19,
1,Maze001,7.321,3.2500,-0.9990,3.2500,52.19,
1,Maze001,7.324,3.2500,-0.9990,3.2500,52.19,
1,Maze001,7.328,3.2500,-0.9990,3.2500,52.19,
1,Maze001,7.332,3.2500,-0.9990,3.2500,52.19,
1,Maze001,7.336,3.2500,-0.9990,3.2500,52.19,
1,Maze001,7.340,3.2500,-0.9990,3.2500,52.19,
1,Maze001,7.344,3.2500,-0.9990,3.2500,52.19,
1,Maze001,7.349,3.2500,-0.9990,3.2500,52.19,
1,Maze001,7.353,3.2500,-0.9990,3.2500,52.19,
1,Maze001,7.357,3.2500,-0.9990,3.2500,52.19,
1,Maze001,7.361,3.2500,-0.9990,3.2500,52.19,
1,Maze001,7.366,3.2500,-0.9990,3.2500,52.19,
1,Maze001,7.369,3.2500,-0.9990,3.2500,52.19,
1,Maze001,7.374,3.2500,-0.9990,3.2500,52.19,
1,Maze001,7.379,3.2500,-0.9990,3.2500,52.19,
1,Maze001,7.382,3.2500,-0.9990,3.2500,52.19,
1,Maze001,7.386,3.2500,-0.9990,3.2500,52.19,
1,Maze001,7.390,3.2500,-0.9990,3.2500,52.19,
1,Maze001,7.394,3.2500,-0.9990,3.2500,52.19,
1,Maze001,7.399,3.2500,-0.9990,3.2500,52.19,
1,Maze001,7.403,3.2500,-0.9990,3.2500,52.19,
1,Maze001,7.407,3.2500,-0.9990,3.2500,52.19,
1,Maze001,7.411,3.2500,-0.9990,3.2500,52.19,
1,Maze001,7.415,3.2500,-0.9990,3.2500,52.19,
1,Maze001,7.419,3.2500,-0.9990,3.2500,52.19,
1,Maze001,7.423,3.2500,-0.9990,3.2500,52.19,
1,Maze001,7.429,3.2500,-0.9990,3.2500,52.19,
1,Maze001,7.433,3.2500,-0.9990,3.2500,52.19,
1,Maze001,7.436,3.2500,-0.9990,3.2500,52.19,
1,Maze001,7.442,3.2500,-0.9990,3.2500,52.19,
1,Maze001,7.445,3.2500,-0.9990,3.2500,52.19,
1,Maze001,7.452,3.2500,-0.9990,3.2500,52.19,
1,Maze001,7.457,3.2500,-0.9990,3.2500,52.19,
1,Maze001,7.461,3.2500,-0.9990,3.2500,52.19,
1,Maze001,7.465,3.2500,-0.9990,3.2500,52.19,
1,Maze001,7.470,3.2500,-0.9990,3.2500,52.19,
1,Maze001,7.473,3.2500,-0.9990,3.2500,52.19,
1,Maze001,7.477,3.2500,-0.9990,3.2500,52.19,
1,Maze001,7.484,3.2500,-0.9990,3.2500,52.19,
1,Maze001,7.486,3.2500,-0.9990,3.2500,52.19,
1,Maze001,7.490,3.2500,-0.9990,3.2500,52.19,
1,Maze001,7.494,3.2500,-0.9990,3.2500,52.19,
1,Maze001,7.498,3.2500,-0.9990,3.2500,52.19,
1,Maze001,7.502,3.2500,-0.9990,3.2500,52.19,
1,Maze001,7.508,3.2500,-0.9990,3.2500,52.19,
1,Maze001,7.511,3.2500,-0.9990,3.2500,52.19,
1,Maze001,7.515,3.2500,-0.9990,3.2500,52.19,
1,Maze001,7.519,3.2500,-0.9990,3.2500,52.19,
1,Maze001,7.523,3.2500,-0.9990,3.2500,52.19,
1,Maze001,7.528,3.2500,-0.9990,3.2500,52.19,
1,Maze001,7.532,3.2500,-0.9990,3.2500,52.19,
1,Maze001,7.536,3.2500,-0.9990,3.2500,52.19,
1,Maze001,7.541,3.2500,-0.9990,3.2500,52.19,
1,Maze001,7.544,3.2500,-0.9990,3.2500,52.19,
1,Maze001,7.548,3.2500,-0.9990,3.2500,52.19,
1,Maze001,7.552,3.2500,-0.9990,3.2500,52.19,
1,Maze001,7.557,3.2500,-0.9990,3.2500,52.19,
1,Maze001,7.561,3.2500,-0.9990,3.2500,52.19,
1,Maze001,7.565,3.2500,-0.9990,3.2500,52.19,
1,Maze001,7.569,3.2500,-0.9990,3.2500,52.19,
1,Maze001,7.573,3.2500,-0.9990,3.2500,52.19,
1,Maze001,7.579,3.2500,-0.9990,3.2500,52.19,
1,Maze001,7.582,3.2500,-0.9990,3.2500,52.19,
1,Maze001,7.586,3.2500,-0.9990,3.2500,52.19,
1,Maze001,7.590,3.2500,-0.9990,3.2500,52.19,
1,Maze001,7.594,3.2500,-0.9990,3.2500,52.19,
1,Maze001,7.599,3.2500,-0.9990,3.2500,52.19,
1,Maze001,7.603,3.2500,-0.9990,3.2500,52.19,
1,Maze001,7.607,3.2500,-0.9990,3.2500,52.19,
1,Maze001,7.611,3.2500,-0.9990,3.2500,52.19,
1,Maze001,7.616,3.2500,-0.9990,3.2500,52.19,
1,Maze001,7.619,3.2500,-0.9990,3.2500,52.19,
1,Maze001,7.623,3.2500,-0.9990,3.2500,52.19,
1,Maze001,7.627,3.2500,-0.9990,3.2500,52.19,
1,Maze001,7.632,3.2500,-0.9990,3.2500,52.19,
1,Maze001,7.636,3.2500,-0.9990,3.2500,52.19,
1,Maze001,7.640,3.2500,-0.9990,3.2500,52.19,
1,Maze001,7.645,3.2500,-0.9990,3.2500,52.19,
1,Maze001,7.648,3.2500,-0.9990,3.2500,52.19,
1,Maze001,7.652,3.2500,-0.9990,3.2500,52.19,
1,Maze001,7.657,3.2500,-0.9990,3.2500,52.19,
1,Maze001,7.661,3.2500,-0.9990,3.2500,52.19,
1,Maze001,7.665,3.2500,-0.9990,3.2500,52.19,
1,Maze001,7.669,3.2500,-0.9990,3.2500,52.19,
1,Maze001,7.675,3.2500,-0.9990,3.2500,52.19,
1,Maze001,7.678,3.2500,-0.9990,3.2500,52.19,
1,Maze001,7.682,3.2500,-0.9990,3.2500,52.19,
1,Maze001,7.686,3.2500,-0.9990,3.2500,52.19,
1,Maze001,7.690,3.2500,-0.9990,3.2500,52.19,
1,Maze001,7.694,3.2500,-0.9990,3.2500,52.19,
1,Maze001,7.698,3.2500,-0.9990,3.2500,52.19,
1,Maze001,7.703,3.2500,-0.9990,3.2500,52.19,
1,Maze001,7.708,3.2500,-0.9990,3.2500,52.19,
1,Maze001,7.711,3.2500,-0.9990,3.2500,52.19,
1,Maze001,7.715,3.2500,-0.9990,3.2500,52.19,
1,Maze001,7.719,3.2500,-0.9990,3.2500,52.19,
1,Maze001,7.723,3.2500,-0.9990,3.2500,52.19,
1,Maze001,7.728,3.2500,-0.9990,3.2500,52.19,
1,Maze001,7.732,3.2500,-0.9990,3.2500,52.19,
1,Maze001,7.736,3.2500,-0.9990,3.2500,52.19,
1,Maze001,7.740,3.2500,-0.9990,3.2500,52.19,
1,Maze001,7.746,3.2500,-0.9990,3.2500,52.19,
1,Maze001,7.749,3.2500,-0.9990,3.2500,52.19,
1,Maze001,7.753,3.2500,-0.9990,3.2500,52.19,
1,Maze001,7.757,3.2500,-0.9990,3.2500,52.19,
1,Maze001,7.761,3.2500,-0.9990,3.2500,52.19,
1,Maze001,7.766,3.2500,-0.9990,3.2500,52.19,
1,Maze001,7.770,3.2500,-0.9990,3.2500,52.19,
1,Maze001,7.774,3.2500,-0.9990,3.2500,52.19,
1,Maze001,7.778,3.2500,-0.9990,3.2500,52.19,
1,Maze001,7.782,3.2500,-0.9990,3.2500,52.19,
1,Maze001,7.787,3.2500,-0.9990,3.2500,52.19,
1,Maze001,7.791,3.2500,-0.9990,3.2500,52.19,
1,Maze001,7.794,3.2500,-0.9990,3.2500,52.19,
1,Maze001,7.799,3.2500,-0.9990,3.2500,52.19,
1,Maze001,7.803,3.2500,-0.9990,3.2500,52.19,
1,Maze001,7.807,3.2500,-0.9990,3.2500,52.19,
1,Maze001,7.811,3.2500,-0.9990,3.2500,52.19,
1,Maze001,7.816,3.2500,-0.9990,3.2500,52.19,
1,Maze001,7.820,3.2500,-0.9990,3.2500,52.19,
1,Maze001,7.824,3.2500,-0.9990,3.2500,52.19,
1,Maze001,7.828,3.2500,-0.9990,3.2500,52.19,
1,Maze001,7.832,3.2500,-0.9990,3.2500,52.19,
1,Maze001,7.838,3.2500,-0.9990,3.2500,52.19,
1,Maze001,7.841,3.2500,-0.9990,3.2500,52.19,
1,Maze001,7.845,3.2500,-0.9990,3.2500,52.19,
1,Maze001,7.848,3.2500,-0.9990,3.2500,52.19,
1,Maze001,7.853,3.2500,-0.9990,3.2500,52.19,
1,Maze001,7.857,3.2500,-0.9990,3.2500,52.19,
1,Maze001,7.861,3.2500,-0.9990,3.2500,52.19,
1,Maze001,7.865,3.2500,-0.9990,3.2500,52.19,
1,Maze001,7.870,3.2500,-0.9990,3.2500,52.19,
1,Maze001,7.874,3.2500,-0.9990,3.2500,52.19,
1,Maze001,7.878,3.2500,-0.9990,3.2500,52.19,
1,Maze001,7.882,3.2500,-0.9990,3.2500,52.19,
1,Maze001,7.886,3.2500,-0.9990,3.2500,52.19,
1,Maze001,7.890,3.2500,-0.9990,3.2500,52.19,
1,Maze001,7.894,3.2500,-0.9990,3.2500,52.19,
1,Maze001,7.899,3.2500,-0.9990,3.2500,52.19,
1,Maze001,7.902,3.2500,-0.9990,3.2500,52.19,
1,Maze001,7.906,3.2500,-0.9990,3.2500,52.19,
1,Maze001,7.911,3.2500,-0.9990,3.2500,52.19,
1,Maze001,7.915,3.2500,-0.9990,3.2500,52.19,
1,Maze001,7.919,3.2500,-0.9990,3.2500,52.19,
1,Maze001,7.924,3.2500,-0.9990,3.2500,52.19,
1,Maze001,7.928,3.2500,-0.9990,3.2500,52.19,
1,Maze001,7.931,3.2500,-0.9990,3.2500,52.19,
1,Maze001,7.936,3.2500,-0.9990,3.2500,52.19,
1,Maze001,7.940,3.2500,-0.9990,3.2500,52.19,
1,Maze001,7.944,3.2500,-0.9990,3.2500,52.19,
1,Maze001,7.948,3.2500,-0.9990,3.2500,52.19,
1,Maze001,7.953,3.2500,-0.9990,3.2500,52.19,
1,Maze001,7.958,3.2500,-0.9990,3.2500,52.19,
1,Maze001,7.961,3.2500,-0.9990,3.2500,52.19,
1,Maze001,7.965,3.2500,-0.9990,3.2500,52.19,
1,Maze001,7.970,3.2500,-0.9990,3.2500,52.19,
1,Maze001,7.974,3.2500,-0.9990,3.2500,52.19,
1,Maze001,7.977,3.2500,-0.9990,3.2500,52.19,
1,Maze001,7.982,3.2500,-0.9990,3.2500,52.19,
1,Maze001,7.986,3.2500,-0.9990,3.2500,52.19,
1,Maze001,7.990,3.2500,-0.9990,3.2500,52.19,
1,Maze001,7.994,3.2500,-0.9990,3.2500,52.19,
1,Maze001,7.998,3.2500,-0.9990,3.2500,52.19,
1,Maze001,8.003,3.2500,-0.9990,3.2500,52.19,
1,Maze001,8.007,3.2500,-0.9990,3.2500,52.19,
1,Maze001,8.011,3.2500,-0.9990,3.2500,52.19,
1,Maze001,8.015,3.2500,-0.9990,3.2500,52.19,
1,Maze001,8.020,3.2500,-0.9990,3.2500,52.19,
1,Maze001,8.023,3.2500,-0.9990,3.2500,52.19,
1,Maze001,8.028,3.2500,-0.9990,3.2500,52.19,
1,Maze001,8.032,3.2500,-0.9990,3.2500,52.19,
1,Maze001,8.036,3.2500,-0.9990,3.2500,52.19,
1,Maze001,8.040,3.2500,-0.9990,3.2500,52.19,
1,Maze001,8.044,3.2500,-0.9990,3.2500,52.19,
1,Maze001,8.048,3.2500,-0.9990,3.2500,52.19,
1,Maze001,8.053,3.2500,-0.9990,3.2500,52.19,
1,Maze001,8.057,3.2500,-0.9990,3.2500,52.19,
1,Maze001,8.061,3.2500,-0.9990,3.2500,52.19,
1,Maze001,8.065,3.2500,-0.9990,3.2500,52.19,
1,Maze001,8.069,3.2500,-0.9990,3.2500,52.19,
1,Maze001,8.073,3.2500,-0.9990,3.2500,52.19,
1,Maze001,8.079,3.2500,-0.9990,3.2500,52.19,
1,Maze001,8.084,3.2500,-0.9990,3.2500,52.19,
1,Maze001,8.087,3.2500,-0.9990,3.2500,52.19,
1,Maze001,8.095,3.2500,-0.9990,3.2500,52.19,
1,Maze001,8.099,3.2500,-0.9990,3.2500,52.19,
1,Maze001,8.103,3.2500,-0.9990,3.2500,52.19,
1,Maze001,8.107,3.2500,-0.9990,3.2500,52.19,
1,Maze001,8.111,3.2500,-0.9990,3.2500,52.19,
1,Maze001,8.115,3.2500,-0.9990,3.2500,52.19,
1,Maze001,8.119,3.2500,-0.9990,3.2500,52.19,
1,Maze001,8.123,3.2500,-0.9990,3.2500,52.19,
1,Maze001,8.128,3.2500,-0.9990,3.2500,52.19,
1,Maze001,8.132,3.2500,-0.9990,3.2500,52.19,
1,Maze001,8.136,3.2500,-0.9990,3.2500,52.19,
1,Maze001,8.140,3.2500,-0.9990,3.2500,52.19,
1,Maze001,8.144,3.2500,-0.9990,3.2500,52.19,
1,Maze001,8.148,3.2500,-0.9990,3.2500,52.19,
1,Maze001,8.152,3.2500,-0.9990,3.2500,52.19,
1,Maze001,8.157,3.2500,-0.9990,3.2500,52.19,
1,Maze001,8.161,3.2500,-0.9990,3.2500,52.19,
1,Maze001,8.165,3.2500,-0.9990,3.2500,52.19,
1,Maze001,8.169,3.2500,-0.9990,3.2500,52.19,
1,Maze001,8.174,3.2500,-0.9990,3.2500,52.19,
1,Maze001,8.177,3.2500,-0.9990,3.2500,52.19,
1,Maze001,8.182,3.2500,-0.9990,3.2500,52.19,
1,Maze001,8.186,3.2500,-0.9990,3.2500,52.19,
1,Maze001,8.190,3.2500,-0.9990,3.2500,52.19,
1,Maze001,8.194,3.2500,-0.9990,3.2500,52.19,
1,Maze001,8.198,3.2500,-0.9990,3.2500,52.19,
1,Maze001,8.203,3.2500,-0.9990,3.2500,52.19,
1,Maze001,8.207,3.2500,-0.9990,3.2500,52.19,
1,Maze001,8.211,3.2500,-0.9990,3.2500,52.19,
1,Maze001,8.215,3.2500,-0.9990,3.2500,52.19,
1,Maze001,8.221,3.2500,-0.9990,3.2500,52.19,
1,Maze001,8.224,3.2500,-0.9990,3.2500,52.19,
1,Maze001,8.228,3.2500,-0.9990,3.2500,52.19,
1,Maze001,8.232,3.2500,-0.9990,3.2500,52.19,
1,Maze001,8.236,3.2500,-0.9990,3.2500,52.19,
1,Maze001,8.240,3.2500,-0.9990,3.2500,52.19,
1,Maze001,8.244,3.2500,-0.9990,3.2500,52.19,
1,Maze001,8.248,3.2500,-0.9990,3.2500,52.19,
1,Maze001,8.253,3.2500,-0.9990,3.2500,52.19,
1,Maze001,8.256,3.2500,-0.9990,3.2500,52.19,
1,Maze001,8.261,3.2500,-0.9990,3.2500,52.19,
1,Maze001,8.265,3.2500,-0.9990,3.2500,52.19,
1,Maze001,8.269,3.2500,-0.9990,3.2500,52.19,
1,Maze001,8.273,3.2500,-0.9990,3.2500,52.19,
1,Maze001,8.278,3.2500,-0.9990,3.2500,52.19,
1,Maze001,8.282,3.2500,-0.9990,3.2500,52.19,
1,Maze001,8.288,3.2500,-0.9990,3.2500,52.19,
1,Maze001,8.291,3.2500,-0.9990,3.2500,52.19,
1,Maze001,8.294,3.2500,-0.9990,3.2500,52.19,
1,Maze001,8.298,3.2500,-0.9990,3.2500,52.19,
1,Maze001,8.303,3.2500,-0.9990,3.2500,52.19,
1,Maze001,8.307,3.2500,-0.9990,3.2500,52.19,
1,Maze001,8.311,3.2500,-0.9990,3.2500,52.19,
1,Maze001,8.315,3.2500,-0.9990,3.2500,52.19,
1,Maze001,8.319,3.2500,-0.9990,3.2500,52.19,
1,Maze001,8.323,3.2500,-0.9990,3.2500,52.19,
1,Maze001,8.327,3.2500,-0.9990,3.2500,52.19,
1,Maze001,8.332,3.2500,-0.9990,3.2500,52.19,
1,Maze001,8.337,3.2500,-0.9990,3.2500,52.19,
1,Maze001,8.340,3.2500,-0.9990,3.2500,52.19,
1,Maze001,8.345,3.2500,-0.9990,3.2500,52.19,
1,Maze001,8.348,3.2500,-0.9990,3.2500,52.19,
1,Maze001,8.353,3.2500,-0.9990,3.2500,52.19,
1,Maze001,8.357,3.2500,-0.9990,3.2500,52.19,
1,Maze001,8.361,3.2500,-0.9990,3.2500,52.19,
1,Maze001,8.365,3.2500,-0.9990,3.2500,52.19,
1,Maze001,8.370,3.2500,-0.9990,3.2500,52.19,
1,Maze001,8.373,3.2500,-0.9990,3.2500,52.19,
1,Maze001,8.377,3.2500,-0.9990,3.2500,52.19,
1,Maze001,8.382,3.2500,-0.9990,3.2500,52.19,
1,Maze001,8.386,3.2500,-0.9990,3.2500,52.19,
1,Maze001,8.390,3.2500,-0.9990,3.2500,52.19,
1,Maze001,8.394,3.2500,-0.9990,3.2500,52.19,
1,Maze001,8.399,3.2500,-0.9990,3.2500,52.19,
1,Maze001,8.402,3.2500,-0.9990,3.2500,52.19,
1,Maze001,8.407,3.2500,-0.9990,3.2500,52.19,
1,Maze001,8.411,3.2500,-0.9990,3.2500,52.19,
1,Maze001,8.415,3.2500,-0.9990,3.2500,52.19,
1,Maze001,8.419,3.2500,-0.9990,3.2500,52.19,
1,Maze001,8.423,3.2500,-0.9990,3.2500,52.19,
1,Maze001,8.428,3.2500,-0.9990,3.2500,52.19,
1,Maze001,8.432,3.2500,-0.9990,3.2500,52.19,
1,Maze001,8.436,3.2500,-0.9990,3.2500,52.19,
1,Maze001,8.441,3.2500,-0.9990,3.2500,52.19,
1,Maze001,8.444,3.2500,-0.9990,3.2500,52.19,
1,Maze001,8.448,3.2500,-0.9990,3.2500,52.19,
1,Maze001,8.452,3.2500,-0.9990,3.2500,52.19,
1,Maze001,8.456,3.2500,-0.9990,3.2500,52.19,
1,Maze001,8.461,3.2500,-0.9990,3.2500,52.19,
1,Maze001,8.465,3.2500,-0.9990,3.2500,52.19,
1,Maze001,8.469,3.2500,-0.9990,3.2500,52.19,
1,Maze001,8.473,3.2500,-0.9990,3.2500,52.19,
1,Maze001,8.477,3.2500,-0.9990,3.2500,52.19,
1,Maze001,8.482,3.2500,-0.9990,3.2500,52.19,
1,Maze001,8.486,3.2500,-0.9990,3.2500,52.19,
1,Maze001,8.490,3.2500,-0.9990,3.2500,52.19,
1,Maze001,8.494,3.2500,-0.9990,3.2500,52.19,
1,Maze001,8.498,3.2500,-0.9990,3.2500,52.19,
1,Maze001,8.502,3.2500,-0.9990,3.2500,52.19,
1,Maze001,8.506,3.2500,-0.9990,3.2500,52.19,
1,Maze001,8.511,3.2500,-0.9990,3.2500,52.19,
1,Maze001,8.515,3.2500,-0.9990,3.2500,52.19,
1,Maze001,8.520,3.2500,-0.9990,3.2500,52.19,
1,Maze001,8.523,3.2500,-0.9990,3.2500,52.19,
1,Maze001,8.528,3.2500,-0.9990,3.2500,52.19,
1,Maze001,8.533,3.2500,-0.9990,3.2500,52.19,
1,Maze001,8.536,3.2500,-0.9990,3.2500,52.19,
1,Maze001,8.540,3.2500,-0.9990,3.2500,52.19,
1,Maze001,8.544,3.2500,-0.9990,3.2500,52.19,
1,Maze001,8.548,3.2500,-0.9990,3.2500,52.19,
1,Maze001,8.552,3.2500,-0.9990,3.2500,52.19,
1,Maze001,8.557,3.2500,-0.9990,3.2500,52.19,
1,Maze001,8.561,3.2500,-0.9990,3.2500,52.19,
1,Maze001,8.565,3.2500,-0.9990,3.2500,52.19,
1,Maze001,8.569,3.2500,-0.9990,3.2500,52.19,
1,Maze001,8.573,3.2500,-0.9990,3.2500,52.19,
1,Maze001,8.577,3.2500,-0.9990,3.2500,52.19,
1,Maze001,8.581,3.2500,-0.9990,3.2500,52.19,
1,Maze001,8.586,3.2500,-0.9990,3.2500,52.19,
1,Maze001,8.590,3.2500,-0.9990,3.2500,52.19,
1,Maze001,8.594,3.2500,-0.9990,3.2500,52.19,
1,Maze001,8.598,3.2500,-0.9990,3.2500,52.19,
1,Maze001,8.602,3.2500,-0.9990,3.2500,52.19,
1,Maze001,8.607,3.2500,-0.9990,3.2500,52.19,
1,Maze001,8.611,3.2500,-0.9990,3.2500,52.19,
1,Maze001,8.615,3.2500,-0.9990,3.2500,52.19,
1,Maze001,8.619,3.2500,-0.9990,3.2500,52.19,
1,Maze001,8.625,3.2500,-0.9990,3.2500,52.19,
1,Maze001,8.628,3.2500,-0.9990,3.2500,52.19,
1,Maze001,8.632,3.2500,-0.9990,3.2500,52.19,
1,Maze001,8.636,3.2500,-0.9990,3.2500,52.19,
1,Maze001,8.641,3.2500,-0.9990,3.2500,52.19,
1,Maze001,8.644,3.2500,-0.9990,3.2500,52.19,
1,Maze001,8.648,3.2500,-0.9990,3.2500,52.19,
1,Maze001,8.653,3.2500,-0.9990,3.2500,52.19,
1,Maze001,8.656,3.2500,-0.9990,3.2500,52.19,
1,Maze001,8.661,3.2500,-0.9990,3.2500,52.19,
1,Maze001,8.665,3.2500,-0.9990,3.2500,52.19,
1,Maze001,8.669,3.2500,-0.9990,3.2500,52.19,
1,Maze001,8.674,3.2500,-0.9990,3.2500,52.19,
1,Maze001,8.677,3.2500,-0.9990,3.2500,52.19,
1,Maze001,8.681,3.2500,-0.9990,3.2500,52.19,
1,Maze001,8.686,3.2500,-0.9990,3.2500,52.19,
1,Maze001,8.690,3.2500,-0.9990,3.2500,52.19,
1,Maze001,8.694,3.2500,-0.9990,3.2500,52.19,
1,Maze001,8.698,3.2500,-0.9990,3.2500,52.19,
1,Maze001,8.702,3.2500,-0.9990,3.2500,52.19,
1,Maze001,8.707,3.2500,-0.9990,3.2500,52.19,
1,Maze001,8.711,3.2500,-0.9990,3.2500,52.19,
1,Maze001,8.715,3.2500,-0.9990,3.2500,52.19,
1,Maze001,8.719,3.2500,-0.9990,3.2500,52.19,
1,Maze001,8.723,3.2500,-0.9990,3.2500,52.19,
1,Maze001,8.727,3.2500,-0.9990,3.2500,52.19,
1,Maze001,8.732,3.2500,-0.9990,3.2500,52.19,
1,Maze001,8.737,3.2500,-0.9990,3.2500,52.19,
1,Maze001,8.740,3.2500,-0.9990,3.2500,52.19,
1,Maze001,8.744,3.2500,-0.9990,3.2500,52.19,
1,Maze001,8.748,3.2500,-0.9990,3.2500,52.19,
1,Maze001,8.752,3.2500,-0.9990,3.2500,52.19,
1,Maze001,8.757,3.2500,-0.9990,3.2500,52.19,
1,Maze001,8.762,3.2500,-0.9990,3.2500,52.19,
1,Maze001,8.765,3.2500,-0.9990,3.2500,52.19,
1,Maze001,8.769,3.2500,-0.9990,3.2500,52.19,
1,Maze001,8.773,3.2500,-0.9990,3.2500,52.19,
1,Maze001,8.777,3.2500,-0.9990,3.2500,52.19,
1,Maze001,8.781,3.2500,-0.9990,3.2500,52.19,
1,Maze001,8.785,3.2500,-0.9990,3.2500,52.19,
1,Maze001,8.790,3.2500,-0.9990,3.2500,52.19,
1,Maze001,8.795,3.2500,-0.9990,3.2500,52.19,
1,Maze001,8.799,3.2500,-0.9990,3.2500,52.19,
1,Maze001,8.803,3.2500,-0.9990,3.2500,52.19,
1,Maze001,8.807,3.2500,-0.9990,3.2500,52.19,
1,Maze001,8.811,3.2500,-0.9990,3.2500,52.19,
1,Maze001,8.815,3.2500,-0.9990,3.2500,52.19,
1,Maze001,8.819,3.2500,-0.9990,3.2500,52.19,
1,Maze001,8.823,3.2500,-0.9990,3.2500,52.19,
1,Maze001,8.829,3.2500,-0.9990,3.2500,52.19,
1,Maze001,8.832,3.2500,-0.9990,3.2500,52.19,
1,Maze001,8.836,3.2500,-0.9990,3.2500,52.19,
1,Maze001,8.840,3.2500,-0.9990,3.2500,52.19,
1,Maze001,8.844,3.2500,-0.9990,3.2500,52.19,
1,Maze001,8.848,3.2500,-0.9990,3.2500,52.19,
1,Maze001,8.853,3.2500,-0.9990,3.2500,52.19,
1,Maze001,8.858,3.2500,-0.9990,3.2500,52.19,
1,Maze001,8.861,3.2500,-0.9990,3.2500,52.19,
1,Maze001,8.865,3.2500,-0.9990,3.2500,52.19,
1,Maze001,8.869,3.2500,-0.9990,3.2500,52.19,
1,Maze001,8.874,3.2500,-0.9990,3.2500,52.19,
1,Maze001,8.877,3.2500,-0.9990,3.2500,52.19,
1,Maze001,8.882,3.2500,-0.9990,3.2500,52.19,
1,Maze001,8.886,3.2500,-0.9990,3.2500,52.19,
1,Maze001,8.891,3.2500,-0.9990,3.2500,52.19,
1,Maze001,8.894,3.2500,-0.9990,3.2500,52.19,
1,Maze001,8.898,3.2500,-0.9990,3.2500,52.19,
1,Maze001,8.902,3.2500,-0.9990,3.2500,52.19,
1,Maze001,8.907,3.2500,-0.9990,3.2500,52.19,
1,Maze001,8.911,3.2500,-0.9990,3.2500,52.19,
1,Maze001,8.915,3.2500,-0.9990,3.2500,52.19,
1,Maze001,8.919,3.2500,-0.9990,3.2500,52.19,
1,Maze001,8.923,3.2500,-0.9990,3.2500,52.19,
1,Maze001,8.929,3.2500,-0.9990,3.2500,52.19,
1,Maze001,8.932,3.2500,-0.9990,3.2500,52.19,
1,Maze001,8.936,3.2500,-0.9990,3.2500,52.19,
1,Maze001,8.940,3.2500,-0.9990,3.2500,52.19,
1,Maze001,8.944,3.2500,-0.9990,3.2500,52.19,
1,Maze001,8.948,3.2500,-0.9990,3.2500,52.19,
1,Maze001,8.953,3.2500,-0.9990,3.2500,52.19,
1,Maze001,8.958,3.2500,-0.9990,3.2500,52.19,
1,Maze001,8.961,3.2500,-0.9990,3.2500,52.19,
1,Maze001,8.965,3.2500,-0.9990,3.2500,52.19,
1,Maze001,8.969,3.2500,-0.9990,3.2500,52.19,
1,Maze001,8.973,3.2500,-0.9990,3.2500,52.19,
1,Maze001,8.977,3.2500,-0.9990,3.2500,52.19,
1,Maze001,8.982,3.2500,-0.9990,3.2500,52.19,
1,Maze001,8.986,3.2500,-0.9990,3.2500,52.19,
1,Maze001,8.990,3.2500,-0.9990,3.2500,52.19,
1,Maze001,8.994,3.2500,-0.9990,3.2500,52.19,
1,Maze001,8.998,3.2500,-0.9990,3.2500,52.19,
1,Maze001,9.002,3.2500,-0.9990,3.2500,52.19,
1,Maze001,9.006,3.2500,-0.9990,3.2500,52.19,
1,Maze001,9.011,3.2500,-0.9990,3.2500,52.19,
1,Maze001,9.016,3.2500,-0.9990,3.2500,52.19,
1,Maze001,9.019,3.2500,-0.9990,3.2500,52.19,
1,Maze001,9.024,3.2500,-0.9990,3.2500,52.19,
1,Maze001,9.027,3.2500,-0.9990,3.2500,52.19,
1,Maze001,9.032,3.2500,-0.9990,3.2500,52.19,
1,Maze001,9.036,3.2500,-0.9990,3.2500,52.19,
1,Maze001,9.040,3.2500,-0.9990,3.2500,52.19,
1,Maze001,9.044,3.2500,-0.9990,3.2500,52.19,
1,Maze001,9.048,3.2500,-0.9990,3.2500,52.19,
1,Maze001,9.052,3.2500,-0.9990,3.2500,52.19,
1,Maze001,9.057,3.2500,-0.9990,3.2500,52.19,
1,Maze001,9.062,3.2500,-0.9990,3.2500,52.19,
1,Maze001,9.065,3.2500,-0.9990,3.2500,52.19,
1,Maze001,9.069,3.2500,-0.9990,3.2500,52.19,
1,Maze001,9.074,3.2500,-0.9990,3.2500,52.19,
1,Maze001,9.077,3.2500,-0.9990,3.2500,52.19,
1,Maze001,9.082,3.2500,-0.9990,3.2500,52.19,
1,Maze001,9.086,3.2500,-0.9990,3.2500,52.19,
1,Maze001,9.090,3.2500,-0.9990,3.2500,52.19,
1,Maze001,9.094,3.2500,-0.9990,3.2500,52.19,
1,Maze001,9.098,3.2500,-0.9990,3.2500,52.19,
1,Maze001,9.103,3.2500,-0.9990,3.2500,52.19,
1,Maze001,9.107,3.2500,-0.9990,3.2500,52.19,
1,Maze001,9.111,3.2500,-0.9990,3.2500,52.19,
1,Maze001,9.115,3.2500,-0.9990,3.2500,52.19,
1,Maze001,9.120,3.2500,-0.9990,3.2500,52.19,
1,Maze001,9.123,3.2500,-0.9990,3.2500,52.19,
1,Maze001,9.128,3.2500,-0.9990,3.2500,52.19,
1,Maze001,9.131,3.2500,-0.9990,3.2500,52.19,
1,Maze001,9.136,3.2500,-0.9990,3.2500,52.19,
1,Maze001,9.140,3.2500,-0.9990,3.2500,52.19,
1,Maze001,9.144,3.2500,-0.9990,3.2500,52.19,
1,Maze001,9.149,3.2500,-0.9990,3.2500,52.19,
1,Maze001,9.154,3.2500,-0.9990,3.2500,52.19,
1,Maze001,9.158,3.2500,-0.9990,3.2500,52.19,
1,Maze001,9.164,3.2500,-0.9990,3.2500,52.19,
1,Maze001,9.169,3.2500,-0.9990,3.2500,52.19,
1,Maze001,9.173,3.2500,-0.9990,3.2500,52.19,
1,Maze001,9.177,3.2500,-0.9990,3.2500,52.19,
1,Maze001,9.182,3.2500,-0.9990,3.2500,52.19,
1,Maze001,9.187,3.2500,-0.9990,3.2500,52.19,
1,Maze001,9.191,3.2500,-0.9990,3.2500,52.19,
1,Maze001,9.194,3.2500,-0.9990,3.2500,52.19,
1,Maze001,9.198,3.2500,-0.9990,3.2500,52.19,
1,Maze001,9.202,3.2500,-0.9990,3.2500,52.19,
1,Maze001,9.206,3.2500,-0.9990,3.2500,52.19,
1,Maze001,9.210,3.2500,-0.9990,3.2500,52.19,
1,Maze001,9.215,3.2500,-0.9990,3.2500,52.19,
1,Maze001,9.220,3.2500,-0.9990,3.2500,52.19,
1,Maze001,9.223,3.2500,-0.9990,3.2500,52.19,
1,Maze001,9.227,3.2500,-0.9990,3.2500,52.19,
1,Maze001,9.232,3.2500,-0.9990,3.2500,52.19,
1,Maze001,9.236,3.2500,-0.9990,3.2500,52.19,
1,Maze001,9.240,3.2500,-0.9990,3.2500,52.19,
1,Maze001,9.244,3.2500,-0.9990,3.2500,52.19,
1,Maze001,9.248,3.2500,-0.9990,3.2500,52.19,
1,Maze001,9.253,3.2500,-0.9990,3.2500,52.19,
1,Maze001,9.256,3.2500,-0.9990,3.2500,52.19,
1,Maze001,9.261,3.2500,-0.9990,3.2500,52.19,
1,Maze001,9.265,3.2500,-0.9990,3.2500,52.19,
1,Maze001,9.269,3.2500,-0.9990,3.2500,52.19,
1,Maze001,9.273,3.2500,-0.9990,3.2500,52.19,
1,Maze001,9.277,3.2500,-0.9990,3.2500,52.19,
1,Maze001,9.282,3.2500,-0.9990,3.2500,52.19,
1,Maze001,9.287,3.2500,-0.9990,3.2500,52.19,
1,Maze001,9.290,3.2500,-0.9990,3.2500,52.19,
1,Maze001,9.294,3.2500,-0.9990,3.2500,52.19,
1,Maze001,9.298,3.2500,-0.9990,3.2500,52.19,
1,Maze001,9.302,3.2500,-0.9990,3.2500,52.19,
1,Maze001,9.307,3.2500,-0.9990,3.2500,52.19,
1,Maze001,9.311,3.2500,-0.9990,3.2500,52.19,
1,Maze001,9.315,3.2500,-0.9990,3.2500,52.19,
1,Maze001,9.320,3.2500,-0.9990,3.2500,52.19,
1,Maze001,9.323,3.2500,-0.9990,3.2500,52.19,
1,Maze001,9.327,3.2500,-0.9990,3.2500,52.19,
1,Maze001,9.331,3.2500,-0.9990,3.2500,52.19,
1,Maze001,9.336,3.2500,-0.9990,3.2500,52.19,
1,Maze001,9.340,3.2500,-0.9990,3.2500,52.19,
1,Maze001,9.344,3.2500,-0.9990,3.2500,52.19,
1,Maze001,9.348,3.2500,-0.9990,3.2500,52.19,
1,Maze001,9.353,3.2500,-0.9990,3.2500,52.19,
1,Maze001,9.356,3.2500,-0.9990,3.2500,52.19,
1,Maze001,9.361,3.2500,-0.9990,3.2500,52.19,
1,Maze001,9.365,3.2500,-0.9990,3.2500,52.19,
1,Maze001,9.369,3.2500,-0.9990,3.2500,52.19,
1,Maze001,9.373,3.2500,-0.9990,3.2500,52.19,
1,Maze001,9.377,3.2500,-0.9990,3.2500,52.19,
1,Maze001,9.383,3.2500,-0.9990,3.2500,52.19,
1,Maze001,9.386,3.2500,-0.9990,3.2500,52.19,
1,Maze001,9.390,3.2500,-0.9990,3.2500,52.19,
1,Maze001,9.394,3.2500,-0.9990,3.2500,52.19,
1,Maze001,9.398,3.2500,-0.9990,3.2500,52.19,
1,Maze001,9.402,3.2500,-0.9990,3.2500,52.19,
1,Maze001,9.406,3.2500,-0.9990,3.2500,52.19,
1,Maze001,9.410,3.2500,-0.9990,3.2500,52.19,
1,Maze001,9.416,3.2500,-0.9990,3.2500,52.19,
1,Maze001,9.419,3.2500,-0.9990,3.2500,52.19,
1,Maze001,9.423,3.2500,-0.9990,3.2500,52.19,
1,Maze001,9.427,3.2500,-0.9990,3.2500,52.19,
1,Maze001,9.432,3.2500,-0.9990,3.2500,52.19,
1,Maze001,9.436,3.2500,-0.9990,3.2500,52.19,
1,Maze001,9.440,3.2500,-0.9990,3.2500,52.19,
1,Maze001,9.444,3.2500,-0.9990,3.2500,52.19,
1,Maze001,9.448,3.2500,-0.9990,3.2500,52.19,
1,Maze001,9.453,3.2500,-0.9990,3.2500,52.19,
1,Maze001,9.457,3.2500,-0.9990,3.2500,52.19,
1,Maze001,9.461,3.2500,-0.9990,3.2500,52.19,
1,Maze001,9.465,3.2500,-0.9990,3.2500,52.19,
1,Maze001,9.469,3.2500,-0.9990,3.2500,52.19,
1,Maze001,9.473,3.2500,-0.9990,3.2500,52.19,
1,Maze001,9.478,3.2500,-0.9990,3.2500,52.19,
1,Maze001,9.482,3.2500,-0.9990,3.2500,52.19,
1,Maze001,9.486,3.2500,-0.9990,3.2500,52.19,
1,Maze001,9.490,3.2500,-0.9990,3.2500,52.19,
1,Maze001,9.494,3.2500,-0.9990,3.2500,52.19,
1,Maze001,9.498,3.2500,-0.9990,3.2500,52.19,
1,Maze001,9.502,3.2500,-0.9990,3.2500,52.19,
1,Maze001,9.507,3.2500,-0.9990,3.2500,52.19,
1,Maze001,9.511,3.2500,-0.9990,3.2500,52.19,
1,Maze001,9.516,3.2500,-0.9990,3.2500,52.19,
1,Maze001,9.523,3.2500,-0.9990,3.2500,52.19,
1,Maze001,9.527,3.2500,-0.9990,3.2500,52.19,
1,Maze001,9.532,3.2500,-0.9990,3.2500,52.19,
1,Maze001,9.535,3.2500,-0.9990,3.2500,52.19,
1,Maze001,9.540,3.2500,-0.9990,3.2500,52.19,
1,Maze001,9.544,3.2500,-0.9990,3.2500,52.19,
1,Maze001,9.549,3.2500,-0.9990,3.2500,52.19,
1,Maze001,9.553,3.2500,-0.9990,3.2500,52.19,
1,Maze001,9.557,3.2500,-0.9990,3.2500,52.19,
1,Maze001,9.561,3.2500,-0.9990,3.2500,52.19,
1,Maze001,9.565,3.2500,-0.9990,3.2500,52.19,
1,Maze001,9.569,3.2500,-0.9990,3.2500,52.19,
1,Maze001,9.573,3.2500,-0.9990,3.2500,52.19,
1,Maze001,9.577,3.2500,-0.9990,3.2500,52.19,
1,Maze001,9.582,3.2500,-0.9990,3.2500,52.19,
1,Maze001,9.586,3.2500,-0.9990,3.2500,52.19,
1,Maze001,9.590,3.2500,-0.9990,3.2500,52.19,
1,Maze001,9.594,3.2500,-0.9990,3.2500,52.19,
1,Maze001,9.598,3.2500,-0.9990,3.2500,52.19,
1,Maze001,9.602,3.2500,-0.9990,3.2500,52.19,
1,Maze001,9.606,3.2500,-0.9990,3.2500,52.19,
1,Maze001,9.611,3.2500,-0.9990,3.2500,52.19,
1,Maze001,9.616,3.2500,-0.9990,3.2500,52.19,
1,Maze001,9.619,3.2500,-0.9990,3.2500,52.19,
1,Maze001,9.623,3.2500,-0.9990,3.2500,52.19,
1,Maze001,9.627,3.2500,-0.9990,3.2500,52.19,
1,Maze001,9.631,3.2500,-0.9990,3.2500,52.19,
1,Maze001,9.635,3.2500,-0.9990,3.2500,52.19,
1,Maze001,9.640,3.2500,-0.9990,3.2500,52.19,
1,Maze001,9.644,3.2500,-0.9990,3.2500,52.19,
1,Maze001,9.649,3.2500,-0.9990,3.2500,52.19,
1,Maze001,9.653,3.2500,-0.9990,3.2500,52.19,
1,Maze001,9.657,3.2500,-0.9990,3.2500,52.19,
1,Maze001,9.661,3.2500,-0.9990,3.2500,52.19,
1,Maze001,9.665,3.2500,-0.9990,3.2500,52.19,
1,Maze001,9.669,3.2500,-0.9990,3.2500,52.19,
1,Maze001,9.673,3.2500,-0.9990,3.2500,52.19,
1,Maze001,9.679,3.2500,-0.9990,3.2500,52.19,
1,Maze001,9.682,3.2500,-0.9990,3.2500,52.19,
1,Maze001,9.686,3.2500,-0.9990,3.2500,52.19,
1,Maze001,9.690,3.2500,-0.9990,3.2500,52.19,
1,Maze001,9.694,3.2500,-0.9990,3.2500,52.19,
1,Maze001,9.698,3.2500,-0.9990,3.2500,52.19,
1,Maze001,9.702,3.2500,-0.9990,3.2500,52.19,
1,Maze001,9.706,3.2500,-0.9990,3.2500,52.19,
1,Maze001,9.711,3.2500,-0.9990,3.2500,52.19,
1,Maze001,9.716,3.2500,-0.9990,3.2500,52.19,
1,Maze001,9.720,3.2500,-0.9990,3.2500,52.19,
1,Maze001,9.724,3.2500,-0.9990,3.2500,52.19,
1,Maze001,9.732,3.2500,-0.9990,3.2500,52.19,
1,Maze001,9.736,3.2500,-0.9990,3.2500,52.19,
1,Maze001,9.740,3.2500,-0.9990,3.2500,52.19,
1,Maze001,9.745,3.2500,-0.9990,3.2500,52.19,
1,Maze001,9.748,3.2500,-0.9990,3.2500,52.19,
1,Maze001,9.752,3.2500,-0.9990,3.2500,52.19,
1,Maze001,9.756,3.2500,-0.9990,3.2500,52.19,
1,Maze001,9.760,3.2500,-0.9990,3.2500,52.19,
1,Maze001,9.765,3.2500,-0.9990,3.2500,52.19,
1,Maze001,9.769,3.2500,-0.9990,3.2500,52.19,
1,Maze001,9.773,3.2500,-0.9990,3.2500,52.19,
1,Maze001,9.778,3.2500,-0.9990,3.2500,52.19,
1,Maze001,9.782,3.2500,-0.9990,3.2500,52.19,
1,Maze001,9.786,3.2500,-0.9990,3.2500,52.19,
1,Maze001,9.790,3.2500,-0.9990,3.2500,52.19,
1,Maze001,9.794,3.2500,-0.9990,3.2500,52.19,
1,Maze001,9.798,3.2500,-0.9990,3.2500,52.19,
1,Maze001,9.802,3.2500,-0.9990,3.2500,52.19,
1,Maze001,9.806,3.2500,-0.9990,3.2500,52.19,
1,Maze001,9.812,3.2500,-0.9990,3.2500,52.19,
1,Maze001,9.815,3.2500,-0.9990,3.2500,52.19,
1,Maze001,9.820,3.2500,-0.9990,3.2500,52.19,
1,Maze001,9.823,3.2500,-0.9990,3.2500,52.19,
1,Maze001,9.827,3.2500,-0.9990,3.2500,52.19,
1,Maze001,9.832,3.2500,-0.9990,3.2500,52.19,
1,Maze001,9.836,3.2500,-0.9990,3.2500,52.19,
1,Maze001,9.840,3.2500,-0.9990,3.2500,52.19,
1,Maze001,9.845,3.2500,-0.9990,3.2500,52.19,
1,Maze001,9.848,3.2500,-0.9990,3.2500,52.19,
1,Maze001,9.852,3.2500,-0.9990,3.2500,52.19,
1,Maze001,9.857,3.2500,-0.9990,3.2500,52.19,
1,Maze001,9.861,3.2500,-0.9990,3.2500,52.19,
1,Maze001,9.865,3.2500,-0.9990,3.2500,52.19,
1,Maze001,9.869,3.2500,-0.9990,3.2500,52.19,
1,Maze001,9.873,3.2500,-0.9990,3.2500,52.19,
1,Maze001,9.879,3.2500,-0.9990,3.2500,52.19,
1,Maze001,9.882,3.2500,-0.9990,3.2500,52.19,
1,Maze001,9.885,3.2500,-0.9990,3.2500,52.19,
1,Maze001,9.890,3.2500,-0.9990,3.2500,52.19,
1,Maze001,9.894,3.2500,-0.9990,3.2500,52.19,
1,Maze001,9.898,3.2500,-0.9990,3.2500,52.19,
1,Maze001,9.902,3.2500,-0.9990,3.2500,52.19,
1,Maze001,9.906,3.2500,-0.9990,3.2500,52.19,
1,Maze001,9.911,3.2500,-0.9990,3.2500,52.19,
1,Maze001,9.915,3.2500,-0.9990,3.2500,52.19,
1,Maze001,9.919,3.2500,-0.9990,3.2500,52.19,
1,Maze001,9.923,3.2500,-0.9990,3.2500,52.19,
1,Maze001,9.927,3.2500,-0.9990,3.2500,52.19,
1,Maze001,9.931,3.2500,-0.9990,3.2500,52.19,
1,Maze001,9.936,3.2500,-0.9990,3.2500,52.19,
1,Maze001,9.940,3.2500,-0.9990,3.2500,52.19,
1,Maze001,9.945,3.2500,-0.9990,3.2500,52.19,
1,Maze001,9.948,3.2500,-0.9990,3.2500,52.19,
1,Maze001,9.953,3.2500,-0.9990,3.2500,52.19,
1,Maze001,9.956,3.2500,-0.9990,3.2500,52.19,
1,Maze001,9.961,3.2500,-0.9990,3.2500,52.19,
1,Maze001,9.965,3.2500,-0.9990,3.2500,52.19,
1,Maze001,9.969,3.2500,-0.9990,3.2500,52.19,
1,Maze001,9.973,3.2500,-0.9990,3.2500,52.19,
1,Maze001,9.978,3.2500,-0.9990,3.2500,52.19,
1,Maze001,9.981,3.2500,-0.9990,3.2500,52.19,
1,Maze001,9.986,3.2500,-0.9990,3.2500,52.19,
1,Maze001,9.990,3.2500,-0.9990,3.2500,52.19,
1,Maze001,9.994,3.2500,-0.9990,3.2500,52.19,
1,Maze001,9.998,3.2500,-0.9990,3.2500,52.19,
1,Maze001,10.002,3.2500,-0.9990,3.2500,52.19,
1,Maze001,10.007,3.2500,-0.9990,3.2500,52.19,
1,Maze001,10.011,3.2500,-0.9990,3.2500,52.19,
1,Maze001,10.015,3.2500,-0.9990,3.2500,52.19,
1,Maze001,10.019,3.2500,-0.9990,3.2500,52.19,
1,Maze001,10.023,3.2500,-0.9990,3.2500,52.19,
1,Maze001,10.027,3.2500,-0.9990,3.2500,52.19,
1,Maze001,10.032,3.2500,-0.9990,3.2500,52.19,
1,Maze001,10.036,3.2500,-0.9990,3.2500,52.19,
1,Maze001,10.041,3.2500,-0.9990,3.2500,52.19,
1,Maze001,10.045,3.2500,-0.9990,3.2500,52.19,
1,Maze001,10.048,3.2500,-0.9990,3.2500,52.19,
1,Maze001,10.052,3.2500,-0.9990,3.2500,52.19,
1,Maze001,10.056,3.2500,-0.9990,3.2500,52.19,
1,Maze001,10.061,3.2500,-0.9990,3.2500,52.19,
1,Maze001,10.065,3.2500,-0.9990,3.2500,52.19,
1,Maze001,10.069,3.2500,-0.9990,3.2500,52.19,
1,Maze001,10.073,3.2500,-0.9990,3.2500,52.19,
1,Maze001,10.079,3.2500,-0.9990,3.2500,52.19,
1,Maze001,10.081,3.2500,-0.9990,3.2500,52.19,
1,Maze001,10.086,3.2500,-0.9990,3.2500,52.19,
1,Maze001,10.089,3.2500,-0.9990,3.2500,52.19,
1,Maze001,10.094,3.2500,-0.9990,3.2500,52.19,
1,Maze001,10.098,3.2500,-0.9990,3.2500,52.19,
1,Maze001,10.102,3.2500,-0.9990,3.2500,52.19,
1,Maze001,10.107,3.2500,-0.9990,3.2500,52.19,
1,Maze001,10.111,3.2500,-0.9990,3.2500,52.19,
1,Maze001,10.115,3.2500,-0.9990,3.2500,52.19,
1,Maze001,10.119,3.2500,-0.9990,3.2500,52.19,
1,Maze001,10.123,3.2500,-0.9990,3.2500,52.19,
1,Maze001,10.127,3.2500,-0.9990,3.2500,52.19,
1,Maze001,10.131,3.2500,-0.9990,3.2500,52.19,
1,Maze001,10.136,3.2500,-0.9990,3.2500,52.19,
1,Maze001,10.141,3.2500,-0.9990,3.2500,52.19,
1,Maze001,10.144,3.2500,-0.9990,3.2500,52.19,
1,Maze001,10.148,3.2500,-0.9990,3.2500,52.19,
1,Maze001,10.152,3.2500,-0.9990,3.2500,52.19,
1,Maze001,10.157,3.2500,-0.9990,3.2500,52.19,
1,Maze001,10.161,3.2500,-0.9990,3.2500,52.19,
1,Maze001,10.165,3.2500,-0.9990,3.2500,52.19,
1,Maze001,10.169,3.2500,-0.9990,3.2500,52.19,
1,Maze001,10.174,3.2500,-0.9990,3.2500,52.19,
1,Maze001,10.177,3.2500,-0.9990,3.2500,52.19,
1,Maze001,10.181,3.2500,-0.9990,3.2500,52.19,
1,Maze001,10.186,3.2500,-0.9990,3.2500,52.19,
1,Maze001,10.190,3.2500,-0.9990,3.2500,52.19,
1,Maze001,10.194,3.2500,-0.9990,3.2500,52.19,
1,Maze001,10.198,3.2500,-0.9990,3.2500,52.19,
1,Maze001,10.202,3.2500,-0.9990,3.2500,52.19,
1,Maze001,10.207,3.2500,-0.9990,3.2500,52.19,
1,Maze001,10.211,3.2500,-0.9990,3.2500,52.19,
1,Maze001,10.215,3.2500,-0.9990,3.2500,52.19,
1,Maze001,10.219,3.2500,-0.9990,3.2500,52.19,
1,Maze001,10.223,3.2500,-0.9990,3.2500,52.19,
1,Maze001,10.227,3.2500,-0.9990,3.2500,52.19,
1,Maze001,10.232,3.2500,-0.9990,3.2500,52.19,
1,Maze001,10.236,3.2500,-0.9990,3.2500,52.19,
1,Maze001,10.241,3.2500,-0.9990,3.2500,52.19,
1,Maze001,10.244,3.2500,-0.9990,3.2500,52.19,
1,Maze001,10.248,3.2500,-0.9990,3.2500,52.19,
1,Maze001,10.252,3.2500,-0.9990,3.2500,52.19,
1,Maze001,10.257,3.2500,-0.9990,3.2500,52.19,
1,Maze001,10.261,3.2500,-0.9990,3.2500,52.19,
1,Maze001,10.265,3.2500,-0.9990,3.2500,52.19,
1,Maze001,10.269,3.2500,-0.9990,3.2500,52.19,
1,Maze001,10.274,3.2500,-0.9990,3.2500,52.19,
1,Maze001,10.277,3.2500,-0.9990,3.2500,52.19,
1,Maze001,10.281,3.2500,-0.9990,3.2500,52.19,
1,Maze001,10.286,3.2500,-0.9990,3.2500,52.19,
1,Maze001,10.290,3.2500,-0.9990,3.2500,52.19,
1,Maze001,10.294,3.2500,-0.9990,3.2500,52.19,
1,Maze001,10.298,3.2500,-0.9990,3.2500,52.19,
1,Maze001,10.302,3.2500,-0.9990,3.2500,52.19,
1,Maze001,10.307,3.2500,-0.9990,3.2500,52.19,
1,Maze001,10.311,3.2500,-0.9990,3.2500,52.19,
1,Maze001,10.315,3.2500,-0.9990,3.2500,52.19,
1,Maze001,10.319,3.2500,-0.9990,3.2500,52.19,
1,Maze001,10.323,3.2500,-0.9990,3.2500,52.19,
1,Maze001,10.327,3.2500,-0.9990,3.2500,52.19,
1,Maze001,10.331,3.2500,-0.9990,3.2500,52.19,
1,Maze001,10.336,3.2500,-0.9990,3.2500,52.19,
1,Maze001,10.341,3.2500,-0.9990,3.2500,52.19,
1,Maze001,10.344,3.2500,-0.9990,3.2500,52.19,
1,Maze001,10.348,3.2500,-0.9990,3.2500,52.19,
1,Maze001,10.352,3.2500,-0.9990,3.2500,52.19,
1,Maze001,10.356,3.2500,-0.9990,3.2500,52.19,
1,Maze001,10.361,3.2500,-0.9990,3.2500,52.19,
1,Maze001,10.365,3.2500,-0.9990,3.2500,52.19,
1,Maze001,10.369,3.2500,-0.9990,3.2500,52.19,
1,Maze001,10.374,3.2500,-0.9990,3.2500,52.19,
1,Maze001,10.377,3.2500,-0.9990,3.2500,52.19,
1,Maze001,10.381,3.2500,-0.9990,3.2500,52.19,
1,Maze001,10.385,3.2500,-0.9990,3.2500,52.19,
1,Maze001,10.390,3.2500,-0.9990,3.2500,52.19,
1,Maze001,10.394,3.2500,-0.9990,3.2500,52.19,
1,Maze001,10.398,3.2500,-0.9990,3.2500,52.19,
1,Maze001,10.403,3.2500,-0.9990,3.2500,52.19,
1,Maze001,10.407,3.2500,-0.9990,3.2500,52.19,
1,Maze001,10.411,3.2500,-0.9990,3.2500,52.19,
1,Maze001,10.415,3.2500,-0.9990,3.2500,52.19,
1,Maze001,10.419,3.2500,-0.9990,3.2500,52.19,
1,Maze001,10.423,3.2500,-0.9990,3.2500,52.19,
1,Maze001,10.427,3.2500,-0.9990,3.2500,52.19,
1,Maze001,10.431,3.2500,-0.9990,3.2500,52.19,
1,Maze001,10.437,3.2500,-0.9990,3.2500,52.19,
1,Maze001,10.440,3.2500,-0.9990,3.2500,52.19,
1,Maze001,10.444,3.2500,-0.9990,3.2500,52.19,
1,Maze001,10.448,3.2500,-0.9990,3.2500,52.19,
1,Maze001,10.452,3.2500,-0.9990,3.2500,52.19,
1,Maze001,10.456,3.2500,-0.9990,3.2500,52.19,
1,Maze001,10.461,3.2500,-0.9990,3.2500,52.19,
1,Maze001,10.465,3.2500,-0.9990,3.2500,52.19,
1,Maze001,10.471,3.2500,-0.9990,3.2500,52.19,
1,Maze001,10.474,3.2500,-0.9990,3.2500,52.19,
1,Maze001,10.477,3.2500,-0.9990,3.2500,52.19,
1,Maze001,10.481,3.2500,-0.9990,3.2500,52.19,
1,Maze001,10.486,3.2500,-0.9990,3.2500,52.19,
1,Maze001,10.490,3.2500,-0.9990,3.2500,52.19,
1,Maze001,10.494,3.2500,-0.9990,3.2500,52.19,
1,Maze001,10.498,3.2500,-0.9990,3.2500,52.19,
1,Maze001,10.503,3.2500,-0.9990,3.2500,52.19,
1,Maze001,10.506,3.2500,-0.9990,3.2500,52.19,
1,Maze001,10.511,3.2500,-0.9990,3.2500,52.19,
1,Maze001,10.515,3.2500,-0.9990,3.2500,52.19,
1,Maze001,10.519,3.2500,-0.9990,3.2500,52.19,
1,Maze001,10.523,3.2500,-0.9990,3.2500,52.19,
1,Maze001,10.527,3.2500,-0.9990,3.2500,52.19,
1,Maze001,10.531,3.2500,-0.9990,3.2500,52.19,
1,Maze001,10.537,3.2500,-0.9990,3.2500,52.19,
1,Maze001,10.540,3.2500,-0.9990,3.2500,52.19,
1,Maze001,10.544,3.2500,-0.9990,3.2500,52.19,
1,Maze001,10.548,3.2500,-0.9990,3.2500,52.19,
1,Maze001,10.552,3.2500,-0.9990,3.2500,52.19,
1,Maze001,10.556,3.2500,-0.9990,3.2500,52.19,
1,Maze001,10.561,3.2500,-0.9990,3.2500,52.19,
1,Maze001,10.565,3.2500,-0.9990,3.2500,52.19,
1,Maze001,10.569,3.2500,-0.9990,3.2500,52.19,
1,Maze001,10.574,3.2500,-0.9990,3.2500,52.19,
1,Maze001,10.578,3.2500,-0.9990,3.2500,52.19,
1,Maze001,10.582,3.2500,-0.9990,3.2500,52.19,
1,Maze001,10.586,3.2500,-0.9990,3.2500,52.19,
1,Maze001,10.590,3.2500,-0.9990,3.2500,52.19,
1,Maze001,10.594,3.2500,-0.9990,3.2500,52.19,
1,Maze001,10.598,3.2500,-0.9990,3.2500,52.19,
1,Maze001,10.603,3.2500,-0.9990,3.2500,52.19,
1,Maze001,10.606,3.2500,-0.9990,3.2500,52.19,
1,Maze001,10.611,3.2500,-0.9990,3.2500,52.19,
1,Maze001,10.615,3.2500,-0.9990,3.2500,52.19,
1,Maze001,10.619,3.2500,-0.9990,3.2500,52.19,
1,Maze001,10.623,3.2500,-0.9990,3.2500,52.19,
1,Maze001,10.627,3.2500,-0.9990,3.2500,52.19,
1,Maze001,10.632,3.2500,-0.9990,3.2500,52.19,
1,Maze001,10.636,3.2500,-0.9990,3.2500,52.19,
1,Maze001,10.640,3.2500,-0.9990,3.2500,52.19,
1,Maze001,10.644,3.2500,-0.9990,3.2500,52.19,
1,Maze001,10.648,3.2500,-0.9990,3.2500,52.19,
1,Maze001,10.652,3.2500,-0.9990,3.2500,52.19,
1,Maze001,10.656,3.2500,-0.9990,3.2500,52.19,
1,Maze001,10.661,3.2500,-0.9990,3.2500,52.19,
1,Maze001,10.665,3.2500,-0.9990,3.2500,52.19,
1,Maze001,10.670,3.2500,-0.9990,3.2500,52.19,
1,Maze001,10.677,3.2500,-0.9990,3.2500,52.19,
1,Maze001,10.681,3.2500,-0.9990,3.2500,52.19,
1,Maze001,10.686,3.2500,-0.9990,3.2500,52.19,
1,Maze001,10.690,3.2500,-0.9990,3.2500,52.19,
1,Maze001,10.694,3.2500,-0.9990,3.2500,52.19,
1,Maze001,10.700,3.2500,-0.9990,3.2500,52.19,
1,Maze001,10.703,3.2500,-0.9990,3.2500,52.19,
1,Maze001,10.706,3.2500,-0.9990,3.2500,52.19,
1,Maze001,10.710,3.2500,-0.9990,3.2500,52.19,
1,Maze001,10.715,3.2500,-0.9990,3.2500,52.19,
1,Maze001,10.719,3.2500,-0.9990,3.2500,52.19,
1,Maze001,10.723,3.2500,-0.9990,3.2500,52.19,
1,Maze001,10.727,3.2500,-0.9990,3.2500,52.19,
1,Maze001,10.732,3.2500,-0.9990,3.2500,52.19,
1,Maze001,10.736,3.2500,-0.9990,3.2500,52.19,
1,Maze001,10.740,3.2500,-0.9990,3.2500,52.19,
1,Maze001,10.744,3.2500,-0.9990,3.2500,52.19,
1,Maze001,10.748,3.2500,-0.9990,3.2500,52.19,
1,Maze001,10.752,3.2500,-0.9990,3.2500,52.19,
1,Maze001,10.756,3.2500,-0.9990,3.2500,52.19,
1,Maze001,10.760,3.2500,-0.9990,3.2500,52.19,
1,Maze001,10.765,3.2500,-0.9990,3.2500,52.19,
1,Maze001,10.770,3.2500,-0.9990,3.2500,52.19,
1,Maze001,10.773,3.2500,-0.9990,3.2500,52.19,
1,Maze001,10.777,3.2500,-0.9990,3.2500,52.19,
1,Maze001,10.782,3.2500,-0.9990,3.2500,52.19,
1,Maze001,10.786,3.2500,-0.9990,3.2500,52.19,
1,Maze001,10.790,3.2500,-0.9990,3.2500,52.19,
1,Maze001,10.794,3.2500,-0.9990,3.2500,52.19,
1,Maze001,10.799,3.2500,-0.9990,3.2500,52.19,
1,Maze001,10.803,3.2500,-0.9990,3.2500,52.19,
1,Maze001,10.806,3.2500,-0.9990,3.2500,52.19,
1,Maze001,10.811,3.2500,-0.9990,3.2500,52.19,
1,Maze001,10.815,3.2500,-0.9990,3.2500,52.19,
1,Maze001,10.819,3.2500,-0.9990,3.2500,52.19,
1,Maze001,10.823,3.2500,-0.9990,3.2500,52.19,
1,Maze001,10.827,3.2500,-0.9990,3.2500,52.19,
1,Maze001,10.833,3.2500,-0.9990,3.2500,52.19,
1,Maze001,10.836,3.2500,-0.9990,3.2500,52.19,
1,Maze001,10.840,3.2500,-0.9990,3.2500,52.19,
1,Maze001,10.844,3.2500,-0.9990,3.2500,52.19,
1,Maze001,10.848,3.2500,-0.9990,3.2500,52.19,
1,Maze001,10.852,3.2500,-0.9990,3.2500,52.19,
1,Maze001,10.856,3.2500,-0.9990,3.2500,52.19,
1,Maze001,10.861,3.2500,-0.9990,3.2500,52.19,
1,Maze001,10.866,3.2500,-0.9990,3.2500,52.19,
1,Maze001,10.869,3.2500,-0.9990,3.2500,52.19,
1,Maze001,10.874,3.2500,-0.9990,3.2500,52.19,
1,Maze001,10.877,3.2500,-0.9990,3.2500,52.19,
1,Maze001,10.881,3.2500,-0.9990,3.2500,52.19,
1,Maze001,10.885,3.2500,-0.9990,3.2500,52.19,
1,Maze001,10.890,3.2500,-0.9990,3.2500,52.19,
1,Maze001,10.894,3.2500,-0.9990,3.2500,52.19,
1,Maze001,10.899,3.2500,-0.9990,3.2500,52.19,
1,Maze001,10.902,3.2500,-0.9990,3.2500,52.19,
1,Maze001,10.906,3.2500,-0.9990,3.2500,52.19,
1,Maze001,10.911,3.2500,-0.9990,3.2500,52.19,
1,Maze001,10.915,3.2500,-0.9990,3.2500,52.19,
1,Maze001,10.919,3.2500,-0.9990,3.2500,52.19,
1,Maze001,10.923,3.2500,-0.9990,3.2500,52.19,
1,Maze001,10.928,3.2500,-0.9990,3.2500,52.19,
1,Maze001,10.932,3.2500,-0.9990,3.2500,52.19,
1,Maze001,10.936,3.2500,-0.9990,3.2500,52.19,
1,Maze001,10.940,3.2500,-0.9990,3.2500,52.19,
1,Maze001,10.944,3.2500,-0.9990,3.2500,52.19,
1,Maze001,10.948,3.2500,-0.9990,3.2500,52.19,
1,Maze001,10.952,3.2500,-0.9990,3.2500,52.19,
1,Maze001,10.956,3.2500,-0.9990,3.2500,52.19,
1,Maze001,10.960,3.2500,-0.9990,3.2500,52.19,
1,Maze001,10.966,3.2500,-0.9990,3.2500,52.19,
1,Maze001,10.969,3.2500,-0.9990,3.2500,52.19,
1,Maze001,10.973,3.2500,-0.9990,3.2500,52.19,
1,Maze001,10.977,3.2500,-0.9990,3.2500,52.19,
1,Maze001,10.981,3.2500,-0.9990,3.2500,52.19,
1,Maze001,10.986,3.2500,-0.9990,3.2500,52.19,
1,Maze001,10.990,3.2500,-0.9990,3.2500,52.19,
1,Maze001,10.994,3.2500,-0.9990,3.2500,52.19,
1,Maze001,10.999,3.2500,-0.9990,3.2500,52.19,
1,Maze001,11.006,3.2500,-0.9990,3.2500,52.19,
1,Maze001,11.011,3.2500,-0.9990,3.2500,52.19,
1,Maze001,11.015,3.2500,-0.9990,3.2500,52.19,
1,Maze001,11.020,3.2500,-0.9990,3.2500,52.19,
1,Maze001,11.023,3.2500,-0.9990,3.2500,52.19,
1,Maze001,11.027,3.2500,-0.9990,3.2500,52.19,
1,Maze001,11.033,3.2500,-0.9990,3.2500,52.19,
1,Maze001,11.039,3.2500,-0.9990,3.2500,52.19,
1,Maze001,11.044,3.2500,-0.9990,3.2500,52.19,
1,Maze001,11.048,3.2500,-0.9990,3.2500,52.19,
1,Maze001,11.052,3.2500,-0.9990,3.2500,52.19,
1,Maze001,11.056,3.2500,-0.9990,3.2500,52.19,
1,Maze001,11.062,3.2500,-0.9990,3.2500,52.19,
1,Maze001,11.065,3.2500,-0.9990,3.2500,52.19,
1,Maze001,11.069,3.2500,-0.9990,3.2500,52.19,
1,Maze001,11.073,3.2500,-0.9990,3.2500,52.19,
1,Maze001,11.077,3.2500,-0.9990,3.2500,52.19,
1,Maze001,11.082,3.2500,-0.9990,3.2500,52.19,
1,Maze001,11.085,3.2500,-0.9990,3.2500,52.19,
1,Maze001,11.090,3.2500,-0.9990,3.2500,52.19,
1,Maze001,11.095,3.2500,-0.9990,3.2500,52.19,
1,Maze001,11.098,3.2500,-0.9990,3.2500,52.19,
1,Maze001,11.102,3.2500,-0.9990,3.2500,52.19,
1,Maze001,11.106,3.2500,-0.9990,3.2500,52.19,
1,Maze001,11.111,3.2500,-0.9990,3.2500,52.19,
1,Maze001,11.115,3.2500,-0.9990,3.2500,52.19,
1,Maze001,11.119,3.2500,-0.9990,3.2500,52.19,
1,Maze001,11.123,3.2500,-0.9990,3.2500,52.19,
1,Maze001,11.127,3.2500,-0.9990,3.2500,52.19,
1,Maze001,11.132,3.2500,-0.9990,3.2500,52.19,
1,Maze001,11.135,3.2500,-0.9990,3.2500,52.19,
1,Maze001,11.140,3.2500,-0.9990,3.2500,52.19,
1,Maze001,11.144,3.2500,-0.9990,3.2500,52.19,
1,Maze001,11.148,3.2500,-0.9990,3.2500,52.19,
1,Maze001,11.152,3.2500,-0.9990,3.2500,52.19,
1,Maze001,11.156,3.2500,-0.9990,3.2500,52.19,
1,Maze001,11.162,3.2500,-0.9990,3.2500,52.19,
1,Maze001,11.165,3.2500,-0.9990,3.2500,52.19,
1,Maze001,11.169,3.2500,-0.9990,3.2500,52.19,
1,Maze001,11.173,3.2500,-0.9990,3.2500,52.19,
1,Maze001,11.177,3.2500,-0.9990,3.2500,52.19,
1,Maze001,11.182,3.2500,-0.9990,3.2500,52.19,
1,Maze001,11.186,3.2500,-0.9990,3.2500,52.19,
1,Maze001,11.190,3.2500,-0.9990,3.2500,52.19,
1,Maze001,11.195,3.2500,-0.9990,3.2500,52.19,
1,Maze001,11.198,3.2500,-0.9990,3.2500,52.19,
1,Maze001,11.202,3.2500,-0.9990,3.2500,52.19,
1,Maze001,11.206,3.2500,-0.9990,3.2500,52.19,
1,Maze001,11.211,3.2500,-0.9990,3.2500,52.19,
1,Maze001,11.215,3.2500,-0.9990,3.2500,52.19,
1,Maze001,11.219,3.2500,-0.9990,3.2500,52.19,
1,Maze001,11.223,3.2500,-0.9990,3.2500,52.19,
1,Maze001,11.228,3.2500,-0.9990,3.2500,52.19,
1,Maze001,11.231,3.2500,-0.9990,3.2500,52.19,
1,Maze001,11.236,3.2500,-0.9990,3.2500,52.19,
1,Maze001,11.240,3.2500,-0.9990,3.2500,52.19,
1,Maze001,11.244,3.2500,-0.9990,3.2500,52.19,
1,Maze001,11.248,3.2500,-0.9990,3.2500,52.19,
1,Maze001,11.252,3.2500,-0.9990,3.2500,52.19,
1,Maze001,11.256,3.2500,-0.9990,3.2500,52.19,
1,Maze001,11.262,3.2500,-0.9990,3.2500,52.19,
1,Maze001,11.265,3.2500,-0.9990,3.2500,52.19,
1,Maze001,11.269,3.2500,-0.9990,3.2500,52.19,
1,Maze001,11.273,3.2500,-0.9990,3.2500,52.19,
1,Maze001,11.277,3.2500,-0.9990,3.2500,52.19,
1,Maze001,11.281,3.2500,-0.9990,3.2500,52.19,
1,Maze001,11.285,3.2500,-0.9990,3.2500,52.19,
1,Maze001,11.290,3.2500,-0.9990,3.2500,52.19,
1,Maze001,11.295,3.2500,-0.9990,3.2500,52.19,
1,Maze001,11.302,3.2500,-0.9990,3.2500,52.19,
1,Maze001,11.306,3.2500,-0.9990,3.2500,52.19,
1,Maze001,11.311,3.2500,-0.9990,3.2500,52.19,
1,Maze001,11.315,3.2500,-0.9990,3.2500,52.19,
1,Maze001,11.319,3.2500,-0.9990,3.2500,52.19,
1,Maze001,11.323,3.2500,-0.9990,3.2500,52.19,
1,Maze001,11.328,3.2500,-0.9990,3.2500,52.19,
1,Maze001,11.331,3.2500,-0.9990,3.2500,52.19,
1,Maze001,11.336,3.2500,-0.9990,3.2500,52.19,
1,Maze001,11.340,3.2500,-0.9990,3.2500,52.19,
1,Maze001,11.344,3.2500,-0.9990,3.2500,52.19,
1,Maze001,11.348,3.2500,-0.9990,3.2500,52.19,
1,Maze001,11.353,3.2500,-0.9990,3.2500,52.19,
1,Maze001,11.357,3.2500,-0.9990,3.2500,52.19,
1,Maze001,11.362,3.2500,-0.9990,3.2500,52.19,
1,Maze001,11.365,3.2500,-0.9990,3.2500,52.19,
1,Maze001,11.369,3.2500,-0.9990,3.2500,52.19,
1,Maze001,11.373,3.2500,-0.9990,3.2500,52.19,
1,Maze001,11.378,3.2500,-0.9990,3.2500,52.19,
1,Maze001,11.381,3.2500,-0.9990,3.2500,52.19,
1,Maze001,11.386,3.2500,-0.9990,3.2500,52.19,
1,Maze001,11.392,3.2500,-0.9990,3.2500,52.19,
1,Maze001,11.394,3.2500,-0.9990,3.2500,52.19,
1,Maze001,11.399,3.2500,-0.9990,3.2500,52.19,
1,Maze001,11.403,3.2500,-0.9990,3.2500,52.19,
1,Maze001,11.407,3.2500,-0.9990,3.2500,52.19,
1,Maze001,11.411,3.2500,-0.9990,3.2500,52.19,
1,Maze001,11.415,3.2500,-0.9990,3.2500,52.19,
1,Maze001,11.419,3.2500,-0.9990,3.2500,52.19,
1,Maze001,11.424,3.2500,-0.9990,3.2500,52.19,
1,Maze001,11.427,3.2500,-0.9990,3.2500,52.19,
1,Maze001,11.431,3.2500,-0.9990,3.2500,52.19,
1,Maze001,11.435,3.2500,-0.9990,3.2500,52.19,
1,Maze001,11.440,3.2500,-0.9990,3.2500,52.19,
1,Maze001,11.444,3.2500,-0.9990,3.2500,52.19,
1,Maze001,11.448,3.2500,-0.9990,3.2500,52.19,
1,Maze001,11.452,3.2500,-0.9990,3.2500,52.19,
1,Maze001,11.457,3.2500,-0.9990,3.2500,52.19,
1,Maze001,11.461,3.2500,-0.9990,3.2500,52.19,
1,Maze001,11.465,3.2500,-0.9990,3.2500,52.19,
1,Maze001,11.469,3.2500,-0.9990,3.2500,52.19,
1,Maze001,11.473,3.2500,-0.9990,3.2500,52.19,
1,Maze001,11.477,3.2500,-0.9990,3.2500,52.19,
1,Maze001,11.481,3.2500,-0.9990,3.2500,52.19,
1,Maze001,11.485,3.2500,-0.9990,3.2500,52.19,
1,Maze001,11.490,3.2500,-0.9990,3.2500,52.19,
1,Maze001,11.494,3.2500,-0.9990,3.2500,52.19,
1,Maze001,11.498,3.2500,-0.9990,3.2500,52.19,
1,Maze001,11.502,3.2500,-0.9990,3.2500,52.19,
1,Maze001,11.506,3.2500,-0.9990,3.2500,52.19,
1,Maze001,11.510,3.2500,-0.9990,3.2500,52.19,
1,Maze001,11.514,3.2500,-0.9990,3.2500,52.19,
1,Maze001,11.519,3.2500,-0.9990,3.2500,52.19,
1,Maze001,11.524,3.2500,-0.9990,3.2500,52.19,
1,Maze001,11.527,3.2500,-0.9990,3.2500,52.19,
1,Maze001,11.532,3.2500,-0.9990,3.2500,52.19,
1,Maze001,11.535,3.2500,-0.9990,3.2500,52.19,
1,Maze001,11.540,3.2500,-0.9990,3.2500,52.19,
1,Maze001,11.544,3.2500,-0.9990,3.2500,52.19,
1,Maze001,11.548,3.2500,-0.9990,3.2500,52.19,
1,Maze001,11.553,3.2500,-0.9990,3.2500,52.19,
1,Maze001,11.557,3.2500,-0.9990,3.2500,52.19,
1,Maze001,11.560,3.2500,-0.9990,3.2500,52.19,
1,Maze001,11.565,3.2500,-0.9990,3.2500,52.19,
1,Maze001,11.569,3.2500,-0.9990,3.2500,52.19,
1,Maze001,11.573,3.2500,-0.9990,3.2500,52.19,
1,Maze001,11.577,3.2500,-0.9990,3.2500,52.19,
1,Maze001,11.581,3.2500,-0.9990,3.2500,52.19,
1,Maze001,11.585,3.2500,-0.9990,3.2500,52.19,
1,Maze001,11.591,3.2500,-0.9990,3.2500,52.19,
1,Maze001,11.594,3.2500,-0.9990,3.2500,52.19,
1,Maze001,11.598,3.2500,-0.9990,3.2500,52.19,
1,Maze001,11.602,3.2500,-0.9990,3.2500,52.19,
1,Maze001,11.606,3.2500,-0.9990,3.2500,52.19,
1,Maze001,11.611,3.2500,-0.9990,3.2500,52.19,
1,Maze001,11.615,3.2500,-0.9990,3.2500,52.19,
1,Maze001,11.619,3.2500,-0.9990,3.2500,52.19,
1,Maze001,11.624,3.2500,-0.9990,3.2500,52.19,
1,Maze001,11.627,3.2500,-0.9990,3.2500,52.19,
1,Maze001,11.631,3.2500,-0.9990,3.2500,52.19,
1,Maze001,11.635,3.2500,-0.9990,3.2500,52.19,
1,Maze001,11.640,3.2500,-0.9990,3.2500,52.19,
1,Maze001,11.644,3.2500,-0.9990,3.2500,52.19,
1,Maze001,11.648,3.2500,-0.9990,3.2500,52.19,
1,Maze001,11.652,3.2500,-0.9990,3.2500,52.19,
1,Maze001,11.657,3.2500,-0.9990,3.2500,52.19,
1,Maze001,11.661,3.2500,-0.9990,3.2500,52.19,
1,Maze001,11.665,3.2500,-0.9990,3.2500,52.19,
1,Maze001,11.669,3.2500,-0.9990,3.2500,52.19,
1,Maze001,11.673,3.2500,-0.9990,3.2500,52.19,
1,Maze001,11.677,3.2500,-0.9990,3.2500,52.19,
1,Maze001,11.681,3.2500,-0.9990,3.2500,52.19,
1,Maze001,11.686,3.2500,-0.9990,3.2500,52.19,
1,Maze001,11.691,3.2500,-0.9990,3.2500,52.19,
1,Maze001,11.694,3.2500,-0.9990,3.2500,52.19,
1,Maze001,11.698,3.2500,-0.9990,3.2500,52.19,
1,Maze001,11.702,3.2500,-0.9990,3.2500,52.19,
1,Maze001,11.706,3.2500,-0.9990,3.2500,52.19,
1,Maze001,11.711,3.2500,-0.9990,3.2500,52.19,
1,Maze001,11.715,3.2500,-0.9990,3.2500,52.19,
1,Maze001,11.719,3.2500,-0.9990,3.2500,52.19,
1,Maze001,11.724,3.2500,-0.9990,3.2500,52.19,
1,Maze001,11.727,3.2500,-0.9990,3.2500,52.19,
1,Maze001,11.731,3.2500,-0.9990,3.2500,52.19,
1,Maze001,11.735,3.2500,-0.9990,3.2500,52.19,
1,Maze001,11.740,3.2500,-0.9990,3.2500,52.19,
1,Maze001,11.744,3.2500,-0.9990,3.2500,52.19,
1,Maze001,11.748,3.2500,-0.9990,3.2500,52.19,
1,Maze001,11.752,3.2500,-0.9990,3.2500,52.19,
1,Maze001,11.757,3.2500,-0.9990,3.2500,52.19,
1,Maze001,11.761,3.2500,-0.9990,3.2500,52.19,
1,Maze001,11.765,3.2500,-0.9990,3.2500,52.19,
1,Maze001,11.769,3.2500,-0.9990,3.2500,52.19,
1,Maze001,11.773,3.2500,-0.9990,3.2500,52.19,
1,Maze001,11.777,3.2500,-0.9990,3.2500,52.19,
1,Maze001,11.781,3.2500,-0.9990,3.2500,52.19,
1,Maze001,11.786,3.2500,-0.9990,3.2500,52.19,
1,Maze001,11.790,3.2500,-0.9990,3.2500,52.19,
1,Maze001,11.794,3.2500,-0.9990,3.2500,52.19,
1,Maze001,11.798,3.2500,-0.9990,3.2500,52.19,
1,Maze001,11.802,3.2500,-0.9990,3.2500,52.19,
1,Maze001,11.806,3.2500,-0.9990,3.2500,52.19,
1,Maze001,11.811,3.2500,-0.9990,3.2500,52.19,
1,Maze001,11.815,3.2500,-0.9990,3.2500,52.19,
1,Maze001,11.821,3.2500,-0.9990,3.2500,52.19,
1,Maze001,11.824,3.2500,-0.9990,3.2500,52.19,
1,Maze001,11.827,3.2500,-0.9990,3.2500,52.19,
1,Maze001,11.832,3.2500,-0.9990,3.2500,52.19,
1,Maze001,11.836,3.2500,-0.9990,3.2500,52.19,
1,Maze001,11.840,3.2500,-0.9990,3.2500,52.19,
1,Maze001,11.844,3.2500,-0.9990,3.2500,52.19,
1,Maze001,11.848,3.2500,-0.9990,3.2500,52.19,
1,Maze001,11.853,3.2500,-0.9990,3.2500,52.19,
1,Maze001,11.856,3.2500,-0.9990,3.2500,52.19,
1,Maze001,11.861,3.2500,-0.9990,3.2500,52.19,
1,Maze001,11.865,3.2500,-0.9990,3.2500,52.19,
1,Maze001,11.869,3.2500,-0.9990,3.2500,52.19,
1,Maze001,11.873,3.2500,-0.9990,3.2500,52.19,
1,Maze001,11.877,3.2500,-0.9990,3.2500,52.19,
1,Maze001,11.881,3.2500,-0.9990,3.2500,52.19,
1,Maze001,11.887,3.2500,-0.9990,3.2500,52.19,
1,Maze001,11.890,3.2500,-0.9990,3.2500,52.19,
1,Maze001,11.894,3.2500,-0.9990,3.2500,52.19,
1,Maze001,11.898,3.2500,-0.9990,3.2500,52.19,
1,Maze001,11.902,3.2500,-0.9990,3.2500,52.19,
1,Maze001,11.906,3.2500,-0.9990,3.2500,52.19,
1,Maze001,11.910,3.2500,-0.9990,3.2500,52.19,
1,Maze001,11.915,3.2500,-0.9990,3.2500,52.19,
1,Maze001,11.920,3.2500,-0.9990,3.2500,52.19,
1,Maze001,11.923,3.2500,-0.9990,3.2500,52.19,
1,Maze001,11.927,3.2500,-0.9990,3.2500,52.19,
1,Maze001,11.931,3.2500,-0.9990,3.2500,52.19,
1,Maze001,11.935,3.2500,-0.9990,3.2500,52.19,
1,Maze001,11.939,3.2500,-0.9990,3.2500,52.19,
1,Maze001,11.944,3.2500,-0.9990,3.2500,52.19,
1,Maze001,11.948,3.2500,-0.9990,3.2500,52.19,
1,Maze001,11.953,3.2500,-0.9990,3.2500,52.19,
1,Maze001,11.956,3.2500,-0.9990,3.2500,52.19,
1,Maze001,11.960,3.2500,-0.9990,3.2500,52.19,
1,Maze001,11.965,3.2500,-0.9990,3.2500,52.19,
1,Maze001,11.969,3.2500,-0.9990,3.2500,52.19,
1,Maze001,11.973,3.2500,-0.9990,3.2500,52.19,
1,Maze001,11.977,3.2500,-0.9990,3.2500,52.19,
1,Maze001,11.981,3.2500,-0.9990,3.2500,52.19,
1,Maze001,11.986,3.2500,-0.9990,3.2500,52.19,
1,Maze001,11.990,3.2500,-0.9990,3.2500,52.19,
1,Maze001,11.994,3.2500,-0.9990,3.2500,52.19,
1,Maze001,11.998,3.2500,-0.9990,3.2500,52.19,
1,Maze001,12.002,3.2500,-0.9990,3.2500,52.19,
1,Maze001,12.006,3.2500,-0.9990,3.2500,52.19,
1,Maze001,12.010,3.2500,-0.9990,3.2500,52.19,
1,Maze001,12.016,3.2500,-0.9990,3.2500,52.19,
1,Maze001,12.021,3.2500,-0.9990,3.2500,52.19,
1,Maze001,12.024,3.2500,-0.9990,3.2500,52.19,
1,Maze001,12.031,3.2500,-0.9990,3.2500,52.19,
1,Maze001,12.035,3.2500,-0.9990,3.2500,52.19,
1,Maze001,12.039,3.2500,-0.9990,3.2500,52.19,
1,Maze001,12.044,3.2500,-0.9990,3.2500,52.19,
1,Maze001,12.048,3.2500,-0.9990,3.2500,52.19,
1,Maze001,12.053,3.2500,-0.9990,3.2500,52.19,
1,Maze001,12.056,3.2500,-0.9990,3.2500,52.19,
1,Maze001,12.060,3.2500,-0.9990,3.2500,52.19,
1,Maze001,12.065,3.2500,-0.9990,3.2500,52.19,
1,Maze001,12.069,3.2500,-0.9990,3.2500,52.19,
1,Maze001,12.073,3.2500,-0.9990,3.2500,52.19,
1,Maze001,12.077,3.2500,-0.9990,3.2500,52.19,
1,Maze001,12.082,3.2500,-0.9990,3.2500,52.19,
1,Maze001,12.089,3.2500,-0.9990,3.2500,52.19,
1,Maze001,12.094,3.2500,-0.9990,3.2500,52.19,
1,Maze001,12.098,3.2500,-0.9990,3.2500,52.19,
1,Maze001,12.102,3.2500,-0.9990,3.2500,52.19,
1,Maze001,12.106,3.2500,-0.9990,3.2500,52.19,
1,Maze001,12.111,3.2500,-0.9990,3.2500,52.19,
1,Maze001,12.116,3.2500,-0.9990,3.2500,52.19,
1,Maze001,12.119,3.2500,-0.9990,3.2500,52.19,
1,Maze001,12.123,3.2500,-0.9990,3.2500,52.19,
1,Maze001,12.127,3.2500,-0.9990,3.2500,52.19,
1,Maze001,12.131,3.2500,-0.9990,3.2500,52.19,
1,Maze001,12.135,3.2500,-0.9990,3.2500,52.19,
1,Maze001,12.140,3.2500,-0.9990,3.2500,52.19,
1,Maze001,12.144,3.2500,-0.9990,3.2500,52.19,
1,Maze001,12.148,3.2500,-0.9990,3.2500,52.19,
1,Maze001,12.153,3.2500,-0.9990,3.2500,52.19,
1,Maze001,12.157,3.2500,-0.9990,3.2500,52.19,
1,Maze001,12.160,3.2500,-0.9990,3.2500,52.19,
1,Maze001,12.165,3.2500,-0.9990,3.2500,52.19,
1,Maze001,12.169,3.2500,-0.9990,3.2500,52.19,
1,Maze001,12.173,3.2500,-0.9990,3.2500,52.19,
1,Maze001,12.177,3.2500,-0.9990,3.2500,52.19,
1,Maze001,12.182,3.2500,-0.9990,3.2500,52.19,
1,Maze001,12.185,3.2500,-0.9990,3.2500,52.19,
1,Maze001,12.190,3.2500,-0.9990,3.2500,52.19,
1,Maze001,12.194,3.2500,-0.9990,3.2500,52.19,
1,Maze001,12.198,3.2500,-0.9990,3.2500,52.19,
1,Maze001,12.202,3.2500,-0.9990,3.2500,52.19,
1,Maze001,12.206,3.2500,-0.9990,3.2500,52.19,
1,Maze001,12.210,3.2500,-0.9990,3.2500,52.19,
1,Maze001,12.215,3.2500,-0.9990,3.2500,52.19,
1,Maze001,12.219,3.2500,-0.9990,3.2500,52.19,
1,Maze001,12.223,3.2500,-0.9990,3.2500,52.19,
1,Maze001,12.227,3.2500,-0.9990,3.2500,52.19,
1,Maze001,12.231,3.2500,-0.9990,3.2500,52.19,
1,Maze001,12.235,3.2500,-0.9990,3.2500,52.19,
1,Maze001,12.239,3.2500,-0.9990,3.2500,52.19,
1,Maze001,12.244,3.2500,-0.9990,3.2500,52.19,
1,Maze001,12.248,3.2500,-0.9990,3.2500,52.19,
1,Maze001,12.252,3.2500,-0.9990,3.2500,52.19,
1,Maze001,12.256,3.2500,-0.9990,3.2500,52.19,
1,Maze001,12.260,3.2500,-0.9990,3.2500,52.19,
1,Maze001,12.264,3.2500,-0.9990,3.2500,52.19,
1,Maze001,12.269,3.2500,-0.9990,3.2500,52.19,
1,Maze001,12.273,3.2500,-0.9990,3.2500,52.19,
1,Maze001,12.277,3.2500,-0.9990,3.2500,52.19,
1,Maze001,12.282,3.2500,-0.9990,3.2500,52.19,
1,Maze001,12.286,3.2500,-0.9990,3.2500,52.19,
1,Maze001,12.290,3.2500,-0.9990,3.2500,52.19,
1,Maze001,12.294,3.2500,-0.9990,3.2500,52.19,
1,Maze001,12.298,3.2500,-0.9990,3.2500,52.19,
1,Maze001,12.302,3.2500,-0.9990,3.2500,52.19,
1,Maze001,12.306,3.2500,-0.9990,3.2500,52.19,
1,Maze001,12.311,3.2500,-0.9990,3.2500,52.19,
1,Maze001,12.316,3.2500,-0.9990,3.2500,52.19,
1,Maze001,12.319,3.2500,-0.9990,3.2500,52.19,
1,Maze001,12.323,3.2500,-0.9990,3.2500,52.19,
1,Maze001,12.327,3.2500,-0.9990,3.2500,52.19,
1,Maze001,12.331,3.2500,-0.9990,3.2500,52.19,
1,Maze001,12.335,3.2500,-0.9990,3.2500,52.19,
1,Maze001,12.340,3.2500,-0.9990,3.2500,52.19,
1,Maze001,12.344,3.2500,-0.9990,3.2500,52.19,
1,Maze001,12.349,3.2500,-0.9990,3.2500,52.19,
1,Maze001,12.352,3.2500,-0.9990,3.2500,52.19,
1,Maze001,12.356,3.2500,-0.9990,3.2500,52.19,
1,Maze001,12.360,3.2500,-0.9990,3.2500,52.19,
1,Maze001,12.364,3.2500,-0.9990,3.2500,52.19,
1,Maze001,12.368,3.2500,-0.9990,3.2500,52.19,
1,Maze001,12.373,3.2500,-0.9990,3.2500,52.19,
1,Maze001,12.377,3.2500,-0.9990,3.2500,52.19,
1,Maze001,12.382,3.2500,-0.9990,3.2500,52.19,
1,Maze001,12.389,3.2500,-0.9990,3.2500,52.19,
1,Maze001,12.394,3.2500,-0.9990,3.2500,52.19,
1,Maze001,12.398,3.2500,-0.9990,3.2500,52.19,
1,Maze001,12.402,3.2500,-0.9990,3.2500,52.19,
1,Maze001,12.407,3.2500,-0.9990,3.2500,52.19,
1,Maze001,12.410,3.2500,-0.9990,3.2500,52.19,
1,Maze001,12.415,3.2500,-0.9990,3.2500,52.19,
1,Maze001,12.419,3.2500,-0.9990,3.2500,52.19,
1,Maze001,12.423,3.2500,-0.9990,3.2500,52.19,
1,Maze001,12.427,3.2500,-0.9990,3.2500,52.19,
1,Maze001,12.431,3.2500,-0.9990,3.2500,52.19,
1,Maze001,12.435,3.2500,-0.9990,3.2500,52.19,
1,Maze001,12.440,3.2500,-0.9990,3.2500,52.19,
1,Maze001,12.444,3.2500,-0.9990,3.2500,52.19,
1,Maze001,12.448,3.2500,-0.9990,3.2500,52.19,
1,Maze001,12.453,3.2500,-0.9990,3.2500,52.19,
1,Maze001,12.457,3.2500,-0.9990,3.2500,52.19,
1,Maze001,12.460,3.2500,-0.9990,3.2500,52.19,
1,Maze001,12.464,3.2500,-0.9990,3.2500,52.19,
1,Maze001,12.469,3.2500,-0.9990,3.2500,52.19,
1,Maze001,12.473,3.2500,-0.9990,3.2500,52.19,
1,Maze001,12.478,3.2500,-0.9990,3.2500,52.19,
1,Maze001,12.481,3.2500,-0.9990,3.2500,52.19,
1,Maze001,12.485,3.2500,-0.9990,3.2500,52.19,
1,Maze001,12.489,3.2500,-0.9990,3.2500,52.19,
1,Maze001,12.494,3.2500,-0.9990,3.2500,52.19,
1,Maze001,12.498,3.2500,-0.9990,3.2500,52.19,
1,Maze001,12.502,3.2500,-0.9990,3.2500,52.19,
1,Maze001,12.506,3.2500,-0.9990,3.2500,52.19,
1,Maze001,12.511,3.2500,-0.9990,3.2500,52.19,
1,Maze001,12.515,3.2500,-0.9990,3.2500,52.19,
1,Maze001,12.518,3.2500,-0.9990,3.2500,52.19,
1,Maze001,12.523,3.2500,-0.9990,3.2500,52.19,
1,Maze001,12.527,3.2500,-0.9990,3.2500,52.19,
1,Maze001,12.531,3.2500,-0.9990,3.2500,52.19,
1,Maze001,12.535,3.2500,-0.9990,3.2500,52.19,
1,Maze001,12.539,3.2500,-0.9990,3.2500,52.19,
1,Maze001,12.545,3.2500,-0.9990,3.2500,52.19,
1,Maze001,12.548,3.2500,-0.9990,3.2500,52.19,
1,Maze001,12.552,3.2500,-0.9990,3.2500,52.19,
1,Maze001,12.556,3.2500,-0.9990,3.2500,52.19,
1,Maze001,12.560,3.2500,-0.9990,3.2500,52.19,
1,Maze001,12.565,3.2500,-0.9990,3.2500,52.19,
1,Maze001,12.569,3.2500,-0.9990,3.2500,52.19,
1,Maze001,12.573,3.2500,-0.9990,3.2500,52.19,
1,Maze001,12.578,3.2500,-0.9990,3.2500,52.19,
1,Maze001,12.581,3.2500,-0.9990,3.2500,52.19,
1,Maze001,12.585,3.2500,-0.9990,3.2500,52.19,
1,Maze001,12.589,3.2500,-0.9990,3.2500,52.19,
1,Maze001,12.594,3.2500,-0.9990,3.2500,52.19,
1,Maze001,12.598,3.2500,-0.9990,3.2500,52.19,
1,Maze001,12.602,3.2500,-0.9990,3.2500,52.19,
1,Maze001,12.606,3.2500,-0.9990,3.2500,52.19,
1,Maze001,12.611,3.2500,-0.9990,3.2500,52.19,
1,Maze001,12.614,3.2500,-0.9990,3.2500,52.19,
1,Maze001,12.619,3.2500,-0.9990,3.2500,52.19,
1,Maze001,12.623,3.2500,-0.9990,3.2500,52.19,
1,Maze001,12.627,3.2500,-0.9990,3.2500,52.19,
1,Maze001,12.631,3.2500,-0.9990,3.2500,52.19,
1,Maze001,12.636,3.2500,-0.9990,3.2500,52.19,
1,Maze001,12.640,3.2500,-0.9990,3.2500,52.19,
1,Maze001,12.645,3.2500,-0.9990,3.2500,52.19,
1,Maze001,12.648,3.2500,-0.9990,3.2500,52.19,
1,Maze001,12.652,3.2500,-0.9990,3.2500,52.19,
1,Maze001,12.656,3.2500,-0.9990,3.2500,52.19,
1,Maze001,12.661,3.2500,-0.9990,3.2500,52.19,
1,Maze001,12.664,3.2500,-0.9990,3.2500,52.19,
1,Maze001,12.669,3.2500,-0.9990,3.2500,52.19,
1,Maze001,12.673,3.2500,-0.9990,3.2500,52.19,
1,Maze001,12.678,3.2500,-0.9990,3.2500,52.19,
1,Maze001,12.681,3.2500,-0.9990,3.2500,52.19,
1,Maze001,12.685,3.2500,-0.9990,3.2500,52.19,
1,Maze001,12.689,3.2500,-0.9990,3.2500,52.19,
1,Maze001,12.693,3.2500,-0.9990,3.2500,52.19,
1,Maze001,12.698,3.2500,-0.9990,3.2500,52.19,
1,Maze001,12.702,3.2500,-0.9990,3.2500,52.19,
1,Maze001,12.706,3.2500,-0.9990,3.2500,52.19,
1,Maze001,12.711,3.2500,-0.9990,3.2500,52.19,
1,Maze001,12.714,3.2500,-0.9990,3.2500,52.19,
1,Maze001,12.719,3.2500,-0.9990,3.2500,52.19,
1,Maze001,12.724,3.2500,-0.9990,3.2500,52.19,
1,Maze001,12.727,3.2500,-0.9990,3.2500,52.19,
1,Maze001,12.731,3.2500,-0.9990,3.2500,52.19,
1,Maze001,12.736,3.2500,-0.9990,3.2500,52.19,
1,Maze001,12.741,3.2500,-0.9990,3.2500,52.19,
1,Maze001,12.744,3.2500,-0.9990,3.2500,52.19,
1,Maze001,12.748,3.2500,-0.9990,3.2500,52.19,
1,Maze001,12.752,3.2500,-0.9990,3.2500,52.19,
1,Maze001,12.756,3.2500,-0.9990,3.2500,52.19,
1,Maze001,12.760,3.2500,-0.9990,3.2500,52.19,
1,Maze001,12.765,3.2500,-0.9990,3.2500,52.19,
1,Maze001,12.769,3.2500,-0.9990,3.2500,52.19,
1,Maze001,12.773,3.2500,-0.9990,3.2500,52.19,
1,Maze001,12.777,3.2500,-0.9990,3.2500,52.19,
1,Maze001,12.782,3.2500,-0.9990,3.2500,52.19,
1,Maze001,12.785,3.2500,-0.9990,3.2500,52.19,
1,Maze001,12.790,3.2500,-0.9990,3.2500,52.19,
1,Maze001,12.794,3.2500,-0.9990,3.2500,52.19,
1,Maze001,12.800,3.2500,-0.9990,3.2500,52.19,
1,Maze001,12.804,3.2500,-0.9990,3.2500,52.19,
1,Maze001,12.812,3.2500,-0.9990,3.2500,52.19,
1,Maze001,12.816,3.2500,-0.9990,3.2500,52.19,
1,Maze001,12.823,3.2500,-0.9990,3.2500,52.19,
1,Maze001,12.828,3.2500,-0.9990,3.2500,52.19,
1,Maze001,12.832,3.2500,-0.9990,3.2500,52.19,
1,Maze001,12.836,3.2500,-0.9990,3.2500,52.19,
1,Maze001,12.840,3.2500,-0.9990,3.2500,52.19,
1,Maze001,12.845,3.2500,-0.9990,3.2500,52.19,
1,Maze001,12.848,3.2500,-0.9990,3.2500,52.19,
1,Maze001,12.852,3.2500,-0.9990,3.2500,52.19,
1,Maze001,12.856,3.2500,-0.9990,3.2500,52.19,
1,Maze001,12.860,3.2500,-0.9990,3.2500,52.19,
1,Maze001,12.865,3.2500,-0.9990,3.2500,52.19,
1,Maze001,12.869,3.2500,-0.9990,3.2500,52.19,
1,Maze001,12.874,3.2500,-0.9990,3.2500,52.19,
1,Maze001,12.877,3.2500,-0.9990,3.2500,52.19,
1,Maze001,12.881,3.2500,-0.9990,3.2500,52.19,
1,Maze001,12.886,3.2500,-0.9990,3.2500,52.19,
1,Maze001,12.890,3.2500,-0.9990,3.2500,52.19,
1,Maze001,12.894,3.2500,-0.9990,3.2500,52.19,
1,Maze001,12.898,3.2500,-0.9990,3.2500,52.19,
1,Maze001,12.902,3.2500,-0.9990,3.2500,52.19,
1,Maze001,12.907,3.2500,-0.9990,3.2500,52.19,
1,Maze001,12.914,3.2500,-0.9990,3.2500,52.19,
1,Maze001,12.919,3.2500,-0.9990,3.2500,52.19,
1,Maze001,12.924,3.2500,-0.9990,3.2500,52.19,
1,Maze001,12.927,3.2500,-0.9990,3.2500,52.19,
1,Maze001,12.931,3.2500,-0.9990,3.2500,52.19,
1,Maze001,12.935,3.2500,-0.9990,3.2500,52.19,
1,Maze001,12.940,3.2500,-0.9990,3.2500,52.19,
1,Maze001,12.943,3.2500,-0.9990,3.2500,52.19,
1,Maze001,12.948,3.2500,-0.9990,3.2500,52.19,
1,Maze001,12.952,3.2500,-0.9990,3.2500,52.19,
1,Maze001,12.956,3.2500,-0.9990,3.2500,52.19,
1,Maze001,12.960,3.2500,-0.9990,3.2500,52.19,
1,Maze001,12.964,3.2500,-0.9990,3.2500,52.19,
1,Maze001,12.968,3.2500,-0.9990,3.2500,52.19,
1,Maze001,12.974,3.2500,-0.9990,3.2500,52.19,
1,Maze001,12.977,3.2500,-0.9990,3.2500,52.19,
1,Maze001,12.981,3.2500,-0.9990,3.2500,52.19,
1,Maze001,12.986,3.2500,-0.9990,3.2500,52.19,
1,Maze001,12.989,3.2500,-0.9990,3.2500,52.19,
1,Maze001,12.994,3.2500,-0.9990,3.2500,52.19,
1,Maze001,12.998,3.2500,-0.9990,3.2500,52.19,
1,Maze001,13.002,3.2500,-0.9990,3.2500,52.19,
1,Maze001,13.007,3.2500,-0.9990,3.2500,52.19,
1,Maze001,13.010,3.2500,-0.9990,3.2500,52.19,
1,Maze001,13.014,3.2500,-0.9990,3.2500,52.19,
1,Maze001,13.018,3.2500,-0.9990,3.2500,52.19,
1,Maze001,13.023,3.2500,-0.9990,3.2500,52.19,
1,Maze001,13.027,3.2500,-0.9990,3.2500,52.19,
1,Maze001,13.031,3.2500,-0.9990,3.2500,52.19,
1,Maze001,13.035,3.2500,-0.9990,3.2500,52.19,
1,Maze001,13.039,3.2500,-0.9990,3.2500,52.19,
1,Maze001,13.043,3.2500,-0.9990,3.2500,52.19,
1,Maze001,13.049,3.2500,-0.9990,3.2500,52.19,
1,Maze001,13.052,3.2500,-0.9990,3.2500,52.19,
1,Maze001,13.056,3.2500,-0.9990,3.2500,52.19,
1,Maze001,13.060,3.2500,-0.9990,3.2500,52.19,
1,Maze001,13.064,3.2500,-0.9990,3.2500,52.19,
1,Maze001,13.069,3.2500,-0.9990,3.2500,52.19,
1,Maze001,13.073,3.2500,-0.9990,3.2500,52.19,
1,Maze001,13.080,3.2500,-0.9990,3.2500,52.19,
1,Maze001,13.083,3.2500,-0.9990,3.2500,52.19,
1,Maze001,13.089,3.2500,-0.9990,3.2500,52.19,
1,Maze001,13.095,3.2500,-0.9990,3.2500,52.19,
1,Maze001,13.098,3.2500,-0.9990,3.2500,52.19,
1,Maze001,13.103,3.2500,-0.9990,3.2500,52.19,
1,Maze001,13.108,3.2500,-0.9990,3.2500,52.19,
1,Maze001,13.111,3.2500,-0.9990,3.2500,52.19,
1,Maze001,13.115,3.2500,-0.9990,3.2500,52.19,
1,Maze001,13.119,3.2500,-0.9990,3.2500,52.19,
1,Maze001,13.123,3.2500,-0.9990,3.2500,52.19,
1,Maze001,13.128,3.2500,-0.9990,3.2500,52.19,
1,Maze001,13.137,3.2500,-0.9990,3.2500,52.19,
1,Maze001,13.139,3.2500,-0.9990,3.2500,52.19,
1,Maze001,13.144,3.2500,-0.9990,3.2500,52.19,
1,Maze001,13.147,3.2500,-0.9990,3.2500,52.19,
1,Maze001,13.152,3.2500,-0.9990,3.2500,52.19,
1,Maze001,13.156,3.2500,-0.9990,3.2500,52.19,
1,Maze001,13.160,3.2500,-0.9990,3.2500,52.19,
1,Maze001,13.164,3.2500,-0.9990,3.2500,52.19,
1,Maze001,13.168,3.2500,-0.9990,3.2500,52.19,
1,Maze001,13.174,3.2500,-0.9990,3.2500,52.19,
1,Maze001,13.177,3.2500,-0.9990,3.2500,52.19,
1,Maze001,13.181,3.2500,-0.9990,3.2500,52.19,
1,Maze001,13.185,3.2500,-0.9990,3.2500,52.19,
1,Maze001,13.189,3.2500,-0.9990,3.2500,52.19,
1,Maze001,13.194,3.2500,-0.9990,3.2500,52.19,
1,Maze001,13.198,3.2500,-0.9990,3.2500,52.19,
1,Maze001,13.204,3.2500,-0.9990,3.2500,52.19,
1,Maze001,13.207,3.2500,-0.9990,3.2500,52.19,
1,Maze001,13.214,3.2500,-0.9990,3.2500,52.19,
1,Maze001,13.219,3.2500,-0.9990,3.2500,52.19,
1,Maze001,13.223,3.2500,-0.9990,3.2500,52.19,
1,Maze001,13.227,3.2500,-0.9990,3.2500,52.19,
1,Maze001,13.231,3.2500,-0.9990,3.2500,52.19,
1,Maze001,13.237,3.2500,-0.9990,3.2500,52.19,
1,Maze001,13.240,3.2500,-0.9990,3.2500,52.19,
1,Maze001,13.244,3.2500,-0.9990,3.2500,52.19,
1,Maze001,13.248,3.2500,-0.9990,3.2500,52.19,
1,Maze001,13.252,3.2500,-0.9990,3.2500,52.19,
1,Maze001,13.257,3.2500,-0.9990,3.2500,52.19,
1,Maze001,13.261,3.2500,-0.9990,3.2500,52.19,
1,Maze001,13.265,3.2500,-0.9990,3.2500,52.19,
1,Maze001,13.269,3.2500,-0.9990,3.2500,52.19,
1,Maze001,13.273,3.2500,-0.9990,3.2500,52.19,
1,Maze001,13.279,3.2500,-0.9990,3.2500,52.19,
1,Maze001,13.282,3.2500,-0.9990,3.2500,52.19,
1,Maze001,13.289,3.2500,-0.9990,3.2500,52.19,
1,Maze001,13.294,3.2500,-0.9990,3.2500,52.19,
1,Maze001,13.298,3.2500,-0.9990,3.2500,52.19,
1,Maze001,13.303,3.2500,-0.9990,3.2500,52.19,
1,Maze001,13.306,3.2500,-0.9990,3.2500,52.19,
1,Maze001,13.310,3.2500,-0.9990,3.2500,52.19,
1,Maze001,13.314,3.2500,-0.9990,3.2500,52.19,
1,Maze001,13.319,3.2500,-0.9990,3.2500,52.19,
1,Maze001,13.323,3.2500,-0.9990,3.2500,52.19,
1,Maze001,13.327,3.2500,-0.9990,3.2500,52.19,
1,Maze001,13.331,3.2500,-0.9990,3.2500,52.19,
1,Maze001,13.335,3.2500,-0.9990,3.2500,52.19,
1,Maze001,13.339,3.2500,-0.9990,3.2500,52.19,
1,Maze001,13.343,3.2500,-0.9990,3.2500,52.19,
1,Maze001,13.348,3.2500,-0.9990,3.2500,52.19,
1,Maze001,13.352,3.2500,-0.9990,3.2500,52.19,
1,Maze001,13.357,3.2500,-0.9990,3.2500,52.19,
1,Maze001,13.360,3.2500,-0.9990,3.2500,52.19,
1,Maze001,13.364,3.2500,-0.9990,3.2500,52.19,
1,Maze001,13.368,3.2500,-0.9990,3.2500,52.19,
1,Maze001,13.372,3.2500,-0.9990,3.2500,52.19,
1,Maze001,13.377,3.2500,-0.9990,3.2500,52.19,
1,Maze001,13.382,3.2500,-0.9990,3.2500,52.19,
1,Maze001,13.385,3.2500,-0.9990,3.2500,52.19,
1,Maze001,13.389,3.2500,-0.9990,3.2500,52.19,
1,Maze001,13.393,3.2500,-0.9990,3.2500,52.19,
1,Maze001,13.397,3.2500,-0.9990,3.2500,52.19,
1,Maze001,13.402,3.2500,-0.9990,3.2500,52.19,
1,Maze001,13.407,3.2500,-0.9990,3.2500,52.19,
1,Maze001,13.410,3.2500,-0.9990,3.2500,52.19,
1,Maze001,13.414,3.2500,-0.9990,3.2500,52.19,
1,Maze001,13.418,3.2500,-0.9990,3.2500,52.19,
1,Maze001,13.423,3.2500,-0.9990,3.2500,52.19,
1,Maze001,13.427,3.2500,-0.9990,3.2500,52.19,
1,Maze001,13.431,3.2500,-0.9990,3.2500,52.19,
1,Maze001,13.436,3.2500,-0.9990,3.2500,52.19,
1,Maze001,13.440,3.2500,-0.9990,3.2500,52.19,
1,Maze001,13.444,3.2500,-0.9990,3.2500,52.19,
1,Maze001,13.448,3.2500,-0.9990,3.2500,52.19,
1,Maze001,13.452,3.2500,-0.9990,3.2500,52.19,
1,Maze001,13.456,3.2500,-0.9990,3.2500,52.19,
1,Maze001,13.460,3.2500,-0.9990,3.2500,52.19,
1,Maze001,13.464,3.2500,-0.9990,3.2500,52.19,
1,Maze001,13.468,3.2500,-0.9990,3.2500,52.19,
1,Maze001,13.472,3.2500,-0.9990,3.2500,52.19,
1,Maze001,13.477,3.2500,-0.9990,3.2500,52.19,
1,Maze001,13.482,3.2500,-0.9990,3.2500,52.19,
1,Maze001,13.485,3.2500,-0.9990,3.2500,52.19,
1,Maze001,13.489,3.2500,-0.9990,3.2500,52.19,
1,Maze001,13.494,3.2500,-0.9990,3.2500,52.19,
1,Maze001,13.498,3.2500,-0.9990,3.2500,52.19,
1,Maze001,13.502,3.2500,-0.9990,3.2500,52.19,
1,Maze001,13.506,3.2500,-0.9990,3.2500,52.19,
1,Maze001,13.510,3.2500,-0.9990,3.2500,52.19,
1,Maze001,13.514,3.2500,-0.9990,3.2500,52.19,
1,Maze001,13.518,3.2500,-0.9990,3.2500,52.19,
1,Maze001,13.523,3.2500,-0.9990,3.2500,52.19,
1,Maze001,13.527,3.2500,-0.9990,3.2500,52.19,
1,Maze001,13.532,3.2500,-0.9990,3.2500,52.19,
1,Maze001,13.539,3.2500,-0.9990,3.2500,52.19,
1,Maze001,13.544,3.2500,-0.9990,3.2500,52.19,
1,Maze001,13.548,3.2500,-0.9990,3.2500,52.19,
1,Maze001,13.552,3.2500,-0.9990,3.2500,52.19,
1,Maze001,13.556,3.2500,-0.9990,3.2500,52.19,
1,Maze001,13.560,3.2500,-0.9990,3.2500,52.19,
1,Maze001,13.564,3.2500,-0.9990,3.2500,52.19,
1,Maze001,13.568,3.2500,-0.9990,3.2500,52.19,
1,Maze001,13.572,3.2500,-0.9990,3.2500,52.19,
1,Maze001,13.577,3.2500,-0.9990,3.2500,52.19,
1,Maze001,13.581,3.2500,-0.9990,3.2500,52.19,
1,Maze001,13.585,3.2500,-0.9990,3.2500,52.19,
1,Maze001,13.589,3.2500,-0.9990,3.2500,52.19,
1,Maze001,13.593,3.2500,-0.9990,3.2500,52.19,
1,Maze001,13.598,3.2500,-0.9990,3.2500,52.19,
1,Maze001,13.602,3.2500,-0.9990,3.2500,52.19,
1,Maze001,13.606,3.2500,-0.9990,3.2500,52.19,
1,Maze001,13.610,3.2500,-0.9990,3.2500,52.19,
1,Maze001,13.614,3.2500,-0.9990,3.2500,52.19,
1,Maze001,13.618,3.2500,-0.9990,3.2500,52.19,
1,Maze001,13.623,3.2500,-0.9990,3.2500,52.19,
1,Maze001,13.627,3.2500,-0.9990,3.2500,52.19,
1,Maze001,13.631,3.2500,-0.9990,3.2500,52.19,
1,Maze001,13.635,3.2500,-0.9990,3.2500,52.19,
1,Maze001,13.640,3.2500,-0.9990,3.2500,52.19,
1,Maze001,13.645,3.2500,-0.9990,3.2500,52.19,
1,Maze001,13.652,3.2500,-0.9990,3.2500,52.19,
1,Maze001,13.656,3.2500,-0.9990,3.2500,52.19,
1,Maze001,13.660,3.2500,-0.9990,3.2500,52.19,
1,Maze001,13.666,3.2500,-0.9990,3.2500,52.19,
1,Maze001,13.669,3.2500,-0.9990,3.2500,52.19,
1,Maze001,13.673,3.2500,-0.9990,3.2500,52.19,
1,Maze001,13.679,3.2500,-0.9990,3.2500,52.19,
1,Maze001,13.682,3.2500,-0.9990,3.2500,52.19,
1,Maze001,13.685,3.2500,-0.9990,3.2500,52.19,
1,Maze001,13.689,3.2500,-0.9990,3.2500,52.19,
1,Maze001,13.693,3.2500,-0.9990,3.2500,52.19,
1,Maze001,13.697,3.2500,-0.9990,3.2500,52.19,
1,Maze001,13.702,3.2500,-0.9990,3.2500,52.19,
1,Maze001,13.706,3.2500,-0.9990,3.2500,52.19,
1,Maze001,13.710,3.2500,-0.9990,3.2500,52.19,
1,Maze001,13.714,3.2500,-0.9990,3.2500,52.19,
1,Maze001,13.718,3.2500,-0.9990,3.2500,52.19,
1,Maze001,13.722,3.2500,-0.9990,3.2500,52.19,
1,Maze001,13.727,3.2500,-0.9990,3.2500,52.19,
1,Maze001,13.732,3.2500,-0.9990,3.2500,52.19,
1,Maze001,13.735,3.2500,-0.9990,3.2500,52.19,
1,Maze001,13.740,3.2500,-0.9990,3.2500,52.19,
1,Maze001,13.743,3.2500,-0.9990,3.2500,52.19,
1,Maze001,13.748,3.2500,-0.9990,3.2500,52.19,
1,Maze001,13.752,3.2500,-0.9990,3.2500,52.19,
1,Maze001,13.756,3.2500,-0.9990,3.2500,52.19,
1,Maze001,13.760,3.2500,-0.9990,3.2500,52.19,
1,Maze001,13.767,3.2500,-0.9990,3.2500,52.19,
1,Maze001,13.770,3.2500,-0.9990,3.2500,52.19,
1,Maze001,13.777,3.2500,-0.9990,3.2500,52.19,
1,Maze001,13.781,3.2500,-0.9990,3.2500,52.19,
1,Maze001,13.785,3.2500,-0.9990,3.2500,52.19,
1,Maze001,13.789,3.2500,-0.9990,3.2500,52.19,
1,Maze001,13.793,3.2500,-0.9990,3.2500,52.19,
1,Maze001,13.800,3.2500,-0.9990,3.2500,52.19,
1,Maze001,13.803,3.2500,-0.9990,3.2500,52.19,
1,Maze001,13.806,3.2500,-0.9990,3.2500,52.19,
1,Maze001,13.810,3.2500,-0.9990,3.2500,52.19,
1,Maze001,13.814,3.2500,-0.9990,3.2500,52.19,
1,Maze001,13.818,3.2500,-0.9990,3.2500,52.19,
1,Maze001,13.823,3.2500,-0.9990,3.2500,52.19,
1,Maze001,13.827,3.2500,-0.9990,3.2500,52.19,
1,Maze001,13.832,3.2500,-0.9990,3.2500,52.19,
1,Maze001,13.835,3.2500,-0.9990,3.2500,52.19,
1,Maze001,13.840,3.2500,-0.9990,3.2500,52.19,
1,Maze001,13.844,3.2500,-0.9990,3.2500,52.19,
1,Maze001,13.848,3.2500,-0.9990,3.2500,52.19,
1,Maze001,13.852,3.2500,-0.9990,3.2500,52.19,
1,Maze001,13.856,3.2500,-0.9990,3.2500,52.19,
1,Maze001,13.861,3.2500,-0.9990,3.2500,52.19,
1,Maze001,13.865,3.2500,-0.9990,3.2500,52.19,
1,Maze001,13.869,3.2500,-0.9990,3.2500,52.19,
1,Maze001,13.873,3.2500,-0.9990,3.2500,52.19,
1,Maze001,13.877,3.2500,-0.9990,3.2500,52.19,
1,Maze001,13.881,3.2500,-0.9990,3.2500,52.19,
1,Maze001,13.885,3.2500,-0.9990,3.2500,52.19,
1,Maze001,13.890,3.2500,-0.9990,3.2500,52.19,
1,Maze001,13.894,3.2500,-0.9990,3.2500,52.19,
1,Maze001,13.898,3.2500,-0.9990,3.2500,52.19,
1,Maze001,13.903,3.2500,-0.9990,3.2500,52.19,
1,Maze001,13.906,3.2500,-0.9990,3.2500,52.19,
1,Maze001,13.911,3.2500,-0.9990,3.2500,52.19,
1,Maze001,13.918,3.2500,-0.9990,3.2500,52.19,
1,Maze001,13.923,3.2500,-0.9990,3.2500,52.19,
1,Maze001,13.927,3.2500,-0.9990,3.2500,52.19,
1,Maze001,13.931,3.2500,-0.9990,3.2500,52.19,
1,Maze001,13.936,3.2500,-0.9990,3.2500,52.19,
1,Maze001,13.939,3.2500,-0.9990,3.2500,52.19,
1,Maze001,13.943,3.2500,-0.9990,3.2500,52.19,
1,Maze001,13.947,3.2500,-0.9990,3.2500,52.19,
1,Maze001,13.952,3.2500,-0.9990,3.2500,52.19,
1,Maze001,13.956,3.2500,-0.9990,3.2500,52.19,
1,Maze001,13.960,3.2500,-0.9990,3.2500,52.19,
1,Maze001,13.965,3.2500,-0.9990,3.2500,52.19,
1,Maze001,13.969,3.2500,-0.9990,3.2500,52.19,
1,Maze001,13.973,3.2500,-0.9990,3.2500,52.19,
1,Maze001,13.977,3.2500,-0.9990,3.2500,52.19,
1,Maze001,13.981,3.2500,-0.9990,3.2500,52.19,
1,Maze001,13.985,3.2500,-0.9990,3.2500,52.19,
1,Maze001,13.989,3.2500,-0.9990,3.2500,52.19,
1,Maze001,13.994,3.2500,-0.9990,3.2500,52.19,
1,Maze001,13.998,3.2500,-0.9990,3.2500,52.19,
1,Maze001,14.002,3.2500,-0.9990,3.2500,52.19,
1,Maze001,14.006,3.2500,-0.9990,3.2500,52.19,
1,Maze001,14.010,3.2500,-0.9990,3.2500,52.19,
1,Maze001,14.014,3.2500,-0.9990,3.2500,52.19,
1,Maze001,14.018,3.2500,-0.9990,3.2500,52.19,
1,Maze001,14.023,3.2500,-0.9990,3.2500,52.19,
1,Maze001,14.028,3.2500,-0.9990,3.2500,52.19,
1,Maze001,14.031,3.2500,-0.9990,3.2500,52.19,
1,Maze001,14.035,3.2500,-0.9990,3.2500,52.19,
1,Maze001,14.039,3.2500,-0.9990,3.2500,52.19,
1,Maze001,14.044,3.2500,-0.9990,3.2500,52.19,
1,Maze001,14.048,3.2500,-0.9990,3.2500,52.19,
1,Maze001,14.052,3.2500,-0.9990,3.2500,52.19,
1,Maze001,14.056,3.2500,-0.9990,3.2500,52.19,
1,Maze001,14.061,3.2500,-0.9990,3.2500,52.19,
1,Maze001,14.064,3.2500,-0.9990,3.2500,52.19,
1,Maze001,14.068,3.2500,-0.9990,3.2500,52.19,
1,Maze001,14.073,3.2500,-0.9990,3.2500,52.19,
1,Maze001,14.077,3.2500,-0.9990,3.2500,52.19,
1,Maze001,14.081,3.2500,-0.9990,3.2500,52.19,
1,Maze001,14.085,3.2500,-0.9990,3.2500,52.19,
1,Maze001,14.089,3.2500,-0.9990,3.2500,52.19,
1,Maze001,14.093,3.2500,-0.9990,3.2500,52.19,
1,Maze001,14.098,3.2500,-0.9990,3.2500,52.19,
1,Maze001,14.102,3.2500,-0.9990,3.2500,52.19,
1,Maze001,14.106,3.2500,-0.9990,3.2500,52.19,
1,Maze001,14.110,3.2500,-0.9990,3.2500,52.19,
1,Maze001,14.114,3.2500,-0.9990,3.2500,52.19,
1,Maze001,14.119,3.2500,-0.9990,3.2500,52.19,
1,Maze001,14.122,3.2500,-0.9990,3.2500,52.19,
1,Maze001,14.127,3.2500,-0.9990,3.2500,52.19,
1,Maze001,14.131,3.2500,-0.9990,3.2500,52.19,
1,Maze001,14.135,3.2500,-0.9990,3.2500,52.19,
1,Maze001,14.139,3.2500,-0.9990,3.2500,52.19,
1,Maze001,14.143,3.2500,-0.9990,3.2500,52.19,
1,Maze001,14.148,3.2500,-0.9990,3.2500,52.19,
1,Maze001,14.153,3.2500,-0.9990,3.2500,52.19,
1,Maze001,14.156,3.2500,-0.9990,3.2500,52.19,
1,Maze001,14.160,3.2500,-0.9990,3.2500,52.19,
1,Maze001,14.164,3.2500,-0.9990,3.2500,52.19,
1,Maze001,14.168,3.2500,-0.9990,3.2500,52.19,
1,Maze001,14.172,3.2500,-0.9990,3.2500,52.19,
1,Maze001,14.177,3.2500,-0.9990,3.2500,52.19,
1,Maze001,14.181,3.2500,-0.9990,3.2500,52.19,
1,Maze001,14.185,3.2500,-0.9990,3.2500,52.19,
1,Maze001,14.190,3.2500,-0.9990,3.2500,52.19,
1,Maze001,14.193,3.2500,-0.9990,3.2500,52.19,
1,Maze001,14.198,3.2500,-0.9990,3.2500,52.19,
1,Maze001,14.202,3.2500,-0.9990,3.2500,52.19,
1,Maze001,14.206,3.2500,-0.9990,3.2500,52.19,
1,Maze001,14.210,3.2500,-0.9990,3.2500,52.19,
1,Maze001,14.215,3.2500,-0.9990,3.2500,52.19,
1,Maze001,14.219,3.2500,-0.9990,3.2500,52.19,
1,Maze001,14.223,3.2500,-0.9990,3.2500,52.19,
1,Maze001,14.227,3.2500,-0.9990,3.2500,52.19,
1,Maze001,14.232,3.2500,-0.9990,3.2500,52.19,
1,Maze001,14.235,3.2500,-0.9990,3.2500,52.19,
1,Maze001,14.240,3.2500,-0.9990,3.2500,52.19,
1,Maze001,14.244,3.2500,-0.9990,3.2500,52.19,
1,Maze001,14.248,3.2500,-0.9990,3.2500,52.19,
1,Maze001,14.252,3.2500,-0.9990,3.2500,52.19,
1,Maze001,14.256,3.2500,-0.9990,3.2500,52.19,
1,Maze001,14.260,3.2500,-0.9990,3.2500,52.19,
1,Maze001,14.264,3.2500,-0.9990,3.2500,52.19,
1,Maze001,14.268,3.2500,-0.9990,3.2500,52.19,
1,Maze001,14.272,3.2500,-0.9990,3.2500,52.19,
1,Maze001,14.278,3.2500,-0.9990,3.2500,52.19,
1,Maze001,14.281,3.2500,-0.9990,3.2500,52.19,
1,Maze001,14.285,3.2500,-0.9990,3.2500,52.19,
1,Maze001,14.289,3.2500,-0.9990,3.2500,52.19,
1,Maze001,14.294,3.2500,-0.9990,3.2500,52.19,
1,Maze001,14.298,3.2500,-0.9990,3.2500,52.19,
1,Maze001,14.302,3.2500,-0.9990,3.2500,52.19,
1,Maze001,14.306,3.2500,-0.9990,3.2500,52.19,
1,Maze001,14.310,3.2500,-0.9990,3.2500,52.19,
1,Maze001,14.314,3.2500,-0.9990,3.2500,52.19,
1,Maze001,14.319,3.2500,-0.9990,3.2500,52.19,
1,Maze001,14.326,3.2500,-0.9990,3.2500,52.19,
1,Maze001,14.330,3.2500,-0.9990,3.2500,52.19,
1,Maze001,14.335,3.2500,-0.9990,3.2500,52.19,
1,Maze001,14.339,3.2500,-0.9990,3.2500,52.19,
1,Maze001,14.343,3.2500,-0.9990,3.2500,52.19,
1,Maze001,14.347,3.2500,-0.9990,3.2500,52.19,
1,Maze001,14.352,3.2500,-0.9990,3.2500,52.19,
1,Maze001,14.357,3.2500,-0.9990,3.2500,52.19,
1,Maze001,14.361,3.2500,-0.9990,3.2500,52.19,
1,Maze001,14.364,3.2500,-0.9990,3.2500,52.19,
1,Maze001,14.369,3.2500,-0.9990,3.2500,52.19,
1,Maze001,14.373,3.2500,-0.9990,3.2500,52.19,
1,Maze001,14.377,3.2500,-0.9990,3.2500,52.19,
1,Maze001,14.381,3.2500,-0.9990,3.2500,52.19,
1,Maze001,14.385,3.2500,-0.9990,3.2500,52.19,
1,Maze001,14.390,3.2500,-0.9990,3.2500,52.19,
1,Maze001,14.395,3.2500,-0.9990,3.2500,52.19,
1,Maze001,14.402,3.2500,-0.9990,3.2500,52.19,
1,Maze001,14.406,3.2500,-0.9990,3.2500,52.19,
1,Maze001,14.410,3.2500,-0.9990,3.2500,52.19,
1,Maze001,14.414,3.2500,-0.9990,3.2500,52.19,
1,Maze001,14.418,3.2500,-0.9990,3.2500,52.19,
1,Maze001,14.423,3.2500,-0.9990,3.2500,52.19,
1,Maze001,14.428,3.2500,-0.9990,3.2500,52.19,
1,Maze001,14.431,3.2500,-0.9990,3.2500,52.19,
1,Maze001,14.435,3.2500,-0.9990,3.2500,52.19,
1,Maze001,14.439,3.2500,-0.9990,3.2500,52.19,
1,Maze001,14.443,3.2500,-0.9990,3.2500,52.19,
1,Maze001,14.448,3.2500,-0.9990,3.2500,52.19,
1,Maze001,14.453,3.2500,-0.9990,3.2500,52.19,
1,Maze001,14.456,3.2500,-0.9990,3.2500,52.19,
1,Maze001,14.461,3.2500,-0.9990,3.2500,52.19,
1,Maze001,14.464,3.2500,-0.9990,3.2500,52.19,
1,Maze001,14.469,3.2500,-0.9990,3.2500,52.19,
1,Maze001,14.473,3.2500,-0.9990,3.2500,52.19,
1,Maze001,14.477,3.2500,-0.9990,3.2500,52.19,
1,Maze001,14.481,3.2500,-0.9990,3.2500,52.19,
1,Maze001,14.485,3.2500,-0.9990,3.2500,52.19,
1,Maze001,14.491,3.2500,-0.9990,3.2500,52.19,
1,Maze001,14.494,3.2500,-0.9990,3.2500,52.19,
1,Maze001,14.497,3.2500,-0.9990,3.2500,52.19,
1,Maze001,14.502,3.2500,-0.9990,3.2500,52.19,
1,Maze001,14.506,3.2500,-0.9990,3.2500,52.19,
1,Maze001,14.510,3.2500,-0.9990,3.2500,52.19,
1,Maze001,14.514,3.2500,-0.9990,3.2500,52.19,
1,Maze001,14.518,3.2500,-0.9990,3.2500,52.19,
1,Maze001,14.523,3.2500,-0.9990,3.2500,52.19,
1,Maze001,14.528,3.2500,-0.9990,3.2500,52.19,
1,Maze001,14.531,3.2500,-0.9990,3.2500,52.19,
1,Maze001,14.535,3.2500,-0.9990,3.2500,52.19,
1,Maze001,14.539,3.2500,-0.9990,3.2500,52.19,
1,Maze001,14.543,3.2500,-0.9990,3.2500,52.19,
1,Maze001,14.548,3.2500,-0.9990,3.2500,52.19,
1,Maze001,14.552,3.2500,-0.9990,3.2500,52.19,
1,Maze001,14.556,3.2500,-0.9990,3.2500,52.19,
1,Maze001,14.562,3.2500,-0.9990,3.2500,52.19,
1,Maze001,14.564,3.2500,-0.9990,3.2500,52.19,
1,Maze001,14.569,3.2500,-0.9990,3.2500,52.19,
1,Maze001,14.572,3.2500,-0.9990,3.2500,52.19,
1,Maze001,14.577,3.2500,-0.9990,3.2500,52.19,
1,Maze001,14.582,3.2500,-0.9990,3.2500,52.19,
1,Maze001,14.585,3.2500,-0.9990,3.2500,52.19,
1,Maze001,14.590,3.2500,-0.9990,3.2500,52.19,
1,Maze001,14.593,3.2500,-0.9990,3.2500,52.19,
1,Maze001,14.598,3.2500,-0.9990,3.2500,52.19,
1,Maze001,14.602,3.2500,-0.9990,3.2500,52.19,
1,Maze001,14.606,3.2500,-0.9990,3.2500,52.19,
1,Maze001,14.610,3.2500,-0.9990,3.2500,52.19,
1,Maze001,14.614,3.2500,-0.9990,3.2500,52.19,
1,Maze001,14.618,3.2500,-0.9990,3.2500,52.19,
1,Maze001,14.622,3.2500,-0.9990,3.2500,52.19,
1,Maze001,14.627,3.2500,-0.9990,3.2500,52.19,
1,Maze001,14.632,3.2500,-0.9990,3.2500,52.19,
1,Maze001,14.635,3.2500,-0.9990,3.2500,52.19,
1,Maze001,14.639,3.2500,-0.9990,3.2500,52.19,
1,Maze001,14.643,3.2500,-0.9990,3.2500,52.19,
1,Maze001,14.647,3.2500,-0.9990,3.2500,52.19,
1,Maze001,14.651,3.2500,-0.9990,3.2500,52.19,
1,Maze001,14.656,3.2500,-0.9990,3.2500,52.19,
1,Maze001,14.660,3.2500,-0.9990,3.2500,52.19,
1,Maze001,14.664,3.2500,-0.9990,3.2500,52.19,
1,Maze001,14.669,3.2500,-0.9990,3.2500,52.19,
1,Maze001,14.672,3.2500,-0.9990,3.2500,52.19,
1,Maze001,14.678,3.2500,-0.9990,3.2500,52.19,
1,Maze001,14.681,3.2500,-0.9990,3.2500,52.19,
1,Maze001,14.685,3.2500,-0.9990,3.2500,52.19,
1,Maze001,14.689,3.2500,-0.9990,3.2500,52.19,
1,Maze001,14.693,3.2500,-0.9990,3.2500,52.19,
1,Maze001,14.697,3.2500,-0.9990,3.2500,52.19,
1,Maze001,14.702,3.2500,-0.9990,3.2500,52.19,
1,Maze001,14.706,3.2500,-0.9990,3.2500,52.19,
1,Maze001,14.710,3.2500,-0.9990,3.2500,52.19,
1,Maze001,14.714,3.2500,-0.9990,3.2500,52.19,
1,Maze001,14.718,3.2500,-0.9990,3.2500,52.19,
1,Maze001,14.724,3.2500,-0.9990,3.2500,52.19,
1,Maze001,14.727,3.2500,-0.9990,3.2500,52.19,
1,Maze001,14.731,3.2500,-0.9990,3.2500,52.19,
1,Maze001,14.735,3.2500,-0.9990,3.2500,52.19,
1,Maze001,14.739,3.2500,-0.9990,3.2500,52.19,
1,Maze001,14.744,3.2500,-0.9990,3.2500,52.19,
1,Maze001,14.748,3.2500,-0.9990,3.2500,52.19,
1,Maze001,14.752,3.2500,-0.9990,3.2500,52.19,
1,Maze001,14.756,3.2500,-0.9990,3.2500,52.19,
1,Maze001,14.760,3.2500,-0.9990,3.2500,52.19,
1,Maze001,14.765,3.2500,-0.9990,3.2500,52.19,
1,Maze001,14.768,3.2500,-0.9990,3.2500,52.19,
1,Maze001,14.773,3.2500,-0.9990,3.2500,52.19,
1,Maze001,14.777,3.2500,-0.9990,3.2500,52.19,
1,Maze001,14.781,3.2500,-0.9990,3.2500,52.19,
1,Maze001,14.785,3.2500,-0.9990,3.2500,52.19,
1,Maze001,14.789,3.2500,-0.9990,3.2500,52.19,
1,Maze001,14.794,3.2500,-0.9990,3.2500,52.19,
1,Maze001,14.798,3.2500,-0.9990,3.2500,52.19,
1,Maze001,14.801,3.2500,-0.9990,3.2500,52.19,
1,Maze001,14.806,3.2500,-0.9990,3.2500,52.19,
1,Maze001,14.810,3.2500,-0.9990,3.2500,52.19,
1,Maze001,14.814,3.2500,-0.9990,3.2500,52.19,
1,Maze001,14.819,3.2500,-0.9990,3.2500,52.19,
1,Maze001,14.822,3.2500,-0.9990,3.2500,52.19,
1,Maze001,14.826,3.2500,-0.9990,3.2500,52.19,
1,Maze001,14.831,3.2500,-0.9990,3.2500,52.19,
1,Maze001,14.835,3.2500,-0.9990,3.2500,52.19,
1,Maze001,14.840,3.2500,-0.9990,3.2500,52.19,
1,Maze001,14.843,3.2500,-0.9990,3.2500,52.19,
1,Maze001,14.848,3.2500,-0.9990,3.2500,52.19,
1,Maze001,14.852,3.2500,-0.9990,3.2500,52.19,
1,Maze001,14.857,3.2500,-0.9990,3.2500,52.19,
1,Maze001,14.860,3.2500,-0.9990,3.2500,52.19,
1,Maze001,14.864,3.2500,-0.9990,3.2500,52.19,
1,Maze001,14.868,3.2500,-0.9990,3.2500,52.19,
1,Maze001,14.873,3.2500,-0.9990,3.2500,52.19,
1,Maze001,14.877,3.2500,-0.9990,3.2500,52.19,
1,Maze001,14.881,3.2500,-0.9990,3.2500,52.19,
1,Maze001,14.886,3.2500,-0.9990,3.2500,52.19,
1,Maze001,14.889,3.2500,-0.9990,3.2500,52.19,
1,Maze001,14.894,3.2500,-0.9990,3.2500,52.19,
1,Maze001,14.898,3.2500,-0.9990,3.2500,52.19,
1,Maze001,14.902,3.2500,-0.9990,3.2500,52.19,
1,Maze001,14.907,3.2500,-0.9990,3.2500,52.19,
1,Maze001,14.911,3.2500,-0.9990,3.2500,52.19,
1,Maze001,14.917,3.2500,-0.9990,3.2500,52.19,
1,Maze001,14.920,3.2500,-0.9990,3.2500,52.19,
1,Maze001,14.926,3.2500,-0.9990,3.2500,52.19,
1,Maze001,14.931,3.2500,-0.9990,3.2500,52.19,
1,Maze001,14.935,3.2500,-0.9990,3.2500,52.19,
1,Maze001,14.939,3.2500,-0.9990,3.2500,52.19,
1,Maze001,14.943,3.2500,-0.9990,3.2500,52.19,
1,Maze001,14.948,3.2500,-0.9990,3.2500,52.19,
1,Maze001,14.952,3.2500,-0.9990,3.2500,52.19,
1,Maze001,14.956,3.2500,-0.9990,3.2500,52.19,
1,Maze001,14.960,3.2500,-0.9990,3.2500,52.19,
1,Maze001,14.964,3.2500,-0.9990,3.2500,52.19,
1,Maze001,14.968,3.2500,-0.9990,3.2500,52.19,
1,Maze001,14.972,3.2500,-0.9990,3.2500,52.19,
1,Maze001,14.976,3.2500,-0.9990,3.2500,52.19,
1,Maze001,14.982,3.2500,-0.9990,3.2500,52.19,
1,Maze001,14.985,3.2500,-0.9990,3.2500,52.19,
1,Maze001,14.989,3.2500,-0.9990,3.2500,52.19,
1,Maze001,14.993,3.2500,-0.9990,3.2500,52.19,
1,Maze001,14.997,3.2500,-0.9990,3.2500,52.19,
1,Maze001,15.001,3.2500,-0.9990,3.2500,52.19,
1,Maze001,15.006,3.2500,-0.9990,3.2500,52.19,
1,Maze001,15.010,3.2500,-0.9990,3.2500,52.19,
1,Maze001,15.015,3.2500,-0.9990,3.2500,52.19,
1,Maze001,15.018,3.2500,-0.9990,3.2500,52.19,
1,Maze001,15.023,3.2500,-0.9990,3.2500,52.19,
1,Maze001,15.027,3.2500,-0.9990,3.2500,52.19,
1,Maze001,15.031,3.2500,-0.9990,3.2500,52.19,
1,Maze001,15.035,3.2500,-0.9990,3.2500,52.19,
1,Maze001,15.040,3.2500,-0.9990,3.2500,52.19,
1,Maze001,15.043,3.2500,-0.9990,3.2500,52.19,
1,Maze001,15.048,3.2500,-0.9990,3.2500,52.19,
1,Maze001,15.052,3.2500,-0.9990,3.2500,52.19,
1,Maze001,15.056,3.2500,-0.9990,3.2500,52.19,
1,Maze001,15.060,3.2500,-0.9990,3.2500,52.19,
1,Maze001,15.064,3.2500,-0.9990,3.2500,52.19,
1,Maze001,15.068,3.2500,-0.9990,3.2500,52.19,
1,Maze001,15.072,3.2500,-0.9990,3.2500,52.19,
1,Maze001,15.077,3.2500,-0.9990,3.2500,52.19,
1,Maze001,15.081,3.2500,-0.9990,3.2500,52.19,
1,Maze001,15.085,3.2500,-0.9990,3.2500,52.19,
1,Maze001,15.089,3.2500,-0.9990,3.2500,52.19,
1,Maze001,15.094,3.2500,-0.9990,3.2500,52.19,
1,Maze001,15.097,3.2500,-0.9990,3.2500,52.19,
1,Maze001,15.102,3.2500,-0.9990,3.2500,52.19,
1,Maze001,15.106,3.2500,-0.9990,3.2500,52.19,
1,Maze001,15.110,3.2500,-0.9990,3.2500,52.19,
1,Maze001,15.114,3.2500,-0.9990,3.2500,52.19,
1,Maze001,15.118,3.2500,-0.9990,3.2500,52.19,
1,Maze001,15.122,3.2500,-0.9990,3.2500,52.19,
1,Maze001,15.126,3.2500,-0.9990,3.2500,52.19,
1,Maze001,15.131,3.2500,-0.9990,3.2500,52.19,
1,Maze001,15.135,3.2500,-0.9990,3.2500,52.19,
1,Maze001,15.139,3.2500,-0.9990,3.2500,52.19,
1,Maze001,15.143,3.2500,-0.9990,3.2500,52.19,
1,Maze001,15.148,3.2500,-0.9990,3.2500,52.19,
1,Maze001,15.152,3.2500,-0.9990,3.2500,52.19,
1,Maze001,15.156,3.2500,-0.9990,3.2500,52.19,
1,Maze001,15.160,3.2500,-0.9990,3.2500,52.19,
1,Maze001,15.166,3.2500,-0.9990,3.2500,52.19,
1,Maze001,15.169,3.2500,-0.9990,3.2500,52.19,
1,Maze001,15.177,3.2500,-0.9990,3.2500,52.19,
1,Maze001,15.181,3.2500,-0.9990,3.2500,52.19,
1,Maze001,15.185,3.2500,-0.9990,3.2500,52.19,
1,Maze001,15.189,3.2500,-0.9990,3.2500,52.19,
1,Maze001,15.194,3.2500,-0.9990,3.2500,52.19,
1,Maze001,15.199,3.2500,-0.9990,3.2500,52.19,
1,Maze001,15.204,3.2500,-0.9990,3.2500,52.19,
1,Maze001,15.207,3.2500,-0.9990,3.2500,52.19,
1,Maze001,15.210,3.2500,-0.9990,3.2500,52.19,
1,Maze001,15.215,3.2500,-0.9990,3.2500,52.19,
1,Maze001,15.219,3.2500,-0.9990,3.2500,52.19,
1,Maze001,15.222,3.2500,-0.9990,3.2500,52.19,
1,Maze001,15.227,3.2500,-0.9990,3.2500,52.19,
1,Maze001,15.231,3.2500,-0.9990,3.2500,52.19,
1,Maze001,15.235,3.2500,-0.9990,3.2500,52.19,
1,Maze001,15.239,3.2500,-0.9990,3.2500,52.19,
1,Maze001,15.243,3.2500,-0.9990,3.2500,52.19,
1,Maze001,15.247,3.2500,-0.9990,3.2500,52.19,
1,Maze001,15.252,3.2500,-0.9990,3.2500,52.19,
1,Maze001,15.256,3.2500,-0.9990,3.2500,52.19,
1,Maze001,15.260,3.2500,-0.9990,3.2500,52.19,
1,Maze001,15.264,3.2500,-0.9990,3.2500,52.19,
1,Maze001,15.268,3.2500,-0.9990,3.2500,52.19,
1,Maze001,15.272,3.2500,-0.9990,3.2500,52.19,
1,Maze001,15.278,3.2500,-0.9990,3.2500,52.19,
1,Maze001,15.281,3.2500,-0.9990,3.2500,52.19,
1,Maze001,15.285,3.2500,-0.9990,3.2500,52.19,
1,Maze001,15.289,3.2500,-0.9990,3.2500,52.19,
1,Maze001,15.293,3.2500,-0.9990,3.2500,52.19,
1,Maze001,15.297,3.2500,-0.9990,3.2500,52.19,
1,Maze001,15.302,3.2500,-0.9990,3.2500,52.19,
1,Maze001,15.306,3.2500,-0.9990,3.2500,52.19,
1,Maze001,15.310,3.2500,-0.9990,3.2500,52.19,
1,Maze001,15.314,3.2500,-0.9990,3.2500,52.19,
1,Maze001,15.318,3.2500,-0.9990,3.2500,52.19,
1,Maze001,15.325,3.2500,-0.9990,3.2500,52.19,
1,Maze001,15.328,3.2500,-0.9990,3.2500,52.19,
1,Maze001,15.335,3.2500,-0.9990,3.2500,52.19,
1,Maze001,15.339,3.2500,-0.9990,3.2500,52.19,
1,Maze001,15.343,3.2500,-0.9990,3.2500,52.19,
1,Maze001,15.347,3.2500,-0.9990,3.2500,52.19,
1,Maze001,15.352,3.2500,-0.9990,3.2500,52.19,
1,Maze001,15.356,3.2500,-0.9990,3.2500,52.19,
1,Maze001,15.360,3.2500,-0.9990,3.2500,52.19,
1,Maze001,15.364,3.2500,-0.9990,3.2500,52.19,
1,Maze001,15.369,3.2500,-0.9990,3.2500,52.19,
1,Maze001,15.373,3.2500,-0.9990,3.2500,52.19,
1,Maze001,15.377,3.2500,-0.9990,3.2500,52.19,
1,Maze001,15.381,3.2500,-0.9990,3.2500,52.19,
1,Maze001,15.385,3.2500,-0.9990,3.2500,52.19,
1,Maze001,15.389,3.2500,-0.9990,3.2500,52.19,
1,Maze001,15.393,3.2500,-0.9990,3.2500,52.19,
1,Maze001,15.398,3.2500,-0.9990,3.2500,52.19,
1,Maze001,15.402,3.2500,-0.9990,3.2500,52.19,
1,Maze001,15.406,3.2500,-0.9990,3.2500,52.19,
1,Maze001,15.410,3.2500,-0.9990,3.2500,52.19,
1,Maze001,15.415,3.2500,-0.9990,3.2500,52.19,
1,Maze001,15.418,3.2500,-0.9990,3.2500,52.19,
1,Maze001,15.422,3.2500,-0.9990,3.2500,52.19,
1,Maze001,15.426,3.2500,-0.9990,3.2500,52.19,
1,Maze001,15.431,3.2500,-0.9990,3.2500,52.19,
1,Maze001,15.435,3.2500,-0.9990,3.2500,52.19,
1,Maze001,15.439,3.2500,-0.9990,3.2500,52.19,
1,Maze001,15.443,3.2500,-0.9990,3.2500,52.19,
1,Maze001,15.448,3.2500,-0.9990,3.2500,52.19,
1,Maze001,15.451,3.2500,-0.9990,3.2500,52.19,
1,Maze001,15.456,3.2500,-0.9990,3.2500,52.19,
1,Maze001,15.460,3.2500,-0.9990,3.2500,52.19,
1,Maze001,15.464,3.2500,-0.9990,3.2500,52.19,
1,Maze001,15.468,3.2500,-0.9990,3.2500,52.19,
1,Maze001,15.472,3.2500,-0.9990,3.2500,52.19,
1,Maze001,15.477,3.2500,-0.9990,3.2500,52.19,
1,Maze001,15.482,3.2500,-0.9990,3.2500,52.19,
1,Maze001,15.485,3.2500,-0.9990,3.2500,52.19,
1,Maze001,15.489,3.2500,-0.9990,3.2500,52.19,
1,Maze001,15.493,3.2500,-0.9990,3.2500,52.19,
1,Maze001,15.497,3.2500,-0.9990,3.2500,52.19,
1,Maze001,15.502,3.2500,-0.9990,3.2500,52.19,
1,Maze001,15.506,3.2500,-0.9990,3.2500,52.19,
1,Maze001,15.511,3.2500,-0.9990,3.2500,52.19,
1,Maze001,15.514,3.2500,-0.9990,3.2500,52.19,
1,Maze001,15.518,3.2500,-0.9990,3.2500,52.19,
1,Maze001,15.522,3.2500,-0.9990,3.2500,52.19,
1,Maze001,15.526,3.2500,-0.9990,3.2500,52.19,
1,Maze001,15.531,3.2500,-0.9990,3.2500,52.19,
1,Maze001,15.535,3.2500,-0.9990,3.2500,52.19,
1,Maze001,15.541,3.2500,-0.9990,3.2500,52.19,
1,Maze001,15.544,3.2500,-0.9990,3.2500,52.19,
1,Maze001,15.548,3.2500,-0.9990,3.2500,52.19,
1,Maze001,15.552,3.2500,-0.9990,3.2500,52.19,
1,Maze001,15.556,3.2500,-0.9990,3.2500,52.19,
1,Maze001,15.560,3.2500,-0.9990,3.2500,52.19,
1,Maze001,15.564,3.2500,-0.9990,3.2500,52.19,
1,Maze001,15.568,3.2500,-0.9990,3.2500,52.19,
1,Maze001,15.573,3.2500,-0.9990,3.2500,52.19,
1,Maze001,15.576,3.2500,-0.9990,3.2500,52.19,
1,Maze001,15.581,3.2500,-0.9990,3.2500,52.19,
1,Maze001,15.585,3.2500,-0.9990,3.2500,52.19,
1,Maze001,15.589,3.2500,-0.9990,3.2500,52.19,
1,Maze001,15.593,3.2500,-0.9990,3.2500,52.19,
1,Maze001,15.597,3.2500,-0.9990,3.2500,52.19,
1,Maze001,15.602,3.2500,-0.9990,3.2500,52.19,
1,Maze001,15.606,3.2500,-0.9990,3.2500,52.19,
1,Maze001,15.610,3.2500,-0.9990,3.2500,52.19,
1,Maze001,15.614,3.2500,-0.9990,3.2500,52.19,
1,Maze001,15.620,3.2500,-0.9990,3.2500,52.19,
1,Maze001,15.626,3.2500,-0.9990,3.2500,52.19,
1,Maze001,15.631,3.2500,-0.9990,3.2500,52.19,
1,Maze001,15.635,3.2500,-0.9990,3.2500,52.19,
1,Maze001,15.639,3.2500,-0.9990,3.2500,52.19,
1,Maze001,15.643,3.2500,-0.9990,3.2500,52.19,
1,Maze001,15.647,3.2500,-0.9990,3.2500,52.19,
1,Maze001,15.651,3.2500,-0.9990,3.2500,52.19,
1,Maze001,15.656,3.2500,-0.9990,3.2500,52.19,
1,Maze001,15.660,3.2500,-0.9990,3.2500,52.19,
1,Maze001,15.664,3.2500,-0.9990,3.2500,52.19,
1,Maze001,15.669,3.2500,-0.9990,3.2500,52.19,
1,Maze001,15.674,3.2500,-0.9990,3.2500,52.19,
1,Maze001,15.678,3.2500,-0.9990,3.2500,52.19,
1,Maze001,15.681,3.2500,-0.9990,3.2500,52.19,
1,Maze001,15.685,3.2500,-0.9990,3.2500,52.19,
1,Maze001,15.689,3.2500,-0.9990,3.2500,52.19,
1,Maze001,15.693,3.2500,-0.9990,3.2500,52.19,
1,Maze001,15.697,3.2500,-0.9990,3.2500,52.19,
1,Maze001,15.702,3.2500,-0.9990,3.2500,52.19,
1,Maze001,15.706,3.2500,-0.9990,3.2500,52.19,
1,Maze001,15.710,3.2500,-0.9990,3.2500,52.19,
1,Maze001,15.715,3.2500,-0.9990,3.2500,52.19,
1,Maze001,15.719,3.2500,-0.9990,3.2500,52.19,
1,Maze001,15.722,3.2500,-0.9990,3.2500,52.19,
1,Maze001,15.726,3.2500,-0.9990,3.2500,52.19,
1,Maze001,15.731,3.2500,-0.9990,3.2500,52.19,
1,Maze001,15.735,3.2500,-0.9990,3.2500,52.19,
1,Maze001,15.739,3.2500,-0.9990,3.2500,52.19,
1,Maze001,15.744,3.2500,-0.9990,3.2500,52.19,
1,Maze001,15.747,3.2500,-0.9990,3.2500,52.19,
1,Maze001,15.752,3.2500,-0.9990,3.2500,52.19,
1,Maze001,15.756,3.2500,-0.9990,3.2500,52.19,
1,Maze001,15.760,3.2500,-0.9990,3.2500,52.19,
1,Maze001,15.764,3.2500,-0.9990,3.2500,52.19,
1,Maze001,15.768,3.2500,-0.9990,3.2500,52.19,
1,Maze001,15.772,3.2500,-0.9990,3.2500,52.19,
1,Maze001,15.777,3.2500,-0.9990,3.2500,52.19,
1,Maze001,15.782,3.2500,-0.9990,3.2500,52.19,
1,Maze001,15.789,3.2500,-0.9990,3.2500,52.19,
1,Maze001,15.793,3.2500,-0.9990,3.2500,52.19,
1,Maze001,15.797,3.2500,-0.9990,3.2500,52.19,
1,Maze001,15.802,3.2500,-0.9990,3.2500,52.19,
1,Maze001,15.807,3.2500,-0.9990,3.2500,52.19,
1,Maze001,15.810,3.2500,-0.9990,3.2500,52.19,
1,Maze001,15.814,3.2500,-0.9990,3.2500,52.19,
1,Maze001,15.818,3.2500,-0.9990,3.2500,52.19,
1,Maze001,15.823,3.2500,-0.9990,3.2500,52.19,
1,Maze001,15.827,3.2500,-0.9990,3.2500,52.19,
1,Maze001,15.831,3.2500,-0.9990,3.2500,52.19,
1,Maze001,15.835,3.2500,-0.9990,3.2500,52.19,
1,Maze001,15.839,3.2500,-0.9990,3.2500,52.19,
1,Maze001,15.843,3.2500,-0.9990,3.2500,52.19,
1,Maze001,15.847,3.2500,-0.9990,3.2500,52.19,
1,Maze001,15.852,3.2500,-0.9990,3.2500,52.19,
1,Maze001,15.856,3.2500,-0.9990,3.2500,52.19,
1,Maze001,15.860,3.2500,-0.9990,3.2500,52.19,
1,Maze001,15.864,3.2500,-0.9990,3.2500,52.19,
1,Maze001,15.868,3.2500,-0.9990,3.2500,52.19,
1,Maze001,15.873,3.2500,-0.9990,3.2500,52.19,
1,Maze001,15.877,3.2500,-0.9990,3.2500,52.19,
1,Maze001,15.881,3.2500,-0.9990,3.2500,52.19,
1,Maze001,15.885,3.2500,-0.9990,3.2500,52.19,
1,Maze001,15.889,3.2500,-0.9990,3.2500,52.19,
1,Maze001,15.893,3.2500,-0.9990,3.2500,52.19,
1,Maze001,15.897,3.2500,-0.9990,3.2500,52.19,
1,Maze001,15.902,3.2500,-0.9990,3.2500,52.19,
1,Maze001,15.906,3.2500,-0.9990,3.2500,52.19,
1,Maze001,15.910,3.2500,-0.9990,3.2500,52.19,
1,Maze001,15.914,3.2500,-0.9990,3.2500,52.19,
1,Maze001,15.920,3.2500,-0.9990,3.2500,52.19,
1,Maze001,15.924,3.2500,-0.9990,3.2500,52.19,
1,Maze001,15.927,3.2500,-0.9990,3.2500,52.19,
1,Maze001,15.931,3.2500,-0.9990,3.2500,52.19,
1,Maze001,15.936,3.2500,-0.9990,3.2500,52.19,
1,Maze001,15.939,3.2500,-0.9990,3.2500,52.19,
1,Maze001,15.943,3.2500,-0.9990,3.2500,52.19,
1,Maze001,15.947,3.2500,-0.9990,3.2500,52.19,
1,Maze001,15.951,3.2500,-0.9990,3.2500,52.19,
1,Maze001,15.956,3.2500,-0.9990,3.2500,52.19,
1,Maze001,15.960,3.2500,-0.9990,3.2500,52.19,
1,Maze001,15.964,3.2500,-0.9990,3.2500,52.19,
1,Maze001,15.968,3.2500,-0.9990,3.2500,52.19,
1,Maze001,15.973,3.2500,-0.9990,3.2500,52.19,
1,Maze001,15.977,3.2500,-0.9990,3.2500,52.19,
1,Maze001,15.981,3.2500,-0.9990,3.2500,52.19,
1,Maze001,15.985,3.2500,-0.9990,3.2500,52.19,
1,Maze001,15.989,3.2500,-0.9990,3.2500,52.19,
1,Maze001,15.993,3.2500,-0.9990,3.2500,52.19,
1,Maze001,15.997,3.2500,-0.9990,3.2500,52.19,
1,Maze001,16.002,3.2500,-0.9990,3.2500,52.19,
1,Maze001,16.006,3.2500,-0.9990,3.2500,52.19,
1,Maze001,16.010,3.2500,-0.9990,3.2500,52.19,
1,Maze001,16.014,3.2500,-0.9990,3.2500,52.19,
1,Maze001,16.018,3.2500,-0.9990,3.2500,52.19,
1,Maze001,16.022,3.2500,-0.9990,3.2500,52.19,
1,Maze001,16.026,3.2500,-0.9990,3.2500,52.19,
1,Maze001,16.031,3.2500,-0.9990,3.2500,52.19,
1,Maze001,16.035,3.2500,-0.9990,3.2500,52.19,
1,Maze001,16.041,3.2500,-0.9990,3.2500,52.19,
1,Maze001,16.044,3.2500,-0.9990,3.2500,52.19,
1,Maze001,16.047,3.2500,-0.9990,3.2500,52.19,
1,Maze001,16.051,3.2500,-0.9990,3.2500,52.19,
1,Maze001,16.056,3.2500,-0.9990,3.2500,52.19,
1,Maze001,16.060,3.2500,-0.9990,3.2500,52.19,
1,Maze001,16.064,3.2500,-0.9990,3.2500,52.19,
1,Maze001,16.068,3.2500,-0.9990,3.2500,52.19,
1,Maze001,16.072,3.2500,-0.9990,3.2500,52.19,
1,Maze001,16.076,3.2500,-0.9990,3.2500,52.19,
1,Maze001,16.080,3.2500,-0.9990,3.2500,52.19,
1,Maze001,16.085,3.2500,-0.9990,3.2500,52.19,
1,Maze001,16.089,3.2500,-0.9990,3.2500,52.19,
1,Maze001,16.095,3.2500,-0.9990,3.2500,52.19,
1,Maze001,16.098,3.2500,-0.9990,3.2500,52.19,
1,Maze001,16.103,3.2500,-0.9990,3.2500,52.19,
1,Maze001,16.106,3.2500,-0.9990,3.2500,52.19,
1,Maze001,16.110,3.2500,-0.9990,3.2500,52.19,
1,Maze001,16.114,3.2500,-0.9990,3.2500,52.19,
1,Maze001,16.118,3.2500,-0.9990,3.2500,52.19,
1,Maze001,16.122,3.2500,-0.9990,3.2500,52.19,
1,Maze001,16.126,3.2500,-0.9990,3.2500,52.19,
1,Maze001,16.131,3.2500,-0.9990,3.2500,52.19,
1,Maze001,16.135,3.2500,-0.9990,3.2500,52.19,
1,Maze001,16.139,3.2500,-0.9990,3.2500,52.19,
1,Maze001,16.143,3.2500,-0.9990,3.2500,52.19,
1,Maze001,16.147,3.2500,-0.9990,3.2500,52.19,
1,Maze001,16.152,3.2500,-0.9990,3.2500,52.19,
1,Maze001,16.156,3.2500,-0.9990,3.2500,52.19,
1,Maze001,16.160,3.2500,-0.9990,3.2500,52.19,
1,Maze001,16.164,3.2500,-0.9990,3.2500,52.19,
1,Maze001,16.168,3.2500,-0.9990,3.2500,52.19,
1,Maze001,16.174,3.2500,-0.9990,3.2500,52.19,
1,Maze001,16.176,3.2500,-0.9990,3.2500,52.19,
1,Maze001,16.181,3.2500,-0.9990,3.2500,52.19,
1,Maze001,16.185,3.2500,-0.9990,3.2500,52.19,
1,Maze001,16.189,3.2500,-0.9990,3.2500,52.19,
1,Maze001,16.193,3.2500,-0.9990,3.2500,52.19,
1,Maze001,16.197,3.2500,-0.9990,3.2500,52.19,
1,Maze001,16.201,3.2500,-0.9990,3.2500,52.19,
1,Maze001,16.206,3.2500,-0.9990,3.2500,52.19,
1,Maze001,16.211,3.2500,-0.9990,3.2500,52.19,
1,Maze001,16.214,3.2500,-0.9990,3.2500,52.19,
1,Maze001,16.218,3.2500,-0.9990,3.2500,52.19,
1,Maze001,16.222,3.2500,-0.9990,3.2500,52.19,
1,Maze001,16.226,3.2500,-0.9990,3.2500,52.19,
1,Maze001,16.231,3.2500,-0.9990,3.2500,52.19,
1,Maze001,16.236,3.2500,-0.9990,3.2500,52.19,
1,Maze001,16.239,3.2500,-0.9990,3.2500,52.19,
1,Maze001,16.243,3.2500,-0.9990,3.2500,52.19,
1,Maze001,16.247,3.2500,-0.9990,3.2500,52.19,
1,Maze001,16.251,3.2500,-0.9990,3.2500,52.19,
1,Maze001,16.256,3.2500,-0.9990,3.2500,52.19,
1,Maze001,16.260,3.2500,-0.9990,3.2500,52.19,
1,Maze001,16.264,3.2500,-0.9990,3.2500,52.19,
1,Maze001,16.269,3.2500,-0.9990,3.2500,52.19,
1,Maze001,16.272,3.2500,-0.9990,3.2500,52.19,
1,Maze001,16.276,3.2500,-0.9990,3.2500,52.19,
1,Maze001,16.281,3.2500,-0.9990,3.2500,52.19,
1,Maze001,16.285,3.2500,-0.9990,3.2500,52.19,
1,Maze001,16.290,3.2500,-0.9990,3.2500,52.19,
1,Maze001,16.293,3.2500,-0.9990,3.2500,52.19,
1,Maze001,16.297,3.2500,-0.9990,3.2500,52.19,
1,Maze001,16.301,3.2500,-0.9990,3.2500,52.19,
1,Maze001,16.306,3.2500,-0.9990,3.2500,52.19,
1,Maze001,16.310,3.2500,-0.9990,3.2500,52.19,
1,Maze001,16.314,3.2500,-0.9990,3.2500,52.19,
1,Maze001,16.318,3.2500,-0.9990,3.2500,52.19,
1,Maze001,16.322,3.2500,-0.9990,3.2500,52.19,
1,Maze001,16.327,3.2500,-0.9990,3.2500,52.19,
1,Maze001,16.331,3.2500,-0.9990,3.2500,52.19,
1,Maze001,16.337,3.2500,-0.9990,3.2500,52.19,
1,Maze001,16.339,3.2500,-0.9990,3.2500,52.19,
1,Maze001,16.343,3.2500,-0.9990,3.2500,52.19,
1,Maze001,16.347,3.2500,-0.9990,3.2500,52.19,
1,Maze001,16.351,3.2500,-0.9990,3.2500,52.19,
1,Maze001,16.355,3.2500,-0.9990,3.2500,52.19,
1,Maze001,16.360,3.2500,-0.9990,3.2500,52.19,
1,Maze001,16.365,3.2500,-0.9990,3.2500,52.19,
1,Maze001,16.368,3.2500,-0.9990,3.2500,52.19,
1,Maze001,16.372,3.2500,-0.9990,3.2500,52.19,
1,Maze001,16.377,3.2500,-0.9990,3.2500,52.19,
1,Maze001,16.381,3.2500,-0.9990,3.2500,52.19,
1,Maze001,16.385,3.2500,-0.9990,3.2500,52.19,
1,Maze001,16.389,3.2500,-0.9990,3.2500,52.19,
1,Maze001,16.393,3.2500,-0.9990,3.2500,52.19,
1,Maze001,16.398,3.2500,-0.9990,3.2500,52.19,
1,Maze001,16.401,3.2500,-0.9990,3.2500,52.19,
1,Maze001,16.406,3.2500,-0.9990,3.2500,52.19,
1,Maze001,16.410,3.2500,-0.9990,3.2500,52.19,
1,Maze001,16.414,3.2500,-0.9990,3.2500,52.19,
1,Maze001,16.418,3.2500,-0.9990,3.2500,52.19,
1,Maze001,16.422,3.2500,-0.9990,3.2500,52.19,
1,Maze001,16.426,3.2500,-0.9990,3.2500,52.19,
1,Maze001,16.431,3.2500,-0.9990,3.2500,52.19,
1,Maze001,16.436,3.2500,-0.9990,3.2500,52.19,
1,Maze001,16.439,3.2500,-0.9990,3.2500,52.19,
1,Maze001,16.443,3.2500,-0.9990,3.2500,52.19,
1,Maze001,16.447,3.2500,-0.9990,3.2500,52.19,
1,Maze001,16.452,3.2500,-0.9990,3.2500,52.19,
1,Maze001,16.456,3.2500,-0.9990,3.2500,52.19,
1,Maze001,16.460,3.2500,-0.9990,3.2500,52.19,
1,Maze001,16.465,3.2500,-0.9990,3.2500,52.19,
1,Maze001,16.469,3.2500,-0.9990,3.2500,52.19,
1,Maze001,16.472,3.2500,-0.9990,3.2500,52.19,
1,Maze001,16.477,3.2500,-0.9990,3.2500,52.19,
1,Maze001,16.481,3.2500,-0.9990,3.2500,52.19,
1,Maze001,16.485,3.2500,-0.9990,3.2500,52.19,
1,Maze001,16.489,3.2500,-0.9990,3.2500,52.19,
1,Maze001,16.493,3.2500,-0.9990,3.2500,52.19,
1,Maze001,16.498,3.2500,-0.9990,3.2500,52.19,
1,Maze001,16.501,3.2500,-0.9990,3.2500,52.19,
1,Maze001,16.505,3.2500,-0.9990,3.2500,52.19,
1,Maze001,16.510,3.2500,-0.9990,3.2500,52.19,
1,Maze001,16.514,3.2500,-0.9990,3.2500,52.19,
1,Maze001,16.518,3.2500,-0.9990,3.2500,52.19,
1,Maze001,16.523,3.2500,-0.9990,3.2500,52.19,
1,Maze001,16.526,3.2500,-0.9990,3.2500,52.19,
1,Maze001,16.531,3.2500,-0.9990,3.2500,52.19,
1,Maze001,16.535,3.2500,-0.9990,3.2500,52.19,
1,Maze001,16.539,3.2500,-0.9990,3.2500,52.19,
1,Maze001,16.543,3.2500,-0.9990,3.2500,52.19,
1,Maze001,16.547,3.2500,-0.9990,3.2500,52.19,
1,Maze001,16.552,3.2500,-0.9990,3.2500,52.19,
1,Maze001,16.556,3.2500,-0.9990,3.2500,52.19,
1,Maze001,16.560,3.2500,-0.9990,3.2500,52.19,
1,Maze001,16.564,3.2500,-0.9990,3.2500,52.19,
1,Maze001,16.569,3.2500,-0.9990,3.2500,52.19,
1,Maze001,16.572,3.2500,-0.9990,3.2500,52.19,
1,Maze001,16.577,3.2500,-0.9990,3.2500,52.19,
1,Maze001,16.581,3.2500,-0.9990,3.2500,52.19,
1,Maze001,16.585,3.2500,-0.9990,3.2500,52.19,
1,Maze001,16.589,3.2500,-0.9990,3.2500,52.19,
1,Maze001,16.594,3.2500,-0.9990,3.2500,52.19,
1,Maze001,16.597,3.2500,-0.9990,3.2500,52.19,
1,Maze001,16.602,3.2500,-0.9990,3.2500,52.19,
1,Maze001,16.606,3.2500,-0.9990,3.2500,52.19,
1,Maze001,16.610,3.2500,-0.9990,3.2500,52.19,
1,Maze001,16.614,3.2500,-0.9990,3.2500,52.19,
1,Maze001,16.618,3.2500,-0.9990,3.2500,52.19,
1,Maze001,16.622,3.2500,-0.9990,3.2500,52.19,
1,Maze001,16.626,3.2500,-0.9990,3.2500,52.19,
1,Maze001,16.631,3.2500,-0.9990,3.2500,52.19,
1,Maze001,16.635,3.2500,-0.9990,3.2500,52.19,
1,Maze001,16.639,3.2500,-0.9990,3.2500,52.19,
1,Maze001,16.643,3.2500,-0.9990,3.2500,52.19,
1,Maze001,16.647,3.2500,-0.9990,3.2500,52.19,
1,Maze001,16.651,3.2500,-0.9990,3.2500,52.19,
1,Maze001,16.656,3.2500,-0.9990,3.2500,52.19,
1,Maze001,16.660,3.2500,-0.9990,3.2500,52.19,
1,Maze001,16.664,3.2500,-0.9990,3.2500,52.19,
1,Maze001,16.668,3.2500,-0.9990,3.2500,52.19,
1,Maze001,16.672,3.2500,-0.9990,3.2500,52.19,
1,Maze001,16.676,3.2500,-0.9990,3.2500,52.19,
1,Maze001,16.681,3.2500,-0.9990,3.2500,52.19,
1,Maze001,16.685,3.2500,-0.9990,3.2500,52.19,
1,Maze001,16.689,3.2500,-0.9990,3.2500,52.19,
1,Maze001,16.693,3.2500,-0.9990,3.2500,52.19,
1,Maze001,16.697,3.2500,-0.9990,3.2500,52.19,
1,Maze001,16.701,3.2500,-0.9990,3.2500,52.19,
1,Maze001,16.706,3.2500,-0.9990,3.2500,52.19,
1,Maze001,16.710,3.2500,-0.9990,3.2500,52.19,
1,Maze001,16.714,3.2500,-0.9990,3.2500,52.19,
1,Maze001,16.718,3.2500,-0.9990,3.2500,52.19,
1,Maze001,16.722,3.2500,-0.9990,3.2500,52.19,
1,Maze001,16.727,3.2500,-0.9990,3.2500,52.19,
1,Maze001,16.731,3.2500,-0.9990,3.2500,52.19,
1,Maze001,16.735,3.2500,-0.9990,3.2500,52.19,
1,Maze001,16.739,3.2500,-0.9990,3.2500,52.19,
1,Maze001,16.743,3.2500,-0.9990,3.2500,52.19,
1,Maze001,16.747,3.2500,-0.9990,3.2500,52.19,
1,Maze001,16.751,3.2500,-0.9990,3.2500,52.19,
1,Maze001,16.756,3.2500,-0.9990,3.2500,52.19,
1,Maze001,16.760,3.2500,-0.9990,3.2500,52.19,
1,Maze001,16.764,3.2500,-0.9990,3.2500,52.19,
1,Maze001,16.768,3.2500,-0.9990,3.2500,52.19,
1,Maze001,16.772,3.2500,-0.9990,3.2500,52.19,
1,Maze001,16.776,3.2500,-0.9990,3.2500,52.19,
1,Maze001,16.781,3.2500,-0.9990,3.2500,52.19,
1,Maze001,16.785,3.2500,-0.9990,3.2500,52.19,
1,Maze001,16.789,3.2500,-0.9990,3.2500,52.19,
1,Maze001,16.793,3.2500,-0.9990,3.2500,52.19,
1,Maze001,16.797,3.2500,-0.9990,3.2500,52.19,
1,Maze001,16.802,3.2500,-0.9990,3.2500,52.19,
1,Maze001,16.806,3.2500,-0.9990,3.2500,52.19,
1,Maze001,16.810,3.2500,-0.9990,3.2500,52.19,
1,Maze001,16.814,3.2500,-0.9990,3.2500,52.19,
1,Maze001,16.819,3.2500,-0.9990,3.2500,52.19,
1,Maze001,16.822,3.2500,-0.9990,3.2500,52.19,
1,Maze001,16.827,3.2500,-0.9990,3.2500,52.19,
1,Maze001,16.831,3.2500,-0.9990,3.2500,52.19,
1,Maze001,16.835,3.2500,-0.9990,3.2500,52.19,
1,Maze001,16.839,3.2500,-0.9990,3.2500,52.19,
1,Maze001,16.843,3.2500,-0.9990,3.2500,52.19,
1,Maze001,16.847,3.2500,-0.9990,3.2500,52.19,
1,Maze001,16.851,3.2500,-0.9990,3.2500,52.19,
1,Maze001,16.856,3.2500,-0.9990,3.2500,52.19,
1,Maze001,16.860,3.2500,-0.9990,3.2500,52.19,
1,Maze001,16.864,3.2500,-0.9990,3.2500,52.19,
1,Maze001,16.868,3.2500,-0.9990,3.2500,52.19,
1,Maze001,16.872,3.2500,-0.9990,3.2500,52.19,
1,Maze001,16.877,3.2500,-0.9990,3.2500,52.19,
1,Maze001,16.881,3.2500,-0.9990,3.2500,52.19,
1,Maze001,16.885,3.2500,-0.9990,3.2500,52.19,
1,Maze001,16.889,3.2500,-0.9990,3.2500,52.19,
1,Maze001,16.893,3.2500,-0.9990,3.2500,52.19,
1,Maze001,16.897,3.2500,-0.9990,3.2500,52.19,
1,Maze001,16.901,3.2500,-0.9990,3.2500,52.19,
1,Maze001,16.905,3.2500,-0.9990,3.2500,52.19,
1,Maze001,16.910,3.2500,-0.9990,3.2500,52.19,
1,Maze001,16.914,3.2500,-0.9990,3.2500,52.19,
1,Maze001,16.918,3.2500,-0.9990,3.2500,52.19,
1,Maze001,16.922,3.2500,-0.9990,3.2500,52.19,
1,Maze001,16.927,3.2500,-0.9990,3.2500,52.19,
1,Maze001,16.931,3.2500,-0.9990,3.2500,52.19,
1,Maze001,16.935,3.2500,-0.9990,3.2500,52.19,
1,Maze001,16.939,3.2500,-0.9990,3.2500,52.19,
1,Maze001,16.943,3.2500,-0.9990,3.2500,52.19,
1,Maze001,16.947,3.2500,-0.9990,3.2500,52.19,
1,Maze001,16.951,3.2500,-0.9990,3.2500,52.19,
1,Maze001,16.956,3.2500,-0.9990,3.2500,52.19,
1,Maze001,16.960,3.2500,-0.9990,3.2500,52.19,
1,Maze001,16.964,3.2500,-0.9990,3.2500,52.19,
1,Maze001,16.968,3.2500,-0.9990,3.2500,52.19,
1,Maze001,16.972,3.2500,-0.9990,3.2500,52.19,
1,Maze001,16.976,3.2500,-0.9990,3.2500,52.19,
1,Maze001,16.980,3.2500,-0.9990,3.2500,52.19,
1,Maze001,16.984,3.2500,-0.9990,3.2500,52.19,
1,Maze001,16.989,3.2500,-0.9990,3.2500,52.19,
1,Maze001,16.993,3.2500,-0.9990,3.2500,52.19,
1,Maze001,16.997,3.2500,-0.9990,3.2500,52.19,
1,Maze001,17.001,3.2500,-0.9990,3.2500,52.19,
1,Maze001,17.005,3.2500,-0.9990,3.2500,52.19,
1,Maze001,17.010,3.2500,-0.9990,3.2500,52.19,
1,Maze001,17.014,3.2500,-0.9990,3.2500,52.19,
1,Maze001,17.018,3.2500,-0.9990,3.2500,52.19,
1,Maze001,17.022,3.2500,-0.9990,3.2500,52.19,
1,Maze001,17.026,3.2500,-0.9990,3.2500,52.19,
1,Maze001,17.031,3.2500,-0.9990,3.2500,52.19,
1,Maze001,17.035,3.2500,-0.9990,3.2500,52.19,
1,Maze001,17.039,3.2500,-0.9990,3.2500,52.19,
1,Maze001,17.043,3.2500,-0.9990,3.2500,52.19,
1,Maze001,17.047,3.2500,-0.9990,3.2500,52.19,
1,Maze001,17.051,3.2500,-0.9990,3.2500,52.19,
1,Maze001,17.055,3.2500,-0.9990,3.2500,52.19,
1,Maze001,17.060,3.2500,-0.9990,3.2500,52.19,
1,Maze001,17.064,3.2500,-0.9990,3.2500,52.19,
1,Maze001,17.068,3.2500,-0.9990,3.2500,52.19,
1,Maze001,17.072,3.2500,-0.9990,3.2500,52.19,
1,Maze001,17.076,3.2500,-0.9990,3.2500,52.19,
1,Maze001,17.080,3.2500,-0.9990,3.2500,52.19,
1,Maze001,17.085,3.2500,-0.9990,3.2500,52.19,
1,Maze001,17.089,3.2500,-0.9990,3.2500,52.19,
1,Maze001,17.093,3.2500,-0.9990,3.2500,52.19,
1,Maze001,17.097,3.2500,-0.9990,3.2500,52.19,
1,Maze001,17.101,3.2500,-0.9990,3.2500,52.19,
1,Maze001,17.106,3.2500,-0.9990,3.2500,52.19,
1,Maze001,17.110,3.2500,-0.9990,3.2500,52.19,
1,Maze001,17.114,3.2500,-0.9990,3.2500,52.19,
1,Maze001,17.118,3.2500,-0.9990,3.2500,52.19,
1,Maze001,17.122,3.2500,-0.9990,3.2500,52.19,
1,Maze001,17.126,3.2500,-0.9990,3.2500,52.19,
1,Maze001,17.131,3.2500,-0.9990,3.2500,52.19,
1,Maze001,17.135,3.2500,-0.9990,3.2500,52.19,
1,Maze001,17.139,3.2500,-0.9990,3.2500,52.19,
1,Maze001,17.143,3.2500,-0.9990,3.2500,52.19,
1,Maze001,17.147,3.2500,-0.9990,3.2500,52.19,
1,Maze001,17.151,3.2500,-0.9990,3.2500,52.19,
1,Maze001,17.156,3.2500,-0.9990,3.2500,52.19,
1,Maze001,17.160,3.2500,-0.9990,3.2500,52.19,
1,Maze001,17.164,3.2500,-0.9990,3.2500,52.19,
1,Maze001,17.168,3.2500,-0.9990,3.2500,52.19,
1,Maze001,17.172,3.2500,-0.9990,3.2500,52.19,
1,Maze001,17.176,3.2500,-0.9990,3.2500,52.19,
1,Maze001,17.181,3.2500,-0.9990,3.2500,52.19,
1,Maze001,17.185,3.2500,-0.9990,3.2500,52.19,
1,Maze001,17.189,3.2500,-0.9990,3.2500,52.19,
1,Maze001,17.193,3.2500,-0.9990,3.2500,52.19,
1,Maze001,17.197,3.2500,-0.9990,3.2500,52.19,
1,Maze001,17.201,3.2500,-0.9990,3.2500,52.19,
1,Maze001,17.206,3.2500,-0.9990,3.2500,52.19,
1,Maze001,17.210,3.2500,-0.9990,3.2500,52.19,
1,Maze001,17.214,3.2500,-0.9990,3.2500,52.19,
1,Maze001,17.218,3.2500,-0.9990,3.2500,52.19,
1,Maze001,17.222,3.2500,-0.9990,3.2500,52.19,
1,Maze001,17.226,3.2500,-0.9990,3.2500,52.19,
1,Maze001,17.231,3.2500,-0.9990,3.2500,52.19,
1,Maze001,17.235,3.2500,-0.9990,3.2500,52.19,
1,Maze001,17.243,3.2500,-0.9990,3.2500,52.19,
1,Maze001,17.247,3.2500,-0.9990,3.2500,52.19,
1,Maze001,17.252,3.2500,-0.9990,3.2500,52.19,
1,Maze001,17.255,3.2500,-0.9990,3.2500,52.19,
1,Maze001,17.260,3.2500,-0.9990,3.2500,52.19,
1,Maze001,17.264,3.2500,-0.9990,3.2500,52.19,
1,Maze001,17.268,3.2500,-0.9990,3.2500,52.19,
1,Maze001,17.272,3.2500,-0.9990,3.2500,52.19,
1,Maze001,17.276,3.2500,-0.9990,3.2500,52.19,
1,Maze001,17.281,3.2500,-0.9990,3.2500,52.19,
1,Maze001,17.284,3.2500,-0.9990,3.2500,52.19,
1,Maze001,17.289,3.2500,-0.9990,3.2500,52.19,
1,Maze001,17.293,3.2500,-0.9990,3.2500,52.19,
1,Maze001,17.297,3.2500,-0.9990,3.2500,52.19,
1,Maze001,17.301,3.2500,-0.9990,3.2500,52.19,
1,Maze001,17.305,3.2500,-0.9990,3.2500,52.19,
1,Maze001,17.310,3.2500,-0.9990,3.2500,52.19,
1,Maze001,17.314,3.2500,-0.9990,3.2500,52.19,
1,Maze001,17.318,3.2500,-0.9990,3.2500,52.19,
1,Maze001,17.322,3.2500,-0.9990,3.2500,52.19,
1,Maze001,17.326,3.2500,-0.9990,3.2500,52.19,
1,Maze001,17.331,3.2500,-0.9990,3.2500,52.19,
1,Maze001,17.335,3.2500,-0.9990,3.2500,52.19,
1,Maze001,17.339,3.2500,-0.9990,3.2500,52.19,
1,Maze001,17.343,3.2500,-0.9990,3.2500,52.19,
1,Maze001,17.347,3.2500,-0.9990,3.2500,52.19,
1,Maze001,17.351,3.2500,-0.9990,3.2500,52.19,
1,Maze001,17.355,3.2500,-0.9990,3.2500,52.19,
1,Maze001,17.360,3.2500,-0.9990,3.2500,52.19,
1,Maze001,17.364,3.2500,-0.9990,3.2500,52.19,
1,Maze001,17.368,3.2500,-0.9990,3.2500,52.19,
1,Maze001,17.372,3.2500,-0.9990,3.2500,52.19,
1,Maze001,17.377,3.2500,-0.9990,3.2500,52.19,
1,Maze001,17.381,3.2500,-0.9990,3.2500,52.19,
1,Maze001,17.385,3.2500,-0.9990,3.2500,52.19,
1,Maze001,17.389,3.2500,-0.9990,3.2500,52.19,
1,Maze001,17.393,3.2500,-0.9990,3.2500,52.19,
1,Maze001,17.397,3.2500,-0.9990,3.2500,52.19,
1,Maze001,17.401,3.2500,-0.9990,3.2500,52.19,
1,Maze001,17.405,3.2500,-0.9990,3.2500,52.19,
1,Maze001,17.410,3.2500,-0.9990,3.2500,52.19,
1,Maze001,17.414,3.2500,-0.9990,3.2500,52.19,
1,Maze001,17.418,3.2500,-0.9990,3.2500,52.19,
1,Maze001,17.422,3.2500,-0.9990,3.2500,52.19,
1,Maze001,17.426,3.2500,-0.9990,3.2500,52.19,
1,Maze001,17.431,3.2500,-0.9990,3.2500,52.19,
1,Maze001,17.435,3.2500,-0.9990,3.2500,52.19,
1,Maze001,17.439,3.2500,-0.9990,3.2500,52.19,
1,Maze001,17.443,3.2500,-0.9990,3.2500,52.19,
1,Maze001,17.447,3.2500,-0.9990,3.2500,52.19,
1,Maze001,17.452,3.2500,-0.9990,3.2500,52.19,
1,Maze001,17.456,3.2500,-0.9990,3.2500,52.19,
1,Maze001,17.460,3.2500,-0.9990,3.2500,52.19,
1,Maze001,17.464,3.2500,-0.9990,3.2500,52.19,
1,Maze001,17.468,3.2500,-0.9990,3.2500,52.19,
1,Maze001,17.472,3.2500,-0.9990,3.2500,52.19,
1,Maze001,17.476,3.2500,-0.9990,3.2500,52.19,
1,Maze001,17.480,3.2500,-0.9990,3.2500,52.19,
1,Maze001,17.485,3.2500,-0.9990,3.2500,52.19,
1,Maze001,17.489,3.2500,-0.9990,3.2500,52.19,
1,Maze001,17.493,3.2500,-0.9990,3.2500,52.19,
1,Maze001,17.497,3.2500,-0.9990,3.2500,52.19,
1,Maze001,17.501,3.2500,-0.9990,3.2500,52.19,
1,Maze001,17.506,3.2500,-0.9990,3.2500,52.19,
1,Maze001,17.510,3.2500,-0.9990,3.2500,52.19,
1,Maze001,17.514,3.2500,-0.9990,3.2500,52.19,
1,Maze001,17.518,3.2500,-0.9990,3.2500,52.19,
1,Maze001,17.522,3.2500,-0.9990,3.2500,52.19,
1,Maze001,17.526,3.2500,-0.9990,3.2500,52.19,
1,Maze001,17.531,3.2500,-0.9990,3.2500,52.19,
1,Maze001,17.535,3.2500,-0.9990,3.2500,52.19,
1,Maze001,17.539,3.2500,-0.9990,3.2500,52.19,
1,Maze001,17.543,3.2500,-0.9990,3.2500,52.19,
1,Maze001,17.547,3.2500,-0.9990,3.2500,52.19,
1,Maze001,17.551,3.2500,-0.9990,3.2500,52.19,
1,Maze001,17.555,3.2500,-0.9990,3.2500,52.19,
1,Maze001,17.560,3.2500,-0.9990,3.2500,52.19,
1,Maze001,17.564,3.2500,-0.9990,3.2500,52.19,
1,Maze001,17.568,3.2500,-0.9990,3.2500,52.19,
1,Maze001,17.572,3.2500,-0.9990,3.2500,52.19,
1,Maze001,17.576,3.2500,-0.9990,3.2500,52.19,
1,Maze001,17.581,3.2500,-0.9990,3.2500,52.19,
1,Maze001,17.585,3.2500,-0.9990,3.2500,52.19,
1,Maze001,17.589,3.2500,-0.9990,3.2500,52.19,
1,Maze001,17.593,3.2500,-0.9990,3.2500,52.19,
1,Maze001,17.597,3.2500,-0.9990,3.2500,52.19,
1,Maze001,17.601,3.2500,-0.9990,3.2500,52.19,
1,Maze001,17.605,3.2500,-0.9990,3.2500,52.19,
1,Maze001,17.610,3.2500,-0.9990,3.2500,52.19,
1,Maze001,17.614,3.2500,-0.9990,3.2500,52.19,
1,Maze001,17.618,3.2500,-0.9990,3.2500,52.19,
1,Maze001,17.622,3.2500,-0.9990,3.2500,52.19,
1,Maze001,17.626,3.2500,-0.9990,3.2500,52.19,
1,Maze001,17.630,3.2500,-0.9990,3.2500,52.19,
1,Maze001,17.635,3.2500,-0.9990,3.2500,52.19,
1,Maze001,17.639,3.2500,-0.9990,3.2500,52.19,
1,Maze001,17.643,3.2500,-0.9990,3.2500,52.19,
1,Maze001,17.647,3.2500,-0.9990,3.2500,52.19,
1,Maze001,17.651,3.2500,-0.9990,3.2500,52.19,
1,Maze001,17.655,3.2500,-0.9990,3.2500,52.19,
1,Maze001,17.660,3.2500,-0.9990,3.2500,52.19,
1,Maze001,17.664,3.2500,-0.9990,3.2500,52.19,
1,Maze001,17.668,3.2500,-0.9990,3.2500,52.19,
1,Maze001,17.672,3.2500,-0.9990,3.2500,52.19,
1,Maze001,17.676,3.2500,-0.9990,3.2500,52.19,
1,Maze001,17.681,3.2500,-0.9990,3.2500,52.19,
1,Maze001,17.685,3.2500,-0.9990,3.2500,52.19,
1,Maze001,17.689,3.2500,-0.9990,3.2500,52.19,
1,Maze001,17.693,3.2500,-0.9990,3.2500,52.19,
1,Maze001,17.697,3.2500,-0.9990,3.2500,52.19,
1,Maze001,17.701,3.2500,-0.9990,3.2500,52.19,
1,Maze001,17.705,3.2500,-0.9990,3.2500,52.19,
1,Maze001,17.710,3.2500,-0.9990,3.2500,52.19,
1,Maze001,17.714,3.2500,-0.9990,3.2500,52.19,
1,Maze001,17.718,3.2500,-0.9990,3.2500,52.19,
1,Maze001,17.722,3.2500,-0.9990,3.2500,52.19,
1,Maze001,17.726,3.2500,-0.9990,3.2500,52.19,
1,Maze001,17.730,3.2500,-0.9990,3.2500,52.19,
1,Maze001,17.735,3.2500,-0.9990,3.2500,52.19,
1,Maze001,17.739,3.2500,-0.9990,3.2500,52.19,
1,Maze001,17.743,3.2500,-0.9990,3.2500,52.19,
1,Maze001,17.747,3.2500,-0.9990,3.2500,52.19,
1,Maze001,17.751,3.2500,-0.9990,3.2500,52.19,
1,Maze001,17.755,3.2500,-0.9990,3.2500,52.19,
1,Maze001,17.759,3.2500,-0.9990,3.2500,52.19,
1,Maze001,17.764,3.2500,-0.9990,3.2500,52.19,
1,Maze001,17.768,3.2500,-0.9990,3.2500,52.19,
1,Maze001,17.772,3.2500,-0.9990,3.2500,52.19,
1,Maze001,17.776,3.2500,-0.9990,3.2500,52.19,
1,Maze001,17.781,3.2500,-0.9990,3.2500,52.19,
1,Maze001,17.785,3.2500,-0.9990,3.2500,52.19,
1,Maze001,17.789,3.2500,-0.9990,3.2500,52.19,
1,Maze001,17.793,3.2500,-0.9990,3.2500,52.19,
1,Maze001,17.797,3.2500,-0.9990,3.2500,52.19,
1,Maze001,17.802,3.2500,-0.9990,3.2500,52.19,
1,Maze001,17.805,3.2500,-0.9990,3.2500,52.19,
1,Maze001,17.810,3.2500,-0.9990,3.2500,52.19,
1,Maze001,17.814,3.2500,-0.9990,3.2500,52.19,
1,Maze001,17.818,3.2500,-0.9990,3.2500,52.19,
1,Maze001,17.822,3.2500,-0.9990,3.2500,52.19,
1,Maze001,17.826,3.2500,-0.9990,3.2500,52.19,
1,Maze001,17.830,3.2500,-0.9990,3.2500,52.19,
1,Maze001,17.835,3.2500,-0.9990,3.2500,52.19,
1,Maze001,17.839,3.2500,-0.9990,3.2500,52.19,
1,Maze001,17.843,3.2500,-0.9990,3.2500,52.19,
1,Maze001,17.848,3.2500,-0.9990,3.2500,52.19,
1,Maze001,17.851,3.2500,-0.9990,3.2500,52.19,
1,Maze001,17.855,3.2500,-0.9990,3.2500,52.19,
1,Maze001,17.859,3.2500,-0.9990,3.2500,52.19,
1,Maze001,17.864,3.2500,-0.9990,3.2500,52.19,
1,Maze001,17.868,3.2500,-0.9990,3.2500,52.19,
1,Maze001,17.872,3.2500,-0.9990,3.2500,52.19,
1,Maze001,17.876,3.2500,-0.9990,3.2500,52.19,
1,Maze001,17.881,3.2500,-0.9990,3.2500,52.19,
1,Maze001,17.884,3.2500,-0.9990,3.2500,52.19,
1,Maze001,17.889,3.2500,-0.9990,3.2500,52.19,
1,Maze001,17.893,3.2500,-0.9990,3.2500,52.19,
1,Maze001,17.897,3.2500,-0.9990,3.2500,52.19,
1,Maze001,17.901,3.2500,-0.9990,3.2500,52.19,
1,Maze001,17.905,3.2500,-0.9990,3.2500,52.19,
1,Maze001,17.909,3.2500,-0.9990,3.2500,52.19,
1,Maze001,17.914,3.2500,-0.9990,3.2500,52.19,
1,Maze001,17.918,3.2500,-0.9990,3.2500,52.19,
1,Maze001,17.922,3.2500,-0.9990,3.2500,52.19,
1,Maze001,17.927,3.2500,-0.9990,3.2500,52.19,
1,Maze001,17.931,3.2500,-0.9990,3.2500,52.19,
1,Maze001,17.935,3.2500,-0.9990,3.2500,52.19,
1,Maze001,17.939,3.2500,-0.9990,3.2500,52.19,
1,Maze001,17.943,3.2500,-0.9990,3.2500,52.19,
1,Maze001,17.947,3.2500,-0.9990,3.2500,52.19,
1,Maze001,17.951,3.2500,-0.9990,3.2500,52.19,
1,Maze001,17.956,3.2500,-0.9990,3.2500,52.19,
1,Maze001,17.960,3.2500,-0.9990,3.2500,52.19,
1,Maze001,17.964,3.2500,-0.9990,3.2500,52.19,
1,Maze001,17.968,3.2500,-0.9990,3.2500,52.19,
1,Maze001,17.972,3.2500,-0.9990,3.2500,52.19,
1,Maze001,17.976,3.2500,-0.9990,3.2500,52.19,
1,Maze001,17.981,3.2500,-0.9990,3.2500,52.19,
1,Maze001,17.985,3.2500,-0.9990,3.2500,52.19,
1,Maze001,17.989,3.2500,-0.9990,3.2500,52.19,
1,Maze001,17.993,3.2500,-0.9990,3.2500,52.19,
1,Maze001,17.997,3.2500,-0.9990,3.2500,52.19,
1,Maze001,18.001,3.2500,-0.9990,3.2500,52.19,
1,Maze001,18.006,3.2500,-0.9990,3.2500,52.19,
1,Maze001,18.009,3.2500,-0.9990,3.2500,52.19,
1,Maze001,18.014,3.2500,-0.9990,3.2500,52.19,
1,Maze001,18.018,3.2500,-0.9990,3.2500,52.19,
1,Maze001,18.022,3.2500,-0.9990,3.2500,52.19,
1,Maze001,18.026,3.2500,-0.9990,3.2500,52.19,
1,Maze001,18.030,3.2500,-0.9990,3.2500,52.19,
1,Maze001,18.034,3.2500,-0.9990,3.2500,52.19,
1,Maze001,18.039,3.2500,-0.9990,3.2500,52.19,
1,Maze001,18.043,3.2500,-0.9990,3.2500,52.19,
1,Maze001,18.047,3.2500,-0.9990,3.2500,52.19,
1,Maze001,18.052,3.2500,-0.9990,3.2500,52.19,
1,Maze001,18.056,3.2500,-0.9990,3.2500,52.19,
1,Maze001,18.060,3.2500,-0.9990,3.2500,52.19,
1,Maze001,18.064,3.2500,-0.9990,3.2500,52.19,
1,Maze001,18.068,3.2500,-0.9990,3.2500,52.19,
1,Maze001,18.072,3.2500,-0.9990,3.2500,52.19,
1,Maze001,18.076,3.2500,-0.9990,3.2500,52.19,
1,Maze001,18.080,3.2500,-0.9990,3.2500,52.19,
1,Maze001,18.085,3.2500,-0.9990,3.2500,52.19,
1,Maze001,18.089,3.2500,-0.9990,3.2500,52.19,
1,Maze001,18.093,3.2500,-0.9990,3.2500,52.19,
1,Maze001,18.097,3.2500,-0.9990,3.2500,52.19,
1,Maze001,18.102,3.2500,-0.9990,3.2500,52.19,
1,Maze001,18.105,3.2500,-0.9990,3.2500,52.19,
1,Maze001,18.109,3.2500,-0.9990,3.2500,52.19,
1,Maze001,18.114,3.2500,-0.9990,3.2500,52.19,
1,Maze001,18.118,3.2500,-0.9990,3.2500,52.19,
1,Maze001,18.122,3.2500,-0.9990,3.2500,52.19,
1,Maze001,18.127,3.2500,-0.9990,3.2500,52.19,
1,Maze001,18.130,3.2500,-0.9990,3.2500,52.19,
1,Maze001,18.134,3.2500,-0.9990,3.2500,52.19,
1,Maze001,18.139,3.2500,-0.9990,3.2500,52.19,
1,Maze001,18.143,3.2500,-0.9990,3.2500,52.19,
1,Maze001,18.147,3.2500,-0.9990,3.2500,52.19,
1,Maze001,18.151,3.2500,-0.9990,3.2500,52.19,
1,Maze001,18.155,3.2500,-0.9990,3.2500,52.19,
1,Maze001,18.160,3.2500,-0.9990,3.2500,52.19,
1,Maze001,18.164,3.2500,-0.9990,3.2500,52.19,
1,Maze001,18.168,3.2500,-0.9990,3.2500,52.19,
1,Maze001,18.172,3.2500,-0.9990,3.2500,52.19,
1,Maze001,18.176,3.2500,-0.9990,3.2500,52.19,
1,Maze001,18.181,3.2500,-0.9990,3.2500,52.19,
1,Maze001,18.185,3.2500,-0.9990,3.2500,52.19,
1,Maze001,18.189,3.2500,-0.9990,3.2500,52.19,
1,Maze001,18.193,3.2500,-0.9990,3.2500,52.19,
1,Maze001,18.197,3.2500,-0.9990,3.2500,52.19,
1,Maze001,18.201,3.2500,-0.9990,3.2500,52.19,
1,Maze001,18.206,3.2500,-0.9990,3.2500,52.19,
1,Maze001,18.210,3.2500,-0.9990,3.2500,52.19,
1,Maze001,18.214,3.2500,-0.9990,3.2500,52.19,
1,Maze001,18.218,3.2500,-0.9990,3.2500,52.19,
1,Maze001,18.222,3.2500,-0.9990,3.2500,52.19,
1,Maze001,18.226,3.2500,-0.9990,3.2500,52.19,
1,Maze001,18.230,3.2500,-0.9990,3.2500,52.19,
1,Maze001,18.235,3.2500,-0.9990,3.2500,52.19,
1,Maze001,18.239,3.2500,-0.9990,3.2500,52.19,
1,Maze001,18.243,3.2500,-0.9990,3.2500,52.19,
1,Maze001,18.247,3.2500,-0.9990,3.2500,52.19,
1,Maze001,18.251,3.2500,-0.9990,3.2500,52.19,
1,Maze001,18.255,3.2500,-0.9990,3.2500,52.19,
1,Maze001,18.260,3.2500,-0.9990,3.2500,52.19,
1,Maze001,18.264,3.2500,-0.9990,3.2500,52.19,
1,Maze001,18.268,3.2500,-0.9990,3.2500,52.19,
1,Maze001,18.272,3.2500,-0.9990,3.2500,52.19,
1,Maze001,18.276,3.2500,-0.9990,3.2500,52.19,
1,Maze001,18.280,3.2500,-0.9990,3.2500,52.19,
1,Maze001,18.285,3.2500,-0.9990,3.2500,52.19,
1,Maze001,18.289,3.2500,-0.9990,3.2500,52.19,
1,Maze001,18.293,3.2500,-0.9990,3.2500,52.19,
1,Maze001,18.297,3.2500,-0.9990,3.2500,52.19,
1,Maze001,18.302,3.2500,-0.9990,3.2500,52.19,
1,Maze001,18.305,3.2500,-0.9990,3.2500,52.19,
1,Maze001,18.310,3.2500,-0.9990,3.2500,52.19,
1,Maze001,18.314,3.2500,-0.9990,3.2500,52.19,
1,Maze001,18.318,3.2500,-0.9990,3.2500,52.19,
1,Maze001,18.322,3.2500,-0.9990,3.2500,52.19,
1,Maze001,18.326,3.2500,-0.9990,3.2500,52.19,
1,Maze001,18.331,3.2500,-0.9990,3.2500,52.19,
1,Maze001,18.335,3.2500,-0.9990,3.2500,52.19,
1,Maze001,18.339,3.2500,-0.9990,3.2500,52.19,
1,Maze001,18.343,3.2500,-0.9990,3.2500,52.19,
1,Maze001,18.347,3.2500,-0.9990,3.2500,52.19,
1,Maze001,18.351,3.2500,-0.9990,3.2500,52.19,
1,Maze001,18.355,3.2500,-0.9990,3.2500,52.19,
1,Maze001,18.360,3.2500,-0.9990,3.2500,52.19,
1,Maze001,18.364,3.2500,-0.9990,3.2500,52.19,
1,Maze001,18.368,3.2500,-0.9990,3.2500,52.19,
1,Maze001,18.372,3.2500,-0.9990,3.2500,52.19,
1,Maze001,18.376,3.2500,-0.9990,3.2500,52.19,
1,Maze001,18.381,3.2500,-0.9990,3.2500,52.19,
1,Maze001,18.385,3.2500,-0.9990,3.2500,52.19,
1,Maze001,18.388,3.2500,-0.9990,3.2500,52.19,
1,Maze001,18.393,3.2500,-0.9990,3.2500,52.19,
1,Maze001,18.397,3.2500,-0.9990,3.2500,52.19,
1,Maze001,18.401,3.2500,-0.9990,3.2500,52.19,
1,Maze001,18.405,3.2500,-0.9990,3.2500,52.19,
1,Maze001,18.409,3.2500,-0.9990,3.2500,52.19,
1,Maze001,18.414,3.2500,-0.9990,3.2500,52.19,
1,Maze001,18.418,3.2500,-0.9990,3.2500,52.19,
1,Maze001,18.422,3.2500,-0.9990,3.2500,52.19,
1,Maze001,18.426,3.2500,-0.9990,3.2500,52.19,
1,Maze001,18.431,3.2500,-0.9990,3.2500,52.19,
1,Maze001,18.435,3.2500,-0.9990,3.2500,52.19,
1,Maze001,18.439,3.2500,-0.9990,3.2500,52.19,
1,Maze001,18.443,3.2500,-0.9990,3.2500,52.19,
1,Maze001,18.447,3.2500,-0.9990,3.2500,52.19,
1,Maze001,18.451,3.2500,-0.9990,3.2500,52.19,
1,Maze001,18.455,3.2500,-0.9990,3.2500,52.19,
1,Maze001,18.459,3.2500,-0.9990,3.2500,52.19,
1,Maze001,18.463,3.2500,-0.9990,3.2500,52.19,
1,Maze001,18.468,3.2500,-0.9990,3.2500,52.19,
1,Maze001,18.472,3.2500,-0.9990,3.2500,52.19,
1,Maze001,18.476,3.2500,-0.9990,3.2500,52.19,
1,Maze001,18.480,3.2500,-0.9990,3.2500,52.19,
1,Maze001,18.485,3.2500,-0.9990,3.2500,52.19,
1,Maze001,18.489,3.2500,-0.9990,3.2500,52.19,
1,Maze001,18.493,3.2500,-0.9990,3.2500,52.19,
1,Maze001,18.497,3.2500,-0.9990,3.2500,52.19,
1,Maze001,18.501,3.2500,-0.9990,3.2500,52.19,
1,Maze001,18.505,3.2500,-0.9990,3.2500,52.19,
1,Maze001,18.509,3.2500,-0.9990,3.2500,52.19,
1,Maze001,18.514,3.2500,-0.9990,3.2500,52.19,
1,Maze001,18.518,3.2500,-0.9990,3.2500,52.19,
1,Maze001,18.522,3.2500,-0.9990,3.2500,52.19,
1,Maze001,18.526,3.2500,-0.9990,3.2500,52.19,
1,Maze001,18.530,3.2500,-0.9990,3.2500,52.19,
1,Maze001,18.534,3.2500,-0.9990,3.2500,52.19,
1,Maze001,18.539,3.2500,-0.9990,3.2500,52.19,
1,Maze001,18.543,3.2500,-0.9990,3.2500,52.19,
1,Maze001,18.547,3.2500,-0.9990,3.2500,52.19,
1,Maze001,18.551,3.2500,-0.9990,3.2500,52.19,
1,Maze001,18.555,3.2500,-0.9990,3.2500,52.19,
1,Maze001,18.559,3.2500,-0.9990,3.2500,52.19,
1,Maze001,18.564,3.2500,-0.9990,3.2500,52.19,
1,Maze001,18.568,3.2500,-0.9990,3.2500,52.19,
1,Maze001,18.572,3.2500,-0.9990,3.2500,52.19,
1,Maze001,18.576,3.2500,-0.9990,3.2500,52.19,
1,Maze001,18.580,3.2500,-0.9990,3.2500,52.19,
1,Maze001,18.584,3.2500,-0.9990,3.2500,52.19,
1,Maze001,18.589,3.2500,-0.9990,3.2500,52.19,
1,Maze001,18.593,3.2500,-0.9990,3.2500,52.19,
1,Maze001,18.597,3.2500,-0.9990,3.2500,52.19,
1,Maze001,18.601,3.2500,-0.9990,3.2500,52.19,
1,Maze001,18.605,3.2500,-0.9990,3.2500,52.19,
1,Maze001,18.610,3.2500,-0.9990,3.2500,52.19,
1,Maze001,18.614,3.2500,-0.9990,3.2500,52.19,
1,Maze001,18.618,3.2500,-0.9990,3.2500,52.19,
1,Maze001,18.622,3.2500,-0.9990,3.2500,52.19,
1,Maze001,18.626,3.2500,-0.9990,3.2500,52.19,
1,Maze001,18.630,3.2500,-0.9990,3.2500,52.19,
1,Maze001,18.635,3.2500,-0.9990,3.2500,52.19,
1,Maze001,18.639,3.2500,-0.9990,3.2500,52.19,
1,Maze001,18.644,3.2500,-0.9990,3.2500,52.19,
1,Maze001,18.652,3.2500,-0.9990,3.2500,52.19,
1,Maze001,18.656,3.2500,-0.9990,3.2500,52.19,
1,Maze001,18.659,3.2500,-0.9990,3.2500,52.19,
1,Maze001,18.664,3.2500,-0.9990,3.2500,52.19,
1,Maze001,18.668,3.2500,-0.9990,3.2500,52.19,
1,Maze001,18.672,3.2500,-0.9990,3.2500,52.19,
1,Maze001,18.676,3.2500,-0.9990,3.2500,52.19,
1,Maze001,18.680,3.2500,-0.9990,3.2500,52.19,
1,Maze001,18.685,3.2500,-0.9990,3.2500,52.19,
1,Maze001,18.688,3.2500,-0.9990,3.2500,52.19,
1,Maze001,18.693,3.2500,-0.9990,3.2500,52.19,
1,Maze001,18.697,3.2500,-0.9990,3.2500,52.19,
1,Maze001,18.701,3.2500,-0.9990,3.2500,52.19,
1,Maze001,18.705,3.2500,-0.9990,3.2500,52.19,
1,Maze001,18.709,3.2500,-0.9990,3.2500,52.19,
1,Maze001,18.713,3.2500,-0.9990,3.2500,52.19,
1,Maze001,18.718,3.2500,-0.9990,3.2500,52.19,
1,Maze001,18.722,3.2500,-0.9990,3.2500,52.19,
1,Maze001,18.726,3.2500,-0.9990,3.2500,52.19,
1,Maze001,18.731,3.2500,-0.9990,3.2500,52.19,
1,Maze001,18.735,3.2500,-0.9990,3.2500,52.19,
1,Maze001,18.738,3.2500,-0.9990,3.2500,52.19,
1,Maze001,18.743,3.2500,-0.9990,3.2500,52.19,
1,Maze001,18.747,3.2500,-0.9990,3.2500,52.19,
1,Maze001,18.751,3.2500,-0.9990,3.2500,52.19,
1,Maze001,18.755,3.2500,-0.9990,3.2500,52.19,
1,Maze001,18.759,3.2500,-0.9990,3.2500,52.19,
1,Maze001,18.764,3.2500,-0.9990,3.2500,52.19,
1,Maze001,18.768,3.2500,-0.9990,3.2500,52.19,
1,Maze001,18.772,3.2500,-0.9990,3.2500,52.19,
1,Maze001,18.776,3.2500,-0.9990,3.2500,52.19,
1,Maze001,18.781,3.2500,-0.9990,3.2500,52.19,
1,Maze001,18.784,3.2500,-0.9990,3.2500,52.19,
1,Maze001,18.789,3.2500,-0.9990,3.2500,52.19,
1,Maze001,18.792,3.2500,-0.9990,3.2500,52.19,
1,Maze001,18.797,3.2500,-0.9990,3.2500,52.19,
1,Maze001,18.801,3.2500,-0.9990,3.2500,52.19,
1,Maze001,18.805,3.2500,-0.9990,3.2500,52.19,
1,Maze001,18.810,3.2500,-0.9990,3.2500,52.19,
1,Maze001,18.814,3.2500,-0.9990,3.2500,52.19,
1,Maze001,18.818,3.2500,-0.9990,3.2500,52.19,
1,Maze001,18.822,3.2500,-0.9990,3.2500,52.19,
1,Maze001,18.826,3.2500,-0.9990,3.2500,52.19,
1,Maze001,18.830,3.2500,-0.9990,3.2500,52.19,
1,Maze001,18.834,3.2500,-0.9990,3.2500,52.19,
1,Maze001,18.839,3.2500,-0.9990,3.2500,52.19,
1,Maze001,18.843,3.2500,-0.9990,3.2500,52.19,
1,Maze001,18.847,3.2500,-0.9990,3.2500,52.19,
1,Maze001,18.851,3.2500,-0.9990,3.2500,52.19,
1,Maze001,18.855,3.2500,-0.9990,3.2500,52.19,
1,Maze001,18.859,3.2500,-0.9990,3.2500,52.19,
1,Maze001,18.864,3.2500,-0.9990,3.2500,52.19,
1,Maze001,18.868,3.2500,-0.9990,3.2500,52.19,
1,Maze001,18.872,3.2500,-0.9990,3.2500,52.19,
1,Maze001,18.877,3.2500,-0.9990,3.2500,52.19,
1,Maze001,18.881,3.2500,-0.9990,3.2500,52.19,
1,Maze001,18.884,3.2500,-0.9990,3.2500,52.19,
1,Maze001,18.889,3.2500,-0.9990,3.2500,52.19,
1,Maze001,18.893,3.2500,-0.9990,3.2500,52.19,
1,Maze001,18.897,3.2500,-0.9990,3.2500,52.19,
1,Maze001,18.902,3.2500,-0.9990,3.2500,52.19,
1,Maze001,18.905,3.2500,-0.9990,3.2500,52.19,
1,Maze001,18.909,3.2500,-0.9990,3.2500,52.19,
1,Maze001,18.914,3.2500,-0.9990,3.2500,52.19,
1,Maze001,18.918,3.2500,-0.9990,3.2500,52.19,
1,Maze001,18.922,3.2500,-0.9990,3.2500,52.19,
1,Maze001,18.927,3.2500,-0.9990,3.2500,52.19,
1,Maze001,18.931,3.2500,-0.9990,3.2500,52.19,
1,Maze001,18.934,3.2500,-0.9990,3.2500,52.19,
1,Maze001,18.939,3.2500,-0.9990,3.2500,52.19,
1,Maze001,18.943,3.2500,-0.9990,3.2500,52.19,
1,Maze001,18.947,3.2500,-0.9990,3.2500,52.19,
1,Maze001,18.951,3.2500,-0.9990,3.2500,52.19,
1,Maze001,18.956,3.2500,-0.9990,3.2500,52.19,
1,Maze001,18.960,3.2500,-0.9990,3.2500,52.19,
1,Maze001,18.964,3.2500,-0.9990,3.2500,52.19,
1,Maze001,18.968,3.2500,-0.9990,3.2500,52.19,
1,Maze001,18.972,3.2500,-0.9990,3.2500,52.19,
1,Maze001,18.976,3.2500,-0.9990,3.2500,52.19,
1,Maze001,18.980,3.2500,-0.9990,3.2500,52.19,
1,Maze001,18.985,3.2500,-0.9990,3.2500,52.19,
1,Maze001,18.989,3.2500,-0.9990,3.2500,52.19,
1,Maze001,18.993,3.2500,-0.9990,3.2500,52.19,
1,Maze001,18.997,3.2500,-0.9990,3.2500,52.19,
1,Maze001,19.001,3.2500,-0.9990,3.2500,52.19,
1,Maze001,19.005,3.2500,-0.9990,3.2500,52.19,
1,Maze001,19.009,3.2500,-0.9990,3.2500,52.19,
1,Maze001,19.014,3.2500,-0.9990,3.2500,52.19,
1,Maze001,19.018,3.2500,-0.9990,3.2500,52.19,
1,Maze001,19.022,3.2500,-0.9990,3.2500,52.19,
1,Maze001,19.026,3.2500,-0.9990,3.2500,52.19,
1,Maze001,19.031,3.2500,-0.9990,3.2500,52.19,
1,Maze001,19.034,3.2500,-0.9990,3.2500,52.19,
1,Maze001,19.039,3.2500,-0.9990,3.2500,52.19,
1,Maze001,19.043,3.2500,-0.9990,3.2500,52.19,
1,Maze001,19.047,3.2500,-0.9990,3.2500,52.19,
1,Maze001,19.051,3.2500,-0.9990,3.2500,52.19,
1,Maze001,19.055,3.2500,-0.9990,3.2500,52.19,
1,Maze001,19.059,3.2500,-0.9990,3.2500,52.19,
1,Maze001,19.064,3.2500,-0.9990,3.2500,52.19,
1,Maze001,19.068,3.2500,-0.9990,3.2500,52.19,
1,Maze001,19.072,3.2500,-0.9990,3.2500,52.19,
1,Maze001,19.076,3.2500,-0.9990,3.2500,52.19,
1,Maze001,19.080,3.2500,-0.9990,3.2500,52.19,
1,Maze001,19.084,3.2500,-0.9990,3.2500,52.19,
1,Maze001,19.088,3.2500,-0.9990,3.2500,52.19,
1,Maze001,19.094,3.2500,-0.9990,3.2500,52.19,
1,Maze001,19.098,3.2500,-0.9990,3.2500,52.19,
1,Maze001,19.101,3.2500,-0.9990,3.2500,52.19,
1,Maze001,19.105,3.2500,-0.9990,3.2500,52.19,
1,Maze001,19.109,3.2500,-0.9990,3.2500,52.19,
1,Maze001,19.114,3.2500,-0.9990,3.2500,52.19,
1,Maze001,19.118,3.2500,-0.9990,3.2500,52.19,
1,Maze001,19.122,3.2500,-0.9990,3.2500,52.19,
1,Maze001,19.126,3.2500,-0.9990,3.2500,52.19,
1,Maze001,19.130,3.2500,-0.9990,3.2500,52.19,
1,Maze001,19.134,3.2500,-0.9990,3.2500,52.19,
1,Maze001,19.138,3.2500,-0.9990,3.2500,52.19,
1,Maze001,19.143,3.2500,-0.9990,3.2500,52.19,
1,Maze001,19.147,3.2500,-0.9990,3.2500,52.19,
1,Maze001,19.151,3.2500,-0.9990,3.2500,52.19,
1,Maze001,19.155,3.2500,-0.9990,3.2500,52.19,
1,Maze001,19.160,3.2500,-0.9990,3.2500,52.19,
1,Maze001,19.164,3.2500,-0.9990,3.2500,52.19,
1,Maze001,19.168,3.2500,-0.9990,3.2500,52.19,
1,Maze001,19.172,3.2500,-0.9990,3.2500,52.19,
1,Maze001,19.176,3.2500,-0.9990,3.2500,52.19,
1,Maze001,19.180,3.2500,-0.9990,3.2500,52.19,
1,Maze001,19.184,3.2500,-0.9990,3.2500,52.19,
1,Maze001,19.189,3.2500,-0.9990,3.2500,52.19,
1,Maze001,19.193,3.2500,-0.9990,3.2500,52.19,
1,Maze001,19.197,3.2500,-0.9990,3.2500,52.19,
1,Maze001,19.201,3.2500,-0.9990,3.2500,52.19,
1,Maze001,19.205,3.2500,-0.9990,3.2500,52.19,
1,Maze001,19.209,3.2500,-0.9990,3.2500,52.19,
1,Maze001,19.213,3.2500,-0.9990,3.2500,52.19,
1,Maze001,19.218,3.2500,-0.9990,3.2500,52.19,
1,Maze001,19.222,3.2500,-0.9990,3.2500,52.19,
1,Maze001,19.226,3.2500,-0.9990,3.2500,52.19,
1,Maze001,19.230,3.2500,-0.9990,3.2500,52.19,
1,Maze001,19.234,3.2500,-0.9990,3.2500,52.19,
1,Maze001,19.238,3.2500,-0.9990,3.2500,52.19,
1,Maze001,19.243,3.2500,-0.9990,3.2500,52.19,
1,Maze001,19.247,3.2500,-0.9990,3.2500,52.19,
1,Maze001,19.251,3.2500,-0.9990,3.2500,52.19,
1,Maze001,19.255,3.2500,-0.9990,3.2500,52.19,
1,Maze001,19.259,3.2500,-0.9990,3.2500,52.19,
1,Maze001,19.264,3.2500,-0.9990,3.2500,52.19,
1,Maze001,19.268,3.2500,-0.9990,3.2500,52.19,
1,Maze001,19.272,3.2500,-0.9990,3.2500,52.19,
1,Maze001,19.276,3.2500,-0.9990,3.2500,52.19,
1,Maze001,19.281,3.2500,-0.9990,3.2500,52.19,
1,Maze001,19.285,3.2500,-0.9990,3.2500,52.19,
1,Maze001,19.289,3.2500,-0.9990,3.2500,52.19,
1,Maze001,19.293,3.2500,-0.9990,3.2500,52.19,
1,Maze001,19.297,3.2500,-0.9990,3.2500,52.19,
1,Maze001,19.301,3.2500,-0.9990,3.2500,52.19,
1,Maze001,19.305,3.2500,-0.9990,3.2500,52.19,
1,Maze001,19.310,3.2500,-0.9990,3.2500,52.19,
1,Maze001,19.314,3.2500,-0.9990,3.2500,52.19,
1,Maze001,19.318,3.2500,-0.9990,3.2500,52.19,
1,Maze001,19.322,3.2500,-0.9990,3.2500,52.19,
1,Maze001,19.327,3.2500,-0.9990,3.2500,52.19,
1,Maze001,19.331,3.2500,-0.9990,3.2500,52.19,
1,Maze001,19.335,3.2500,-0.9990,3.2500,52.19,
1,Maze001,19.339,3.2500,-0.9990,3.2500,52.19,
1,Maze001,19.343,3.2500,-0.9990,3.2500,52.19,
1,Maze001,19.347,3.2500,-0.9990,3.2500,52.19,
1,Maze001,19.351,3.2500,-0.9990,3.2500,52.19,
1,Maze001,19.355,3.2500,-0.9990,3.2500,52.19,
1,Maze001,19.359,3.2500,-0.9990,3.2500,52.19,
1,Maze001,19.363,3.2500,-0.9990,3.2500,52.19,
1,Maze001,19.368,3.2500,-0.9990,3.2500,52.19,
1,Maze001,19.372,3.2500,-0.9990,3.2500,52.19,
1,Maze001,19.376,3.2500,-0.9990,3.2500,52.19,
1,Maze001,19.380,3.2500,-0.9990,3.2500,52.19,
1,Maze001,19.384,3.2500,-0.9990,3.2500,52.19,
1,Maze001,19.389,3.2500,-0.9990,3.2500,52.19,
1,Maze001,19.393,3.2500,-0.9990,3.2500,52.19,
1,Maze001,19.397,3.2500,-0.9990,3.2500,52.19,
1,Maze001,19.401,3.2500,-0.9990,3.2500,52.19,
1,Maze001,19.405,3.2500,-0.9990,3.2500,52.19,
1,Maze001,19.410,3.2500,-0.9990,3.2500,52.19,
1,Maze001,19.414,3.2500,-0.9990,3.2500,52.19,
1,Maze001,19.418,3.2500,-0.9990,3.2500,52.19,
1,Maze001,19.422,3.2500,-0.9990,3.2500,52.19,
1,Maze001,19.426,3.2500,-0.9990,3.2500,52.19,
1,Maze001,19.430,3.2500,-0.9990,3.2500,52.19,
1,Maze001,19.434,3.2500,-0.9990,3.2500,52.19,
1,Maze001,19.439,3.2500,-0.9990,3.2500,52.19,
1,Maze001,19.443,3.2500,-0.9990,3.2500,52.19,
1,Maze001,19.447,3.2500,-0.9990,3.2500,52.19,
1,Maze001,19.451,3.2500,-0.9990,3.2500,52.19,
1,Maze001,19.455,3.2500,-0.9990,3.2500,52.19,
1,Maze001,19.459,3.2500,-0.9990,3.2500,52.19,
1,Maze001,19.463,3.2500,-0.9990,3.2500,52.19,
1,Maze001,19.468,3.2500,-0.9990,3.2500,52.19,
1,Maze001,19.472,3.2500,-0.9990,3.2500,52.19,
1,Maze001,19.476,3.2500,-0.9990,3.2500,52.19,
1,Maze001,19.480,3.2500,-0.9990,3.2500,52.19,
1,Maze001,19.484,3.2500,-0.9990,3.2500,52.19,
1,Maze001,19.488,3.2500,-0.9990,3.2500,52.19,
1,Maze001,19.493,3.2500,-0.9990,3.2500,52.19,
1,Maze001,19.497,3.2500,-0.9990,3.2500,52.19,
1,Maze001,19.501,3.2500,-0.9990,3.2500,52.19,
1,Maze001,19.505,3.2500,-0.9990,3.2500,52.19,
1,Maze001,19.509,3.2500,-0.9990,3.2500,52.19,
1,Maze001,19.513,3.2500,-0.9990,3.2500,52.19,
1,Maze001,19.517,3.2500,-0.9990,3.2500,52.19,
1,Maze001,19.522,3.2500,-0.9990,3.2500,52.19,
1,Maze001,19.526,3.2500,-0.9990,3.2500,52.19,
1,Maze001,19.530,3.2500,-0.9990,3.2500,52.19,
1,Maze001,19.534,3.2500,-0.9990,3.2500,52.19,
1,Maze001,19.538,3.2500,-0.9990,3.2500,52.19,
1,Maze001,19.543,3.2500,-0.9990,3.2500,52.19,
1,Maze001,19.547,3.2500,-0.9990,3.2500,52.19,
1,Maze001,19.551,3.2500,-0.9990,3.2500,52.19,
1,Maze001,19.555,3.2500,-0.9990,3.2500,52.19,
1,Maze001,19.559,3.2500,-0.9990,3.2500,52.19,
1,Maze001,19.564,3.2500,-0.9990,3.2500,52.19,
1,Maze001,19.568,3.2500,-0.9990,3.2500,52.19,
1,Maze001,19.572,3.2500,-0.9990,3.2500,52.19,
1,Maze001,19.576,3.2500,-0.9990,3.2500,52.19,
1,Maze001,19.580,3.2500,-0.9990,3.2500,52.19,
1,Maze001,19.584,3.2500,-0.9990,3.2500,52.19,
1,Maze001,19.588,3.2500,-0.9990,3.2500,52.19,
1,Maze001,19.593,3.2500,-0.9990,3.2500,52.19,
1,Maze001,19.597,3.2500,-0.9990,3.2500,52.19,
1,Maze001,19.601,3.2500,-0.9990,3.2500,52.19,
1,Maze001,19.605,3.2500,-0.9990,3.2500,52.19,
1,Maze001,19.609,3.2500,-0.9990,3.2500,52.19,
1,Maze001,19.613,3.2500,-0.9990,3.2500,52.19,
1,Maze001,19.618,3.2500,-0.9990,3.2500,52.19,
1,Maze001,19.622,3.2500,-0.9990,3.2500,52.19,
1,Maze001,19.626,3.2500,-0.9990,3.2500,52.19,
1,Maze001,19.630,3.2500,-0.9990,3.2500,52.19,
1,Maze001,19.634,3.2500,-0.9990,3.2500,52.19,
1,Maze001,19.638,3.2500,-0.9990,3.2500,52.19,
1,Maze001,19.643,3.2500,-0.9990,3.2500,52.19,
1,Maze001,19.647,3.2500,-0.9990,3.2500,52.19,
1,Maze001,19.651,3.2500,-0.9990,3.2500,52.19,
1,Maze001,19.655,3.2500,-0.9990,3.2500,52.19,
1,Maze001,19.659,3.2500,-0.9990,3.2500,52.19,
1,Maze001,19.663,3.2500,-0.9990,3.2500,52.19,
1,Maze001,19.667,3.2500,-0.9990,3.2500,52.19,
1,Maze001,19.672,3.2500,-0.9990,3.2500,52.19,
1,Maze001,19.676,3.2500,-0.9990,3.2500,52.19,
1,Maze001,19.680,3.2500,-0.9990,3.2500,52.19,
1,Maze001,19.684,3.2500,-0.9990,3.2500,52.19,
1,Maze001,19.689,3.2500,-0.9990,3.2500,52.19,
1,Maze001,19.692,3.2500,-0.9990,3.2500,52.19,
1,Maze001,19.697,3.2500,-0.9990,3.2500,52.19,
1,Maze001,19.701,3.2500,-0.9990,3.2500,52.19,
1,Maze001,19.705,3.2500,-0.9990,3.2500,52.19,
1,Maze001,19.709,3.2500,-0.9990,3.2500,52.19,
1,Maze001,19.713,3.2500,-0.9990,3.2500,52.19,
1,Maze001,19.718,3.2500,-0.9990,3.2500,52.19,
1,Maze001,19.722,3.2500,-0.9990,3.2500,52.19,
1,Maze001,19.726,3.2500,-0.9990,3.2500,52.19,
1,Maze001,19.730,3.2500,-0.9990,3.2500,52.19,
1,Maze001,19.734,3.2500,-0.9990,3.2500,52.19,
1,Maze001,19.738,3.2500,-0.9990,3.2500,52.19,
1,Maze001,19.742,3.2500,-0.9990,3.2500,52.19,
1,Maze001,19.747,3.2500,-0.9990,3.2500,52.19,
1,Maze001,19.751,3.2500,-0.9990,3.2500,52.19,
1,Maze001,19.755,3.2500,-0.9990,3.2500,52.19,
1,Maze001,19.760,3.2500,-0.9990,3.2500,52.19,
1,Maze001,19.764,3.2500,-0.9990,3.2500,52.19,
1,Maze001,19.768,3.2500,-0.9990,3.2500,52.19,
1,Maze001,19.772,3.2500,-0.9990,3.2500,52.19,
1,Maze001,19.776,3.2500,-0.9990,3.2500,52.19,
1,Maze001,19.781,3.2500,-0.9990,3.2500,52.19,
1,Maze001,19.785,3.2500,-0.9990,3.2500,52.19,
1,Maze001,19.789,3.2500,-0.9990,3.2500,52.19,
1,Maze001,19.793,3.2500,-0.9990,3.2500,52.19,
1,Maze001,19.797,3.2500,-0.9990,3.2500,52.19,
1,Maze001,19.801,3.2500,-0.9990,3.2500,52.19,
1,Maze001,19.805,3.2500,-0.9990,3.2500,52.19,
1,Maze001,19.810,3.2500,-0.9990,3.2500,52.19,
1,Maze001,19.814,3.2500,-0.9990,3.2500,52.19,
1,Maze001,19.818,3.2500,-0.9990,3.2500,52.19,
1,Maze001,19.822,3.2500,-0.9990,3.2500,52.19,
1,Maze001,19.826,3.2500,-0.9990,3.2500,52.19,
1,Maze001,19.830,3.2500,-0.9990,3.2500,52.19,
1,Maze001,19.835,3.2500,-0.9990,3.2500,52.19,
1,Maze001,19.838,3.2500,-0.9990,3.2500,52.19,
1,Maze001,19.842,3.2500,-0.9990,3.2500,52.19,
1,Maze001,19.847,3.2500,-0.9990,3.2500,52.19,
1,Maze001,19.851,3.2500,-0.9990,3.2500,52.19,
1,Maze001,19.855,3.2500,-0.9990,3.2500,52.19,
1,Maze001,19.859,3.2500,-0.9990,3.2500,52.19,
1,Maze001,19.864,3.2500,-0.9990,3.2500,52.19,
1,Maze001,19.868,3.2500,-0.9990,3.2500,52.19,
1,Maze001,19.872,3.2500,-0.9990,3.2500,52.19,
1,Maze001,19.876,3.2500,-0.9990,3.2500,52.19,
1,Maze001,19.880,3.2500,-0.9990,3.2500,52.19,
1,Maze001,19.885,3.2500,-0.9990,3.2500,52.19,
1,Maze001,19.888,3.2500,-0.9990,3.2500,52.19,
1,Maze001,19.893,3.2500,-0.9990,3.2500,52.19,
1,Maze001,19.897,3.2500,-0.9990,3.2500,52.19,
1,Maze001,19.901,3.2500,-0.9990,3.2500,52.19,
1,Maze001,19.905,3.2500,-0.9990,3.2500,52.19,
1,Maze001,19.909,3.2500,-0.9990,3.2500,52.19,
1,Maze001,19.914,3.2500,-0.9990,3.2500,52.19,
1,Maze001,19.918,3.2500,-0.9990,3.2500,52.19,
1,Maze001,19.922,3.2500,-0.9990,3.2500,52.19,
1,Maze001,19.926,3.2500,-0.9990,3.2500,52.19,
1,Maze001,19.930,3.2500,-0.9990,3.2500,52.19,
1,Maze001,19.934,3.2500,-0.9990,3.2500,52.19,
1,Maze001,19.938,3.2500,-0.9990,3.2500,52.19,
1,Maze001,19.942,3.2500,-0.9990,3.2500,52.19,
1,Maze001,19.947,3.2500,-0.9990,3.2500,52.19,
1,Maze001,19.951,3.2500,-0.9990,3.2500,52.19,
1,Maze001,19.955,3.2500,-0.9990,3.2500,52.19,
1,Maze001,19.959,3.2500,-0.9990,3.2500,52.19,
1,Maze001,19.964,3.2500,-0.9990,3.2500,52.19,
1,Maze001,19.968,3.2500,-0.9990,3.2500,52.19,
1,Maze001,19.973,3.2500,-0.9990,3.2500,52.19,
1,Maze001,19.977,3.2500,-0.9990,3.2500,52.19,
1,Maze001,19.981,3.2500,-0.9990,3.2500,52.19,
1,Maze001,19.985,3.2500,-0.9990,3.2500,52.19,
1,Maze001,19.988,3.2500,-0.9990,3.2500,52.19,
1,Maze001,19.993,3.2500,-0.9990,3.2500,52.19,
1,Maze001,19.997,3.2500,-0.9990,3.2500,52.19,
1,Maze001,20.002,3.2500,-0.9990,3.2500,52.19,
1,Maze001,20.006,3.2500,-0.9990,3.2500,52.19,
1,Maze001,20.010,3.2500,-0.9990,3.2500,52.19,
1,Maze001,20.014,3.2500,-0.9990,3.2500,52.19,
1,Maze001,20.018,3.2500,-0.9990,3.2500,52.19,
1,Maze001,20.022,3.2500,-0.9990,3.2500,52.19,
1,Maze001,20.026,3.2500,-0.9990,3.2500,52.19,
1,Maze001,20.031,3.2500,-0.9990,3.2500,52.19,
1,Maze001,20.034,3.2500,-0.9990,3.2500,52.19,
1,Maze001,20.038,3.2500,-0.9990,3.2500,52.19,
1,Maze001,20.043,3.2500,-0.9990,3.2500,52.19,
1,Maze001,20.047,3.2500,-0.9990,3.2500,52.19,
1,Maze001,20.051,3.2500,-0.9990,3.2500,52.19,
1,Maze001,20.055,3.2500,-0.9990,3.2500,52.19,
1,Maze001,20.060,3.2500,-0.9990,3.2500,52.19,
1,Maze001,20.064,3.2500,-0.9990,3.2500,52.19,
1,Maze001,20.068,3.2500,-0.9990,3.2500,52.19,
1,Maze001,20.072,3.2500,-0.9990,3.2500,52.19,
1,Maze001,20.076,3.2500,-0.9990,3.2500,52.19,
1,Maze001,20.080,3.2500,-0.9990,3.2500,52.19,
1,Maze001,20.084,3.2500,-0.9990,3.2500,52.19,
1,Maze001,20.089,3.2500,-0.9990,3.2500,52.19,
1,Maze001,20.093,3.2500,-0.9990,3.2500,52.19,
1,Maze001,20.097,3.2500,-0.9990,3.2500,52.19,
1,Maze001,20.101,3.2500,-0.9990,3.2500,52.19,
1,Maze001,20.105,3.2500,-0.9990,3.2500,52.19,
1,Maze001,20.109,3.2500,-0.9990,3.2500,52.19,
1,Maze001,20.113,3.2500,-0.9990,3.2500,52.19,
1,Maze001,20.117,3.2500,-0.9990,3.2500,52.19,
1,Maze001,20.122,3.2500,-0.9990,3.2500,52.19,
1,Maze001,20.126,3.2500,-0.9990,3.2500,52.19,
1,Maze001,20.130,3.2500,-0.9990,3.2500,52.19,
1,Maze001,20.134,3.2500,-0.9990,3.2500,52.19,
1,Maze001,20.138,3.2500,-0.9990,3.2500,52.19,
1,Maze001,20.143,3.2500,-0.9990,3.2500,52.19,
1,Maze001,20.147,3.2500,-0.9990,3.2500,52.19,
1,Maze001,20.151,3.2500,-0.9990,3.2500,52.19,
1,Maze001,20.155,3.2500,-0.9990,3.2500,52.19,
1,Maze001,20.160,3.2500,-0.9990,3.2500,52.19,
1,Maze001,20.164,3.2500,-0.9990,3.2500,52.19,
1,Maze001,20.168,3.2500,-0.9990,3.2500,52.19,
1,Maze001,20.172,3.2500,-0.9990,3.2500,52.19,
1,Maze001,20.176,3.2500,-0.9990,3.2500,52.19,
1,Maze001,20.180,3.2500,-0.9990,3.2500,52.19,
1,Maze001,20.185,3.2500,-0.9990,3.2500,52.19,
1,Maze001,20.189,3.2500,-0.9990,3.2500,52.19,
1,Maze001,20.193,3.2500,-0.9990,3.2500,52.19,
1,Maze001,20.197,3.2500,-0.9990,3.2500,52.19,
1,Maze001,20.201,3.2500,-0.9990,3.2500,52.19,
1,Maze001,20.205,3.2500,-0.9990,3.2500,52.19,
1,Maze001,20.209,3.2500,-0.9990,3.2500,52.19,
1,Maze001,20.214,3.2500,-0.9990,3.2500,52.19,
1,Maze001,20.218,3.2500,-0.9990,3.2500,52.19,
1,Maze001,20.222,3.2500,-0.9990,3.2500,52.19,
1,Maze001,20.226,3.2500,-0.9990,3.2500,52.19,
1,Maze001,20.230,3.2500,-0.9990,3.2500,52.19,
1,Maze001,20.234,3.2500,-0.9990,3.2500,52.19,
1,Maze001,20.238,3.2500,-0.9990,3.2500,52.19,
1,Maze001,20.243,3.2500,-0.9990,3.2500,52.19,
1,Maze001,20.247,3.2500,-0.9990,3.2500,52.19,
1,Maze001,20.251,3.2500,-0.9990,3.2500,52.19,
1,Maze001,20.255,3.2500,-0.9990,3.2500,52.19,
1,Maze001,20.259,3.2500,-0.9990,3.2500,52.19,
1,Maze001,20.264,3.2500,-0.9990,3.2500,52.19,
1,Maze001,20.268,3.2500,-0.9990,3.2500,52.19,
1,Maze001,20.272,3.2500,-0.9990,3.2500,52.19,
1,Maze001,20.276,3.2500,-0.9990,3.2500,52.19,
1,Maze001,20.280,3.2500,-0.9990,3.2500,52.19,
1,Maze001,20.284,3.2500,-0.9990,3.2500,52.19,
1,Maze001,20.288,3.2500,-0.9990,3.2500,52.19,
1,Maze001,20.292,3.2500,-0.9990,3.2500,52.19,
1,Maze001,20.297,3.2500,-0.9990,3.2500,52.19,
1,Maze001,20.301,3.2500,-0.9990,3.2500,52.19,
1,Maze001,20.305,3.2500,-0.9990,3.2500,52.19,
1,Maze001,20.309,3.2500,-0.9990,3.2500,52.19,
1,Maze001,20.313,3.2500,-0.9990,3.2500,52.19,
1,Maze001,20.317,3.2500,-0.9990,3.2500,52.19,
1,Maze001,20.322,3.2500,-0.9990,3.2500,52.19,
1,Maze001,20.326,3.2500,-0.9990,3.2500,52.19,
1,Maze001,20.330,3.2500,-0.9990,3.2500,52.19,
1,Maze001,20.334,3.2500,-0.9990,3.2500,52.19,
1,Maze001,20.339,3.2500,-0.9990,3.2500,52.19,
1,Maze001,20.343,3.2500,-0.9990,3.2500,52.19,
1,Maze001,20.347,3.2500,-0.9990,3.2500,52.19,
1,Maze001,20.351,3.2500,-0.9990,3.2500,52.19,
1,Maze001,20.355,3.2500,-0.9990,3.2500,52.19,
1,Maze001,20.359,3.2500,-0.9990,3.2500,52.19,
1,Maze001,20.363,3.2500,-0.9990,3.2500,52.19,
1,Maze001,20.368,3.2500,-0.9990,3.2500,52.19,
1,Maze001,20.372,3.2500,-0.9990,3.2500,52.19,
1,Maze001,20.377,3.2500,-0.9990,3.2500,52.19,
1,Maze001,20.380,3.2500,-0.9990,3.2500,52.19,
1,Maze001,20.384,3.2500,-0.9990,3.2500,52.19,
1,Maze001,20.389,3.2500,-0.9990,3.2500,52.19,
1,Maze001,20.393,3.2500,-0.9990,3.2500,52.19,
1,Maze001,20.397,3.2500,-0.9990,3.2500,52.19,
1,Maze001,20.402,3.2500,-0.9990,3.2500,52.19,
1,Maze001,20.405,3.2500,-0.9990,3.2500,52.19,
1,Maze001,20.409,3.2500,-0.9990,3.2500,52.19,
1,Maze001,20.414,3.2500,-0.9990,3.2500,52.19,
1,Maze001,20.418,3.2500,-0.9990,3.2500,52.19,
1,Maze001,20.422,3.2500,-0.9990,3.2500,52.19,
1,Maze001,20.426,3.2500,-0.9990,3.2500,52.19,
1,Maze001,20.430,3.2500,-0.9990,3.2500,52.19,
1,Maze001,20.434,3.2500,-0.9990,3.2500,52.19,
1,Maze001,20.438,3.2500,-0.9990,3.2500,52.19,
1,Maze001,20.443,3.2500,-0.9990,3.2500,52.19,
1,Maze001,20.447,3.2500,-0.9990,3.2500,52.19,
1,Maze001,20.451,3.2500,-0.9990,3.2500,52.19,
1,Maze001,20.455,3.2500,-0.9990,3.2500,52.19,
1,Maze001,20.459,3.2500,-0.9990,3.2500,52.19,
1,Maze001,20.464,3.2500,-0.9990,3.2500,52.19,
1,Maze001,20.468,3.2500,-0.9990,3.2500,52.19,
1,Maze001,20.472,3.2500,-0.9990,3.2500,52.19,
1,Maze001,20.476,3.2500,-0.9990,3.2500,52.19,
1,Maze001,20.480,3.2500,-0.9990,3.2500,52.19,
1,Maze001,20.485,3.2500,-0.9990,3.2500,52.19,
1,Maze001,20.489,3.2500,-0.9990,3.2500,52.19,
1,Maze001,20.493,3.2500,-0.9990,3.2500,52.19,
1,Maze001,20.497,3.2500,-0.9990,3.2500,52.19,
1,Maze001,20.501,3.2500,-0.9990,3.2500,52.19,
1,Maze001,20.505,3.2500,-0.9990,3.2500,52.19,
1,Maze001,20.510,3.2500,-0.9990,3.2500,52.19,
1,Maze001,20.514,3.2500,-0.9990,3.2500,52.19,
1,Maze001,20.518,3.2500,-0.9990,3.2500,52.19,
1,Maze001,20.522,3.2500,-0.9990,3.2500,52.19,
1,Maze001,20.526,3.2500,-0.9990,3.2500,52.19,
1,Maze001,20.530,3.2500,-0.9990,3.2500,52.19,
1,Maze001,20.534,3.2500,-0.9990,3.2500,52.19,
1,Maze001,20.538,3.2500,-0.9990,3.2500,52.19,
1,Maze001,20.543,3.2500,-0.9990,3.2500,52.19,
1,Maze001,20.547,3.2500,-0.9990,3.2500,52.19,
1,Maze001,20.551,3.2500,-0.9990,3.2500,52.19,
1,Maze001,20.555,3.2500,-0.9990,3.2500,52.19,
1,Maze001,20.559,3.2500,-0.9990,3.2500,52.19,
1,Maze001,20.563,3.2500,-0.9990,3.2500,52.19,
1,Maze001,20.567,3.2500,-0.9990,3.2500,52.19,
1,Maze001,20.571,3.2500,-0.9990,3.2500,52.19,
1,Maze001,20.576,3.2500,-0.9990,3.2500,52.19,
1,Maze001,20.580,3.2500,-0.9990,3.2500,52.19,
1,Maze001,20.584,3.2500,-0.9990,3.2500,52.19,
1,Maze001,20.589,3.2500,-0.9990,3.2500,52.19,
1,Maze001,20.593,3.2500,-0.9990,3.2500,52.19,
1,Maze001,20.597,3.2500,-0.9990,3.2500,52.19,
1,Maze001,20.601,3.2500,-0.9990,3.2500,52.19,
1,Maze001,20.605,3.2500,-0.9990,3.2500,52.19,
1,Maze001,20.609,3.2500,-0.9990,3.2500,52.19,
1,Maze001,20.613,3.2500,-0.9990,3.2500,52.19,
1,Maze001,20.618,3.2500,-0.9990,3.2500,52.19,
1,Maze001,20.622,3.2500,-0.9990,3.2500,52.19,
1,Maze001,20.626,3.2500,-0.9990,3.2500,52.19,
1,Maze001,20.630,3.2500,-0.9990,3.2500,52.19,
1,Maze001,20.634,3.2500,-0.9990,3.2500,52.19,
1,Maze001,20.638,3.2500,-0.9990,3.2500,52.19,
1,Maze001,20.643,3.2500,-0.9990,3.2500,52.19,
1,Maze001,20.647,3.2500,-0.9990,3.2500,52.19,
1,Maze001,20.652,3.2500,-0.9990,3.2500,52.19,
1,Maze001,20.655,3.2500,-0.9990,3.2500,52.19,
1,Maze001,20.659,3.2500,-0.9990,3.2500,52.19,
1,Maze001,20.663,3.2500,-0.9990,3.2500,52.19,
1,Maze001,20.668,3.2500,-0.9990,3.2500,52.19,
1,Maze001,20.672,3.2500,-0.9990,3.2500,52.19,
1,Maze001,20.676,3.2500,-0.9990,3.2500,52.19,
1,Maze001,20.680,3.2500,-0.9990,3.2500,52.19,
1,Maze001,20.684,3.2500,-0.9990,3.2500,52.19,
1,Maze001,20.688,3.2500,-0.9990,3.2500,52.19,
1,Maze001,20.693,3.2500,-0.9990,3.2500,52.19,
1,Maze001,20.697,3.2500,-0.9990,3.2500,52.19,
1,Maze001,20.701,3.2500,-0.9990,3.2500,52.19,
1,Maze001,20.705,3.2500,-0.9990,3.2500,52.19,
1,Maze001,20.709,3.2500,-0.9990,3.2500,52.19,
1,Maze001,20.713,3.2500,-0.9990,3.2500,52.19,
1,Maze001,20.718,3.2500,-0.9990,3.2500,52.19,
1,Maze001,20.722,3.2500,-0.9990,3.2500,52.19,
1,Maze001,20.726,3.2500,-0.9990,3.2500,52.19,
1,Maze001,20.730,3.2500,-0.9990,3.2500,52.19,
1,Maze001,20.734,3.2500,-0.9990,3.2500,52.19,
1,Maze001,20.738,3.2500,-0.9990,3.2500,52.19,
1,Maze001,20.743,3.2500,-0.9990,3.2500,52.19,
1,Maze001,20.747,3.2500,-0.9990,3.2500,52.19,
1,Maze001,20.751,3.2500,-0.9990,3.2500,52.19,
1,Maze001,20.755,3.2500,-0.9990,3.2500,52.19,
1,Maze001,20.759,3.2500,-0.9990,3.2500,52.19,
1,Maze001,20.763,3.2500,-0.9990,3.2500,52.19,
1,Maze001,20.767,3.2500,-0.9990,3.2500,52.19,
1,Maze001,20.772,3.2500,-0.9990,3.2500,52.19,
1,Maze001,20.776,3.2500,-0.9990,3.2500,52.19,
1,Maze001,20.780,3.2500,-0.9990,3.2500,52.19,
1,Maze001,20.784,3.2500,-0.9990,3.2500,52.19,
1,Maze001,20.788,3.2500,-0.9990,3.2500,52.19,
1,Maze001,20.792,3.2500,-0.9990,3.2500,52.19,
1,Maze001,20.797,3.2500,-0.9990,3.2500,52.19,
1,Maze001,20.801,3.2500,-0.9990,3.2500,52.19,
1,Maze001,20.805,3.2500,-0.9990,3.2500,52.19,
1,Maze001,20.810,3.2500,-0.9990,3.2500,52.19,
1,Maze001,20.813,3.2500,-0.9990,3.2500,52.19,
1,Maze001,20.817,3.2500,-0.9990,3.2500,52.19,
1,Maze001,20.822,3.2500,-0.9990,3.2500,52.19,
1,Maze001,20.826,3.2500,-0.9990,3.2500,52.19,
1,Maze001,20.830,3.2500,-0.9990,3.2500,52.19,
1,Maze001,20.834,3.2500,-0.9990,3.2500,52.19,
1,Maze001,20.838,3.2500,-0.9990,3.2500,52.19,
1,Maze001,20.842,3.2500,-0.9990,3.2500,52.19,
1,Maze001,20.846,3.2500,-0.9990,3.2500,52.19,
1,Maze001,20.851,3.2500,-0.9990,3.2500,52.19,
1,Maze001,20.855,3.2500,-0.9990,3.2500,52.19,
1,Maze001,20.859,3.2500,-0.9990,3.2500,52.19,
1,Maze001,20.863,3.2500,-0.9990,3.2500,52.19,
1,Maze001,20.868,3.2500,-0.9990,3.2500,52.19,
1,Maze001,20.872,3.2500,-0.9990,3.2500,52.19,
1,Maze001,20.876,3.2500,-0.9990,3.2500,52.19,
1,Maze001,20.880,3.2500,-0.9990,3.2500,52.19,
1,Maze001,20.884,3.2500,-0.9990,3.2500,52.19,
1,Maze001,20.888,3.2500,-0.9990,3.2500,52.19,
1,Maze001,20.892,3.2500,-0.9990,3.2500,52.19,
1,Maze001,20.897,3.2500,-0.9990,3.2500,52.19,
1,Maze001,20.901,3.2500,-0.9990,3.2500,52.19,
1,Maze001,20.905,3.2500,-0.9990,3.2500,52.19,
1,Maze001,20.909,3.2500,-0.9990,3.2500,52.19,
1,Maze001,20.913,3.2500,-0.9990,3.2500,52.19,
1,Maze001,20.917,3.2500,-0.9990,3.2500,52.19,
1,Maze001,20.922,3.2500,-0.9990,3.2500,52.19,
1,Maze001,20.926,3.2500,-0.9990,3.2500,52.19,
1,Maze001,20.930,3.2500,-0.9990,3.2500,52.19,
1,Maze001,20.934,3.2500,-0.9990,3.2500,52.19,
1,Maze001,20.938,3.2500,-0.9990,3.2500,52.19,
1,Maze001,20.943,3.2500,-0.9990,3.2500,52.19,
1,Maze001,20.947,3.2500,-0.9990,3.2500,52.19,
1,Maze001,20.951,3.2500,-0.9990,3.2500,52.19,
1,Maze001,20.955,3.2500,-0.9990,3.2500,52.19,
1,Maze001,20.959,3.2500,-0.9990,3.2500,52.19,
1,Maze001,20.964,3.2500,-0.9990,3.2500,52.19,
1,Maze001,20.967,3.2500,-0.9990,3.2500,52.19,
1,Maze001,20.972,3.2500,-0.9990,3.2500,52.19,
1,Maze001,20.976,3.2500,-0.9990,3.2500,52.19,
1,Maze001,20.980,3.2500,-0.9990,3.2500,52.19,
1,Maze001,20.985,3.2500,-0.9990,3.2500,52.19,
1,Maze001,20.989,3.2500,-0.9990,3.2500,52.19,
1,Maze001,20.993,3.2500,-0.9990,3.2500,52.19,
1,Maze001,20.997,3.2500,-0.9990,3.2500,52.19,
1,Maze001,21.002,3.2500,-0.9990,3.2500,52.19,
1,Maze001,21.005,3.2500,-0.9990,3.2500,52.19,
1,Maze001,21.009,3.2500,-0.9990,3.2500,52.19,
1,Maze001,21.014,3.2500,-0.9990,3.2500,52.19,
1,Maze001,21.018,3.2500,-0.9990,3.2500,52.19,
1,Maze001,21.022,3.2500,-0.9990,3.2500,52.19,
1,Maze001,21.026,3.2500,-0.9990,3.2500,52.19,
1,Maze001,21.030,3.2500,-0.9990,3.2500,52.19,
1,Maze001,21.035,3.2500,-0.9990,3.2500,52.19,
1,Maze001,21.038,3.2500,-0.9990,3.2500,52.19,
1,Maze001,21.043,3.2500,-0.9990,3.2500,52.19,
1,Maze001,21.047,3.2500,-0.9990,3.2500,52.19,
1,Maze001,21.051,3.2500,-0.9990,3.2500,52.19,
1,Maze001,21.055,3.2500,-0.9990,3.2500,52.19,
1,Maze001,21.059,3.2500,-0.9990,3.2500,52.19,
1,Maze001,21.063,3.2500,-0.9990,3.2500,52.19,
1,Maze001,21.067,3.2500,-0.9990,3.2500,52.19,
1,Maze001,21.072,3.2500,-0.9990,3.2500,52.19,
1,Maze001,21.076,3.2500,-0.9990,3.2500,52.19,
1,Maze001,21.080,3.2500,-0.9990,3.2500,52.19,
1,Maze001,21.084,3.2500,-0.9990,3.2500,52.19,
1,Maze001,21.088,3.2500,-0.9990,3.2500,52.19,
1,Maze001,21.092,3.2500,-0.9990,3.2500,52.19,
1,Maze001,21.097,3.2500,-0.9990,3.2500,52.19,
1,Maze001,21.101,3.2500,-0.9990,3.2500,52.19,
1,Maze001,21.105,3.2500,-0.9990,3.2500,52.19,
1,Maze001,21.109,3.2500,-0.9990,3.2500,52.19,
1,Maze001,21.113,3.2500,-0.9990,3.2500,52.19,
1,Maze001,21.118,3.2500,-0.9990,3.2500,52.19,
1,Maze001,21.122,3.2500,-0.9990,3.2500,52.19,
1,Maze001,21.126,3.2500,-0.9990,3.2500,52.19,
1,Maze001,21.130,3.2500,-0.9990,3.2500,52.19,
1,Maze001,21.134,3.2500,-0.9990,3.2500,52.19,
1,Maze001,21.138,3.2500,-0.9990,3.2500,52.19,
1,Maze001,21.142,3.2500,-0.9990,3.2500,52.19,
1,Maze001,21.147,3.2500,-0.9990,3.2500,52.19,
1,Maze001,21.151,3.2500,-0.9990,3.2500,52.19,
1,Maze001,21.155,3.2500,-0.9990,3.2500,52.19,
1,Maze001,21.159,3.2500,-0.9990,3.2500,52.19,
1,Maze001,21.164,3.2500,-0.9990,3.2500,52.19,
1,Maze001,21.168,3.2500,-0.9990,3.2500,52.19,
1,Maze001,21.172,3.2500,-0.9990,3.2500,52.19,
1,Maze001,21.176,3.2500,-0.9990,3.2500,52.19,
1,Maze001,21.180,3.2500,-0.9990,3.2500,52.19,
1,Maze001,21.185,3.2500,-0.9990,3.2500,52.19,
1,Maze001,21.188,3.2500,-0.9990,3.2500,52.19,
1,Maze001,21.193,3.2500,-0.9990,3.2500,52.19,
1,Maze001,21.197,3.2500,-0.9990,3.2500,52.19,
1,Maze001,21.201,3.2500,-0.9990,3.2500,52.19,
1,Maze001,21.205,3.2500,-0.9990,3.2500,52.19,
1,Maze001,21.209,3.2500,-0.9990,3.2500,52.19,
1,Maze001,21.213,3.2500,-0.9990,3.2500,52.19,
1,Maze001,21.217,3.2500,-0.9990,3.2500,52.19,
1,Maze001,21.221,3.2500,-0.9990,3.2500,52.19,
1,Maze001,21.226,3.2500,-0.9990,3.2500,52.19,
1,Maze001,21.230,3.2500,-0.9990,3.2500,52.19,
1,Maze001,21.234,3.2500,-0.9990,3.2500,52.19,
1,Maze001,21.238,3.2500,-0.9990,3.2500,52.19,
1,Maze001,21.243,3.2500,-0.9990,3.2500,52.19,
1,Maze001,21.247,3.2500,-0.9990,3.2500,52.19,
1,Maze001,21.251,3.2500,-0.9990,3.2500,52.19,
1,Maze001,21.255,3.2500,-0.9990,3.2500,52.19,
1,Maze001,21.259,3.2500,-0.9990,3.2500,52.19,
1,Maze001,21.263,3.2500,-0.9990,3.2500,52.19,
1,Maze001,21.267,3.2500,-0.9990,3.2500,52.19,
1,Maze001,21.271,3.2500,-0.9990,3.2500,52.19,
1,Maze001,21.276,3.2500,-0.9990,3.2500,52.19,
1,Maze001,21.280,3.2500,-0.9990,3.2500,52.19,
1,Maze001,21.284,3.2500,-0.9990,3.2500,52.19,
1,Maze001,21.289,3.2500,-0.9990,3.2500,52.19,
1,Maze001,21.293,3.2500,-0.9990,3.2500,52.19,
1,Maze001,21.297,3.2500,-0.9990,3.2500,52.19,
1,Maze001,21.301,3.2500,-0.9990,3.2500,52.19,
1,Maze001,21.306,3.2500,-0.9990,3.2500,52.19,
1,Maze001,21.309,3.2500,-0.9990,3.2500,52.19,
1,Maze001,21.313,3.2500,-0.9990,3.2500,52.19,
1,Maze001,21.317,3.2500,-0.9990,3.2500,52.19,
1,Maze001,21.322,3.2500,-0.9990,3.2500,52.19,
1,Maze001,21.326,3.2500,-0.9990,3.2500,52.19,
1,Maze001,21.330,3.2500,-0.9990,3.2500,52.19,
1,Maze001,21.334,3.2500,-0.9990,3.2500,52.19,
1,Maze001,21.339,3.2500,-0.9990,3.2500,52.19,
1,Maze001,21.343,3.2500,-0.9990,3.2500,52.19,
1,Maze001,21.347,3.2500,-0.9990,3.2500,52.19,
1,Maze001,21.351,3.2500,-0.9990,3.2500,52.19,
1,Maze001,21.355,3.2500,-0.9990,3.2500,52.19,
1,Maze001,21.359,3.2500,-0.9990,3.2500,52.19,
1,Maze001,21.363,3.2500,-0.9990,3.2500,52.19,
1,Maze001,21.368,3.2500,-0.9990,3.2500,52.19,
1,Maze001,21.372,3.2500,-0.9990,3.2500,52.19,
1,Maze001,21.376,3.2500,-0.9990,3.2500,52.19,
1,Maze001,21.380,3.2500,-0.9990,3.2500,52.19,
1,Maze001,21.384,3.2500,-0.9990,3.2500,52.19,
1,Maze001,21.388,3.2500,-0.9990,3.2500,52.19,
1,Maze001,21.392,3.2500,-0.9990,3.2500,52.19,
1,Maze001,21.397,3.2500,-0.9990,3.2500,52.19,
1,Maze001,21.401,3.2500,-0.9990,3.2500,52.19,
1,Maze001,21.405,3.2500,-0.9990,3.2500,52.19,
1,Maze001,21.409,3.2500,-0.9990,3.2500,52.19,
1,Maze001,21.414,3.2500,-0.9990,3.2500,52.19,
1,Maze001,21.418,3.2500,-0.9990,3.2500,52.19,
1,Maze001,21.422,3.2500,-0.9990,3.2500,52.19,
1,Maze001,21.426,3.2500,-0.9990,3.2500,52.19,
1,Maze001,21.431,3.2500,-0.9990,3.2500,52.19,
1,Maze001,21.434,3.2500,-0.9990,3.2500,52.19,
1,Maze001,21.438,3.2500,-0.9990,3.2500,52.19,
1,Maze001,21.443,3.2500,-0.9990,3.2500,52.19,
1,Maze001,21.447,3.2500,-0.9990,3.2500,52.19,
1,Maze001,21.451,3.2500,-0.9990,3.2500,52.19,
1,Maze001,21.455,3.2500,-0.9990,3.2500,52.19,
1,Maze001,21.459,3.2500,-0.9990,3.2500,52.19,
1,Maze001,21.463,3.2500,-0.9990,3.2500,52.19,
1,Maze001,21.467,3.2500,-0.9990,3.2500,52.19,
1,Maze001,21.472,3.2500,-0.9990,3.2500,52.19,
1,Maze001,21.476,3.2500,-0.9990,3.2500,52.19,
1,Maze001,21.480,3.2500,-0.9990,3.2500,52.19,
1,Maze001,21.484,3.2500,-0.9990,3.2500,52.19,
1,Maze001,21.488,3.2500,-0.9990,3.2500,52.19,
1,Maze001,21.493,3.2500,-0.9990,3.2500,52.19,
1,Maze001,21.497,3.2500,-0.9990,3.2500,52.19,
1,Maze001,21.501,3.2500,-0.9990,3.2500,52.19,
1,Maze001,21.505,3.2500,-0.9990,3.2500,52.19,
1,Maze001,21.509,3.2500,-0.9990,3.2500,52.19,
1,Maze001,21.514,3.2500,-0.9990,3.2500,52.19,
1,Maze001,21.518,3.2500,-0.9990,3.2500,52.19,
1,Maze001,21.522,3.2500,-0.9990,3.2500,52.19,
1,Maze001,21.526,3.2500,-0.9990,3.2500,52.19,
1,Maze001,21.530,3.2500,-0.9990,3.2500,52.19,
1,Maze001,21.534,3.2500,-0.9990,3.2500,52.19,
1,Maze001,21.539,3.2500,-0.9990,3.2500,52.19,
1,Maze001,21.542,3.2500,-0.9990,3.2500,52.19,
1,Maze001,21.547,3.2500,-0.9990,3.2500,52.19,
1,Maze001,21.551,3.2500,-0.9990,3.2500,52.19,
1,Maze001,21.555,3.2500,-0.9990,3.2500,52.19,
1,Maze001,21.559,3.2500,-0.9990,3.2500,52.19,
1,Maze001,21.563,3.2500,-0.9990,3.2500,52.19,
1,Maze001,21.568,3.2500,-0.9990,3.2500,52.19,
1,Maze001,21.571,3.2500,-0.9990,3.2500,52.19,
1,Maze001,21.576,3.2500,-0.9990,3.2500,52.19,
1,Maze001,21.580,3.2500,-0.9990,3.2500,52.19,
1,Maze001,21.584,3.2500,-0.9990,3.2500,52.19,
1,Maze001,21.589,3.2500,-0.9990,3.2500,52.19,
1,Maze001,21.592,3.2500,-0.9990,3.2500,52.19,
1,Maze001,21.597,3.2500,-0.9990,3.2500,52.19,
1,Maze001,21.601,3.2500,-0.9990,3.2500,52.19,
1,Maze001,21.605,3.2500,-0.9990,3.2500,52.19,
1,Maze001,21.609,3.2500,-0.9990,3.2500,52.19,
1,Maze001,21.614,3.2500,-0.9990,3.2500,52.19,
1,Maze001,21.617,3.2500,-0.9990,3.2500,52.19,
1,Maze001,21.621,3.2500,-0.9990,3.2500,52.19,
1,Maze001,21.626,3.2500,-0.9990,3.2500,52.19,
1,Maze001,21.630,3.2500,-0.9990,3.2500,52.19,
1,Maze001,21.634,3.2500,-0.9990,3.2500,52.19,
1,Maze001,21.638,3.2500,-0.9990,3.2500,52.19,
1,Maze001,21.642,3.2500,-0.9990,3.2500,52.19,
1,Maze001,21.647,3.2500,-0.9990,3.2500,52.19,
1,Maze001,21.651,3.2500,-0.9990,3.2500,52.19,
1,Maze001,21.655,3.2500,-0.9990,3.2500,52.19,
1,Maze001,21.659,3.2500,-0.9990,3.2500,52.19,
1,Maze001,21.664,3.2500,-0.9990,3.2500,52.19,
1,Maze001,21.668,3.2500,-0.9990,3.2500,52.19,
1,Maze001,21.672,3.2500,-0.9990,3.2500,52.19,
1,Maze001,21.676,3.2500,-0.9990,3.2500,52.19,
1,Maze001,21.680,3.2500,-0.9990,3.2500,52.19,
1,Maze001,21.684,3.2500,-0.9990,3.2500,52.19,
1,Maze001,21.688,3.2500,-0.9990,3.2500,52.19,
1,Maze001,21.692,3.2500,-0.9990,3.2500,52.19,
1,Maze001,21.696,3.2500,-0.9990,3.2500,52.19,
1,Maze001,21.701,3.2500,-0.9990,3.2500,52.19,
1,Maze001,21.705,3.2500,-0.9990,3.2500,52.19,
1,Maze001,21.709,3.2500,-0.9990,3.2500,52.19,
1,Maze001,21.713,3.2500,-0.9990,3.2500,52.19,
1,Maze001,21.717,3.2500,-0.9990,3.2500,52.19,
1,Maze001,21.721,3.2500,-0.9990,3.2500,52.19,
1,Maze001,21.726,3.2500,-0.9990,3.2500,52.19,
1,Maze001,21.731,3.2500,-0.9990,3.2500,52.19,
1,Maze001,21.734,3.2500,-0.9990,3.2500,52.19,
1,Maze001,21.739,3.2500,-0.9990,3.2500,52.19,
1,Maze001,21.743,3.2500,-0.9990,3.2500,52.19,
1,Maze001,21.747,3.2500,-0.9990,3.2500,52.19,
1,Maze001,21.751,3.2500,-0.9990,3.2500,52.19,
1,Maze001,21.755,3.2500,-0.9990,3.2500,52.19,
1,Maze001,21.759,3.2500,-0.9990,3.2500,52.19,
1,Maze001,21.763,3.2500,-0.9990,3.2500,52.19,
1,Maze001,21.768,3.2500,-0.9990,3.2500,52.19,
1,Maze001,21.772,3.2500,-0.9990,3.2500,52.19,
1,Maze001,21.776,3.2500,-0.9990,3.2500,52.19,
1,Maze001,21.780,3.2500,-0.9990,3.2500,52.19,
1,Maze001,21.784,3.2500,-0.9990,3.2500,52.19,
1,Maze001,21.788,3.2500,-0.9990,3.2500,52.19,
1,Maze001,21.793,3.2500,-0.9990,3.2500,52.19,
1,Maze001,21.797,3.2500,-0.9990,3.2500,52.19,
1,Maze001,21.801,3.2500,-0.9990,3.2500,52.19,
1,Maze001,21.805,3.2500,-0.9990,3.2500,52.19,
1,Maze001,21.809,3.2500,-0.9990,3.2500,52.19,
1,Maze001,21.813,3.2500,-0.9990,3.2500,52.19,
1,Maze001,21.818,3.2500,-0.9990,3.2500,52.19,
1,Maze001,21.822,3.2500,-0.9990,3.2500,52.19,
1,Maze001,21.826,3.2500,-0.9990,3.2500,52.19,
1,Maze001,21.830,3.2500,-0.9990,3.2500,52.19,
1,Maze001,21.834,3.2500,-0.9990,3.2500,52.19,
1,Maze001,21.838,3.2500,-0.9990,3.2500,52.19,
1,Maze001,21.843,3.2500,-0.9990,3.2500,52.19,
1,Maze001,21.847,3.2500,-0.9990,3.2500,52.19,
1,Maze001,21.851,3.2500,-0.9990,3.2500,52.19,
1,Maze001,21.855,3.2500,-0.9990,3.2500,52.19,
1,Maze001,21.859,3.2500,-0.9990,3.2500,52.19,
1,Maze001,21.863,3.2500,-0.9990,3.2500,52.19,
1,Maze001,21.867,3.2500,-0.9990,3.2500,52.19,
1,Maze001,21.872,3.2500,-0.9990,3.2500,52.19,
1,Maze001,21.876,3.2500,-0.9990,3.2500,52.19,
1,Maze001,21.880,3.2500,-0.9990,3.2500,52.19,
1,Maze001,21.884,3.2500,-0.9990,3.2500,52.19,
1,Maze001,21.888,3.2500,-0.9990,3.2500,52.19,
1,Maze001,21.892,3.2500,-0.9990,3.2500,52.19,
1,Maze001,21.896,3.2500,-0.9990,3.2500,52.19,
1,Maze001,21.901,3.2500,-0.9990,3.2500,52.19,
1,Maze001,21.905,3.2500,-0.9990,3.2500,52.19,
1,Maze001,21.909,3.2500,-0.9990,3.2500,52.19,
1,Maze001,21.914,3.2500,-0.9990,3.2500,52.19,
1,Maze001,21.917,3.2500,-0.9990,3.2500,52.19,
1,Maze001,21.922,3.2500,-0.9990,3.2500,52.19,
1,Maze001,21.926,3.2500,-0.9990,3.2500,52.19,
1,Maze001,21.930,3.2500,-0.9990,3.2500,52.19,
1,Maze001,21.934,3.2500,-0.9990,3.2500,52.19,
1,Maze001,21.938,3.2500,-0.9990,3.2500,52.19,
1,Maze001,21.943,3.2500,-0.9990,3.2500,52.19,
1,Maze001,21.947,3.2500,-0.9990,3.2500,52.19,
1,Maze001,21.951,3.2500,-0.9990,3.2500,52.19,
1,Maze001,21.955,3.2500,-0.9990,3.2500,52.19,
1,Maze001,21.959,3.2500,-0.9990,3.2500,52.19,
1,Maze001,21.963,3.2500,-0.9990,3.2500,52.19,
1,Maze001,21.967,3.2500,-0.9990,3.2500,52.19,
1,Maze001,21.971,3.2500,-0.9990,3.2500,52.19,
1,Maze001,21.976,3.2500,-0.9990,3.2500,52.19,
1,Maze001,21.980,3.2500,-0.9990,3.2500,52.19,
1,Maze001,21.984,3.2500,-0.9990,3.2500,52.19,
1,Maze001,21.988,3.2500,-0.9990,3.2500,52.19,
1,Maze001,21.993,3.2500,-0.9990,3.2500,52.19,
1,Maze001,21.997,3.2500,-0.9990,3.2500,52.19,
1,Maze001,22.001,3.2500,-0.9990,3.2500,52.19,
1,Maze001,22.005,3.2500,-0.9990,3.2500,52.19,
1,Maze001,22.009,3.2500,-0.9990,3.2500,52.19,
1,Maze001,22.013,3.2500,-0.9990,3.2500,52.19,
1,Maze001,22.017,3.2500,-0.9990,3.2500,52.19,
1,Maze001,22.022,3.2500,-0.9990,3.2500,52.19,
1,Maze001,22.026,3.2500,-0.9990,3.2500,52.19,
1,Maze001,22.030,3.2500,-0.9990,3.2500,52.19,
1,Maze001,22.035,3.2500,-0.9990,3.2500,52.19,
1,Maze001,22.039,3.2500,-0.9990,3.2500,52.19,
1,Maze001,22.043,3.2500,-0.9990,3.2500,52.19,
1,Maze001,22.047,3.2500,-0.9990,3.2500,52.19,
1,Maze001,22.052,3.2500,-0.9990,3.2500,52.19,
1,Maze001,22.055,3.2500,-0.9990,3.2500,52.19,
1,Maze001,22.059,3.2500,-0.9990,3.2500,52.19,
1,Maze001,22.063,3.2500,-0.9990,3.2500,52.19,
1,Maze001,22.069,3.2500,-0.9990,3.2500,52.19,
1,Maze001,22.072,3.2500,-0.9990,3.2500,52.19,
1,Maze001,22.076,3.2500,-0.9990,3.2500,52.19,
1,Maze001,22.080,3.2500,-0.9990,3.2500,52.19,
1,Maze001,22.084,3.2500,-0.9990,3.2500,52.19,
1,Maze001,22.088,3.2500,-0.9990,3.2500,52.19,
1,Maze001,22.093,3.2500,-0.9990,3.2500,52.19,
1,Maze001,22.097,3.2500,-0.9990,3.2500,52.19,
1,Maze001,22.101,3.2500,-0.9990,3.2500,52.19,
1,Maze001,22.105,3.2500,-0.9990,3.2500,52.19,
1,Maze001,22.109,3.2500,-0.9990,3.2500,52.19,
1,Maze001,22.113,3.2500,-0.9990,3.2500,52.19,
1,Maze001,22.117,3.2500,-0.9990,3.2500,52.19,
1,Maze001,22.121,3.2500,-0.9990,3.2500,52.19,
1,Maze001,22.126,3.2500,-0.9990,3.2500,52.19,
1,Maze001,22.130,3.2500,-0.9990,3.2500,52.19,
1,Maze001,22.134,3.2500,-0.9990,3.2500,52.19,
1,Maze001,22.139,3.2500,-0.9990,3.2500,52.19,
1,Maze001,22.143,3.2500,-0.9990,3.2500,52.19,
1,Maze001,22.147,3.2500,-0.9990,3.2500,52.19,
1,Maze001,22.151,3.2500,-0.9990,3.2500,52.19,
1,Maze001,22.155,3.2500,-0.9990,3.2500,52.19,
1,Maze001,22.159,3.2500,-0.9990,3.2500,52.19,
1,Maze001,22.163,3.2500,-0.9990,3.2500,52.19,
1,Maze001,22.167,3.2500,-0.9990,3.2500,52.19,
1,Maze001,22.172,3.2500,-0.9990,3.2500,52.19,
1,Maze001,22.176,3.2500,-0.9990,3.2500,52.19,
1,Maze001,22.180,3.2500,-0.9990,3.2500,52.19,
1,Maze001,22.184,3.2500,-0.9990,3.2500,52.19,
1,Maze001,22.188,3.2500,-0.9990,3.2500,52.19,
1,Maze001,22.193,3.2500,-0.9990,3.2500,52.19,
1,Maze001,22.197,3.2500,-0.9990,3.2500,52.19,
1,Maze001,22.201,3.2500,-0.9990,3.2500,52.19,
1,Maze001,22.205,3.2500,-0.9990,3.2500,52.19,
1,Maze001,22.209,3.2500,-0.9990,3.2500,52.19,
1,Maze001,22.213,3.2500,-0.9990,3.2500,52.19,
1,Maze001,22.217,3.2500,-0.9990,3.2500,52.19,
1,Maze001,22.222,3.2500,-0.9990,3.2500,52.19,
1,Maze001,22.226,3.2500,-0.9990,3.2500,52.19,
1,Maze001,22.230,3.2500,-0.9990,3.2500,52.19,
1,Maze001,22.234,3.2500,-0.9990,3.2500,52.19,
1,Maze001,22.238,3.2500,-0.9990,3.2500,52.19,
1,Maze001,22.242,3.2500,-0.9990,3.2500,52.19,
1,Maze001,22.246,3.2500,-0.9990,3.2500,52.19,
1,Maze001,22.251,3.2500,-0.9990,3.2500,52.19,
1,Maze001,22.255,3.2500,-0.9990,3.2500,52.19,
1,Maze001,22.259,3.2500,-0.9990,3.2500,52.19,
1,Maze001,22.263,3.2500,-0.9990,3.2500,52.19,
1,Maze001,22.268,3.2500,-0.9990,3.2500,52.19,
1,Maze001,22.272,3.2500,-0.9990,3.2500,52.19,
1,Maze001,22.276,3.2500,-0.9990,3.2500,52.19,
1,Maze001,22.280,3.2500,-0.9990,3.2500,52.19,
1,Maze001,22.284,3.2500,-0.9990,3.2500,52.19,
1,Maze001,22.288,3.2500,-0.9990,3.2500,52.19,
1,Maze001,22.292,3.2500,-0.9990,3.2500,52.19,
1,Maze001,22.296,3.2500,-0.9990,3.2500,52.19,
1,Maze001,22.301,3.2500,-0.9990,3.2500,52.19,
1,Maze001,22.305,3.2500,-0.9990,3.2500,52.19,
1,Maze001,22.309,3.2500,-0.9990,3.2500,52.19,
1,Maze001,22.313,3.2500,-0.9990,3.2500,52.19,
1,Maze001,22.317,3.2500,-0.9990,3.2500,52.19,
1,Maze001,22.322,3.2500,-0.9990,3.2500,52.19,
1,Maze001,22.326,3.2500,-0.9990,3.2500,52.19,
1,Maze001,22.330,3.2500,-0.9990,3.2500,52.19,
1,Maze001,22.334,3.2500,-0.9990,3.2500,52.19,
1,Maze001,22.338,3.2500,-0.9990,3.2500,52.19,
1,Maze001,22.342,3.2500,-0.9990,3.2500,52.19,
1,Maze001,22.347,3.2500,-0.9990,3.2500,52.19,
1,Maze001,22.351,3.2500,-0.9990,3.2500,52.19,
1,Maze001,22.355,3.2500,-0.9990,3.2500,52.19,
1,Maze001,22.359,3.2500,-0.9990,3.2500,52.19,
1,Maze001,22.363,3.2500,-0.9990,3.2500,52.19,
1,Maze001,22.368,3.2500,-0.9990,3.2500,52.19,
1,Maze001,22.371,3.2500,-0.9990,3.2500,52.19,
1,Maze001,22.376,3.2500,-0.9990,3.2500,52.19,
1,Maze001,22.380,3.2500,-0.9990,3.2500,52.19,
1,Maze001,22.384,3.2500,-0.9990,3.2500,52.19,
1,Maze001,22.388,3.2500,-0.9990,3.2500,52.19,
1,Maze001,22.392,3.2500,-0.9990,3.2500,52.19,
1,Maze001,22.397,3.2500,-0.9990,3.2500,52.19,
1,Maze001,22.401,3.2500,-0.9990,3.2500,52.19,
1,Maze001,22.405,3.2500,-0.9990,3.2500,52.19,
1,Maze001,22.409,3.2500,-0.9990,3.2500,52.19,
1,Maze001,22.413,3.2500,-0.9990,3.2500,52.19,
1,Maze001,22.418,3.2500,-0.9990,3.2500,52.19,
1,Maze001,22.422,3.2500,-0.9990,3.2500,52.19,
1,Maze001,22.426,3.2500,-0.9990,3.2500,52.19,
1,Maze001,22.430,3.2500,-0.9990,3.2500,52.19,
1,Maze001,22.434,3.2500,-0.9990,3.2500,52.19,
1,Maze001,22.438,3.2500,-0.9990,3.2500,52.19,
1,Maze001,22.442,3.2500,-0.9990,3.2500,52.19,
1,Maze001,22.447,3.2500,-0.9990,3.2500,52.19,
1,Maze001,22.451,3.2500,-0.9990,3.2500,52.19,
1,Maze001,22.455,3.2500,-0.9990,3.2500,52.19,
1,Maze001,22.459,3.2500,-0.9990,3.2500,52.19,
1,Maze001,22.463,3.2500,-0.9990,3.2500,52.19,
1,Maze001,22.467,3.2500,-0.9990,3.2500,52.19,
1,Maze001,22.472,3.2500,-0.9990,3.2500,52.19,
1,Maze001,22.476,3.2500,-0.9990,3.2500,52.19,
1,Maze001,22.481,3.2500,-0.9990,3.2500,52.19,
1,Maze001,22.484,3.2500,-0.9990,3.2500,52.19,
1,Maze001,22.489,3.2500,-0.9990,3.2500,52.19,
1,Maze001,22.493,3.2500,-0.9990,3.2500,52.19,
1,Maze001,22.497,3.2500,-0.9990,3.2500,52.19,
1,Maze001,22.501,3.2500,-0.9990,3.2500,52.19,
1,Maze001,22.505,3.2500,-0.9990,3.2500,52.19,
1,Maze001,22.509,3.2500,-0.9990,3.2500,52.19,
1,Maze001,22.513,3.2500,-0.9990,3.2500,52.19,
1,Maze001,22.518,3.2500,-0.9990,3.2500,52.19,
1,Maze001,22.522,3.2500,-0.9990,3.2500,52.19,
1,Maze001,22.526,3.2500,-0.9990,3.2500,52.19,
1,Maze001,22.530,3.2500,-0.9990,3.2500,52.19,
1,Maze001,22.535,3.2500,-0.9990,3.2500,52.19,
1,Maze001,22.539,3.2500,-0.9990,3.2500,52.19,
1,Maze001,22.543,3.2500,-0.9990,3.2500,52.19,
1,Maze001,22.547,3.2500,-0.9990,3.2500,52.19,
1,Maze001,22.551,3.2500,-0.9990,3.2500,52.19,
1,Maze001,22.555,3.2500,-0.9990,3.2500,52.19,
1,Maze001,22.560,3.2500,-0.9990,3.2500,52.19,
1,Maze001,22.563,3.2500,-0.9990,3.2500,52.19,
1,Maze001,22.568,3.2500,-0.9990,3.2500,52.19,
1,Maze001,22.572,3.2500,-0.9990,3.2500,52.19,
1,Maze001,22.576,3.2500,-0.9990,3.2500,52.19,
1,Maze001,22.580,3.2500,-0.9990,3.2500,52.19,
1,Maze001,22.584,3.2500,-0.9990,3.2500,52.19,
1,Maze001,22.588,3.2500,-0.9990,3.2500,52.19,
1,Maze001,22.592,3.2500,-0.9990,3.2500,52.19,
1,Maze001,22.597,3.2500,-0.9990,3.2500,52.19,
1,Maze001,22.601,3.2500,-0.9990,3.2500,52.19,
1,Maze001,22.605,3.2500,-0.9990,3.2500,52.19,
1,Maze001,22.609,3.2500,-0.9990,3.2500,52.19,
1,Maze001,22.614,3.2500,-0.9990,3.2500,52.19,
1,Maze001,22.618,3.2500,-0.9990,3.2500,52.19,
1,Maze001,22.622,3.2500,-0.9990,3.2500,52.19,
1,Maze001,22.626,3.2500,-0.9990,3.2500,52.19,
1,Maze001,22.630,3.2500,-0.9990,3.2500,52.19,
1,Maze001,22.634,3.2500,-0.9990,3.2500,52.19,
1,Maze001,22.638,3.2500,-0.9990,3.2500,52.19,
1,Maze001,22.642,3.2500,-0.9990,3.2500,52.19,
1,Maze001,22.647,3.2500,-0.9990,3.2500,52.19,
1,Maze001,22.651,3.2500,-0.9990,3.2500,52.19,
1,Maze001,22.655,3.2500,-0.9990,3.2500,52.19,
1,Maze001,22.659,3.2500,-0.9990,3.2500,52.19,
1,Maze001,22.663,3.2500,-0.9990,3.2500,52.19,
1,Maze001,22.667,3.2500,-0.9990,3.2500,52.19,
1,Maze001,22.671,3.2500,-0.9990,3.2500,52.19,
1,Maze001,22.676,3.2500,-0.9990,3.2500,52.19,
1,Maze001,22.680,3.2500,-0.9990,3.2500,52.19,
1,Maze001,22.684,3.2500,-0.9990,3.2500,52.19,
1,Maze001,22.689,3.2500,-0.9990,3.2500,52.19,
1,Maze001,22.692,3.2500,-0.9990,3.2500,52.19,
1,Maze001,22.697,3.2500,-0.9990,3.2500,52.19,
1,Maze001,22.701,3.2500,-0.9990,3.2500,52.19,
1,Maze001,22.705,3.2500,-0.9990,3.2500,52.19,
1,Maze001,22.709,3.2500,-0.9990,3.2500,52.19,
1,Maze001,22.713,3.2500,-0.9990,3.2500,52.19,
1,Maze001,22.718,3.2500,-0.9990,3.2500,52.19,
1,Maze001,22.722,3.2500,-0.9990,3.2500,52.19,
1,Maze001,22.726,3.2500,-0.9990,3.2500,52.19,
1,Maze001,22.730,3.2500,-0.9990,3.2500,52.19,
1,Maze001,22.734,3.2500,-0.9990,3.2500,52.19,
1,Maze001,22.738,3.2500,-0.9990,3.2500,52.19,
1,Maze001,22.742,3.2500,-0.9990,3.2500,52.19,
1,Maze001,22.747,3.2500,-0.9990,3.2500,52.19,
1,Maze001,22.751,3.2500,-0.9990,3.2500,52.19,
1,Maze001,22.755,3.2500,-0.9990,3.2500,52.19,
1,Maze001,22.759,3.2500,-0.9990,3.2500,52.19,
1,Maze001,22.763,3.2500,-0.9990,3.2500,52.19,
1,Maze001,22.768,3.2500,-0.9990,3.2500,52.19,
1,Maze001,22.771,3.2500,-0.9990,3.2500,52.19,
1,Maze001,22.776,3.2500,-0.9990,3.2500,52.19,
1,Maze001,22.780,3.2500,-0.9990,3.2500,52.19,
1,Maze001,22.784,3.2500,-0.9990,3.2500,52.19,
1,Maze001,22.788,3.2500,-0.9990,3.2500,52.19,
1,Maze001,22.792,3.2500,-0.9990,3.2500,52.19,
1,Maze001,22.796,3.2500,-0.9990,3.2500,52.19,
1,Maze001,22.800,3.2500,-0.9990,3.2500,52.19,
1,Maze001,22.805,3.2500,-0.9990,3.2500,52.19,
1,Maze001,22.809,3.2500,-0.9990,3.2500,52.19,
1,Maze001,22.813,3.2500,-0.9990,3.2500,52.19,
1,Maze001,22.817,3.2500,-0.9990,3.2500,52.19,
1,Maze001,22.821,3.2500,-0.9990,3.2500,52.19,
1,Maze001,22.826,3.2500,-0.9990,3.2500,52.19,
1,Maze001,22.830,3.2500,-0.9990,3.2500,52.19,
1,Maze001,22.834,3.2500,-0.9990,3.2500,52.19,
1,Maze001,22.838,3.2500,-0.9990,3.2500,52.19,
1,Maze001,22.842,3.2500,-0.9990,3.2500,52.19,
1,Maze001,22.847,3.2500,-0.9990,3.2500,52.19,
1,Maze001,22.851,3.2500,-0.9990,3.2500,52.19,
1,Maze001,22.855,3.2500,-0.9990,3.2500,52.19,
1,Maze001,22.859,3.2500,-0.9990,3.2500,52.19,
1,Maze001,22.863,3.2500,-0.9990,3.2500,52.19,
1,Maze001,22.867,3.2500,-0.9990,3.2500,52.19,
1,Maze001,22.872,3.2500,-0.9990,3.2500,52.19,
1,Maze001,22.876,3.2500,-0.9990,3.2500,52.19,
1,Maze001,22.880,3.2500,-0.9990,3.2500,52.19,
1,Maze001,22.884,3.2500,-0.9990,3.2500,52.19,
1,Maze001,22.888,3.2500,-0.9990,3.2500,52.19,
1,Maze001,22.892,3.2500,-0.9990,3.2500,52.19,
1,Maze001,22.897,3.2500,-0.9990,3.2500,52.19,
1,Maze001,22.901,3.2500,-0.9990,3.2500,52.19,
1,Maze001,22.905,3.2500,-0.9990,3.2500,52.19,
1,Maze001,22.909,3.2500,-0.9990,3.2500,52.19,
1,Maze001,22.913,3.2500,-0.9990,3.2500,52.19,
1,Maze001,22.917,3.2500,-0.9990,3.2500,52.19,
1,Maze001,22.922,3.2500,-0.9990,3.2500,52.19,
1,Maze001,22.926,3.2500,-0.9990,3.2500,52.19,
1,Maze001,22.930,3.2500,-0.9990,3.2500,52.19,
1,Maze001,22.934,3.2500,-0.9990,3.2500,52.19,
1,Maze001,22.938,3.2500,-0.9990,3.2500,52.19,
1,Maze001,22.942,3.2500,-0.9990,3.2500,52.19,
1,Maze001,22.947,3.2500,-0.9990,3.2500,52.19,
1,Maze001,22.951,3.2500,-0.9990,3.2500,52.19,
1,Maze001,22.955,3.2500,-0.9990,3.2500,52.19,
1,Maze001,22.959,3.2500,-0.9990,3.2500,52.19,
1,Maze001,22.963,3.2500,-0.9990,3.2500,52.19,
1,Maze001,22.967,3.2500,-0.9990,3.2500,52.19,
1,Maze001,22.971,3.2500,-0.9990,3.2500,52.19,
1,Maze001,22.976,3.2500,-0.9990,3.2500,52.19,
1,Maze001,22.980,3.2500,-0.9990,3.2500,52.19,
1,Maze001,22.984,3.2500,-0.9990,3.2500,52.19,
1,Maze001,22.988,3.2500,-0.9990,3.2500,52.19,
1,Maze001,22.993,3.2500,-0.9990,3.2500,52.19,
1,Maze001,22.996,3.2500,-0.9990,3.2500,52.19,
1,Maze001,23.002,3.2500,-0.9990,3.2500,52.19,
1,Maze001,23.005,3.2500,-0.9990,3.2500,52.19,
1,Maze001,23.009,3.2500,-0.9990,3.2500,52.19,
1,Maze001,23.014,3.2500,-0.9990,3.2500,52.19,
1,Maze001,23.018,3.2500,-0.9990,3.2500,52.19,
1,Maze001,23.022,3.2500,-0.9990,3.2500,52.19,
1,Maze001,23.026,3.2500,-0.9990,3.2500,52.19,
1,Maze001,23.030,3.2500,-0.9990,3.2500,52.19,
1,Maze001,23.034,3.2500,-0.9990,3.2500,52.19,
1,Maze001,23.038,3.2500,-0.9990,3.2500,52.19,
1,Maze001,23.042,3.2500,-0.9990,3.2500,52.19,
1,Maze001,23.047,3.2500,-0.9990,3.2500,52.19,
1,Maze001,23.051,3.2500,-0.9990,3.2500,52.19,
1,Maze001,23.055,3.2500,-0.9990,3.2500,52.19,
1,Maze001,23.059,3.2500,-0.9990,3.2500,52.19,
1,Maze001,23.064,3.2500,-0.9990,3.2500,52.19,
1,Maze001,23.067,3.2500,-0.9990,3.2500,52.19,
1,Maze001,23.072,3.2500,-0.9990,3.2500,52.19,
1,Maze001,23.076,3.2500,-0.9990,3.2500,52.19,
1,Maze001,23.080,3.2500,-0.9990,3.2500,52.19,
1,Maze001,23.084,3.2500,-0.9990,3.2500,52.19,
1,Maze001,23.088,3.2500,-0.9990,3.2500,52.19,
1,Maze001,23.093,3.2500,-0.9990,3.2500,52.19,
1,Maze001,23.097,3.2500,-0.9990,3.2500,52.19,
1,Maze001,23.101,3.2500,-0.9990,3.2500,52.19,
1,Maze001,23.105,3.2500,-0.9990,3.2500,52.19,
1,Maze001,23.109,3.2500,-0.9990,3.2500,52.19,
1,Maze001,23.113,3.2500,-0.9990,3.2500,52.19,
1,Maze001,23.117,3.2500,-0.9990,3.2500,52.19,
1,Maze001,23.122,3.2500,-0.9990,3.2500,52.19,
1,Maze001,23.126,3.2500,-0.9990,3.2500,52.19,
1,Maze001,23.130,3.2500,-0.9990,3.2500,52.19,
1,Maze001,23.134,3.2500,-0.9990,3.2500,52.19,
1,Maze001,23.138,3.2500,-0.9990,3.2500,52.19,
1,Maze001,23.142,3.2500,-0.9990,3.2500,52.19,
1,Maze001,23.147,3.2500,-0.9990,3.2500,52.19,
1,Maze001,23.151,3.2500,-0.9990,3.2500,52.19,
1,Maze001,23.156,3.2500,-0.9990,3.2500,52.19,
1,Maze001,23.159,3.2500,-0.9990,3.2500,52.19,
1,Maze001,23.163,3.2500,-0.9990,3.2500,52.19,
1,Maze001,23.167,3.2500,-0.9990,3.2500,52.19,
1,Maze001,23.172,3.2500,-0.9990,3.2500,52.19,
1,Maze001,23.176,3.2500,-0.9990,3.2500,52.19,
1,Maze001,23.180,3.2500,-0.9990,3.2500,52.19,
1,Maze001,23.184,3.2500,-0.9990,3.2500,52.19,
1,Maze001,23.188,3.2500,-0.9990,3.2500,52.19,
1,Maze001,23.192,3.2500,-0.9990,3.2500,52.19,
1,Maze001,23.197,3.2500,-0.9990,3.2500,52.19,
1,Maze001,23.201,3.2500,-0.9990,3.2500,52.19,
1,Maze001,23.205,3.2500,-0.9990,3.2500,52.19,
1,Maze001,23.209,3.2500,-0.9990,3.2500,52.19,
1,Maze001,23.213,3.2500,-0.9990,3.2500,52.19,
1,Maze001,23.217,3.2500,-0.9990,3.2500,52.19,
1,Maze001,23.221,3.2500,-0.9990,3.2500,52.19,
1,Maze001,23.226,3.2500,-0.9990,3.2500,52.19,
1,Maze001,23.230,3.2500,-0.9990,3.2500,52.19,
1,Maze001,23.234,3.2500,-0.9990,3.2500,52.19,
1,Maze001,23.238,3.2500,-0.9990,3.2500,52.19,
1,Maze001,23.242,3.2500,-0.9990,3.2500,52.19,
1,Maze001,23.247,3.2500,-0.9990,3.2500,52.19,
1,Maze001,23.251,3.2500,-0.9990,3.2500,52.19,
1,Maze001,23.255,3.2500,-0.9990,3.2500,52.19,
1,Maze001,23.259,3.2500,-0.9990,3.2500,52.19,
1,Maze001,23.263,3.2500,-0.9990,3.2500,52.19,
1,Maze001,23.267,3.2500,-0.9990,3.2500,52.19,
1,Maze001,23.272,3.2500,-0.9990,3.2500,52.19,
1,Maze001,23.276,3.2500,-0.9990,3.2500,52.19,
1,Maze001,23.280,3.2500,-0.9990,3.2500,52.19,
1,Maze001,23.284,3.2500,-0.9990,3.2500,52.19,
1,Maze001,23.288,3.2500,-0.9990,3.2500,52.19,
1,Maze001,23.293,3.2500,-0.9990,3.2500,52.19,
1,Maze001,23.296,3.2500,-0.9990,3.2500,52.19,
1,Maze001,23.301,3.2500,-0.9990,3.2500,52.19,
1,Maze001,23.305,3.2500,-0.9990,3.2500,52.19,
1,Maze001,23.309,3.2500,-0.9990,3.2500,52.19,
1,Maze001,23.314,3.2500,-0.9990,3.2500,52.19,
1,Maze001,23.317,3.2500,-0.9990,3.2500,52.19,
1,Maze001,23.322,3.2500,-0.9990,3.2500,52.19,
1,Maze001,23.326,3.2500,-0.9990,3.2500,52.19,
1,Maze001,23.330,3.2500,-0.9990,3.2500,52.19,
1,Maze001,23.334,3.2500,-0.9990,3.2500,52.19,
1,Maze001,23.338,3.2500,-0.9990,3.2500,52.19,
1,Maze001,23.343,3.2500,-0.9990,3.2500,52.19,
1,Maze001,23.346,3.2500,-0.9990,3.2500,52.19,
1,Maze001,23.351,3.2500,-0.9990,3.2500,52.19,
1,Maze001,23.355,3.2500,-0.9990,3.2500,52.19,
1,Maze001,23.359,3.2500,-0.9990,3.2500,52.19,
1,Maze001,23.363,3.2500,-0.9990,3.2500,52.19,
1,Maze001,23.367,3.2500,-0.9990,3.2500,52.19,
1,Maze001,23.372,3.2500,-0.9990,3.2500,52.19,
1,Maze001,23.376,3.2500,-0.9990,3.2500,52.19,
1,Maze001,23.380,3.2500,-0.9990,3.2500,52.19,
1,Maze001,23.384,3.2500,-0.9990,3.2500,52.19,
1,Maze001,23.389,3.2500,-0.9990,3.2500,52.19,
1,Maze001,23.393,3.2500,-0.9990,3.2500,52.19,
1,Maze001,23.397,3.2500,-0.9990,3.2500,52.19,
1,Maze001,23.401,3.2500,-0.9990,3.2500,52.19,
1,Maze001,23.405,3.2500,-0.9990,3.2500,52.19,
1,Maze001,23.409,3.2500,-0.9990,3.2500,52.19,
1,Maze001,23.413,3.2500,-0.9990,3.2500,52.19,
1,Maze001,23.417,3.2500,-0.9990,3.2500,52.19,
1,Maze001,23.422,3.2500,-0.9990,3.2500,52.19,
1,Maze001,23.426,3.2500,-0.9990,3.2500,52.19,
1,Maze001,23.430,3.2500,-0.9990,3.2500,52.19,
1,Maze001,23.434,3.2500,-0.9990,3.2500,52.19,
1,Maze001,23.438,3.2500,-0.9990,3.2500,52.19,
1,Maze001,23.443,3.2500,-0.9990,3.2500,52.19,
1,Maze001,23.446,3.2500,-0.9990,3.2500,52.19,
1,Maze001,23.451,3.2500,-0.9990,3.2500,52.19,
1,Maze001,23.455,3.2500,-0.9990,3.2500,52.19,
1,Maze001,23.459,3.2500,-0.9990,3.2500,52.19,
1,Maze001,23.463,3.2500,-0.9990,3.2500,52.19,
1,Maze001,23.468,3.2500,-0.9990,3.2500,52.19,
1,Maze001,23.471,3.2500,-0.9990,3.2500,52.19,
1,Maze001,23.476,3.2500,-0.9990,3.2500,52.19,
1,Maze001,23.480,3.2500,-0.9990,3.2500,52.19,
1,Maze001,23.484,3.2500,-0.9990,3.2500,52.19,
1,Maze001,23.488,3.2500,-0.9990,3.2500,52.19,
1,Maze001,23.492,3.2500,-0.9990,3.2500,52.19,
1,Maze001,23.497,3.2500,-0.9990,3.2500,52.19,
1,Maze001,23.501,3.2500,-0.9990,3.2500,52.19,
1,Maze001,23.505,3.2500,-0.9990,3.2500,52.19,
1,Maze001,23.509,3.2500,-0.9990,3.2500,52.19,
1,Maze001,23.513,3.2500,-0.9990,3.2500,52.19,
1,Maze001,23.517,3.2500,-0.9990,3.2500,52.19,
1,Maze001,23.521,3.2500,-0.9990,3.2500,52.19,
1,Maze001,23.525,3.2500,-0.9990,3.2500,52.19,
1,Maze001,23.530,3.2500,-0.9990,3.2500,52.19,
1,Maze001,23.534,3.2500,-0.9990,3.2500,52.19,
1,Maze001,23.538,3.2500,-0.9990,3.2500,52.19,
1,Maze001,23.543,3.2500,-0.9990,3.2500,52.19,
1,Maze001,23.547,3.2500,-0.9990,3.2500,52.19,
1,Maze001,23.551,3.2500,-0.9990,3.2500,52.19,
1,Maze001,23.555,3.2500,-0.9990,3.2500,52.19,
1,Maze001,23.559,3.2500,-0.9990,3.2500,52.19,
1,Maze001,23.563,3.2500,-0.9990,3.2500,52.19,
1,Maze001,23.567,3.2500,-0.9990,3.2500,52.19,
1,Maze001,23.571,3.2500,-0.9990,3.2500,52.19,
1,Maze001,23.576,3.2500,-0.9990,3.2500,52.19,
1,Maze001,23.580,3.2500,-0.9990,3.2500,52.19,
1,Maze001,23.584,3.2500,-0.9990,3.2500,52.19,
1,Maze001,23.588,3.2500,-0.9990,3.2500,52.19,
1,Maze001,23.593,3.2500,-0.9990,3.2500,52.19,
1,Maze001,23.596,3.2500,-0.9990,3.2500,52.19,
1,Maze001,23.601,3.2500,-0.9990,3.2500,52.19,
1,Maze001,23.605,3.2500,-0.9990,3.2500,52.19,
1,Maze001,23.609,3.2500,-0.9990,3.2500,52.19,
1,Maze001,23.613,3.2500,-0.9990,3.2500,52.19,
1,Maze001,23.617,3.2500,-0.9990,3.2500,52.19,
1,Maze001,23.622,3.2500,-0.9990,3.2500,52.19,
1,Maze001,23.626,3.2500,-0.9990,3.2500,52.19,
1,Maze001,23.630,3.2500,-0.9990,3.2500,52.19,
1,Maze001,23.634,3.2500,-0.9990,3.2500,52.19,
1,Maze001,23.638,3.2500,-0.9990,3.2500,52.19,
1,Maze001,23.642,3.2500,-0.9990,3.2500,52.19,
1,Maze001,23.647,3.2500,-0.9990,3.2500,52.19,
1,Maze001,23.651,3.2500,-0.9990,3.2500,52.19,
1,Maze001,23.655,3.2500,-0.9990,3.2500,52.19,
1,Maze001,23.659,3.2500,-0.9990,3.2500,52.19,
1,Maze001,23.663,3.2500,-0.9990,3.2500,52.19,
1,Maze001,23.668,3.2500,-0.9990,3.2500,52.19,
1,Maze001,23.671,3.2500,-0.9990,3.2500,52.19,
1,Maze001,23.675,3.2500,-0.9990,3.2500,52.19,
1,Maze001,23.680,3.2500,-0.9990,3.2500,52.19,
1,Maze001,23.684,3.2500,-0.9990,3.2500,52.19,
1,Maze001,23.688,3.2500,-0.9990,3.2500,52.19,
1,Maze001,23.692,3.2500,-0.9990,3.2500,52.19,
1,Maze001,23.696,3.2500,-0.9990,3.2500,52.19,
1,Maze001,23.701,3.2500,-0.9990,3.2500,52.19,
1,Maze001,23.705,3.2500,-0.9990,3.2500,52.19,
1,Maze001,23.709,3.2500,-0.9990,3.2500,52.19,
1,Maze001,23.713,3.2500,-0.9990,3.2500,52.19,
1,Maze001,23.717,3.2500,-0.9990,3.2500,52.19,
1,Maze001,23.722,3.2500,-0.9990,3.2500,52.19,
1,Maze001,23.726,3.2500,-0.9990,3.2500,52.19,
1,Maze001,23.730,3.2500,-0.9990,3.2500,52.19,
1,Maze001,23.734,3.2500,-0.9990,3.2500,52.19,
1,Maze001,23.738,3.2500,-0.9990,3.2500,52.19,
1,Maze001,23.742,3.2500,-0.9990,3.2500,52.19,
1,Maze001,23.746,3.2500,-0.9990,3.2500,52.19,
1,Maze001,23.750,3.2500,-0.9990,3.2500,52.19,
1,Maze001,23.755,3.2500,-0.9990,3.2500,52.19,
1,Maze001,23.759,3.2500,-0.9990,3.2500,52.19,
1,Maze001,23.763,3.2500,-0.9990,3.2500,52.19,
1,Maze001,23.767,3.2500,-0.9990,3.2500,52.19,
1,Maze001,23.771,3.2500,-0.9990,3.2500,52.19,
1,Maze001,23.776,3.2500,-0.9990,3.2500,52.19,
1,Maze001,23.780,3.2500,-0.9990,3.2500,52.19,
1,Maze001,23.784,3.2500,-0.9990,3.2500,52.19,
1,Maze001,23.788,3.2500,-0.9990,3.2500,52.19,
1,Maze001,23.792,3.2500,-0.9990,3.2500,52.19,
1,Maze001,23.796,3.2500,-0.9990,3.2500,52.19,
1,Maze001,23.801,3.2500,-0.9990,3.2500,52.19,
1,Maze001,23.805,3.2500,-0.9990,3.2500,52.19,
1,Maze001,23.809,3.2500,-0.9990,3.2500,52.19,
1,Maze001,23.813,3.2500,-0.9990,3.2500,52.19,
1,Maze001,23.817,3.2500,-0.9990,3.2500,52.19,
1,Maze001,23.822,3.2500,-0.9990,3.2500,52.19,
1,Maze001,23.826,3.2500,-0.9990,3.2500,52.19,
1,Maze001,23.830,3.2500,-0.9990,3.2500,52.19,
1,Maze001,23.834,3.2500,-0.9990,3.2500,52.19,
1,Maze001,23.838,3.2500,-0.9990,3.2500,52.19,
1,Maze001,23.842,3.2500,-0.9990,3.2500,52.19,
1,Maze001,23.846,3.2500,-0.9990,3.2500,52.19,
1,Maze001,23.850,3.2500,-0.9990,3.2500,52.19,
1,Maze001,23.854,3.2500,-0.9990,3.2500,52.19,
1,Maze001,23.859,3.2500,-0.9990,3.2500,52.19,
1,Maze001,23.863,3.2500,-0.9990,3.2500,52.19,
1,Maze001,23.867,3.2500,-0.9990,3.2500,52.19,
1,Maze001,23.871,3.2500,-0.9990,3.2500,52.19,
1,Maze001,23.876,3.2500,-0.9990,3.2500,52.19,
1,Maze001,23.880,3.2500,-0.9990,3.2500,52.19,
1,Maze001,23.884,3.2500,-0.9990,3.2500,52.19,
1,Maze001,23.888,3.2500,-0.9990,3.2500,52.19,
1,Maze001,23.892,3.2500,-0.9990,3.2500,52.19,
1,Maze001,23.897,3.2500,-0.9990,3.2500,52.19,
1,Maze001,23.901,3.2500,-0.9990,3.2500,52.19,
1,Maze001,23.905,3.2500,-0.9990,3.2500,52.19,
1,Maze001,23.909,3.2500,-0.9990,3.2500,52.19,
1,Maze001,23.913,3.2500,-0.9990,3.2500,52.19,
1,Maze001,23.917,3.2500,-0.9990,3.2500,52.19,
1,Maze001,23.921,3.2500,-0.9990,3.2500,52.19,
1,Maze001,23.926,3.2500,-0.9990,3.2500,52.19,
1,Maze001,23.930,3.2500,-0.9990,3.2500,52.19,
1,Maze001,23.934,3.2500,-0.9990,3.2500,52.19,
1,Maze001,23.938,3.2500,-0.9990,3.2500,52.19,
1,Maze001,23.942,3.2500,-0.9990,3.2500,52.19,
1,Maze001,23.947,3.2500,-0.9990,3.2500,52.19,
1,Maze001,23.951,3.2500,-0.9990,3.2500,52.19,
1,Maze001,23.955,3.2500,-0.9990,3.2500,52.19,
1,Maze001,23.959,3.2500,-0.9990,3.2500,52.19,
1,Maze001,23.963,3.2500,-0.9990,3.2500,52.19,
1,Maze001,23.967,3.2500,-0.9990,3.2500,52.19,
1,Maze001,23.971,3.2500,-0.9990,3.2500,52.19,
1,Maze001,23.975,3.2500,-0.9990,3.2500,52.19,
1,Maze001,23.980,3.2500,-0.9990,3.2500,52.19,
1,Maze001,23.984,3.2500,-0.9990,3.2500,52.19,
1,Maze001,23.988,3.2500,-0.9990,3.2500,52.19,
1,Maze001,23.992,3.2500,-0.9990,3.2500,52.19,
1,Maze001,23.997,3.2500,-0.9990,3.2500,52.19,
1,Maze001,24.001,3.2500,-0.9990,3.2500,52.19,
1,Maze001,24.005,3.2500,-0.9990,3.2500,52.19,
1,Maze001,24.009,3.2500,-0.9990,3.2500,52.19,
1,Maze001,24.014,3.2500,-0.9990,3.2500,52.19,
1,Maze001,24.018,3.2500,-0.9990,3.2500,52.19,
1,Maze001,24.022,3.2500,-0.9990,3.2500,52.19,
1,Maze001,24.026,3.2500,-0.9990,3.2500,52.19,
1,Maze001,24.030,3.2500,-0.9990,3.2500,52.19,
1,Maze001,24.034,3.2500,-0.9990,3.2500,52.19,
1,Maze001,24.038,3.2500,-0.9990,3.2500,52.19,
1,Maze001,24.042,3.2500,-0.9990,3.2500,52.19,
1,Maze001,24.047,3.2500,-0.9990,3.2500,52.19,
1,Maze001,24.051,3.2500,-0.9990,3.2500,52.19,
1,Maze001,24.055,3.2500,-0.9990,3.2500,52.19,
1,Maze001,24.059,3.2500,-0.9990,3.2500,52.19,
1,Maze001,24.063,3.2500,-0.9990,3.2500,52.19,
1,Maze001,24.067,3.2500,-0.9990,3.2500,52.19,
1,Maze001,24.071,3.2500,-0.9990,3.2500,52.19,
1,Maze001,24.075,3.2500,-0.9990,3.2500,52.19,
1,Maze001,24.080,3.2500,-0.9990,3.2500,52.19,
1,Maze001,24.084,3.2500,-0.9990,3.2500,52.19,
1,Maze001,24.089,3.2500,-0.9990,3.2500,52.19,
1,Maze001,24.092,3.2500,-0.9990,3.2500,52.19,
1,Maze001,24.097,3.2500,-0.9990,3.2500,52.19,
1,Maze001,24.101,3.2500,-0.9990,3.2500,52.19,
1,Maze001,24.105,3.2500,-0.9990,3.2500,52.19,
1,Maze001,24.109,3.2500,-0.9990,3.2500,52.19,
1,Maze001,24.113,3.2500,-0.9990,3.2500,52.19,
1,Maze001,24.117,3.2500,-0.9990,3.2500,52.19,
1,Maze001,24.121,3.2500,-0.9990,3.2500,52.19,
1,Maze001,24.126,3.2500,-0.9990,3.2500,52.19,
1,Maze001,24.130,3.2500,-0.9990,3.2500,52.19,
1,Maze001,24.134,3.2500,-0.9990,3.2500,52.19,
1,Maze001,24.138,3.2500,-0.9990,3.2500,52.19,
1,Maze001,24.142,3.2500,-0.9990,3.2500,52.19,
1,Maze001,24.147,3.2500,-0.9990,3.2500,52.19,
1,Maze001,24.151,3.2500,-0.9990,3.2500,52.19,
1,Maze001,24.155,3.2500,-0.9990,3.2500,52.19,
1,Maze001,24.159,3.2500,-0.9990,3.2500,52.19,
1,Maze001,24.163,3.2500,-0.9990,3.2500,52.19,
1,Maze001,24.167,3.2500,-0.9990,3.2500,52.19,
1,Maze001,24.171,3.2500,-0.9990,3.2500,52.19,
1,Maze001,24.175,3.2500,-0.9990,3.2500,52.19,
1,Maze001,24.180,3.2500,-0.9990,3.2500,52.19,
1,Maze001,24.184,3.2500,-0.9990,3.2500,52.19,
1,Maze001,24.188,3.2500,-0.9990,3.2500,52.19,
1,Maze001,24.192,3.2500,-0.9990,3.2500,52.19,
1,Maze001,24.196,3.2500,-0.9990,3.2500,52.19,
1,Maze001,24.200,3.2500,-0.9990,3.2500,52.19,
1,Maze001,24.205,3.2500,-0.9990,3.2500,52.19,
1,Maze001,24.209,3.2500,-0.9990,3.2500,52.19,
1,Maze001,24.213,3.2500,-0.9990,3.2500,52.19,
1,Maze001,24.217,3.2500,-0.9990,3.2500,52.19,
1,Maze001,24.221,3.2500,-0.9990,3.2500,52.19,
1,Maze001,24.225,3.2500,-0.9990,3.2500,52.19,
1,Maze001,24.229,3.2500,-0.9990,3.2500,52.19,
1,Maze001,24.234,3.2500,-0.9990,3.2500,52.19,
1,Maze001,24.238,3.2500,-0.9990,3.2500,52.19,
1,Maze001,24.242,3.2500,-0.9990,3.2500,52.19,
1,Maze001,24.247,3.2500,-0.9990,3.2500,52.19,
1,Maze001,24.250,3.2500,-0.9990,3.2500,52.19,
1,Maze001,24.255,3.2500,-0.9990,3.2500,52.19,
1,Maze001,24.259,3.2500,-0.9990,3.2500,52.19,
1,Maze001,24.263,3.2500,-0.9990,3.2500,52.19,
1,Maze001,24.267,3.2500,-0.9990,3.2500,52.19,
1,Maze001,24.271,3.2500,-0.9990,3.2500,52.19,
1,Maze001,24.276,3.2500,-0.9990,3.2500,52.19,
1,Maze001,24.280,3.2500,-0.9990,3.2500,52.19,
1,Maze001,24.284,3.2500,-0.9990,3.2500,52.19,
1,Maze001,24.288,3.2500,-0.9990,3.2500,52.19,
1,Maze001,24.292,3.2500,-0.9990,3.2500,52.19,
1,Maze001,24.296,3.2500,-0.9990,3.2500,52.19,
1,Maze001,24.301,3.2500,-0.9990,3.2500,52.19,
1,Maze001,24.305,3.2500,-0.9990,3.2500,52.19,
1,Maze001,24.309,3.2500,-0.9990,3.2500,52.19,
1,Maze001,24.313,3.2500,-0.9990,3.2500,52.19,
1,Maze001,24.317,3.2500,-0.9990,3.2500,52.19,
1,Maze001,24.321,3.2500,-0.9990,3.2500,52.19,
1,Maze001,24.326,3.2500,-0.9990,3.2500,52.19,
1,Maze001,24.330,3.2500,-0.9990,3.2500,52.19,
1,Maze001,24.334,3.2500,-0.9990,3.2500,52.19,
1,Maze001,24.338,3.2500,-0.9990,3.2500,52.19,
1,Maze001,24.342,3.2500,-0.9990,3.2500,52.19,
1,Maze001,24.347,3.2500,-0.9990,3.2500,52.19,
1,Maze001,24.350,3.2500,-0.9990,3.2500,52.19,
1,Maze001,24.355,3.2500,-0.9990,3.2500,52.19,
1,Maze001,24.359,3.2500,-0.9990,3.2500,52.19,
1,Maze001,24.363,3.2500,-0.9990,3.2500,52.19,
1,Maze001,24.367,3.2500,-0.9990,3.2500,52.19,
1,Maze001,24.372,3.2500,-0.9990,3.2500,52.19,
1,Maze001,24.375,3.2500,-0.9990,3.2500,52.19,
1,Maze001,24.380,3.2500,-0.9990,3.2500,52.19,
1,Maze001,24.384,3.2500,-0.9990,3.2500,52.19,
1,Maze001,24.388,3.2500,-0.9990,3.2500,52.19,
1,Maze001,24.392,3.2500,-0.9990,3.2500,52.19,
1,Maze001,24.397,3.2500,-0.9990,3.2500,52.19,
1,Maze001,24.401,3.2500,-0.9990,3.2500,52.19,
1,Maze001,24.405,3.2500,-0.9990,3.2500,52.19,
1,Maze001,24.409,3.2500,-0.9990,3.2500,52.19,
1,Maze001,24.413,3.2500,-0.9990,3.2500,52.19,
1,Maze001,24.417,3.2500,-0.9990,3.2500,52.19,
1,Maze001,24.421,3.2500,-0.9990,3.2500,52.19,
1,Maze001,24.425,3.2500,-0.9990,3.2500,52.19,
1,Maze001,24.430,3.2500,-0.9990,3.2500,52.19,
1,Maze001,24.434,3.2500,-0.9990,3.2500,52.19,
1,Maze001,24.438,3.2500,-0.9990,3.2500,52.19,
1,Maze001,24.442,3.2500,-0.9990,3.2500,52.19,
1,Maze001,24.447,3.2500,-0.9990,3.2500,52.19,
1,Maze001,24.450,3.2500,-0.9990,3.2500,52.19,
1,Maze001,24.455,3.2500,-0.9990,3.2500,52.19,
1,Maze001,24.459,3.2500,-0.9990,3.2500,52.19,
1,Maze001,24.463,3.2500,-0.9990,3.2500,52.19,
1,Maze001,24.467,3.2500,-0.9990,3.2500,52.19,
1,Maze001,24.471,3.2500,-0.9990,3.2500,52.19,
1,Maze001,24.476,3.2500,-0.9990,3.2500,52.19,
1,Maze001,24.480,3.2500,-0.9990,3.2500,52.19,
1,Maze001,24.484,3.2500,-0.9990,3.2500,52.19,
1,Maze001,24.488,3.2500,-0.9990,3.2500,52.19,
1,Maze001,24.492,3.2500,-0.9990,3.2500,52.19,
1,Maze001,24.496,3.2500,-0.9990,3.2500,52.19,
1,Maze001,24.501,3.2500,-0.9990,3.2500,52.19,
1,Maze001,24.505,3.2500,-0.9990,3.2500,52.19,
1,Maze001,24.509,3.2500,-0.9990,3.2500,52.19,
1,Maze001,24.513,3.2500,-0.9990,3.2500,52.19,
1,Maze001,24.517,3.2500,-0.9990,3.2500,52.19,
1,Maze001,24.521,3.2500,-0.9990,3.2500,52.19,
1,Maze001,24.525,3.2500,-0.9990,3.2500,52.19,
1,Maze001,24.530,3.2500,-0.9990,3.2500,52.19,
1,Maze001,24.534,3.2500,-0.9990,3.2500,52.19,
1,Maze001,24.538,3.2500,-0.9990,3.2500,52.19,
1,Maze001,24.542,3.2500,-0.9990,3.2500,52.19,
1,Maze001,24.546,3.2500,-0.9990,3.2500,52.19,
1,Maze001,24.550,3.2500,-0.9990,3.2500,52.19,
1,Maze001,24.555,3.2500,-0.9990,3.2500,52.19,
1,Maze001,24.559,3.2500,-0.9990,3.2500,52.19,
1,Maze001,24.563,3.2500,-0.9990,3.2500,52.19,
1,Maze001,24.567,3.2500,-0.9990,3.2500,52.19,
1,Maze001,24.572,3.2500,-0.9990,3.2500,52.19,
1,Maze001,24.576,3.2500,-0.9990,3.2500,52.19,
1,Maze001,24.580,3.2500,-0.9990,3.2500,52.19,
1,Maze001,24.584,3.2500,-0.9990,3.2500,52.19,
1,Maze001,24.588,3.2500,-0.9990,3.2500,52.19,
1,Maze001,24.592,3.2500,-0.9990,3.2500,52.19,
1,Maze001,24.596,3.2500,-0.9990,3.2500,52.19,
1,Maze001,24.600,3.2500,-0.9990,3.2500,52.19,
1,Maze001,24.605,3.2500,-0.9990,3.2500,52.19,
1,Maze001,24.609,3.2500,-0.9990,3.2500,52.19,
1,Maze001,24.613,3.2500,-0.9990,3.2500,52.19,
1,Maze001,24.617,3.2500,-0.9990,3.2500,52.19,
1,Maze001,24.621,3.2500,-0.9990,3.2500,52.19,
1,Maze001,24.625,3.2500,-0.9990,3.2500,52.19,
1,Maze001,24.630,3.2500,-0.9990,3.2500,52.19,
1,Maze001,24.634,3.2500,-0.9990,3.2500,52.19,
1,Maze001,24.638,3.2500,-0.9990,3.2500,52.19,
1,Maze001,24.642,3.2500,-0.9990,3.2500,52.19,
1,Maze001,24.646,3.2500,-0.9990,3.2500,52.19,
1,Maze001,24.650,3.2500,-0.9990,3.2500,52.19,
1,Maze001,24.654,3.2500,-0.9990,3.2500,52.19,
1,Maze001,24.659,3.2500,-0.9990,3.2500,52.19,
1,Maze001,24.663,3.2500,-0.9990,3.2500,52.19,
1,Maze001,24.667,3.2500,-0.9990,3.2500,52.19,
1,Maze001,24.671,3.2500,-0.9990,3.2500,52.19,
1,Maze001,24.675,3.2500,-0.9990,3.2500,52.19,
1,Maze001,24.679,3.2500,-0.9990,3.2500,52.19,
1,Maze001,24.684,3.2500,-0.9990,3.2500,52.19,
1,Maze001,24.688,3.2500,-0.9990,3.2500,52.19,
1,Maze001,24.692,3.2500,-0.9990,3.2500,52.19,
1,Maze001,24.696,3.2500,-0.9990,3.2500,52.19,
1,Maze001,24.700,3.2500,-0.9990,3.2500,52.19,
1,Maze001,24.704,3.2500,-0.9990,3.2500,52.19,
1,Maze001,24.708,3.2500,-0.9990,3.2500,52.19,
1,Maze001,24.713,3.2500,-0.9990,3.2500,52.19,
1,Maze001,24.717,3.2500,-0.9990,3.2500,52.19,
1,Maze001,24.721,3.2500,-0.9990,3.2500,52.19,
1,Maze001,24.725,3.2500,-0.9990,3.2500,52.19,
1,Maze001,24.730,3.2500,-0.9990,3.2500,52.19,
1,Maze001,24.735,3.2500,-0.9990,3.2500,52.19,
1,Maze001,24.737,3.2500,-0.9990,3.2500,52.19,
1,Maze001,24.742,3.2500,-0.9990,3.2500,52.19,
1,Maze001,24.746,3.2500,-0.9990,3.2500,52.19,
1,Maze001,24.750,3.2500,-0.9990,3.2500,52.19,
1,Maze001,24.754,3.2500,-0.9990,3.2500,52.19,
1,Maze001,24.759,3.2500,-0.9990,3.2500,52.19,
1,Maze001,24.763,3.2500,-0.9990,3.2500,52.19,
1,Maze001,24.767,3.2500,-0.9990,3.2500,52.19,
1,Maze001,24.771,3.2500,-0.9990,3.2500,52.19,
1,Maze001,24.775,3.2500,-0.9990,3.2500,52.19,
1,Maze001,24.779,3.2500,-0.9990,3.2500,52.19,
1,Maze001,24.784,3.2500,-0.9990,3.2500,52.19,
1,Maze001,24.788,3.2500,-0.9990,3.2500,52.19,
1,Maze001,24.792,3.2500,-0.9990,3.2500,52.19,
1,Maze001,24.796,3.2500,-0.9990,3.2500,52.19,
1,Maze001,24.800,3.2500,-0.9990,3.2500,52.19,
1,Maze001,24.804,3.2500,-0.9990,3.2500,52.19,
1,Maze001,24.809,3.2500,-0.9990,3.2500,52.19,
1,Maze001,24.813,3.2500,-0.9990,3.2500,52.19,
1,Maze001,24.817,3.2500,-0.9990,3.2500,52.19,
1,Maze001,24.821,3.2500,-0.9990,3.2500,52.19,
1,Maze001,24.826,3.2500,-0.9990,3.2500,52.19,
1,Maze001,24.830,3.2500,-0.9990,3.2500,52.19,
1,Maze001,24.834,3.2500,-0.9990,3.2500,52.19,
1,Maze001,24.838,3.2500,-0.9990,3.2500,52.19,
1,Maze001,24.842,3.2500,-0.9990,3.2500,52.19,
1,Maze001,24.846,3.2500,-0.9990,3.2500,52.19,
1,Maze001,24.851,3.2500,-0.9990,3.2500,52.19,
1,Maze001,24.854,3.2500,-0.9990,3.2500,52.19,
1,Maze001,24.859,3.2500,-0.9990,3.2500,52.19,
1,Maze001,24.863,3.2500,-0.9990,3.2500,52.19,
1,Maze001,24.867,3.2500,-0.9990,3.2500,52.19,
1,Maze001,24.871,3.2500,-0.9990,3.2500,52.19,
1,Maze001,24.876,3.2500,-0.9990,3.2500,52.19,
1,Maze001,24.880,3.2500,-0.9990,3.2500,52.19,
1,Maze001,24.884,3.2500,-0.9990,3.2500,52.19,
1,Maze001,24.888,3.2500,-0.9990,3.2500,52.19,
1,Maze001,24.892,3.2500,-0.9990,3.2500,52.19,
1,Maze001,24.896,3.2500,-0.9990,3.2500,52.19,
1,Maze001,24.900,3.2500,-0.9990,3.2500,52.19,
1,Maze001,24.904,3.2500,-0.9990,3.2500,52.19,
1,Maze001,24.909,3.2500,-0.9990,3.2500,52.19,
1,Maze001,24.913,3.2500,-0.9990,3.2500,52.19,
1,Maze001,24.917,3.2500,-0.9990,3.2500,52.19,
1,Maze001,24.922,3.2500,-0.9990,3.2500,52.19,
1,Maze001,24.926,3.2500,-0.9990,3.2500,52.19,
1,Maze001,24.930,3.2500,-0.9990,3.2500,52.19,
1,Maze001,24.933,3.2500,-0.9990,3.2500,52.19,
1,Maze001,24.938,3.2500,-0.9990,3.2500,52.19,
1,Maze001,24.942,3.2500,-0.9990,3.2500,52.19,
1,Maze001,24.946,3.2500,-0.9990,3.2500,52.19,
1,Maze001,24.950,3.2500,-0.9990,3.2500,52.19,
1,Maze001,24.954,3.2500,-0.9990,3.2500,52.19,
1,Maze001,24.959,3.2500,-0.9990,3.2500,52.19,
1,Maze001,24.963,3.2500,-0.9990,3.2500,52.19,
1,Maze001,24.967,3.2500,-0.9990,3.2500,52.19,
1,Maze001,24.971,3.2500,-0.9990,3.2500,52.19,
1,Maze001,24.975,3.2500,-0.9990,3.2500,52.19,
1,Maze001,24.979,3.2500,-0.9990,3.2500,52.19,
1,Maze001,24.983,3.2500,-0.9990,3.2500,52.19,
1,Maze001,24.988,3.2500,-0.9990,3.2500,52.19,
1,Maze001,24.992,3.2500,-0.9990,3.2500,52.19,
1,Maze001,24.996,3.2500,-0.9990,3.2500,52.19,
1,Maze001,25.000,3.2500,-0.9990,3.2500,52.19,
1,Maze001,25.004,3.2500,-0.9990,3.2500,52.19,
1,Maze001,25.009,3.2500,-0.9990,3.2500,52.19,
1,Maze001,25.013,3.2500,-0.9990,3.2500,52.19,
1,Maze001,25.017,3.2500,-0.9990,3.2500,52.19,
1,Maze001,25.021,3.2500,-0.9990,3.2500,52.19,
1,Maze001,25.026,3.2500,-0.9990,3.2500,52.19,
1,Maze001,25.030,3.2500,-0.9990,3.2500,52.19,
1,Maze001,25.034,3.2500,-0.9990,3.2500,52.19,
1,Maze001,25.039,3.2500,-0.9990,3.2500,52.19,
1,Maze001,25.042,3.2500,-0.9990,3.2500,52.19,
1,Maze001,25.046,3.2500,-0.9990,3.2500,52.19,
1,Maze001,25.051,3.2500,-0.9990,3.2500,52.19,
1,Maze001,25.055,3.2500,-0.9990,3.2500,52.19,
1,Maze001,25.059,3.2500,-0.9990,3.2500,52.19,
1,Maze001,25.063,3.2500,-0.9990,3.2500,52.19,
1,Maze001,25.067,3.2500,-0.9990,3.2500,52.19,
1,Maze001,25.072,3.2500,-0.9990,3.2500,52.19,
1,Maze001,25.076,3.2500,-0.9990,3.2500,52.19,
1,Maze001,25.080,3.2500,-0.9990,3.2500,52.19,
1,Maze001,25.084,3.2500,-0.9990,3.2500,52.19,
1,Maze001,25.088,3.2500,-0.9990,3.2500,52.19,
1,Maze001,25.093,3.2500,-0.9990,3.2500,52.19,
1,Maze001,25.096,3.2500,-0.9990,3.2500,52.19,
1,Maze001,25.101,3.2500,-0.9990,3.2500,52.19,
1,Maze001,25.104,3.2500,-0.9990,3.2500,52.19,
1,Maze001,25.109,3.2500,-0.9990,3.2500,52.19,
1,Maze001,25.113,3.2500,-0.9990,3.2500,52.19,
1,Maze001,25.117,3.2500,-0.9990,3.2500,52.19,
1,Maze001,25.121,3.2500,-0.9990,3.2500,52.19,
1,Maze001,25.125,3.2500,-0.9990,3.2500,52.19,
1,Maze001,25.130,3.2500,-0.9990,3.2500,52.19,
1,Maze001,25.134,3.2500,-0.9990,3.2500,52.19,
1,Maze001,25.138,3.2500,-0.9990,3.2500,52.19,
1,Maze001,25.142,3.2500,-0.9990,3.2500,52.19,
1,Maze001,25.147,3.2500,-0.9990,3.2500,52.19,
1,Maze001,25.150,3.2500,-0.9990,3.2500,52.19,
1,Maze001,25.154,3.2500,-0.9990,3.2500,52.19,
1,Maze001,25.159,3.2500,-0.9990,3.2500,52.19,
1,Maze001,25.163,3.2500,-0.9990,3.2500,52.19,
1,Maze001,25.167,3.2500,-0.9990,3.2500,52.19,
1,Maze001,25.171,3.2500,-0.9990,3.2500,52.19,
1,Maze001,25.175,3.2500,-0.9990,3.2500,52.19,
1,Maze001,25.179,3.2500,-0.9990,3.2500,52.19,
1,Maze001,25.183,3.2500,-0.9990,3.2500,52.19,
1,Maze001,25.188,3.2500,-0.9990,3.2500,52.19,
1,Maze001,25.192,3.2500,-0.9990,3.2500,52.19,
1,Maze001,25.196,3.2500,-0.9990,3.2500,52.19,
1,Maze001,25.200,3.2500,-0.9990,3.2500,52.19,
1,Maze001,25.204,3.2500,-0.9990,3.2500,52.19,
1,Maze001,25.209,3.2500,-0.9990,3.2500,52.19,
1,Maze001,25.213,3.2500,-0.9990,3.2500,52.19,
1,Maze001,25.217,3.2500,-0.9990,3.2500,52.19,
1,Maze001,25.221,3.2500,-0.9990,3.2500,52.19,
1,Maze001,25.225,3.2500,-0.9990,3.2500,52.19,
1,Maze001,25.230,3.2500,-0.9990,3.2500,52.19,
1,Maze001,25.234,3.2500,-0.9990,3.2500,52.19,
1,Maze001,25.238,3.2500,-0.9990,3.2500,52.19,
1,Maze001,25.242,3.2500,-0.9990,3.2500,52.19,
1,Maze001,25.246,3.2500,-0.9990,3.2500,52.19,
1,Maze001,25.250,3.2500,-0.9990,3.2500,52.19,
1,Maze001,25.254,3.2500,-0.9990,3.2500,52.19,
1,Maze001,25.259,3.2500,-0.9990,3.2500,52.19,
1,Maze001,25.263,3.2500,-0.9990,3.2500,52.19,
1,Maze001,25.267,3.2500,-0.9990,3.2500,52.19,
1,Maze001,25.271,3.2500,-0.9990,3.2500,52.19,
1,Maze001,25.275,3.2500,-0.9990,3.2500,52.19,
1,Maze001,25.279,3.2500,-0.9990,3.2500,52.19,
1,Maze001,25.284,3.2500,-0.9990,3.2500,52.19,
1,Maze001,25.288,3.2500,-0.9990,3.2500,52.19,
1,Maze001,25.292,3.2500,-0.9990,3.2500,52.19,
1,Maze001,25.296,3.2500,-0.9990,3.2500,52.19,
1,Maze001,25.301,3.2500,-0.9990,3.2500,52.19,
1,Maze001,25.305,3.2500,-0.9990,3.2500,52.19,
1,Maze001,25.309,3.2500,-0.9990,3.2500,52.19,
1,Maze001,25.313,3.2500,-0.9990,3.2500,52.19,
1,Maze001,25.317,3.2500,-0.9990,3.2500,52.19,
1,Maze001,25.321,3.2500,-0.9990,3.2500,52.19,
1,Maze001,25.325,3.2500,-0.9990,3.2500,52.19,
1,Maze001,25.329,3.2500,-0.9990,3.2500,52.19,
1,Maze001,25.334,3.2500,-0.9990,3.2500,52.19,
1,Maze001,25.338,3.2500,-0.9990,3.2500,52.19,
1,Maze001,25.342,3.2500,-0.9990,3.2500,52.19,
1,Maze001,25.346,3.2500,-0.9990,3.2500,52.19,
1,Maze001,25.351,3.2500,-0.9990,3.2500,52.19,
1,Maze001,25.354,3.2500,-0.9990,3.2500,52.19,
1,Maze001,25.359,3.2500,-0.9990,3.2500,52.19,
1,Maze001,25.363,3.2500,-0.9990,3.2500,52.19,
1,Maze001,25.367,3.2500,-0.9990,3.2500,52.19,
1,Maze001,25.371,3.2500,-0.9990,3.2500,52.19,
1,Maze001,25.375,3.2500,-0.9990,3.2500,52.19,
1,Maze001,25.380,3.2500,-0.9990,3.2500,52.19,
1,Maze001,25.384,3.2500,-0.9990,3.2500,52.19,
1,Maze001,25.388,3.2500,-0.9990,3.2500,52.19,
1,Maze001,25.392,3.2500,-0.9990,3.2500,52.19,
1,Maze001,25.396,3.2500,-0.9990,3.2500,52.19,
1,Maze001,25.400,3.2500,-0.9990,3.2500,52.19,
1,Maze001,25.404,3.2500,-0.9990,3.2500,52.19,
1,Maze001,25.408,3.2500,-0.9990,3.2500,52.19,
1,Maze001,25.413,3.2500,-0.9990,3.2500,52.19,
1,Maze001,25.417,3.2500,-0.9990,3.2500,52.19,
1,Maze001,25.421,3.2500,-0.9990,3.2500,52.19,
1,Maze001,25.425,3.2500,-0.9990,3.2500,52.19,
1,Maze001,25.430,3.2500,-0.9990,3.2500,52.19,
1,Maze001,25.434,3.2500,-0.9990,3.2500,52.19,
1,Maze001,25.438,3.2500,-0.9990,3.2500,52.19,
1,Maze001,25.442,3.2500,-0.9990,3.2500,52.19,
1,Maze001,25.446,3.2500,-0.9990,3.2500,52.19,
1,Maze001,25.451,3.2500,-0.9990,3.2500,52.19,
1,Maze001,25.455,3.2500,-0.9990,3.2500,52.19,
1,Maze001,25.459,3.2500,-0.9990,3.2500,52.19,
1,Maze001,25.463,3.2500,-0.9990,3.2500,52.19,
1,Maze001,25.467,3.2500,-0.9990,3.2500,52.19,
1,Maze001,25.471,3.2500,-0.9990,3.2500,52.19,
1,Maze001,25.475,3.2500,-0.9990,3.2500,52.19,
1,Maze001,25.479,3.2500,-0.9990,3.2500,52.19,
1,Maze001,25.484,3.2500,-0.9990,3.2500,52.19,
1,Maze001,25.488,3.2500,-0.9990,3.2500,52.19,
1,Maze001,25.492,3.2500,-0.9990,3.2500,52.19,
1,Maze001,25.496,3.2500,-0.9990,3.2500,52.19,
1,Maze001,25.500,3.2500,-0.9990,3.2500,52.19,
1,Maze001,25.504,3.2500,-0.9990,3.2500,52.19,
1,Maze001,25.509,3.2500,-0.9990,3.2500,52.19,
1,Maze001,25.513,3.2500,-0.9990,3.2500,52.19,
1,Maze001,25.517,3.2500,-0.9990,3.2500,52.19,
1,Maze001,25.521,3.2500,-0.9990,3.2500,52.19,
1,Maze001,25.525,3.2500,-0.9990,3.2500,52.19,
1,Maze001,25.529,3.2500,-0.9990,3.2500,52.19,
1,Maze001,25.534,3.2500,-0.9990,3.2500,52.19,
1,Maze001,25.538,3.2500,-0.9990,3.2500,52.19,
1,Maze001,25.542,3.2500,-0.9990,3.2500,52.19,
1,Maze001,25.546,3.2500,-0.9990,3.2500,52.19,
1,Maze001,25.550,3.2500,-0.9990,3.2500,52.19,
1,Maze001,25.554,3.2500,-0.9990,3.2500,52.19,
1,Maze001,25.559,3.2500,-0.9990,3.2500,52.19,
1,Maze001,25.563,3.2500,-0.9990,3.2500,52.19,
1,Maze001,25.567,3.2500,-0.9990,3.2500,52.19,
1,Maze001,25.571,3.2500,-0.9990,3.2500,52.19,
1,Maze001,25.575,3.2500,-0.9990,3.2500,52.19,
1,Maze001,25.579,3.2500,-0.9990,3.2500,52.19,
1,Maze001,25.584,3.2500,-0.9990,3.2500,52.19,
1,Maze001,25.588,3.2500,-0.9990,3.2500,52.19,
1,Maze001,25.592,3.2500,-0.9990,3.2500,52.19,
1,Maze001,25.596,3.2500,-0.9990,3.2500,52.19,
1,Maze001,25.601,3.2500,-0.9990,3.2500,52.19,
1,Maze001,25.605,3.2500,-0.9990,3.2500,52.19,
1,Maze001,25.609,3.2500,-0.9990,3.2500,52.19,
1,Maze001,25.613,3.2500,-0.9990,3.2500,52.19,
1,Maze001,25.617,3.2500,-0.9990,3.2500,52.19,
1,Maze001,25.621,3.2500,-0.9990,3.2500,52.19,
1,Maze001,25.625,3.2500,-0.9990,3.2500,52.19,
1,Maze001,25.630,3.2500,-0.9990,3.2500,52.19,
1,Maze001,25.634,3.2500,-0.9990,3.2500,52.19,
1,Maze001,25.638,3.2500,-0.9990,3.2500,52.19,
1,Maze001,25.642,3.2500,-0.9990,3.2500,52.19,
1,Maze001,25.647,3.2500,-0.9990,3.2500,52.19,
1,Maze001,25.651,3.2500,-0.9990,3.2500,52.19,
1,Maze001,25.655,3.2500,-0.9990,3.2500,52.19,
1,Maze001,25.659,3.2500,-0.9990,3.2500,52.19,
1,Maze001,25.663,3.2500,-0.9990,3.2500,52.19,
1,Maze001,25.667,3.2500,-0.9990,3.2500,52.19,
1,Maze001,25.671,3.2500,-0.9990,3.2500,52.19,
1,Maze001,25.676,3.2500,-0.9990,3.2500,52.19,
1,Maze001,25.680,3.2500,-0.9990,3.2500,52.19,
1,Maze001,25.684,3.2500,-0.9990,3.2500,52.19,
1,Maze001,25.688,3.2500,-0.9990,3.2500,52.19,
1,Maze001,25.692,3.2500,-0.9990,3.2500,52.19,
1,Maze001,25.696,3.2500,-0.9990,3.2500,52.19,
1,Maze001,25.700,3.2500,-0.9990,3.2500,52.19,
1,Maze001,25.704,3.2500,-0.9990,3.2500,52.19,
1,Maze001,25.709,3.2500,-0.9990,3.2500,52.19,
1,Maze001,25.713,3.2500,-0.9990,3.2500,52.19,
1,Maze001,25.717,3.2500,-0.9990,3.2500,52.19,
1,Maze001,25.721,3.2500,-0.9990,3.2500,52.19,
1,Maze001,25.725,3.2500,-0.9990,3.2500,52.19,
1,Maze001,25.729,3.2500,-0.9990,3.2500,52.19,
1,Maze001,25.734,3.2500,-0.9990,3.2500,52.19,
1,Maze001,25.738,3.2500,-0.9990,3.2500,52.19,
1,Maze001,25.742,3.2500,-0.9990,3.2500,52.19,
1,Maze001,25.746,3.2500,-0.9990,3.2500,52.19,
1,Maze001,25.750,3.2500,-0.9990,3.2500,52.19,
1,Maze001,25.754,3.2500,-0.9990,3.2500,52.19,
1,Maze001,25.758,3.2500,-0.9990,3.2500,52.19,
1,Maze001,25.762,3.2500,-0.9990,3.2500,52.19,
1,Maze001,25.767,3.2500,-0.9990,3.2500,52.19,
1,Maze001,25.771,3.2500,-0.9990,3.2500,52.19,
1,Maze001,25.775,3.2500,-0.9990,3.2500,52.19,
1,Maze001,25.779,3.2500,-0.9990,3.2500,52.19,
1,Maze001,25.784,3.2500,-0.9990,3.2500,52.19,
1,Maze001,25.788,3.2500,-0.9990,3.2500,52.19,
1,Maze001,25.792,3.2500,-0.9990,3.2500,52.19,
1,Maze001,25.796,3.2500,-0.9990,3.2500,52.19,
1,Maze001,25.800,3.2500,-0.9990,3.2500,52.19,
1,Maze001,25.804,3.2500,-0.9990,3.2500,52.19,
1,Maze001,25.808,3.2500,-0.9990,3.2500,52.19,
1,Maze001,25.813,3.2500,-0.9990,3.2500,52.19,
1,Maze001,25.817,3.2500,-0.9990,3.2500,52.19,
1,Maze001,25.821,3.2500,-0.9990,3.2500,52.19,
1,Maze001,25.825,3.2500,-0.9990,3.2500,52.19,
1,Maze001,25.829,3.2500,-0.9990,3.2500,52.19,
1,Maze001,25.834,3.2500,-0.9990,3.2500,52.19,
1,Maze001,25.838,3.2500,-0.9990,3.2500,52.19,
1,Maze001,25.842,3.2500,-0.9990,3.2500,52.19,
1,Maze001,25.846,3.2500,-0.9990,3.2500,52.19,
1,Maze001,25.850,3.2500,-0.9990,3.2500,52.19,
1,Maze001,25.854,3.2500,-0.9990,3.2500,52.19,
1,Maze001,25.858,3.2500,-0.9990,3.2500,52.19,
1,Maze001,25.862,3.2500,-0.9990,3.2500,52.19,
1,Maze001,25.867,3.2500,-0.9990,3.2500,52.19,
1,Maze001,25.871,3.2500,-0.9990,3.2500,52.19,
1,Maze001,25.875,3.2500,-0.9990,3.2500,52.19,
1,Maze001,25.879,3.2500,-0.9990,3.2500,52.19,
1,Maze001,25.883,3.2500,-0.9990,3.2500,52.19,
1,Maze001,25.888,3.2500,-0.9990,3.2500,52.19,
1,Maze001,25.892,3.2500,-0.9990,3.2500,52.19,
1,Maze001,25.896,3.2500,-0.9990,3.2500,52.19,
1,Maze001,25.900,3.2500,-0.9990,3.2500,52.19,
1,Maze001,25.904,3.2500,-0.9990,3.2500,52.19,
1,Maze001,25.909,3.2500,-0.9990,3.2500,52.19,
1,Maze001,25.913,3.2500,-0.9990,3.2500,52.19,
1,Maze001,25.917,3.2500,-0.9990,3.2500,52.19,
1,Maze001,25.921,3.2500,-0.9990,3.2500,52.19,
1,Maze001,25.925,3.2500,-0.9990,3.2500,52.19,
1,Maze001,25.929,3.2500,-0.9990,3.2500,52.19,
1,Maze001,25.934,3.2500,-0.9990,3.2500,52.19,
1,Maze001,25.938,3.2500,-0.9990,3.2500,52.19,
1,Maze001,25.942,3.2500,-0.9990,3.2500,52.19,
1,Maze001,25.946,3.2500,-0.9990,3.2500,52.19,
1,Maze001,25.950,3.2500,-0.9990,3.2500,52.19,
1,Maze001,25.955,3.2500,-0.9990,3.2500,52.19,
1,Maze001,25.959,3.2500,-0.9990,3.2500,52.19,
1,Maze001,25.963,3.2500,-0.9990,3.2500,52.19,
1,Maze001,25.967,3.2500,-0.9990,3.2500,52.19,
1,Maze001,25.971,3.2500,-0.9990,3.2500,52.19,
1,Maze001,25.975,3.2500,-0.9990,3.2500,52.19,
1,Maze001,25.979,3.2500,-0.9990,3.2500,52.19,
1,Maze001,25.983,3.2500,-0.9990,3.2500,52.19,
1,Maze001,25.988,3.2500,-0.9990,3.2500,52.19,
1,Maze001,25.992,3.2500,-0.9990,3.2500,52.19,
1,Maze001,25.996,3.2500,-0.9990,3.2500,52.19,
1,Maze001,26.000,3.2500,-0.9990,3.2500,52.19,
1,Maze001,26.004,3.2500,-0.9990,3.2500,52.19,
1,Maze001,26.008,3.2500,-0.9990,3.2500,52.19,
1,Maze001,26.013,3.2500,-0.9990,3.2500,52.19,
1,Maze001,26.017,3.2500,-0.9990,3.2500,52.19,
1,Maze001,26.021,3.2500,-0.9990,3.2500,52.19,
1,Maze001,26.025,3.2500,-0.9990,3.2500,52.19,
1,Maze001,26.029,3.2500,-0.9990,3.2500,52.19,
1,Maze001,26.033,3.2500,-0.9990,3.2500,52.19,
1,Maze001,26.038,3.2500,-0.9990,3.2500,52.19,
1,Maze001,26.042,3.2500,-0.9990,3.2500,52.19,
1,Maze001,26.046,3.2500,-0.9990,3.2500,52.19,
1,Maze001,26.050,3.2500,-0.9990,3.2500,52.19,
1,Maze001,26.054,3.2500,-0.9990,3.2500,52.19,
1,Maze001,26.058,3.2500,-0.9990,3.2500,52.19,
1,Maze001,26.063,3.2500,-0.9990,3.2500,52.19,
1,Maze001,26.067,3.2500,-0.9990,3.2500,52.19,
1,Maze001,26.071,3.2500,-0.9990,3.2500,52.19,
1,Maze001,26.075,3.2500,-0.9990,3.2500,52.19,
1,Maze001,26.080,3.2500,-0.9990,3.2500,52.19,
1,Maze001,26.084,3.2500,-0.9990,3.2500,52.19,
1,Maze001,26.088,3.2500,-0.9990,3.2500,52.19,
1,Maze001,26.092,3.2500,-0.9990,3.2500,52.19,
1,Maze001,26.096,3.2500,-0.9990,3.2500,52.19,
1,Maze001,26.100,3.2500,-0.9990,3.2500,52.19,
1,Maze001,26.105,3.2500,-0.9990,3.2500,52.19,
1,Maze001,26.108,3.2500,-0.9990,3.2500,52.19,
1,Maze001,26.112,3.2500,-0.9990,3.2500,52.19,
1,Maze001,26.117,3.2500,-0.9990,3.2500,52.19,
1,Maze001,26.121,3.2500,-0.9990,3.2500,52.19,
1,Maze001,26.125,3.2500,-0.9990,3.2500,52.19,
1,Maze001,26.129,3.2500,-0.9990,3.2500,52.19,
1,Maze001,26.133,3.2500,-0.9990,3.2500,52.19,
1,Maze001,26.138,3.2500,-0.9990,3.2500,52.19,
1,Maze001,26.142,3.2500,-0.9990,3.2500,52.19,
1,Maze001,26.146,3.2500,-0.9990,3.2500,52.19,
1,Maze001,26.150,3.2500,-0.9990,3.2500,52.19,
1,Maze001,26.154,3.2500,-0.9990,3.2500,52.19,
1,Maze001,26.159,3.2500,-0.9990,3.2500,52.19,
1,Maze001,26.163,3.2500,-0.9990,3.2500,52.19,
1,Maze001,26.167,3.2500,-0.9990,3.2500,52.19,
1,Maze001,26.171,3.2500,-0.9990,3.2500,52.19,
1,Maze001,26.175,3.2500,-0.9990,3.2500,52.19,
1,Maze001,26.180,3.2500,-0.9990,3.2500,52.19,
1,Maze001,26.183,3.2500,-0.9990,3.2500,52.19,
1,Maze001,26.188,3.2500,-0.9990,3.2500,52.19,
1,Maze001,26.192,3.2500,-0.9990,3.2500,52.19,
1,Maze001,26.196,3.2500,-0.9990,3.2500,52.19,
1,Maze001,26.200,3.2500,-0.9990,3.2500,52.19,
1,Maze001,26.204,3.2500,-0.9990,3.2500,52.19,
1,Maze001,26.209,3.2500,-0.9990,3.2500,52.19,
1,Maze001,26.213,3.2500,-0.9990,3.2500,52.19,
1,Maze001,26.217,3.2500,-0.9990,3.2500,52.19,
1,Maze001,26.221,3.2500,-0.9990,3.2500,52.19,
1,Maze001,26.225,3.2500,-0.9990,3.2500,52.19,
1,Maze001,26.229,3.2500,-0.9990,3.2500,52.19,
1,Maze001,26.233,3.2500,-0.9990,3.2500,52.19,
1,Maze001,26.238,3.2500,-0.9990,3.2500,52.19,
1,Maze001,26.242,3.2500,-0.9990,3.2500,52.19,
1,Maze001,26.246,3.2500,-0.9990,3.2500,52.19,
1,Maze001,26.250,3.2500,-0.9990,3.2500,52.19,
1,Maze001,26.254,3.2500,-0.9990,3.2500,52.19,
1,Maze001,26.258,3.2500,-0.9990,3.2500,52.19,
1,Maze001,26.263,3.2500,-0.9990,3.2500,52.19,
1,Maze001,26.267,3.2500,-0.9990,3.2500,52.19,
1,Maze001,26.271,3.2500,-0.9990,3.2500,52.19,
1,Maze001,26.275,3.2500,-0.9990,3.2500,52.19,
1,Maze001,26.279,3.2500,-0.9990,3.2500,52.19,
1,Maze001,26.283,3.2500,-0.9990,3.2500,52.19,
1,Maze001,26.288,3.2500,-0.9990,3.2500,52.19,
1,Maze001,26.292,3.2500,-0.9990,3.2500,52.19,
1,Maze001,26.296,3.2500,-0.9990,3.2500,52.19,
1,Maze001,26.300,3.2500,-0.9990,3.2500,52.19,
1,Maze001,26.304,3.2500,-0.9990,3.2500,52.19,
1,Maze001,26.308,3.2500,-0.9990,3.2500,52.19,
1,Maze001,26.313,3.2500,-0.9990,3.2500,52.19,
1,Maze001,26.317,3.2500,-0.9990,3.2500,52.19,
1,Maze001,26.321,3.2500,-0.9990,3.2500,52.19,
1,Maze001,26.325,3.2500,-0.9990,3.2500,52.19,
1,Maze001,26.329,3.2500,-0.9990,3.2500,52.19,
1,Maze001,26.334,3.2500,-0.9990,3.2500,52.19,
1,Maze001,26.337,3.2500,-0.9990,3.2500,52.19,
1,Maze001,26.342,3.2500,-0.9990,3.2500,52.19,
1,Maze001,26.346,3.2500,-0.9990,3.2500,52.19,
1,Maze001,26.350,3.2500,-0.9990,3.2500,52.19,
1,Maze001,26.354,3.2500,-0.9990,3.2500,52.19,
1,Maze001,26.358,3.2500,-0.9990,3.2500,52.19,
1,Maze001,26.363,3.2500,-0.9990,3.2500,52.19,
1,Maze001,26.367,3.2500,-0.9990,3.2500,52.19,
1,Maze001,26.371,3.2500,-0.9990,3.2500,52.19,
1,Maze001,26.375,3.2500,-0.9990,3.2500,52.19,
1,Maze001,26.379,3.2500,-0.9990,3.2500,52.19,
1,Maze001,26.383,3.2500,-0.9990,3.2500,52.19,
1,Maze001,26.388,3.2500,-0.9990,3.2500,52.19,
1,Maze001,26.392,3.2500,-0.9990,3.2500,52.19,
1,Maze001,26.396,3.2500,-0.9990,3.2500,52.19,
1,Maze001,26.400,3.2500,-0.9990,3.2500,52.19,
1,Maze001,26.404,3.2500,-0.9990,3.2500,52.19,
1,Maze001,26.408,3.2500,-0.9990,3.2500,52.19,
1,Maze001,26.412,3.2500,-0.9990,3.2500,52.19,
1,Maze001,26.417,3.2500,-0.9990,3.2500,52.19,
1,Maze001,26.421,3.2500,-0.9990,3.2500,52.19,
1,Maze001,26.425,3.2500,-0.9990,3.2500,52.19,
1,Maze001,26.429,3.2500,-0.9990,3.2500,52.19,
1,Maze001,26.433,3.2500,-0.9990,3.2500,52.19,
1,Maze001,26.437,3.2500,-0.9990,3.2500,52.19,
1,Maze001,26.442,3.2500,-0.9990,3.2500,52.19,
1,Maze001,26.446,3.2500,-0.9990,3.2500,52.19,
1,Maze001,26.450,3.2500,-0.9990,3.2500,52.19,
1,Maze001,26.454,3.2500,-0.9990,3.2500,52.19,
1,Maze001,26.458,3.2500,-0.9990,3.2500,52.19,
1,Maze001,26.463,3.2500,-0.9990,3.2500,52.19,
1,Maze001,26.467,3.2500,-0.9990,3.2500,52.19,
1,Maze001,26.471,3.2500,-0.9990,3.2500,52.19,
1,Maze001,26.475,3.2500,-0.9990,3.2500,52.19,
1,Maze001,26.479,3.2500,-0.9990,3.2500,52.19,
1,Maze001,26.483,3.2500,-0.9990,3.2500,52.19,
1,Maze001,26.487,3.2500,-0.9990,3.2500,52.19,
1,Maze001,26.492,3.2500,-0.9990,3.2500,52.19,
1,Maze001,26.496,3.2500,-0.9990,3.2500,52.19,
1,Maze001,26.500,3.2500,-0.9990,3.2500,52.19,
1,Maze001,26.504,3.2500,-0.9990,3.2500,52.19,
1,Maze001,26.508,3.2500,-0.9990,3.2500,52.19,
1,Maze001,26.513,3.2500,-0.9990,3.2500,52.19,
1,Maze001,26.517,3.2500,-0.9990,3.2500,52.19,
1,Maze001,26.521,3.2500,-0.9990,3.2500,52.19,
1,Maze001,26.525,3.2500,-0.9990,3.2500,52.19,
1,Maze001,26.529,3.2500,-0.9990,3.2500,52.19,
1,Maze001,26.533,3.2500,-0.9990,3.2500,52.19,
1,Maze001,26.538,3.2500,-0.9990,3.2500,52.19,
1,Maze001,26.542,3.2500,-0.9990,3.2500,52.19,
1,Maze001,26.546,3.2500,-0.9990,3.2500,52.19,
1,Maze001,26.550,3.2500,-0.9990,3.2500,52.19,
1,Maze001,26.554,3.2500,-0.9990,3.2500,52.19,
1,Maze001,26.558,3.2500,-0.9990,3.2500,52.19,
1,Maze001,26.563,3.2500,-0.9990,3.2500,52.19,
1,Maze001,26.567,3.2500,-0.9990,3.2500,52.19,
1,Maze001,26.571,3.2500,-0.9990,3.2500,52.19,
1,Maze001,26.575,3.2500,-0.9990,3.2500,52.19,
1,Maze001,26.579,3.2500,-0.9990,3.2500,52.19,
1,Maze001,26.583,3.2500,-0.9990,3.2500,52.19,
1,Maze001,26.587,3.2500,-0.9990,3.2500,52.19,
1,Maze001,26.592,3.2500,-0.9990,3.2500,52.19,
1,Maze001,26.596,3.2500,-0.9990,3.2500,52.19,
1,Maze001,26.600,3.2500,-0.9990,3.2500,52.19,
1,Maze001,26.604,3.2500,-0.9990,3.2500,52.19,
1,Maze001,26.608,3.2500,-0.9990,3.2500,52.19,
1,Maze001,26.613,3.2500,-0.9990,3.2500,52.19,
1,Maze001,26.617,3.2500,-0.9990,3.2500,52.19,
1,Maze001,26.621,3.2500,-0.9990,3.2500,52.19,
1,Maze001,26.625,3.2500,-0.9990,3.2500,52.19,
1,Maze001,26.629,3.2500,-0.9990,3.2500,52.19,
1,Maze001,26.633,3.2500,-0.9990,3.2500,52.19,
1,Maze001,26.638,3.2500,-0.9990,3.2500,52.19,
1,Maze001,26.642,3.2500,-0.9990,3.2500,52.19,
1,Maze001,26.646,3.2500,-0.9990,3.2500,52.19,
1,Maze001,26.650,3.2500,-0.9990,3.2500,52.19,
1,Maze001,26.654,3.2500,-0.9990,3.2500,52.19,
1,Maze001,26.659,3.2500,-0.9990,3.2500,52.19,
1,Maze001,26.663,3.2500,-0.9990,3.2500,52.19,
1,Maze001,26.667,3.2500,-0.9990,3.2500,52.19,
1,Maze001,26.671,3.2500,-0.9990,3.2500,52.19,
1,Maze001,26.675,3.2500,-0.9990,3.2500,52.19,
1,Maze001,26.679,3.2500,-0.9990,3.2500,52.19,
1,Maze001,26.683,3.2500,-0.9990,3.2500,52.19,
1,Maze001,26.688,3.2500,-0.9990,3.2500,52.19,
1,Maze001,26.692,3.2500,-0.9990,3.2500,52.19,
1,Maze001,26.696,3.2500,-0.9990,3.2500,52.19,
1,Maze001,26.700,3.2500,-0.9990,3.2500,52.19,
1,Maze001,26.704,3.2500,-0.9990,3.2500,52.19,
1,Maze001,26.708,3.2500,-0.9990,3.2500,52.19,
1,Maze001,26.713,3.2500,-0.9990,3.2500,52.19,
1,Maze001,26.717,3.2500,-0.9990,3.2500,52.19,
1,Maze001,26.721,3.2500,-0.9990,3.2500,52.19,
1,Maze001,26.725,3.2500,-0.9990,3.2500,52.19,
1,Maze001,26.729,3.2500,-0.9990,3.2500,52.19,
1,Maze001,26.733,3.2500,-0.9990,3.2500,52.19,
1,Maze001,26.738,3.2500,-0.9990,3.2500,52.19,
1,Maze001,26.742,3.2500,-0.9990,3.2500,52.19,
1,Maze001,26.746,3.2500,-0.9990,3.2500,52.19,
1,Maze001,26.750,3.2500,-0.9990,3.2500,52.19,
1,Maze001,26.754,3.2500,-0.9990,3.2500,52.19,
1,Maze001,26.758,3.2500,-0.9990,3.2500,52.19,
1,Maze001,26.763,3.2500,-0.9990,3.2500,52.19,
1,Maze001,26.767,3.2500,-0.9990,3.2500,52.19,
1,Maze001,26.771,3.2500,-0.9990,3.2500,52.19,
1,Maze001,26.775,3.2500,-0.9990,3.2500,52.19,
1,Maze001,26.779,3.2500,-0.9990,3.2500,52.19,
1,Maze001,26.783,3.2500,-0.9990,3.2500,52.19,
1,Maze001,26.787,3.2500,-0.9990,3.2500,52.19,
1,Maze001,26.792,3.2500,-0.9990,3.2500,52.19,
1,Maze001,26.796,3.2500,-0.9990,3.2500,52.19,
1,Maze001,26.800,3.2500,-0.9990,3.2500,52.19,
1,Maze001,26.804,3.2500,-0.9990,3.2500,52.19,
1,Maze001,26.808,3.2500,-0.9990,3.2500,52.19,
1,Maze001,26.813,3.2500,-0.9990,3.2500,52.19,
1,Maze001,26.817,3.2500,-0.9990,3.2500,52.19,
1,Maze001,26.821,3.2500,-0.9990,3.2500,52.19,
1,Maze001,26.825,3.2500,-0.9990,3.2500,52.19,
1,Maze001,26.829,3.2500,-0.9990,3.2500,52.19,
1,Maze001,26.833,3.2500,-0.9990,3.2500,52.19,
1,Maze001,26.838,3.2500,-0.9990,3.2500,52.19,
1,Maze001,26.842,3.2500,-0.9990,3.2500,52.19,
1,Maze001,26.846,3.2500,-0.9990,3.2500,52.19,
1,Maze001,26.850,3.2500,-0.9990,3.2500,52.19,
1,Maze001,26.854,3.2500,-0.9990,3.2500,52.19,
1,Maze001,26.859,3.2500,-0.9990,3.2500,52.19,
1,Maze001,26.862,3.2500,-0.9990,3.2500,52.19,
1,Maze001,26.867,3.2500,-0.9990,3.2500,52.19,
1,Maze001,26.871,3.2500,-0.9990,3.2500,52.19,
1,Maze001,26.875,3.2500,-0.9990,3.2500,52.19,
1,Maze001,26.879,3.2500,-0.9990,3.2500,52.19,
1,Maze001,26.883,3.2500,-0.9990,3.2500,52.19,
1,Maze001,26.887,3.2500,-0.9990,3.2500,52.19,
1,Maze001,26.892,3.2500,-0.9990,3.2500,52.19,
1,Maze001,26.896,3.2500,-0.9990,3.2500,52.19,
1,Maze001,26.900,3.2500,-0.9990,3.2500,52.19,
1,Maze001,26.904,3.2500,-0.9990,3.2500,52.19,
1,Maze001,26.908,3.2500,-0.9990,3.2500,52.19,
1,Maze001,26.912,3.2500,-0.9990,3.2500,52.19,
1,Maze001,26.917,3.2500,-0.9990,3.2500,52.19,
1,Maze001,26.921,3.2500,-0.9990,3.2500,52.19,
1,Maze001,26.925,3.2500,-0.9990,3.2500,52.19,
1,Maze001,26.929,3.2500,-0.9990,3.2500,52.19,
1,Maze001,26.933,3.2500,-0.9990,3.2500,52.19,
1,Maze001,26.938,3.2500,-0.9990,3.2500,52.19,
1,Maze001,26.942,3.2500,-0.9990,3.2500,52.19,
1,Maze001,26.946,3.2500,-0.9990,3.2500,52.19,
1,Maze001,26.950,3.2500,-0.9990,3.2500,52.19,
1,Maze001,26.954,3.2500,-0.9990,3.2500,52.19,
1,Maze001,26.958,3.2500,-0.9990,3.2500,52.19,
1,Maze001,26.962,3.2500,-0.9990,3.2500,52.19,
1,Maze001,26.966,3.2500,-0.9990,3.2500,52.19,
1,Maze001,26.971,3.2500,-0.9990,3.2500,52.19,
1,Maze001,26.975,3.2500,-0.9990,3.2500,52.19,
1,Maze001,26.979,3.2500,-0.9990,3.2500,52.19,
1,Maze001,26.983,3.2500,-0.9990,3.2500,52.19,
1,Maze001,26.987,3.2500,-0.9990,3.2500,52.19,
1,Maze001,26.992,3.2500,-0.9990,3.2500,52.19,
1,Maze001,26.996,3.2500,-0.9990,3.2500,52.19,
1,Maze001,27.000,3.2500,-0.9990,3.2500,52.19,
1,Maze001,27.004,3.2500,-0.9990,3.2500,52.19,
1,Maze001,27.008,3.2500,-0.9990,3.2500,52.19,
1,Maze001,27.013,3.2500,-0.9990,3.2500,52.19,
1,Maze001,27.017,3.2500,-0.9990,3.2500,52.19,
1,Maze001,27.021,3.2500,-0.9990,3.2500,52.19,
1,Maze001,27.025,3.2500,-0.9990,3.2500,52.19,
1,Maze001,27.029,3.2500,-0.9990,3.2500,52.19,
1,Maze001,27.033,3.2500,-0.9990,3.2500,52.19,
1,Maze001,27.038,3.2500,-0.9990,3.2500,52.19,
1,Maze001,27.042,3.2500,-0.9990,3.2500,52.19,
1,Maze001,27.047,3.2500,-0.9990,3.2500,52.19,
1,Maze001,27.050,3.2500,-0.9990,3.2500,52.19,
1,Maze001,27.055,3.2500,-0.9990,3.2500,52.19,
1,Maze001,27.059,3.2500,-0.9990,3.2500,52.19,
1,Maze001,27.063,3.2500,-0.9990,3.2500,52.19,
1,Maze001,27.067,3.2500,-0.9990,3.2500,52.19,
1,Maze001,27.071,3.2500,-0.9990,3.2500,52.19,
1,Maze001,27.075,3.2500,-0.9990,3.2500,52.19,
1,Maze001,27.080,3.2500,-0.9990,3.2500,52.19,
1,Maze001,27.083,3.2500,-0.9990,3.2500,52.19,
1,Maze001,27.087,3.2500,-0.9990,3.2500,52.19,
1,Maze001,27.092,3.2500,-0.9990,3.2500,52.19,
1,Maze001,27.096,3.2500,-0.9990,3.2500,52.19,
1,Maze001,27.100,3.2500,-0.9990,3.2500,52.19,
1,Maze001,27.104,3.2500,-0.9990,3.2500,52.19,
1,Maze001,27.108,3.2500,-0.9990,3.2500,52.19,
1,Maze001,27.113,3.2500,-0.9990,3.2500,52.19,
1,Maze001,27.117,3.2500,-0.9990,3.2500,52.19,
1,Maze001,27.121,3.2500,-0.9990,3.2500,52.19,
1,Maze001,27.125,3.2500,-0.9990,3.2500,52.19,
1,Maze001,27.129,3.2500,-0.9990,3.2500,52.19,
1,Maze001,27.134,3.2500,-0.9990,3.2500,52.19,
1,Maze001,27.138,3.2500,-0.9990,3.2500,52.19,
1,Maze001,27.142,3.2500,-0.9990,3.2500,52.19,
1,Maze001,27.146,3.2500,-0.9990,3.2500,52.19,
1,Maze001,27.150,3.2500,-0.9990,3.2500,52.19,
1,Maze001,27.154,3.2500,-0.9990,3.2500,52.19,
1,Maze001,27.158,3.2500,-0.9990,3.2500,52.19,
1,Maze001,27.163,3.2500,-0.9990,3.2500,52.19,
1,Maze001,27.167,3.2500,-0.9990,3.2500,52.19,
1,Maze001,27.171,3.2500,-0.9990,3.2500,52.19,
1,Maze001,27.175,3.2500,-0.9990,3.2500,52.19,
1,Maze001,27.179,3.2500,-0.9990,3.2500,52.19,
1,Maze001,27.183,3.2500,-0.9990,3.2500,52.19,
1,Maze001,27.187,3.2500,-0.9990,3.2500,52.19,
1,Maze001,27.192,3.2500,-0.9990,3.2500,52.19,
1,Maze001,27.196,3.2500,-0.9990,3.2500,52.19,
1,Maze001,27.200,3.2500,-0.9990,3.2500,52.19,
1,Maze001,27.204,3.2500,-0.9990,3.2500,52.19,
1,Maze001,27.208,3.2500,-0.9990,3.2500,52.19,
1,Maze001,27.212,3.2500,-0.9990,3.2500,52.19,
1,Maze001,27.217,3.2500,-0.9990,3.2500,52.19,
1,Maze001,27.221,3.2500,-0.9990,3.2500,52.19,
1,Maze001,27.225,3.2500,-0.9990,3.2500,52.19,
1,Maze001,27.229,3.2500,-0.9990,3.2500,52.19,
1,Maze001,27.234,3.2500,-0.9990,3.2500,52.19,
1,Maze001,27.238,3.2500,-0.9990,3.2500,52.19,
1,Maze001,27.242,3.2500,-0.9990,3.2500,52.19,
1,Maze001,27.246,3.2500,-0.9990,3.2500,52.19,
1,Maze001,27.250,3.2500,-0.9990,3.2500,52.19,
1,Maze001,27.254,3.2500,-0.9990,3.2500,52.19,
1,Maze001,27.258,3.2500,-0.9990,3.2500,52.19,
1,Maze001,27.262,3.2500,-0.9990,3.2500,52.19,
1,Maze001,27.267,3.2500,-0.9990,3.2500,52.19,
1,Maze001,27.271,3.2500,-0.9990,3.2500,52.19,
1,Maze001,27.275,3.2500,-0.9990,3.2500,52.19,
1,Maze001,27.279,3.2500,-0.9990,3.2500,52.19,
1,Maze001,27.283,3.2500,-0.9990,3.2500,52.19,
1,Maze001,27.287,3.2500,-0.9990,3.2500,52.19,
1,Maze001,27.292,3.2500,-0.9990,3.2500,52.19,
1,Maze001,27.296,3.2500,-0.9990,3.2500,52.19,
1,Maze001,27.300,3.2500,-0.9990,3.2500,52.19,
1,Maze001,27.304,3.2500,-0.9990,3.2500,52.19,
1,Maze001,27.308,3.2500,-0.9990,3.2500,52.19,
1,Maze001,27.312,3.2500,-0.9990,3.2500,52.19,
1,Maze001,27.317,3.2500,-0.9990,3.2500,52.19,
1,Maze001,27.321,3.2500,-0.9990,3.2500,52.19,
1,Maze001,27.325,3.2500,-0.9990,3.2500,52.19,
1,Maze001,27.329,3.2500,-0.9990,3.2500,52.19,
1,Maze001,27.333,3.2500,-0.9990,3.2500,52.19,
1,Maze001,27.338,3.2500,-0.9990,3.2500,52.19,
1,Maze001,27.342,3.2500,-0.9990,3.2500,52.19,
1,Maze001,27.346,3.2500,-0.9990,3.2500,52.19,
1,Maze001,27.350,3.2500,-0.9990,3.2500,52.19,
1,Maze001,27.354,3.2500,-0.9990,3.2500,52.19,
1,Maze001,27.358,3.2500,-0.9990,3.2500,52.19,
1,Maze001,27.363,3.2500,-0.9990,3.2500,52.19,
1,Maze001,27.367,3.2500,-0.9990,3.2500,52.19,
1,Maze001,27.371,3.2500,-0.9990,3.2500,52.19,
1,Maze001,27.375,3.2500,-0.9990,3.2500,52.19,
1,Maze001,27.379,3.2500,-0.9990,3.2500,52.19,
1,Maze001,27.383,3.2500,-0.9990,3.2500,52.19,
1,Maze001,27.387,3.2500,-0.9990,3.2500,52.19,
1,Maze001,27.392,3.2500,-0.9990,3.2500,52.19,
1,Maze001,27.396,3.2500,-0.9990,3.2500,52.19,
1,Maze001,27.400,3.2500,-0.9990,3.2500,52.19,
1,Maze001,27.404,3.2500,-0.9990,3.2500,52.19,
1,Maze001,27.408,3.2500,-0.9990,3.2500,52.19,
1,Maze001,27.412,3.2500,-0.9990,3.2500,52.19,
1,Maze001,27.417,3.2500,-0.9990,3.2500,52.19,
1,Maze001,27.421,3.2500,-0.9990,3.2500,52.19,
1,Maze001,27.425,3.2500,-0.9990,3.2500,52.19,
1,Maze001,27.429,3.2500,-0.9990,3.2500,52.19,
1,Maze001,27.433,3.2500,-0.9990,3.2500,52.19,
1,Maze001,27.437,3.2500,-0.9990,3.2500,52.19,
1,Maze001,27.442,3.2500,-0.9990,3.2500,52.19,
1,Maze001,27.446,3.2500,-0.9990,3.2500,52.19,
1,Maze001,27.450,3.2500,-0.9990,3.2500,52.19,
1,Maze001,27.454,3.2500,-0.9990,3.2500,52.19,
1,Maze001,27.458,3.2500,-0.9990,3.2500,52.19,
1,Maze001,27.463,3.2500,-0.9990,3.2500,52.19,
1,Maze001,27.467,3.2500,-0.9990,3.2500,52.19,
1,Maze001,27.471,3.2500,-0.9990,3.2500,52.19,
1,Maze001,27.475,3.2500,-0.9990,3.2500,52.19,
1,Maze001,27.479,3.2500,-0.9990,3.2500,52.19,
1,Maze001,27.483,3.2500,-0.9990,3.2500,52.19,
1,Maze001,27.488,3.2500,-0.9990,3.2500,52.19,
1,Maze001,27.492,3.2500,-0.9990,3.2500,52.19,
1,Maze001,27.496,3.2500,-0.9990,3.2500,52.19,
1,Maze001,27.500,3.2500,-0.9990,3.2500,52.19,
1,Maze001,27.505,3.2500,-0.9990,3.2500,52.19,
1,Maze001,27.509,3.2500,-0.9990,3.2500,52.19,
1,Maze001,27.513,3.2500,-0.9990,3.2500,52.19,
1,Maze001,27.517,3.2500,-0.9990,3.2500,52.19,
1,Maze001,27.521,3.2500,-0.9990,3.2500,52.19,
1,Maze001,27.525,3.2500,-0.9990,3.2500,52.19,
1,Maze001,27.529,3.2500,-0.9990,3.2500,52.19,
1,Maze001,27.533,3.2500,-0.9990,3.2500,52.19,
1,Maze001,27.538,3.2500,-0.9990,3.2500,52.19,
1,Maze001,27.542,3.2500,-0.9990,3.2500,52.19,
1,Maze001,27.546,3.2500,-0.9990,3.2500,52.19,
1,Maze001,27.550,3.2500,-0.9990,3.2500,52.19,
1,Maze001,27.554,3.2500,-0.9990,3.2500,52.19,
1,Maze001,27.558,3.2500,-0.9990,3.2500,52.19,
1,Maze001,27.562,3.2500,-0.9990,3.2500,52.19,
1,Maze001,27.567,3.2500,-0.9990,3.2500,52.19,
1,Maze001,27.571,3.2500,-0.9990,3.2500,52.19,
1,Maze001,27.575,3.2500,-0.9990,3.2500,52.19,
1,Maze001,27.579,3.2500,-0.9990,3.2500,52.19,
1,Maze001,27.583,3.2500,-0.9990,3.2500,52.19,
1,Maze001,27.587,3.2500,-0.9990,3.2500,52.19,
1,Maze001,27.592,3.2500,-0.9990,3.2500,52.19,
1,Maze001,27.596,3.2500,-0.9990,3.2500,52.19,
1,Maze001,27.600,3.2500,-0.9990,3.2500,52.19,
1,Maze001,27.604,3.2500,-0.9990,3.2500,52.19,
1,Maze001,27.608,3.2500,-0.9990,3.2500,52.19,
1,Maze001,27.612,3.2500,-0.9990,3.2500,52.19,
1,Maze001,27.617,3.2500,-0.9990,3.2500,52.19,
1,Maze001,27.621,3.2500,-0.9990,3.2500,52.19,
1,Maze001,27.625,3.2500,-0.9990,3.2500,52.19,
1,Maze001,27.629,3.2500,-0.9990,3.2500,52.19,
1,Maze001,27.633,3.2500,-0.9990,3.2500,52.19,
1,Maze001,27.637,3.2500,-0.9990,3.2500,52.19,
1,Maze001,27.642,3.2500,-0.9990,3.2500,52.19,
1,Maze001,27.646,3.2500,-0.9990,3.2500,52.19,
1,Maze001,27.650,3.2500,-0.9990,3.2500,52.19,
1,Maze001,27.654,3.2500,-0.9990,3.2500,52.19,
1,Maze001,27.658,3.2500,-0.9990,3.2500,52.19,
1,Maze001,27.662,3.2500,-0.9990,3.2500,52.19,
1,Maze001,27.667,3.2500,-0.9990,3.2500,52.19,
1,Maze001,27.671,3.2500,-0.9990,3.2500,52.19,
1,Maze001,27.675,3.2500,-0.9990,3.2500,52.19,
1,Maze001,27.679,3.2500,-0.9990,3.2500,52.19,
1,Maze001,27.683,3.2500,-0.9990,3.2500,52.19,
1,Maze001,27.688,3.2500,-0.9990,3.2500,52.19,
1,Maze001,27.692,3.2500,-0.9990,3.2500,52.19,
1,Maze001,27.696,3.2500,-0.9990,3.2500,52.19,
1,Maze001,27.701,3.2500,-0.9990,3.2500,52.19,
1,Maze001,27.705,3.2500,-0.9990,3.2500,52.19,
1,Maze001,27.709,3.2500,-0.9990,3.2500,52.19,
1,Maze001,27.713,3.2500,-0.9990,3.2500,52.19,
1,Maze001,27.717,3.2500,-0.9990,3.2500,52.19,
1,Maze001,27.721,3.2500,-0.9990,3.2500,52.19,
1,Maze001,27.725,3.2500,-0.9990,3.2500,52.19,
1,Maze001,27.729,3.2500,-0.9990,3.2500,52.19,
1,Maze001,27.734,3.2500,-0.9990,3.2500,52.19,
1,Maze001,27.737,3.2500,-0.9990,3.2500,52.19,
1,Maze001,27.742,3.2500,-0.9990,3.2500,52.19,
1,Maze001,27.746,3.2500,-0.9990,3.2500,52.19,
1,Maze001,27.750,3.2500,-0.9990,3.2500,52.19,
1,Maze001,27.754,3.2500,-0.9990,3.2500,52.19,
1,Maze001,27.758,3.2500,-0.9990,3.2500,52.19,
1,Maze001,27.763,3.2500,-0.9990,3.2500,52.19,
1,Maze001,27.767,3.2500,-0.9990,3.2500,52.19,
1,Maze001,27.771,3.2500,-0.9990,3.2500,52.19,
1,Maze001,27.775,3.2500,-0.9990,3.2500,52.19,
1,Maze001,27.779,3.2500,-0.9990,3.2500,52.19,
1,Maze001,27.783,3.2500,-0.9990,3.2500,52.19,
1,Maze001,27.788,3.2500,-0.9990,3.2500,52.19,
1,Maze001,27.792,3.2500,-0.9990,3.2500,52.19,
1,Maze001,27.796,3.2500,-0.9990,3.2500,52.19,
1,Maze001,27.800,3.2500,-0.9990,3.2500,52.19,
1,Maze001,27.804,3.2500,-0.9990,3.2500,52.19,
1,Maze001,27.809,3.2500,-0.9990,3.2500,52.19,
1,Maze001,27.812,3.2500,-0.9990,3.2500,52.19,
1,Maze001,27.817,3.2500,-0.9990,3.2500,52.19,
1,Maze001,27.821,3.2500,-0.9990,3.2500,52.19,
1,Maze001,27.825,3.2500,-0.9990,3.2500,52.19,
1,Maze001,27.829,3.2500,-0.9990,3.2500,52.19,
1,Maze001,27.833,3.2500,-0.9990,3.2500,52.19,
1,Maze001,27.838,3.2500,-0.9990,3.2500,52.19,
1,Maze001,27.842,3.2500,-0.9990,3.2500,52.19,
1,Maze001,27.846,3.2500,-0.9990,3.2500,52.19,
1,Maze001,27.850,3.2500,-0.9990,3.2500,52.19,
1,Maze001,27.854,3.2500,-0.9990,3.2500,52.19,
1,Maze001,27.859,3.2500,-0.9990,3.2500,52.19,
1,Maze001,27.862,3.2500,-0.9990,3.2500,52.19,
1,Maze001,27.867,3.2500,-0.9990,3.2500,52.19,
1,Maze001,27.871,3.2500,-0.9990,3.2500,52.19,
1,Maze001,27.875,3.2500,-0.9990,3.2500,52.19,
1,Maze001,27.879,3.2500,-0.9990,3.2500,52.19,
1,Maze001,27.883,3.2500,-0.9990,3.2500,52.19,
1,Maze001,27.888,3.2500,-0.9990,3.2500,52.19,
1,Maze001,27.892,3.2500,-0.9990,3.2500,52.19,
1,Maze001,27.896,3.2500,-0.9990,3.2500,52.19,
1,Maze001,27.900,3.2500,-0.9990,3.2500,52.19,
1,Maze001,27.904,3.2500,-0.9990,3.2500,52.19,
1,Maze001,27.908,3.2500,-0.9990,3.2500,52.19,
1,Maze001,27.912,3.2500,-0.9990,3.2500,52.19,
1,Maze001,27.917,3.2500,-0.9990,3.2500,52.19,
1,Maze001,27.921,3.2500,-0.9990,3.2500,52.19,
1,Maze001,27.925,3.2500,-0.9990,3.2500,52.19,
1,Maze001,27.929,3.2500,-0.9990,3.2500,52.19,
1,Maze001,27.933,3.2500,-0.9990,3.2500,52.19,
1,Maze001,27.937,3.2500,-0.9990,3.2500,52.19,
1,Maze001,27.941,3.2500,-0.9990,3.2500,52.19,
1,Maze001,27.946,3.2500,-0.9990,3.2500,52.19,
1,Maze001,27.950,3.2500,-0.9990,3.2500,52.19,
1,Maze001,27.954,3.2500,-0.9990,3.2500,52.19,
1,Maze001,27.958,3.2500,-0.9990,3.2500,52.19,
1,Maze001,27.962,3.2500,-0.9990,3.2500,52.19,
1,Maze001,27.967,3.2500,-0.9990,3.2500,52.19,
1,Maze001,27.971,3.2500,-0.9990,3.2500,52.19,
1,Maze001,27.975,3.2500,-0.9990,3.2500,52.19,
1,Maze001,27.979,3.2500,-0.9990,3.2500,52.19,
1,Maze001,27.983,3.2500,-0.9990,3.2500,52.19,
1,Maze001,27.987,3.2500,-0.9990,3.2500,52.19,
1,Maze001,27.991,3.2500,-0.9990,3.2500,52.19,
1,Maze001,27.996,3.2500,-0.9990,3.2500,52.19,
1,Maze001,28.000,3.2500,-0.9990,3.2500,52.19,
1,Maze001,28.004,3.2500,-0.9990,3.2500,52.19,
1,Maze001,28.008,3.2500,-0.9990,3.2500,52.19,
1,Maze001,28.012,3.2500,-0.9990,3.2500,52.19,
1,Maze001,28.017,3.2500,-0.9990,3.2500,52.19,
1,Maze001,28.021,3.2500,-0.9990,3.2500,52.19,
1,Maze001,28.025,3.2500,-0.9990,3.2500,52.19,
1,Maze001,28.030,3.2500,-0.9990,3.2500,52.19,
1,Maze001,28.033,3.2500,-0.9990,3.2500,52.19,
1,Maze001,28.037,3.2500,-0.9990,3.2500,52.19,
1,Maze001,28.041,3.2500,-0.9990,3.2500,52.19,
1,Maze001,28.046,3.2500,-0.9990,3.2500,52.19,
1,Maze001,28.050,3.2500,-0.9990,3.2500,52.19,
1,Maze001,28.054,3.2500,-0.9990,3.2500,52.19,
1,Maze001,28.058,3.2500,-0.9990,3.2500,52.19,
1,Maze001,28.063,3.2500,-0.9990,3.2500,52.19,
1,Maze001,28.067,3.2500,-0.9990,3.2500,52.19,
1,Maze001,28.071,3.2500,-0.9990,3.2500,52.19,
1,Maze001,28.075,3.2500,-0.9990,3.2500,52.19,
1,Maze001,28.079,3.2500,-0.9990,3.2500,52.19,
1,Maze001,28.083,3.2500,-0.9990,3.2500,52.19,
1,Maze001,28.088,3.2500,-0.9990,3.2500,52.19,
1,Maze001,28.092,3.2500,-0.9990,3.2500,52.19,
1,Maze001,28.096,3.2500,-0.9990,3.2500,52.19,
1,Maze001,28.100,3.2500,-0.9990,3.2500,52.19,
1,Maze001,28.104,3.2500,-0.9990,3.2500,52.19,
1,Maze001,28.108,3.2500,-0.9990,3.2500,52.19,
1,Maze001,28.112,3.2500,-0.9990,3.2500,52.19,
1,Maze001,28.117,3.2500,-0.9990,3.2500,52.19,
1,Maze001,28.121,3.2500,-0.9990,3.2500,52.19,
1,Maze001,28.126,3.2500,-0.9990,3.2500,52.19,
1,Maze001,28.129,3.2500,-0.9990,3.2500,52.19,
1,Maze001,28.133,3.2500,-0.9990,3.2500,52.19,
1,Maze001,28.138,3.2500,-0.9990,3.2500,52.19,
1,Maze001,28.142,3.2500,-0.9990,3.2500,52.19,
1,Maze001,28.146,3.2500,-0.9990,3.2500,52.19,
1,Maze001,28.150,3.2500,-0.9990,3.2500,52.19,
1,Maze001,28.154,3.2500,-0.9990,3.2500,52.19,
1,Maze001,28.158,3.2500,-0.9990,3.2500,52.19,
1,Maze001,28.162,3.2500,-0.9990,3.2500,52.19,
1,Maze001,28.166,3.2500,-0.9990,3.2500,52.19,
1,Maze001,28.171,3.2500,-0.9990,3.2500,52.19,
1,Maze001,28.175,3.2500,-0.9990,3.2500,52.19,
1,Maze001,28.179,3.2500,-0.9990,3.2500,52.19,
1,Maze001,28.184,3.2500,-0.9990,3.2500,52.19,
1,Maze001,28.188,3.2500,-0.9990,3.2500,52.19,
1,Maze001,28.192,3.2500,-0.9990,3.2500,52.19,
1,Maze001,28.196,3.2500,-0.9990,3.2500,52.19,
1,Maze001,28.200,3.2500,-0.9990,3.2500,52.19,
1,Maze001,28.204,3.2500,-0.9990,3.2500,52.19,
1,Maze001,28.208,3.2500,-0.9990,3.2500,52.19,
1,Maze001,28.213,3.2500,-0.9990,3.2500,52.19,
1,Maze001,28.217,3.2500,-0.9990,3.2500,52.19,
1,Maze001,28.221,3.2500,-0.9990,3.2500,52.19,
1,Maze001,28.225,3.2500,-0.9990,3.2500,52.19,
1,Maze001,28.229,3.2500,-0.9990,3.2500,52.19,
1,Maze001,28.234,3.2500,-0.9990,3.2500,52.19,
1,Maze001,28.238,3.2500,-0.9990,3.2500,52.19,
1,Maze001,28.242,3.2500,-0.9990,3.2500,52.19,
1,Maze001,28.246,3.2500,-0.9990,3.2500,52.19,
1,Maze001,28.250,3.2500,-0.9990,3.2500,52.19,
1,Maze001,28.254,3.2500,-0.9990,3.2500,52.19,
1,Maze001,28.258,3.2500,-0.9990,3.2500,52.19,
1,Maze001,28.263,3.2500,-0.9990,3.2500,52.19,
1,Maze001,28.267,3.2500,-0.9990,3.2500,52.19,
1,Maze001,28.271,3.2500,-0.9990,3.2500,52.19,
1,Maze001,28.275,3.2500,-0.9990,3.2500,52.19,
1,Maze001,28.279,3.2500,-0.9990,3.2500,52.19,
1,Maze001,28.283,3.2500,-0.9990,3.2500,52.19,
1,Maze001,28.287,3.2500,-0.9990,3.2500,52.19,
1,Maze001,28.292,3.2500,-0.9990,3.2500,52.19,
1,Maze001,28.296,3.2500,-0.9990,3.2500,52.19,
1,Maze001,28.300,3.2500,-0.9990,3.2500,52.19,
1,Maze001,28.304,3.2500,-0.9990,3.2500,52.19,
1,Maze001,28.308,3.2500,-0.9990,3.2500,52.19,
1,Maze001,28.312,3.2500,-0.9990,3.2500,52.19,
1,Maze001,28.316,3.2500,-0.9990,3.2500,52.19,
1,Maze001,28.321,3.2500,-0.9990,3.2500,52.19,
1,Maze001,28.325,3.2500,-0.9990,3.2500,52.19,
1,Maze001,28.329,3.2500,-0.9990,3.2500,52.19,
1,Maze001,28.333,3.2500,-0.9990,3.2500,52.19,
1,Maze001,28.338,3.2500,-0.9990,3.2500,52.19,
1,Maze001,28.342,3.2500,-0.9990,3.2500,52.19,
1,Maze001,28.346,3.2500,-0.9990,3.2500,52.19,
1,Maze001,28.350,3.2500,-0.9990,3.2500,52.19,
1,Maze001,28.354,3.2500,-0.9990,3.2500,52.19,
1,Maze001,28.359,3.2500,-0.9990,3.2500,52.19,
1,Maze001,28.362,3.2500,-0.9990,3.2500,52.19,
1,Maze001,28.367,3.2500,-0.9990,3.2500,52.19,
1,Maze001,28.371,3.2500,-0.9990,3.2500,52.19,
1,Maze001,28.375,3.2500,-0.9990,3.2500,52.19,
1,Maze001,28.379,3.2500,-0.9990,3.2500,52.19,
1,Maze001,28.383,3.2500,-0.9990,3.2500,52.19,
1,Maze001,28.387,3.2500,-0.9990,3.2500,52.19,
1,Maze001,28.392,3.2500,-0.9990,3.2500,52.19,
1,Maze001,28.396,3.2500,-0.9990,3.2500,52.19,
1,Maze001,28.400,3.2500,-0.9990,3.2500,52.19,
1,Maze001,28.404,3.2500,-0.9990,3.2500,52.19,
1,Maze001,28.408,3.2500,-0.9990,3.2500,52.19,
1,Maze001,28.412,3.2500,-0.9990,3.2500,52.19,
1,Maze001,28.416,3.2500,-0.9990,3.2500,52.19,
1,Maze001,28.421,3.2500,-0.9990,3.2500,52.19,
1,Maze001,28.425,3.2500,-0.9990,3.2500,52.19,
1,Maze001,28.429,3.2500,-0.9990,3.2500,52.19,
1,Maze001,28.433,3.2500,-0.9990,3.2500,52.19,
1,Maze001,28.437,3.2500,-0.9990,3.2500,52.19,
1,Maze001,28.441,3.2500,-0.9990,3.2500,52.19,
1,Maze001,28.446,3.2500,-0.9990,3.2500,52.19,
1,Maze001,28.450,3.2500,-0.9990,3.2500,52.19,
1,Maze001,28.454,3.2500,-0.9990,3.2500,52.19,
1,Maze001,28.458,3.2500,-0.9990,3.2500,52.19,
1,Maze001,28.462,3.2500,-0.9990,3.2500,52.19,
1,Maze001,28.467,3.2500,-0.9990,3.2500,52.19,
1,Maze001,28.471,3.2500,-0.9990,3.2500,52.19,
1,Maze001,28.475,3.2500,-0.9990,3.2500,52.19,
1,Maze001,28.479,3.2500,-0.9990,3.2500,52.19,
1,Maze001,28.483,3.2500,-0.9990,3.2500,52.19,
1,Maze001,28.488,3.2500,-0.9990,3.2500,52.19,
1,Maze001,28.491,3.2500,-0.9990,3.2500,52.19,
1,Maze001,28.496,3.2500,-0.9990,3.2500,52.19,
1,Maze001,28.500,3.2500,-0.9990,3.2500,52.19,
1,Maze001,28.504,3.2500,-0.9990,3.2500,52.19,
1,Maze001,28.508,3.2500,-0.9990,3.2500,52.19,
1,Maze001,28.513,3.2500,-0.9990,3.2500,52.19,
1,Maze001,28.516,3.2500,-0.9990,3.2500,52.19,
1,Maze001,28.521,3.2500,-0.9990,3.2500,52.19,
1,Maze001,28.525,3.2500,-0.9990,3.2500,52.19,
1,Maze001,28.529,3.2500,-0.9990,3.2500,52.19,
1,Maze001,28.533,3.2500,-0.9990,3.2500,52.19,
1,Maze001,28.537,3.2500,-0.9990,3.2500,52.19,
1,Maze001,28.542,3.2500,-0.9990,3.2500,52.19,
1,Maze001,28.546,3.2500,-0.9990,3.2500,52.19,
1,Maze001,28.550,3.2500,-0.9990,3.2500,52.19,
1,Maze001,28.554,3.2500,-0.9990,3.2500,52.19,
1,Maze001,28.558,3.2500,-0.9990,3.2500,52.19,
1,Maze001,28.562,3.2500,-0.9990,3.2500,52.19,
1,Maze001,28.567,3.2500,-0.9990,3.2500,52.19,
1,Maze001,28.571,3.2500,-0.9990,3.2500,52.19,
1,Maze001,28.575,3.2500,-0.9990,3.2500,52.19,
1,Maze001,28.579,3.2500,-0.9990,3.2500,52.19,
1,Maze001,28.583,3.2500,-0.9990,3.2500,52.19,
1,Maze001,28.587,3.2500,-0.9990,3.2500,52.19,
1,Maze001,28.592,3.2500,-0.9990,3.2500,52.19,
1,Maze001,28.596,3.2500,-0.9990,3.2500,52.19,
1,Maze001,28.600,3.2500,-0.9990,3.2500,52.19,
1,Maze001,28.604,3.2500,-0.9990,3.2500,52.19,
1,Maze001,28.608,3.2500,-0.9990,3.2500,52.19,
1,Maze001,28.612,3.2500,-0.9990,3.2500,52.19,
1,Maze001,28.617,3.2500,-0.9990,3.2500,52.19,
1,Maze001,28.621,3.2500,-0.9990,3.2500,52.19,
1,Maze001,28.625,3.2500,-0.9990,3.2500,52.19,
1,Maze001,28.629,3.2500,-0.9990,3.2500,52.19,
1,Maze001,28.633,3.2500,-0.9990,3.2500,52.19,
1,Maze001,28.637,3.2500,-0.9990,3.2500,52.19,
1,Maze001,28.641,3.2500,-0.9990,3.2500,52.19,
1,Maze001,28.645,3.2500,-0.9990,3.2500,52.19,
1,Maze001,28.650,3.2500,-0.9990,3.2500,52.19,
1,Maze001,28.654,3.2500,-0.9990,3.2500,52.19,
1,Maze001,28.658,3.2500,-0.9990,3.2500,52.19,
1,Maze001,28.662,3.2500,-0.9990,3.2500,52.19,
1,Maze001,28.666,3.2500,-0.9990,3.2500,52.19,
1,Maze001,28.671,3.2500,-0.9990,3.2500,52.19,
1,Maze001,28.675,3.2500,-0.9990,3.2500,52.19,
1,Maze001,28.679,3.2500,-0.9990,3.2500,52.19,
1,Maze001,28.683,3.2500,-0.9990,3.2500,52.19,
1,Maze001,28.687,3.2500,-0.9990,3.2500,52.19,
1,Maze001,28.691,3.2500,-0.9990,3.2500,52.19,
1,Maze001,28.695,3.2500,-0.9990,3.2500,52.19,
1,Maze001,28.700,3.2500,-0.9990,3.2500,52.19,
1,Maze001,28.704,3.2500,-0.9990,3.2500,52.19,
1,Maze001,28.708,3.2500,-0.9990,3.2500,52.19,
1,Maze001,28.712,3.2500,-0.9990,3.2500,52.19,
1,Maze001,28.717,3.2500,-0.9990,3.2500,52.19,
1,Maze001,28.721,3.2500,-0.9990,3.2500,52.19,
1,Maze001,28.725,3.2500,-0.9990,3.2500,52.19,
1,Maze001,28.729,3.2500,-0.9990,3.2500,52.19,
1,Maze001,28.733,3.2500,-0.9990,3.2500,52.19,
1,Maze001,28.737,3.2500,-0.9990,3.2500,52.19,
1,Maze001,28.741,3.2500,-0.9990,3.2500,52.19,
1,Maze001,28.746,3.2500,-0.9990,3.2500,52.19,
1,Maze001,28.750,3.2500,-0.9990,3.2500,52.19,
1,Maze001,28.754,3.2500,-0.9990,3.2500,52.19,
1,Maze001,28.758,3.2500,-0.9990,3.2500,52.19,
1,Maze001,28.763,3.2500,-0.9990,3.2500,52.19,
1,Maze001,28.766,3.2500,-0.9990,3.2500,52.19,
1,Maze001,28.771,3.2500,-0.9990,3.2500,52.19,
1,Maze001,28.775,3.2500,-0.9990,3.2500,52.19,
1,Maze001,28.779,3.2500,-0.9990,3.2500,52.19,
1,Maze001,28.783,3.2500,-0.9990,3.2500,52.19,
1,Maze001,28.787,3.2500,-0.9990,3.2500,52.19,
1,Maze001,28.792,3.2500,-0.9990,3.2500,52.19,
1,Maze001,28.796,3.2500,-0.9990,3.2500,52.19,
1,Maze001,28.800,3.2500,-0.9990,3.2500,52.19,
1,Maze001,28.804,3.2500,-0.9990,3.2500,52.19,
1,Maze001,28.808,3.2500,-0.9990,3.2500,52.19,
1,Maze001,28.813,3.2500,-0.9990,3.2500,52.19,
1,Maze001,28.816,3.2500,-0.9990,3.2500,52.19,
1,Maze001,28.821,3.2500,-0.9990,3.2500,52.19,
1,Maze001,28.825,3.2500,-0.9990,3.2500,52.19,
1,Maze001,28.829,3.2500,-0.9990,3.2500,52.19,
1,Maze001,28.833,3.2500,-0.9990,3.2500,52.19,
1,Maze001,28.837,3.2500,-0.9990,3.2500,52.19,
1,Maze001,28.842,3.2500,-0.9990,3.2500,52.19,
1,Maze001,28.846,3.2500,-0.9990,3.2500,52.19,
1,Maze001,28.850,3.2500,-0.9990,3.2500,52.19,
1,Maze001,28.854,3.2500,-0.9990,3.2500,52.19,
1,Maze001,28.858,3.2500,-0.9990,3.2500,52.19,
1,Maze001,28.862,3.2500,-0.9990,3.2500,52.19,
1,Maze001,28.867,3.2500,-0.9990,3.2500,52.19,
1,Maze001,28.871,3.2500,-0.9990,3.2500,52.19,
1,Maze001,28.875,3.2500,-0.9990,3.2500,52.19,
1,Maze001,28.879,3.2500,-0.9990,3.2500,52.19,
1,Maze001,28.883,3.2500,-0.9990,3.2500,52.19,
1,Maze001,28.887,3.2500,-0.9990,3.2500,52.19,
1,Maze001,28.892,3.2500,-0.9990,3.2500,52.19,
1,Maze001,28.896,3.2500,-0.9990,3.2500,52.19,
1,Maze001,28.900,3.2500,-0.9990,3.2500,52.19,
1,Maze001,28.904,3.2500,-0.9990,3.2500,52.19,
1,Maze001,28.908,3.2500,-0.9990,3.2500,52.19,
1,Maze001,28.912,3.2500,-0.9990,3.2500,52.19,
1,Maze001,28.917,3.2500,-0.9990,3.2500,52.19,
1,Maze001,28.921,3.2500,-0.9990,3.2500,52.19,
1,Maze001,28.925,3.2500,-0.9990,3.2500,52.19,
1,Maze001,28.929,3.2500,-0.9990,3.2500,52.19,
1,Maze001,28.933,3.2500,-0.9990,3.2500,52.19,
1,Maze001,28.937,3.2500,-0.9990,3.2500,52.19,
1,Maze001,28.942,3.2500,-0.9990,3.2500,52.19,
1,Maze001,28.946,3.2500,-0.9990,3.2500,52.19,
1,Maze001,28.950,3.2500,-0.9990,3.2500,52.19,
1,Maze001,28.954,3.2500,-0.9990,3.2500,52.19,
1,Maze001,28.958,3.2500,-0.9990,3.2500,52.19,
1,Maze001,28.962,3.2500,-0.9990,3.2500,52.19,
1,Maze001,28.966,3.2500,-0.9990,3.2500,52.19,
1,Maze001,28.971,3.2500,-0.9990,3.2500,52.19,
1,Maze001,28.975,3.2500,-0.9990,3.2500,52.19,
1,Maze001,28.979,3.2500,-0.9990,3.2500,52.19,
1,Maze001,28.983,3.2500,-0.9990,3.2500,52.19,
1,Maze001,28.987,3.2500,-0.9990,3.2500,52.19,
1,Maze001,28.991,3.2500,-0.9990,3.2500,52.19,
1,Maze001,28.996,3.2500,-0.9990,3.2500,52.19,
1,Maze001,29.000,3.2500,-0.9990,3.2500,52.19,
1,Maze001,29.004,3.2500,-0.9990,3.2500,52.19,
1,Maze001,29.008,3.2500,-0.9990,3.2500,52.19,
1,Maze001,29.012,3.2500,-0.9990,3.2500,52.19,
1,Maze001,29.016,3.2500,-0.9990,3.2500,52.19,
1,Maze001,29.021,3.2500,-0.9990,3.2500,52.19,
1,Maze001,29.025,3.2500,-0.9990,3.2500,52.19,
1,Maze001,29.029,3.2500,-0.9990,3.2500,52.19,
1,Maze001,29.033,3.2500,-0.9990,3.2500,52.19,
1,Maze001,29.037,3.2500,-0.9990,3.2500,52.19,
1,Maze001,29.041,3.2500,-0.9990,3.2500,52.19,
1,Maze001,29.046,3.2500,-0.9990,3.2500,52.19,
1,Maze001,29.050,3.2500,-0.9990,3.2500,52.19,
1,Maze001,29.054,3.2500,-0.9990,3.2500,52.19,
1,Maze001,29.058,3.2500,-0.9990,3.2500,52.19,
1,Maze001,29.062,3.2500,-0.9990,3.2500,52.19,
1,Maze001,29.067,3.2500,-0.9990,3.2500,52.19,
1,Maze001,29.071,3.2500,-0.9990,3.2500,52.19,
1,Maze001,29.075,3.2500,-0.9990,3.2500,52.19,
1,Maze001,29.079,3.2500,-0.9990,3.2500,52.19,
1,Maze001,29.083,3.2500,-0.9990,3.2500,52.19,
1,Maze001,29.088,3.2500,-0.9990,3.2500,52.19,
1,Maze001,29.092,3.2500,-0.9990,3.2500,52.19,
1,Maze001,29.096,3.2500,-0.9990,3.2500,52.19,
1,Maze001,29.100,3.2500,-0.9990,3.2500,52.19,
1,Maze001,29.104,3.2500,-0.9990,3.2500,52.19,
1,Maze001,29.108,3.2500,-0.9990,3.2500,52.19,
1,Maze001,29.112,3.2500,-0.9990,3.2500,52.19,
1,Maze001,29.116,3.2500,-0.9990,3.2500,52.19,
1,Maze001,29.121,3.2500,-0.9990,3.2500,52.19,
1,Maze001,29.125,3.2500,-0.9990,3.2500,52.19,
1,Maze001,29.129,3.2500,-0.9990,3.2500,52.19,
1,Maze001,29.133,3.2500,-0.9990,3.2500,52.19,
1,Maze001,29.137,3.2500,-0.9990,3.2500,52.19,
1,Maze001,29.141,3.2500,-0.9990,3.2500,52.19,
1,Maze001,29.146,3.2500,-0.9990,3.2500,52.19,
1,Maze001,29.150,3.2500,-0.9990,3.2500,52.19,
1,Maze001,29.154,3.2500,-0.9990,3.2500,52.19,
1,Maze001,29.158,3.2500,-0.9990,3.2500,52.19,
1,Maze001,29.162,3.2500,-0.9990,3.2500,52.19,
1,Maze001,29.167,3.2500,-0.9990,3.2500,52.19,
1,Maze001,29.171,3.2500,-0.9990,3.2500,52.19,
1,Maze001,29.175,3.2500,-0.9990,3.2500,52.19,
1,Maze001,29.179,3.2500,-0.9990,3.2500,52.19,
1,Maze001,29.183,3.2500,-0.9990,3.2500,52.19,
1,Maze001,29.187,3.2500,-0.9990,3.2500,52.19,
1,Maze001,29.191,3.2500,-0.9990,3.2500,52.19,
1,Maze001,29.196,3.2500,-0.9990,3.2500,52.19,
1,Maze001,29.200,3.2500,-0.9990,3.2500,52.19,
1,Maze001,29.204,3.2500,-0.9990,3.2500,52.19,
1,Maze001,29.208,3.2500,-0.9990,3.2500,52.19,
1,Maze001,29.212,3.2500,-0.9990,3.2500,52.19,
1,Maze001,29.216,3.2500,-0.9990,3.2500,52.19,
1,Maze001,29.220,3.2500,-0.9990,3.2500,52.19,
1,Maze001,29.225,3.2500,-0.9990,3.2500,52.19,
1,Maze001,29.229,3.2500,-0.9990,3.2500,52.19,
1,Maze001,29.233,3.2500,-0.9990,3.2500,52.19,
1,Maze001,29.238,3.2500,-0.9990,3.2500,52.19,
1,Maze001,29.242,3.2500,-0.9990,3.2500,52.19,
1,Maze001,29.246,3.2500,-0.9990,3.2500,52.19,
1,Maze001,29.250,3.2500,-0.9990,3.2500,52.19,
1,Maze001,29.254,3.2500,-0.9990,3.2500,52.19,
1,Maze001,29.258,3.2500,-0.9990,3.2500,52.19,
1,Maze001,29.262,3.2500,-0.9990,3.2500,52.19,
1,Maze001,29.266,3.2500,-0.9990,3.2500,52.19,
1,Maze001,29.270,3.2500,-0.9990,3.2500,52.19,
1,Maze001,29.275,3.2500,-0.9990,3.2500,52.19,
1,Maze001,29.279,3.2500,-0.9990,3.2500,52.19,
1,Maze001,29.283,3.2500,-0.9990,3.2500,52.19,
1,Maze001,29.287,3.2500,-0.9990,3.2500,52.19,
1,Maze001,29.291,3.2500,-0.9990,3.2500,52.19,
1,Maze001,29.296,3.2500,-0.9990,3.2500,52.19,
1,Maze001,29.300,3.2500,-0.9990,3.2500,52.19,
1,Maze001,29.304,3.2500,-0.9990,3.2500,52.19,
1,Maze001,29.308,3.2500,-0.9990,3.2500,52.19,
1,Maze001,29.312,3.2500,-0.9990,3.2500,52.19,
1,Maze001,29.317,3.2500,-0.9990,3.2500,52.19,
1,Maze001,29.321,3.2500,-0.9990,3.2500,52.19,
1,Maze001,29.325,3.2500,-0.9990,3.2500,52.19,
1,Maze001,29.329,3.2500,-0.9990,3.2500,52.19,
1,Maze001,29.333,3.2500,-0.9990,3.2500,52.19,
1,Maze001,29.337,3.2500,-0.9990,3.2500,52.19,
1,Maze001,29.341,3.2500,-0.9990,3.2500,52.19,
1,Maze001,29.346,3.2500,-0.9990,3.2500,52.19,
1,Maze001,29.350,3.2500,-0.9990,3.2500,52.19,
1,Maze001,29.354,3.2500,-0.9990,3.2500,52.19,
1,Maze001,29.358,3.2500,-0.9990,3.2500,52.19,
1,Maze001,29.362,3.2500,-0.9990,3.2500,52.19,
1,Maze001,29.366,3.2500,-0.9990,3.2500,52.19,
1,Maze001,29.371,3.2500,-0.9990,3.2500,52.19,
1,Maze001,29.375,3.2500,-0.9990,3.2500,52.19,
1,Maze001,29.379,3.2500,-0.9990,3.2500,52.19,
1,Maze001,29.383,3.2500,-0.9990,3.2500,52.19,
1,Maze001,29.387,3.2500,-0.9990,3.2500,52.19,
1,Maze001,29.391,3.2500,-0.9990,3.2500,52.19,
1,Maze001,29.396,3.2500,-0.9990,3.2500,52.19,
1,Maze001,29.400,3.2500,-0.9990,3.2500,52.19,
1,Maze001,29.404,3.2500,-0.9990,3.2500,52.19,
1,Maze001,29.408,3.2500,-0.9990,3.2500,52.19,
1,Maze001,29.412,3.2500,-0.9990,3.2500,52.19,
1,Maze001,29.416,3.2500,-0.9990,3.2500,52.19,
1,Maze001,29.421,3.2500,-0.9990,3.2500,52.19,
1,Maze001,29.425,3.2500,-0.9990,3.2500,52.19,
1,Maze001,29.429,3.2500,-0.9990,3.2500,52.19,
1,Maze001,29.433,3.2500,-0.9990,3.2500,52.19,
1,Maze001,29.437,3.2500,-0.9990,3.2500,52.19,
1,Maze001,29.441,3.2500,-0.9990,3.2500,52.19,
1,Maze001,29.445,3.2500,-0.9990,3.2500,52.19,
1,Maze001,29.450,3.2500,-0.9990,3.2500,52.19,
1,Maze001,29.454,3.2500,-0.9990,3.2500,52.19,
1,Maze001,29.458,3.2500,-0.9990,3.2500,52.19,
1,Maze001,29.462,3.2500,-0.9990,3.2500,52.19,
1,Maze001,29.467,3.2500,-0.9990,3.2500,52.19,
1,Maze001,29.471,3.2500,-0.9990,3.2500,52.19,
1,Maze001,29.475,3.2500,-0.9990,3.2500,52.19,
1,Maze001,29.479,3.2500,-0.9990,3.2500,52.19,
1,Maze001,29.483,3.2500,-0.9990,3.2500,52.19,
1,Maze001,29.487,3.2500,-0.9990,3.2500,52.19,
1,Maze001,29.492,3.2500,-0.9990,3.2500,52.19,
1,Maze001,29.496,3.2500,-0.9990,3.2500,52.19,
1,Maze001,29.500,3.2500,-0.9990,3.2500,52.19,
1,Maze001,29.504,3.2500,-0.9990,3.2500,52.19,
1,Maze001,29.508,3.2500,-0.9990,3.2500,52.19,
1,Maze001,29.512,3.2500,-0.9990,3.2500,52.19,
1,Maze001,29.517,3.2500,-0.9990,3.2500,52.19,
1,Maze001,29.521,3.2500,-0.9990,3.2500,52.19,
1,Maze001,29.525,3.2500,-0.9990,3.2500,52.19,
1,Maze001,29.529,3.2500,-0.9990,3.2500,52.19,
1,Maze001,29.533,3.2500,-0.9990,3.2500,52.19,
1,Maze001,29.537,3.2500,-0.9990,3.2500,52.19,
1,Maze001,29.542,3.2500,-0.9990,3.2500,52.19,
1,Maze001,29.545,3.2500,-0.9990,3.2500,52.19,
1,Maze001,29.550,3.2500,-0.9990,3.2500,52.19,
1,Maze001,29.554,3.2500,-0.9990,3.2500,52.19,
1,Maze001,29.558,3.2500,-0.9990,3.2500,52.19,
1,Maze001,29.562,3.2500,-0.9990,3.2500,52.19,
1,Maze001,29.567,3.2500,-0.9990,3.2500,52.19,
1,Maze001,29.571,3.2500,-0.9990,3.2500,52.19,
1,Maze001,29.575,3.2500,-0.9990,3.2500,52.19,
1,Maze001,29.579,3.2500,-0.9990,3.2500,52.19,
1,Maze001,29.583,3.2500,-0.9990,3.2500,52.19,
1,Maze001,29.587,3.2500,-0.9990,3.2500,52.19,
1,Maze001,29.592,3.2500,-0.9990,3.2500,52.19,
1,Maze001,29.596,3.2500,-0.9990,3.2500,52.19,
1,Maze001,29.600,3.2500,-0.9990,3.2500,52.19,
1,Maze001,29.604,3.2500,-0.9990,3.2500,52.19,
1,Maze001,29.608,3.2500,-0.9990,3.2500,52.19,
1,Maze001,29.612,3.2500,-0.9990,3.2500,52.19,
1,Maze001,29.616,3.2500,-0.9990,3.2500,52.19,
1,Maze001,29.621,3.2500,-0.9990,3.2500,52.19,
1,Maze001,29.625,3.2500,-0.9990,3.2500,52.19,
1,Maze001,29.629,3.2500,-0.9990,3.2500,52.19,
1,Maze001,29.633,3.2500,-0.9990,3.2500,52.19,
1,Maze001,29.637,3.2500,-0.9990,3.2500,52.19,
1,Maze001,29.642,3.2500,-0.9990,3.2500,52.19,
1,Maze001,29.646,3.2500,-0.9990,3.2500,52.19,
1,Maze001,29.650,3.2500,-0.9990,3.2500,52.19,
1,Maze001,29.654,3.2500,-0.9990,3.2500,52.19,
1,Maze001,29.658,3.2500,-0.9990,3.2500,52.19,
1,Maze001,29.662,3.2500,-0.9990,3.2500,52.19,
1,Maze001,29.667,3.2500,-0.9990,3.2500,52.19,
1,Maze001,29.671,3.2500,-0.9990,3.2500,52.19,
1,Maze001,29.675,3.2500,-0.9990,3.2500,52.19,
1,Maze001,29.679,3.2500,-0.9990,3.2500,52.19,
1,Maze001,29.683,3.2500,-0.9990,3.2500,52.19,
1,Maze001,29.687,3.2500,-0.9990,3.2500,52.19,
1,Maze001,29.691,3.2500,-0.9990,3.2500,52.19,
1,Maze001,29.696,3.2500,-0.9990,3.2500,52.19,
1,Maze001,29.700,3.2500,-0.9990,3.2500,52.19,
1,Maze001,29.704,3.2500,-0.9990,3.2500,52.19,
1,Maze001,29.708,3.2500,-0.9990,3.2500,52.19,
1,Maze001,29.712,3.2500,-0.9990,3.2500,52.19,
1,Maze001,29.716,3.2500,-0.9990,3.2500,52.19,
1,Maze001,29.720,3.2500,-0.9990,3.2500,52.19,
1,Maze001,29.725,3.2500,-0.9990,3.2500,52.19,
1,Maze001,29.729,3.2500,-0.9990,3.2500,52.19,
1,Maze001,29.733,3.2500,-0.9990,3.2500,52.19,
1,Maze001,29.737,3.2500,-0.9990,3.2500,52.19,
1,Maze001,29.741,3.2500,-0.9990,3.2500,52.19,
1,Maze001,29.746,3.2500,-0.9990,3.2500,52.19,
1,Maze001,29.750,3.2500,-0.9990,3.2500,52.19,
1,Maze001,29.754,3.2500,-0.9990,3.2500,52.19,
1,Maze001,29.758,3.2500,-0.9990,3.2500,52.19,
1,Maze001,29.762,3.2500,-0.9990,3.2500,52.19,
1,Maze001,29.766,3.2500,-0.9990,3.2500,52.19,
1,Maze001,29.771,3.2500,-0.9990,3.2500,52.19,
1,Maze001,29.775,3.2500,-0.9990,3.2500,52.19,
1,Maze001,29.779,3.2500,-0.9990,3.2500,52.19,
1,Maze001,29.783,3.2500,-0.9990,3.2500,52.19,
1,Maze001,29.787,3.2500,-0.9990,3.2500,52.19,
1,Maze001,29.792,3.2500,-0.9990,3.2500,52.19,
1,Maze001,29.796,3.2500,-0.9990,3.2500,52.19,
1,Maze001,29.800,3.2500,-0.9990,3.2500,52.19,
1,Maze001,29.804,3.2500,-0.9990,3.2500,52.19,
1,Maze001,29.808,3.2500,-0.9990,3.2500,52.19,
1,Maze001,29.812,3.2500,-0.9990,3.2500,52.19,
1,Maze001,29.816,3.2500,-0.9990,3.2500,52.19,
1,Maze001,29.820,3.2500,-0.9990,3.2500,52.19,
1,Maze001,29.825,3.2500,-0.9990,3.2500,52.19,
1,Maze001,29.829,3.2500,-0.9990,3.2500,52.19,
1,Maze001,29.833,3.2500,-0.9990,3.2500,52.19,
1,Maze001,29.837,3.2500,-0.9990,3.2500,52.19,
1,Maze001,29.842,3.2500,-0.9990,3.2500,52.19,
1,Maze001,29.846,3.2500,-0.9990,3.2500,52.19,
1,Maze001,29.850,3.2500,-0.9990,3.2500,52.19,
1,Maze001,29.854,3.2500,-0.9990,3.2500,52.19,
1,Maze001,29.858,3.2500,-0.9990,3.2500,52.19,
1,Maze001,29.862,3.2500,-0.9990,3.2500,52.19,
1,Maze001,29.866,3.2500,-0.9990,3.2500,52.19,
1,Maze001,29.871,3.2500,-0.9990,3.2500,52.19,
1,Maze001,29.875,3.2500,-0.9990,3.2500,52.19,
1,Maze001,29.879,3.2500,-0.9990,3.2500,52.19,
1,Maze001,29.883,3.2500,-0.9990,3.2500,52.19,
1,Maze001,29.887,3.2500,-0.9990,3.2500,52.19,
1,Maze001,29.892,3.2500,-0.9990,3.2500,52.19,
1,Maze001,29.895,3.2500,-0.9990,3.2500,52.19,
1,Maze001,29.900,3.2500,-0.9990,3.2500,52.19,
1,Maze001,29.904,3.2500,-0.9990,3.2500,52.19,
1,Maze001,29.908,3.2500,-0.9990,3.2500,52.19,
1,Maze001,29.912,3.2500,-0.9990,3.2500,52.19,
1,Maze001,29.916,3.2500,-0.9990,3.2500,52.19,
1,Maze001,29.920,3.2500,-0.9990,3.2500,52.19,
1,Maze001,29.925,3.2500,-0.9990,3.2500,52.19,
1,Maze001,29.929,3.2500,-0.9990,3.2500,52.19,
1,Maze001,29.933,3.2500,-0.9990,3.2500,52.19,
1,Maze001,29.937,3.2500,-0.9990,3.2500,52.19,
1,Maze001,29.941,3.2500,-0.9990,3.2500,52.19,
1,Maze001,29.946,3.2500,-0.9990,3.2500,52.19,
1,Maze001,29.950,3.2500,-0.9990,3.2500,52.19,
1,Maze001,29.954,3.2500,-0.9990,3.2500,52.19,
1,Maze001,29.958,3.2500,-0.9990,3.2500,52.19,
1,Maze001,29.962,3.2500,-0.9990,3.2500,52.19,
1,Maze001,29.966,3.2500,-0.9990,3.2500,52.19,
1,Maze001,29.971,3.2500,-0.9990,3.2500,52.19,
1,Maze001,29.975,3.2500,-0.9990,3.2500,52.19,
1,Maze001,29.979,3.2500,-0.9990,3.2500,52.19,
1,Maze001,29.983,3.2500,-0.9990,3.2500,52.19,
1,Maze001,29.987,3.2500,-0.9990,3.2500,52.19,
1,Maze001,29.991,3.2500,-0.9990,3.2500,52.19,
1,Maze001,29.995,3.2500,-0.9990,3.2500,52.19,
1,Maze001,30.000,3.2500,-0.9990,3.2500,52.19,
1,Maze001,30.004,3.2500,-0.9990,3.2500,52.19,
1,Maze001,30.008,3.2500,-0.9990,3.2500,52.19,
1,Maze001,30.012,3.2500,-0.9990,3.2500,52.19,
1,Maze001,30.017,3.2500,-0.9990,3.2500,52.19,
1,Maze001,30.021,3.2500,-0.9990,3.2500,52.19,
1,Maze001,30.025,3.2500,-0.9990,3.2500,52.19,
1,Maze001,30.029,3.2500,-0.9990,3.2500,52.19,
1,Maze001,30.033,3.2500,-0.9990,3.2500,52.19,
1,Maze001,30.038,3.2500,-0.9990,3.2500,52.19,
1,Maze001,30.042,3.2500,-0.9990,3.2500,52.19,
1,Maze001,30.046,3.2500,-0.9990,3.2500,52.19,
1,Maze001,30.050,3.2500,-0.9990,3.2500,52.19,
1,Maze001,30.054,3.2500,-0.9990,3.2500,52.19,
1,Maze001,30.058,3.2500,-0.9990,3.2500,52.19,
1,Maze001,30.062,3.2500,-0.9990,3.2500,52.19,
1,Maze001,30.066,3.2500,-0.9990,3.2500,52.19,
1,Maze001,30.071,3.2500,-0.9990,3.2500,52.19,
1,Maze001,30.075,3.2500,-0.9990,3.2500,52.19,
1,Maze001,30.079,3.2500,-0.9990,3.2500,52.19,
1,Maze001,30.083,3.2500,-0.9990,3.2500,52.19,
1,Maze001,30.087,3.2500,-0.9990,3.2500,52.19,
1,Maze001,30.092,3.2500,-0.9990,3.2500,52.19,
1,Maze001,30.096,3.2500,-0.9990,3.2500,52.19,
1,Maze001,30.100,3.2500,-0.9990,3.2500,52.19,
1,Maze001,30.104,3.2500,-0.9990,3.2500,52.19,
1,Maze001,30.108,3.2500,-0.9990,3.2500,52.19,
1,Maze001,30.112,3.2500,-0.9990,3.2500,52.19,
1,Maze001,30.116,3.2500,-0.9990,3.2500,52.19,
1,Maze001,30.120,3.2500,-0.9990,3.2500,52.19,
1,Maze001,30.125,3.2500,-0.9990,3.2500,52.19,
1,Maze001,30.129,3.2500,-0.9990,3.2500,52.19,
1,Maze001,30.133,3.2500,-0.9990,3.2500,52.19,
1,Maze001,30.137,3.2500,-0.9990,3.2500,52.19,
1,Maze001,30.141,3.2500,-0.9990,3.2500,52.19,
1,Maze001,30.145,3.2500,-0.9990,3.2500,52.19,
1,Maze001,30.150,3.2500,-0.9990,3.2500,52.19,
1,Maze001,30.154,3.2500,-0.9990,3.2500,52.19,
1,Maze001,30.158,3.2500,-0.9990,3.2500,52.19,
1,Maze001,30.162,3.2500,-0.9990,3.2500,52.19,
1,Maze001,30.166,3.2500,-0.9990,3.2500,52.19,
1,Maze001,30.171,3.2500,-0.9990,3.2500,52.19,
1,Maze001,30.175,3.2500,-0.9990,3.2500,52.19,
1,Maze001,30.179,3.2500,-0.9990,3.2500,52.19,
1,Maze001,30.183,3.2500,-0.9990,3.2500,52.19,
1,Maze001,30.187,3.2500,-0.9990,3.2500,52.19,
1,Maze001,30.192,3.2500,-0.9990,3.2500,52.19,
1,Maze001,30.196,3.2500,-0.9990,3.2500,52.19,
1,Maze001,30.199,3.2500,-0.9990,3.2500,52.19,
1,Maze001,30.204,3.2500,-0.9990,3.2500,52.19,
1,Maze001,30.208,3.2500,-0.9990,3.2500,52.19,
1,Maze001,30.212,3.2500,-0.9990,3.2500,52.19,
1,Maze001,30.216,3.2500,-0.9990,3.2500,52.19,
1,Maze001,30.220,3.2500,-0.9990,3.2500,52.19,
1,Maze001,30.225,3.2500,-0.9990,3.2500,52.19,
1,Maze001,30.229,3.2500,-0.9990,3.2500,52.19,
1,Maze001,30.233,3.2500,-0.9990,3.2500,52.19,
1,Maze001,30.237,3.2500,-0.9990,3.2500,52.19,
1,Maze001,30.241,3.2500,-0.9990,3.2500,52.19,
1,Maze001,30.246,3.2500,-0.9990,3.2500,52.19,
1,Maze001,30.250,3.2500,-0.9990,3.2500,52.19,
1,Maze001,30.254,3.2500,-0.9990,3.2500,52.19,
1,Maze001,30.258,3.2500,-0.9990,3.2500,52.19,
1,Maze001,30.262,3.2500,-0.9990,3.2500,52.19,
1,Maze001,30.267,3.2500,-0.9990,3.2500,52.19,
1,Maze001,30.270,3.2500,-0.9990,3.2500,52.19,
1,Maze001,30.275,3.2500,-0.9990,3.2500,52.19,
1,Maze001,30.279,3.2500,-0.9990,3.2500,52.19,
1,Maze001,30.283,3.2500,-0.9990,3.2500,52.19,
1,Maze001,30.288,3.2500,-0.9990,3.2500,52.19,
1,Maze001,30.292,3.2500,-0.9990,3.2500,52.19,
1,Maze001,30.296,3.2500,-0.9990,3.2500,52.19,
1,Maze001,30.300,3.2500,-0.9990,3.2500,52.19,
1,Maze001,30.304,3.2500,-0.9990,3.2500,52.19,
1,Maze001,30.309,3.2500,-0.9990,3.2500,52.19,
1,Maze001,30.312,3.2500,-0.9990,3.2500,52.19,
1,Maze001,30.317,3.2500,-0.9990,3.2500,52.19,
1,Maze001,30.321,3.2500,-0.9990,3.2500,52.19,
1,Maze001,30.325,3.2500,-0.9990,3.2500,52.19,
1,Maze001,30.329,3.2500,-0.9990,3.2500,52.19,
1,Maze001,30.333,3.2500,-0.9990,3.2500,52.19,
1,Maze001,30.338,3.2500,-0.9990,3.2500,52.19,
1,Maze001,30.342,3.2500,-0.9990,3.2500,52.19,
1,Maze001,30.346,3.2500,-0.9990,3.2500,52.19,
1,Maze001,30.350,3.2500,-0.9990,3.2500,52.19,
1,Maze001,30.354,3.2500,-0.9990,3.2500,52.19,
1,Maze001,30.358,3.2500,-0.9990,3.2500,52.19,
1,Maze001,30.362,3.2500,-0.9990,3.2500,52.19,
1,Maze001,30.367,3.2500,-0.9990,3.2500,52.19,
1,Maze001,30.371,3.2500,-0.9990,3.2500,52.19,
1,Maze001,30.375,3.2500,-0.9990,3.2500,52.19,
1,Maze001,30.379,3.2500,-0.9990,3.2500,52.19,
1,Maze001,30.383,3.2500,-0.9990,3.2500,52.19,
1,Maze001,30.387,3.2500,-0.9990,3.2500,52.19,
1,Maze001,30.391,3.2500,-0.9990,3.2500,52.19,
1,Maze001,30.396,3.2500,-0.9990,3.2500,52.19,
1,Maze001,30.400,3.2500,-0.9990,3.2500,52.19,
1,Maze001,30.404,3.2500,-0.9990,3.2500,52.19,
1,Maze001,30.408,3.2500,-0.9990,3.2500,52.19,
1,Maze001,30.412,3.2500,-0.9990,3.2500,52.19,
1,Maze001,30.417,3.2500,-0.9990,3.2500,52.19,
1,Maze001,30.421,3.2500,-0.9990,3.2500,52.19,
1,Maze001,30.425,3.2500,-0.9990,3.2500,52.19,
1,Maze001,30.429,3.2500,-0.9990,3.2500,52.19,
1,Maze001,30.433,3.2500,-0.9990,3.2500,52.19,
1,Maze001,30.437,3.2500,-0.9990,3.2500,52.19,
1,Maze001,30.441,3.2500,-0.9990,3.2500,52.19,
1,Maze001,30.446,3.2500,-0.9990,3.2500,52.19,
1,Maze001,30.450,3.2500,-0.9990,3.2500,52.19,
1,Maze001,30.454,3.2500,-0.9990,3.2500,52.19,
1,Maze001,30.458,3.2500,-0.9990,3.2500,52.19,
1,Maze001,30.462,3.2500,-0.9990,3.2500,52.19,
1,Maze001,30.466,3.2500,-0.9990,3.2500,52.19,
1,Maze001,30.470,3.2500,-0.9990,3.2500,52.19,
1,Maze001,30.475,3.2500,-0.9990,3.2500,52.19,
1,Maze001,30.479,3.2500,-0.9990,3.2500,52.19,
1,Maze001,30.483,3.2500,-0.9990,3.2500,52.19,
1,Maze001,30.487,3.2500,-0.9990,3.2500,52.19,
1,Maze001,30.491,3.2500,-0.9990,3.2500,52.19,
1,Maze001,30.496,3.2500,-0.9990,3.2500,52.19,
1,Maze001,30.500,3.2500,-0.9990,3.2500,52.19,
1,Maze001,30.504,3.2500,-0.9990,3.2500,52.19,
1,Maze001,30.508,3.2500,-0.9990,3.2500,52.19,
1,Maze001,30.512,3.2500,-0.9990,3.2500,52.19,
1,Maze001,30.516,3.2500,-0.9990,3.2500,52.19,
1,Maze001,30.520,3.2500,-0.9990,3.2500,52.19,
1,Maze001,30.525,3.2500,-0.9990,3.2500,52.19,
1,Maze001,30.529,3.2500,-0.9990,3.2500,52.19,
1,Maze001,30.533,3.2500,-0.9990,3.2500,52.19,
1,Maze001,30.537,3.2500,-0.9990,3.2500,52.19,
1,Maze001,30.542,3.2500,-0.9990,3.2500,52.19,
1,Maze001,30.546,3.2500,-0.9990,3.2500,52.19,
1,Maze001,30.550,3.2500,-0.9990,3.2500,52.19,
1,Maze001,30.554,3.2500,-0.9990,3.2500,52.19,
1,Maze001,30.558,3.2500,-0.9990,3.2500,52.19,
1,Maze001,30.563,3.2500,-0.9990,3.2500,52.19,
1,Maze001,30.567,3.2500,-0.9990,3.2500,52.19,
1,Maze001,30.571,3.2500,-0.9990,3.2500,52.19,
1,Maze001,30.575,3.2500,-0.9990,3.2500,52.19,
1,Maze001,30.579,3.2500,-0.9990,3.2500,52.19,
1,Maze001,30.583,3.2500,-0.9990,3.2500,52.19,
1,Maze001,30.588,3.2500,-0.9990,3.2500,52.19,
1,Maze001,30.592,3.2500,-0.9990,3.2500,52.19,
1,Maze001,30.596,3.2500,-0.9990,3.2500,52.19,
1,Maze001,30.600,3.2500,-0.9990,3.2500,52.19,
1,Maze001,30.604,3.2500,-0.9990,3.2500,52.19,
1,Maze001,30.608,3.2500,-0.9990,3.2500,52.19,
1,Maze001,30.613,3.2500,-0.9990,3.2500,52.19,
1,Maze001,30.617,3.2500,-0.9990,3.2500,52.19,
1,Maze001,30.621,3.2500,-0.9990,3.2500,52.19,
1,Maze001,30.625,3.2500,-0.9990,3.2500,52.19,
1,Maze001,30.629,3.2500,-0.9990,3.2500,52.19,
1,Maze001,30.633,3.2500,-0.9990,3.2500,52.19,
1,Maze001,30.637,3.2500,-0.9990,3.2500,52.19,
1,Maze001,30.642,3.2500,-0.9990,3.2500,52.19,
1,Maze001,30.646,3.2500,-0.9990,3.2500,52.19,
1,Maze001,30.650,3.2500,-0.9990,3.2500,52.19,
1,Maze001,30.654,3.2500,-0.9990,3.2500,52.19,
1,Maze001,30.658,3.2500,-0.9990,3.2500,52.19,
1,Maze001,30.662,3.2500,-0.9990,3.2500,52.19,
1,Maze001,30.667,3.2500,-0.9990,3.2500,52.19,
1,Maze001,30.671,3.2500,-0.9990,3.2500,52.19,
1,Maze001,30.675,3.2500,-0.9990,3.2500,52.19,
1,Maze001,30.679,3.2500,-0.9990,3.2500,52.19,
1,Maze001,30.683,3.2500,-0.9990,3.2500,52.19,
1,Maze001,30.687,3.2500,-0.9990,3.2500,52.19,
1,Maze001,30.691,3.2500,-0.9990,3.2500,52.19,
1,Maze001,30.696,3.2500,-0.9990,3.2500,52.19,
1,Maze001,30.699,3.2500,-0.9990,3.2500,52.19,
1,Maze001,30.704,3.2500,-0.9990,3.2500,52.19,
1,Maze001,30.708,3.2500,-0.9990,3.2500,52.19,
1,Maze001,30.712,3.2500,-0.9990,3.2500,52.19,
1,Maze001,30.716,3.2500,-0.9990,3.2500,52.19,
1,Maze001,30.720,3.2500,-0.9990,3.2500,52.19,
1,Maze001,30.724,3.2500,-0.9990,3.2500,52.19,
1,Maze001,30.730,3.2500,-0.9990,3.2500,52.19,
1,Maze001,30.737,3.2500,-0.9990,3.2500,52.19,
1,Maze001,30.742,3.2500,-0.9990,3.2500,52.19,
1,Maze001,30.745,3.2500,-0.9990,3.2500,52.19,
1,Maze001,30.750,3.2500,-0.9990,3.2500,52.19,
1,Maze001,30.754,3.2500,-0.9990,3.2500,52.19,
1,Maze001,30.758,3.2500,-0.9990,3.2500,52.19,
1,Maze001,30.762,3.2500,-0.9990,3.2500,52.19,
1,Maze001,30.766,3.2500,-0.9990,3.2500,52.19,
1,Maze001,30.770,3.2500,-0.9990,3.2500,52.19,
1,Maze001,30.775,3.2500,-0.9990,3.2500,52.19,
1,Maze001,30.779,3.2500,-0.9990,3.2500,52.19,
1,Maze001,30.783,3.2500,-0.9990,3.2500,52.19,
1,Maze001,30.787,3.2500,-0.9990,3.2500,52.19,
1,Maze001,30.792,3.2500,-0.9990,3.2500,52.19,
1,Maze001,30.796,3.2500,-0.9990,3.2500,52.19,
1,Maze001,30.800,3.2500,-0.9990,3.2500,52.19,
1,Maze001,30.804,3.2500,-0.9990,3.2500,52.19,
1,Maze001,30.808,3.2500,-0.9990,3.2500,52.19,
1,Maze001,30.812,3.2500,-0.9990,3.2500,52.19,
1,Maze001,30.816,3.2500,-0.9990,3.2500,52.19,
1,Maze001,30.820,3.2500,-0.9990,3.2500,52.19,
1,Maze001,30.824,3.2500,-0.9990,3.2500,52.19,
1,Maze001,30.829,3.2500,-0.9990,3.2500,52.19,
1,Maze001,30.833,3.2500,-0.9990,3.2500,52.19,
1,Maze001,30.837,3.2500,-0.9990,3.2500,52.19,
1,Maze001,30.841,3.2500,-0.9990,3.2500,52.19,
1,Maze001,30.845,3.2500,-0.9990,3.2500,52.19,
1,Maze001,30.850,3.2500,-0.9990,3.2500,52.19,
1,Maze001,30.854,3.2500,-0.9990,3.2500,52.19,
1,Maze001,30.858,3.2500,-0.9990,3.2500,52.19,
1,Maze001,30.862,3.2500,-0.9990,3.2500,52.19,
1,Maze001,30.867,3.2500,-0.9990,3.2500,52.19,
1,Maze001,30.870,3.2500,-0.9990,3.2500,52.19,
1,Maze001,30.874,3.2500,-0.9990,3.2500,52.19,
1,Maze001,30.879,3.2500,-0.9990,3.2500,52.19,
1,Maze001,30.883,3.2500,-0.9990,3.2500,52.19,
1,Maze001,30.887,3.2500,-0.9990,3.2500,52.19,
1,Maze001,30.892,3.2500,-0.9990,3.2500,52.19,
1,Maze001,30.896,3.2500,-0.9990,3.2500,52.19,
1,Maze001,30.900,3.2500,-0.9990,3.2500,52.19,
1,Maze001,30.904,3.2500,-0.9990,3.2500,52.19,
1,Maze001,30.908,3.2500,-0.9990,3.2500,52.19,
1,Maze001,30.912,3.2500,-0.9990,3.2500,52.19,
1,Maze001,30.916,3.2500,-0.9990,3.2500,52.19,
1,Maze001,30.920,3.2500,-0.9990,3.2500,52.19,
1,Maze001,30.925,3.2500,-0.9990,3.2500,52.19,
1,Maze001,30.929,3.2500,-0.9990,3.2500,52.19,
1,Maze001,30.933,3.2500,-0.9990,3.2500,52.19,
1,Maze001,30.937,3.2500,-0.9990,3.2500,52.19,
1,Maze001,30.941,3.2500,-0.9990,3.2500,52.19,
1,Maze001,30.946,3.2500,-0.9990,3.2500,52.19,
1,Maze001,30.950,3.2500,-0.9990,3.2500,52.19,
1,Maze001,30.954,3.2500,-0.9990,3.2500,52.19,
1,Maze001,30.958,3.2500,-0.9990,3.2500,52.19,
1,Maze001,30.962,3.2500,-0.9990,3.2500,52.19,
1,Maze001,30.966,3.2500,-0.9990,3.2500,52.19,
1,Maze001,30.970,3.2500,-0.9990,3.2500,52.19,
1,Maze001,30.975,3.2500,-0.9990,3.2500,52.19,
1,Maze001,30.979,3.2500,-0.9990,3.2500,52.19,
1,Maze001,30.983,3.2500,-0.9990,3.2500,52.19,
1,Maze001,30.987,3.2500,-0.9990,3.2500,52.19,
1,Maze001,30.991,3.2500,-0.9990,3.2500,52.19,
1,Maze001,30.996,3.2500,-0.9990,3.2500,52.19,
1,Maze001,31.000,3.2500,-0.9990,3.2500,52.19,
1,Maze001,31.004,3.2500,-0.9990,3.2500,52.19,
1,Maze001,31.008,3.2500,-0.9990,3.2500,52.19,
1,Maze001,31.013,3.2500,-0.9990,3.2500,52.19,
1,Maze001,31.016,3.2500,-0.9990,3.2500,52.19,
1,Maze001,31.020,3.2500,-0.9990,3.2500,52.19,
1,Maze001,31.025,3.2500,-0.9990,3.2500,52.19,
1,Maze001,31.029,3.2500,-0.9990,3.2500,52.19,
1,Maze001,31.033,3.2500,-0.9990,3.2500,52.19,
1,Maze001,31.037,3.2500,-0.9990,3.2500,52.19,
1,Maze001,31.041,3.2500,-0.9990,3.2500,52.19,
1,Maze001,31.045,3.2500,-0.9990,3.2500,52.19,
1,Maze001,31.050,3.2500,-0.9990,3.2500,52.19,
1,Maze001,31.054,3.2500,-0.9990,3.2500,52.19,
1,Maze001,31.058,3.2500,-0.9990,3.2500,52.19,
1,Maze001,31.062,3.2500,-0.9990,3.2500,52.19,
1,Maze001,31.067,3.2500,-0.9990,3.2500,52.19,
1,Maze001,31.071,3.2500,-0.9990,3.2500,52.19,
1,Maze001,31.075,3.2500,-0.9990,3.2500,52.19,
1,Maze001,31.079,3.2500,-0.9990,3.2500,52.19,
1,Maze001,31.083,3.2500,-0.9990,3.2500,52.19,
1,Maze001,31.087,3.2500,-0.9990,3.2500,52.19,
1,Maze001,31.092,3.2500,-0.9990,3.2500,52.19,
1,Maze001,31.096,3.2500,-0.9990,3.2500,52.19,
1,Maze001,31.100,3.2500,-0.9990,3.2500,52.19,
1,Maze001,31.104,3.2500,-0.9990,3.2500,52.19,
1,Maze001,31.108,3.2500,-0.9990,3.2500,52.19,
1,Maze001,31.112,3.2500,-0.9990,3.2500,52.19,
1,Maze001,31.116,3.2500,-0.9990,3.2500,52.19,
1,Maze001,31.120,3.2500,-0.9990,3.2500,52.19,
1,Maze001,31.125,3.2500,-0.9990,3.2500,52.19,
1,Maze001,31.129,3.2500,-0.9990,3.2500,52.19,
1,Maze001,31.133,3.2500,-0.9990,3.2500,52.19,
1,Maze001,31.137,3.2500,-0.9990,3.2500,52.19,
1,Maze001,31.141,3.2500,-0.9990,3.2500,52.19,
1,Maze001,31.145,3.2500,-0.9990,3.2500,52.19,
1,Maze001,31.150,3.2500,-0.9990,3.2500,52.19,
1,Maze001,31.154,3.2500,-0.9990,3.2500,52.19,
1,Maze001,31.158,3.2500,-0.9990,3.2500,52.19,
1,Maze001,31.162,3.2500,-0.9990,3.2500,52.19,
1,Maze001,31.167,3.2500,-0.9990,3.2500,52.19,
1,Maze001,31.170,3.2500,-0.9990,3.2500,52.19,
1,Maze001,31.175,3.2500,-0.9990,3.2500,52.19,
1,Maze001,31.179,3.2500,-0.9990,3.2500,52.19,
1,Maze001,31.183,3.2500,-0.9990,3.2500,52.19,
1,Maze001,31.187,3.2500,-0.9990,3.2500,52.19,
1,Maze001,31.191,3.2500,-0.9990,3.2500,52.19,
1,Maze001,31.195,3.2500,-0.9990,3.2500,52.19,
1,Maze001,31.199,3.2500,-0.9990,3.2500,52.19,
1,Maze001,31.204,3.2500,-0.9990,3.2500,52.19,
1,Maze001,31.208,3.2500,-0.9990,3.2500,52.19,
1,Maze001,31.213,3.2500,-0.9990,3.2500,52.19,
1,Maze001,31.220,3.2500,-0.9990,3.2500,52.19,
1,Maze001,31.225,3.2500,-0.9990,3.2500,52.19,
1,Maze001,31.229,3.2500,-0.9990,3.2500,52.19,
1,Maze001,31.233,3.2500,-0.9990,3.2500,52.19,
1,Maze001,31.237,3.2500,-0.9990,3.2500,52.19,
1,Maze001,31.242,3.2500,-0.9990,3.2500,52.19,
1,Maze001,31.246,3.2500,-0.9990,3.2500,52.19,
1,Maze001,31.250,3.2500,-0.9990,3.2500,52.19,
1,Maze001,31.254,3.2500,-0.9990,3.2500,52.19,
1,Maze001,31.258,3.2500,-0.9990,3.2500,52.19,
1,Maze001,31.262,3.2500,-0.9990,3.2500,52.19,
1,Maze001,31.267,3.2500,-0.9990,3.2500,52.19,
1,Maze001,31.271,3.2500,-0.9990,3.2500,52.19,
1,Maze001,31.275,3.2500,-0.9990,3.2500,52.19,
1,Maze001,31.279,3.2500,-0.9990,3.2500,52.19,
1,Maze001,31.283,3.2500,-0.9990,3.2500,52.19,
1,Maze001,31.287,3.2500,-0.9990,3.2500,52.19,
1,Maze001,31.291,3.2500,-0.9990,3.2500,52.19,
1,Maze001,31.296,3.2500,-0.9990,3.2500,52.19,
1,Maze001,31.300,3.2500,-0.9990,3.2500,52.19,
1,Maze001,31.304,3.2500,-0.9990,3.2500,52.19,
1,Maze001,31.308,3.2500,-0.9990,3.2500,52.19,
1,Maze001,31.312,3.2500,-0.9990,3.2500,52.19,
1,Maze001,31.316,3.2500,-0.9990,3.2500,52.19,
1,Maze001,31.321,3.2500,-0.9990,3.2500,52.19,
1,Maze001,31.326,3.2500,-0.9990,3.2500,52.19,
1,Maze001,31.329,3.2500,-0.9990,3.2500,52.19,
1,Maze001,31.333,3.2500,-0.9990,3.2500,52.19,
1,Maze001,31.337,3.2500,-0.9990,3.2500,52.19,
1,Maze001,31.342,3.2500,-0.9990,3.2500,52.19,
1,Maze001,31.346,3.2500,-0.9990,3.2500,52.19,
1,Maze001,31.350,3.2500,-0.9990,3.2500,52.19,
1,Maze001,31.354,3.2500,-0.9990,3.2500,52.19,
1,Maze001,31.358,3.2500,-0.9990,3.2500,52.19,
1,Maze001,31.363,3.2500,-0.9990,3.2500,52.19,
1,Maze001,31.367,3.2500,-0.9990,3.2500,52.19,
1,Maze001,31.371,3.2500,-0.9990,3.2500,52.19,
1,Maze001,31.375,3.2500,-0.9990,3.2500,52.19,
1,Maze001,31.379,3.2500,-0.9990,3.2500,52.19,
1,Maze001,31.384,3.2500,-0.9990,3.2500,52.19,
1,Maze001,31.388,3.2500,-0.9990,3.2500,52.19,
1,Maze001,31.392,3.2500,-0.9990,3.2500,52.19,
1,Maze001,31.396,3.2500,-0.9990,3.2500,52.19,
1,Maze001,31.400,3.2500,-0.9990,3.2500,52.19,
1,Maze001,31.404,3.2500,-0.9990,3.2500,52.19,
1,Maze001,31.408,3.2500,-0.9990,3.2500,52.19,
1,Maze001,31.413,3.2500,-0.9990,3.2500,52.19,
1,Maze001,31.416,3.2500,-0.9990,3.2500,52.19,
1,Maze001,31.420,3.2500,-0.9990,3.2500,52.19,
1,Maze001,31.424,3.2500,-0.9990,3.2500,52.19,
1,Maze001,31.429,3.2500,-0.9990,3.2500,52.19,
1,Maze001,31.433,3.2500,-0.9990,3.2500,52.19,
1,Maze001,31.437,3.2500,-0.9990,3.2500,52.19,
1,Maze001,31.441,3.2500,-0.9990,3.2500,52.19,
1,Maze001,31.445,3.2500,-0.9990,3.2500,52.19,
1,Maze001,31.449,3.2500,-0.9990,3.2500,52.19,
1,Maze001,31.454,3.2500,-0.9990,3.2500,52.19,
1,Maze001,31.458,3.2500,-0.9990,3.2500,52.19,
1,Maze001,31.462,3.2500,-0.9990,3.2500,52.19,
1,Maze001,31.466,3.2500,-0.9990,3.2500,52.19,
1,Maze001,31.470,3.2500,-0.9990,3.2500,52.19,
1,Maze001,31.474,3.2500,-0.9990,3.2500,52.19,
1,Maze001,31.479,3.2500,-0.9990,3.2500,52.19,
1,Maze001,31.483,3.2500,-0.9990,3.2500,52.19,
1,Maze001,31.487,3.2500,-0.9990,3.2500,52.19,
1,Maze001,31.491,3.2500,-0.9990,3.2500,52.19,
1,Maze001,31.495,3.2500,-0.9990,3.2500,52.19,
1,Maze001,31.500,3.2500,-0.9990,3.2500,52.19,
1,Maze001,31.504,3.2500,-0.9990,3.2500,52.19,
1,Maze001,31.508,3.2500,-0.9990,3.2500,52.19,
1,Maze001,31.512,3.2500,-0.9990,3.2500,52.19,
1,Maze001,31.516,3.2500,-0.9990,3.2500,52.19,
1,Maze001,31.521,3.2500,-0.9990,3.2500,52.19,
1,Maze001,31.525,3.2500,-0.9990,3.2500,52.19,
1,Maze001,31.529,3.2500,-0.9990,3.2500,52.19,
1,Maze001,31.533,3.2500,-0.9990,3.2500,52.19,
1,Maze001,31.538,3.2500,-0.9990,3.2500,52.19,
1,Maze001,31.541,3.2500,-0.9990,3.2500,52.19,
1,Maze001,31.546,3.2500,-0.9990,3.2500,52.19,
1,Maze001,31.550,3.2500,-0.9990,3.2500,52.19,
1,Maze001,31.554,3.2500,-0.9990,3.2500,52.19,
1,Maze001,31.558,3.2500,-0.9990,3.2500,52.19,
1,Maze001,31.562,3.2500,-0.9990,3.2500,52.19,
1,Maze001,31.567,3.2500,-0.9990,3.2500,52.19,
1,Maze001,31.571,3.2500,-0.9990,3.2500,52.19,
1,Maze001,31.575,3.2500,-0.9990,3.2500,52.19,
1,Maze001,31.579,3.2500,-0.9990,3.2500,52.19,
1,Maze001,31.583,3.2500,-0.9990,3.2500,52.19,
1,Maze001,31.587,3.2500,-0.9990,3.2500,52.19,
1,Maze001,31.591,3.2500,-0.9990,3.2500,52.19,
1,Maze001,31.595,3.2500,-0.9990,3.2500,52.19,
1,Maze001,31.600,3.2500,-0.9990,3.2500,52.19,
1,Maze001,31.604,3.2500,-0.9990,3.2500,52.19,
1,Maze001,31.608,3.2500,-0.9990,3.2500,52.19,
1,Maze001,31.612,3.2500,-0.9990,3.2500,52.19,
1,Maze001,31.616,3.2500,-0.9990,3.2500,52.19,
1,Maze001,31.620,3.2500,-0.9990,3.2500,52.19,
1,Maze001,31.625,3.2500,-0.9990,3.2500,52.19,
1,Maze001,31.629,3.2500,-0.9990,3.2500,52.19,
1,Maze001,31.633,3.2500,-0.9990,3.2500,52.19,
1,Maze001,31.637,3.2500,-0.9990,3.2500,52.19,
1,Maze001,31.641,3.2500,-0.9990,3.2500,52.19,
1,Maze001,31.645,3.2500,-0.9990,3.2500,52.19,
1,Maze001,31.649,3.2500,-0.9990,3.2500,52.19,
1,Maze001,31.654,3.2500,-0.9990,3.2500,52.19,
1,Maze001,31.658,3.2500,-0.9990,3.2500,52.19,
1,Maze001,31.662,3.2500,-0.9990,3.2500,52.19,
1,Maze001,31.666,3.2500,-0.9990,3.2500,52.19,
1,Maze001,31.670,3.2500,-0.9990,3.2500,52.19,
1,Maze001,31.675,3.2500,-0.9990,3.2500,52.19,
1,Maze001,31.679,3.2500,-0.9990,3.2500,52.19,
1,Maze001,31.683,3.2500,-0.9990,3.2500,52.19,
1,Maze001,31.687,3.2500,-0.9990,3.2500,52.19,
1,Maze001,31.691,3.2500,-0.9990,3.2500,52.19,
1,Maze001,31.695,3.2500,-0.9990,3.2500,52.19,
1,Maze001,31.699,3.2500,-0.9990,3.2500,52.19,
1,Maze001,31.703,3.2500,-0.9990,3.2500,52.19,
1,Maze001,31.708,3.2500,-0.9990,3.2500,52.19,
1,Maze001,31.712,3.2500,-0.9990,3.2500,52.19,
1,Maze001,31.716,3.2500,-0.9990,3.2500,52.19,
1,Maze001,31.720,3.2500,-0.9990,3.2500,52.19,
1,Maze001,31.724,3.2500,-0.9990,3.2500,52.19,
1,Maze001,31.729,3.2500,-0.9990,3.2500,52.19,
1,Maze001,31.733,3.2500,-0.9990,3.2500,52.19,
1,Maze001,31.737,3.2500,-0.9990,3.2500,52.19,
1,Maze001,31.741,3.2500,-0.9990,3.2500,52.19,
1,Maze001,31.745,3.2500,-0.9990,3.2500,52.19,
1,Maze001,31.750,3.2500,-0.9990,3.2500,52.19,
1,Maze001,31.754,3.2500,-0.9990,3.2500,52.19,
1,Maze001,31.758,3.2500,-0.9990,3.2500,52.19,
1,Maze001,31.762,3.2500,-0.9990,3.2500,52.19,
1,Maze001,31.766,3.2500,-0.9990,3.2500,52.19,
1,Maze001,31.770,3.2500,-0.9990,3.2500,52.19,
1,Maze001,31.775,3.2500,-0.9990,3.2500,52.19,
1,Maze001,31.779,3.2500,-0.9990,3.2500,52.19,
1,Maze001,31.783,3.2500,-0.9990,3.2500,52.19,
1,Maze001,31.787,3.2500,-0.9990,3.2500,52.19,
1,Maze001,31.792,3.2500,-0.9990,3.2500,52.19,
1,Maze001,31.795,3.2500,-0.9990,3.2500,52.19,
1,Maze001,31.800,3.2500,-0.9990,3.2500,52.19,
1,Maze001,31.804,3.2500,-0.9990,3.2500,52.19,
1,Maze001,31.808,3.2500,-0.9990,3.2500,52.19,
1,Maze001,31.812,3.2500,-0.9990,3.2500,52.19,
1,Maze001,31.816,3.2500,-0.9990,3.2500,52.19,
1,Maze001,31.820,3.2500,-0.9990,3.2500,52.19,
1,Maze001,31.825,3.2500,-0.9990,3.2500,52.19,
1,Maze001,31.829,3.2500,-0.9990,3.2500,52.19,
1,Maze001,31.833,3.2500,-0.9990,3.2500,52.19,
1,Maze001,31.837,3.2500,-0.9990,3.2500,52.19,
1,Maze001,31.841,3.2500,-0.9990,3.2500,52.19,
1,Maze001,31.845,3.2500,-0.9990,3.2500,52.19,
1,Maze001,31.850,3.2500,-0.9990,3.2500,52.19,
1,Maze001,31.854,3.2500,-0.9990,3.2500,52.19,
1,Maze001,31.858,3.2500,-0.9990,3.2500,52.19,
1,Maze001,31.862,3.2500,-0.9990,3.2500,52.19,
1,Maze001,31.867,3.2500,-0.9990,3.2500,52.19,
1,Maze001,31.871,3.2500,-0.9990,3.2500,52.19,
1,Maze001,31.875,3.2500,-0.9990,3.2500,52.19,
1,Maze001,31.879,3.2500,-0.9990,3.2500,52.19,
1,Maze001,31.883,3.2500,-0.9990,3.2500,52.19,
1,Maze001,31.887,3.2500,-0.9990,3.2500,52.19,
1,Maze001,31.891,3.2500,-0.9990,3.2500,52.19,
1,Maze001,31.895,3.2500,-0.9990,3.2500,52.19,
1,Maze001,31.900,3.2500,-0.9990,3.2500,52.19,
1,Maze001,31.904,3.2500,-0.9990,3.2500,52.19,
1,Maze001,31.908,3.2500,-0.9990,3.2500,52.19,
1,Maze001,31.912,3.2500,-0.9990,3.2500,52.19,
1,Maze001,31.916,3.2500,-0.9990,3.2500,52.19,
1,Maze001,31.920,3.2500,-0.9990,3.2500,52.19,
1,Maze001,31.924,3.2500,-0.9990,3.2500,52.19,
1,Maze001,31.929,3.2500,-0.9990,3.2500,52.19,
1,Maze001,31.933,3.2500,-0.9990,3.2500,52.19,
1,Maze001,31.937,3.2500,-0.9990,3.2500,52.19,
1,Maze001,31.941,3.2500,-0.9990,3.2500,52.19,
1,Maze001,31.946,3.2500,-0.9990,3.2500,52.19,
1,Maze001,31.950,3.2500,-0.9990,3.2500,52.19,
1,Maze001,31.954,3.2500,-0.9990,3.2500,52.19,
1,Maze001,31.958,3.2500,-0.9990,3.2500,52.19,
1,Maze001,31.962,3.2500,-0.9990,3.2500,52.19,
1,Maze001,31.966,3.2500,-0.9990,3.2500,52.19,
1,Maze001,31.970,3.2500,-0.9990,3.2500,52.19,
1,Maze001,31.974,3.2500,-0.9990,3.2500,52.19,
1,Maze001,31.979,3.2500,-0.9990,3.2500,52.19,
1,Maze001,31.983,3.2500,-0.9990,3.2500,52.19,
1,Maze001,31.987,3.2500,-0.9990,3.2500,52.19,
1,Maze001,31.991,3.2500,-0.9990,3.2500,52.19,
1,Maze001,31.995,3.2500,-0.9990,3.2500,52.19,
1,Maze001,31.999,3.2500,-0.9990,3.2500,52.19,
1,Maze001,32.004,3.2500,-0.9990,3.2500,52.19,
1,Maze001,32.008,3.2500,-0.9990,3.2500,52.19,
1,Maze001,32.012,3.2500,-0.9990,3.2500,52.19,
1,Maze001,32.016,3.2500,-0.9990,3.2500,52.19,
1,Maze001,32.021,3.2500,-0.9990,3.2500,52.19,
1,Maze001,32.025,3.2500,-0.9990,3.2500,52.19,
1,Maze001,32.029,3.2500,-0.9990,3.2500,52.19,
1,Maze001,32.033,3.2500,-0.9990,3.2500,52.19,
1,Maze001,32.037,3.2500,-0.9990,3.2500,52.19,
1,Maze001,32.041,3.2500,-0.9990,3.2500,52.19,
1,Maze001,32.045,3.2500,-0.9990,3.2500,52.19,
1,Maze001,32.050,3.2500,-0.9990,3.2500,52.19,
1,Maze001,32.054,3.2500,-0.9990,3.2500,52.19,
1,Maze001,32.058,3.2500,-0.9990,3.2500,52.19,
1,Maze001,32.062,3.2500,-0.9990,3.2500,52.19,
1,Maze001,32.066,3.2500,-0.9990,3.2500,52.19,
1,Maze001,32.070,3.2500,-0.9990,3.2500,52.19,
1,Maze001,32.074,3.2500,-0.9990,3.2500,52.19,
1,Maze001,32.079,3.2500,-0.9990,3.2500,52.19,
1,Maze001,32.083,3.2500,-0.9990,3.2500,52.19,
1,Maze001,32.087,3.2500,-0.9990,3.2500,52.19,
1,Maze001,32.091,3.2500,-0.9990,3.2500,52.19,
1,Maze001,32.096,3.2500,-0.9990,3.2500,52.19,
1,Maze001,32.100,3.2500,-0.9990,3.2500,52.19,
1,Maze001,32.104,3.2500,-0.9990,3.2500,52.19,
1,Maze001,32.108,3.2500,-0.9990,3.2500,52.19,
1,Maze001,32.112,3.2500,-0.9990,3.2500,52.19,
1,Maze001,32.116,3.2500,-0.9990,3.2500,52.19,
1,Maze001,32.120,3.2500,-0.9990,3.2500,52.19,
1,Maze001,32.125,3.2500,-0.9990,3.2500,52.19,
1,Maze001,32.129,3.2500,-0.9990,3.2500,52.19,
1,Maze001,32.133,3.2500,-0.9990,3.2500,52.19,
1,Maze001,32.137,3.2500,-0.9990,3.2500,52.19,
1,Maze001,32.141,3.2500,-0.9990,3.2500,52.19,
1,Maze001,32.145,3.2500,-0.9990,3.2500,52.19,
1,Maze001,32.150,3.2500,-0.9990,3.2500,52.19,
1,Maze001,32.154,3.2500,-0.9990,3.2500,52.19,
1,Maze001,32.158,3.2500,-0.9990,3.2500,52.19,
1,Maze001,32.162,3.2500,-0.9990,3.2500,52.19,
1,Maze001,32.166,3.2500,-0.9990,3.2500,52.19,
1,Maze001,32.170,3.2500,-0.9990,3.2500,52.19,
1,Maze001,32.175,3.2500,-0.9990,3.2500,52.19,
1,Maze001,32.179,3.2500,-0.9990,3.2500,52.19,
1,Maze001,32.183,3.2500,-0.9990,3.2500,52.19,
1,Maze001,32.187,3.2500,-0.9990,3.2500,52.19,
1,Maze001,32.191,3.2500,-0.9990,3.2500,52.19,
1,Maze001,32.195,3.2500,-0.9990,3.2500,52.19,
1,Maze001,32.200,3.2500,-0.9990,3.2500,52.19,
1,Maze001,32.204,3.2500,-0.9990,3.2500,52.19,
1,Maze001,32.208,3.2500,-0.9990,3.2500,52.19,
1,Maze001,32.212,3.2500,-0.9990,3.2500,52.19,
1,Maze001,32.216,3.2500,-0.9990,3.2500,52.19,
1,Maze001,32.220,3.2500,-0.9990,3.2500,52.19,
1,Maze001,32.224,3.2500,-0.9990,3.2500,52.19,
1,Maze001,32.229,3.2500,-0.9990,3.2500,52.19,
1,Maze001,32.233,3.2500,-0.9990,3.2500,52.19,
1,Maze001,32.237,3.2500,-0.9990,3.2500,52.19,
1,Maze001,32.241,3.2500,-0.9990,3.2500,52.19,
1,Maze001,32.246,3.2500,-0.9990,3.2500,52.19,
1,Maze001,32.250,3.2500,-0.9990,3.2500,52.19,
1,Maze001,32.254,3.2500,-0.9990,3.2500,52.19,
1,Maze001,32.258,3.2500,-0.9990,3.2500,52.19,
1,Maze001,32.262,3.2500,-0.9990,3.2500,52.19,
1,Maze001,32.266,3.2500,-0.9990,3.2500,52.19,
1,Maze001,32.270,3.2500,-0.9990,3.2500,52.19,
1,Maze001,32.275,3.2500,-0.9990,3.2500,52.19,
1,Maze001,32.279,3.2500,-0.9990,3.2500,52.19,
1,Maze001,32.283,3.2500,-0.9990,3.2500,52.19,
1,Maze001,32.287,3.2500,-0.9990,3.2500,52.19,
1,Maze001,32.291,3.2500,-0.9990,3.2500,52.19,
1,Maze001,32.296,3.2500,-0.9990,3.2500,52.19,
1,Maze001,32.300,3.2500,-0.9990,3.2500,52.19,
1,Maze001,32.304,3.2500,-0.9990,3.2500,52.19,
1,Maze001,32.308,3.2500,-0.9990,3.2500,52.19,
1,Maze001,32.312,3.2500,-0.9990,3.2500,52.19,
1,Maze001,32.316,3.2500,-0.9990,3.2500,52.19,
1,Maze001,32.320,3.2500,-0.9990,3.2500,52.19,
1,Maze001,32.325,3.2500,-0.9990,3.2500,52.19,
1,Maze001,32.329,3.2500,-0.9990,3.2500,52.19,
1,Maze001,32.334,3.2500,-0.9990,3.2500,52.19,
1,Maze001,32.337,3.2500,-0.9990,3.2500,52.19,
1,Maze001,32.342,3.2500,-0.9990,3.2500,52.19,
1,Maze001,32.345,3.2500,-0.9990,3.2500,52.19,
1,Maze001,32.349,3.2500,-0.9990,3.2500,52.19,
1,Maze001,32.354,3.2500,-0.9990,3.2500,52.19,
1,Maze001,32.358,3.2500,-0.9990,3.2500,52.19,
1,Maze001,32.362,3.2500,-0.9990,3.2500,52.19,
1,Maze001,32.366,3.2500,-0.9990,3.2500,52.19,
1,Maze001,32.370,3.2500,-0.9990,3.2500,52.19,
1,Maze001,32.374,3.2500,-0.9990,3.2500,52.19,
1,Maze001,32.379,3.2500,-0.9990,3.2500,52.19,
1,Maze001,32.383,3.2500,-0.9990,3.2500,52.19,
1,Maze001,32.387,3.2500,-0.9990,3.2500,52.19,
1,Maze001,32.391,3.2500,-0.9990,3.2500,52.19,
1,Maze001,32.395,3.2500,-0.9990,3.2500,52.19,
1,Maze001,32.400,3.2500,-0.9990,3.2500,52.19,
1,Maze001,32.404,3.2500,-0.9990,3.2500,52.19,
1,Maze001,32.408,3.2500,-0.9990,3.2500,52.19,
1,Maze001,32.412,3.2500,-0.9990,3.2500,52.19,
1,Maze001,32.416,3.2500,-0.9990,3.2500,52.19,
1,Maze001,32.420,3.2500,-0.9990,3.2500,52.19,
1,Maze001,32.424,3.2500,-0.9990,3.2500,52.19,
1,Maze001,32.428,3.2500,-0.9990,3.2500,52.19,
1,Maze001,32.432,3.2500,-0.9990,3.2500,52.19,
1,Maze001,32.437,3.2500,-0.9990,3.2500,52.19,
1,Maze001,32.441,3.2500,-0.9990,3.2500,52.19,
1,Maze001,32.445,3.2500,-0.9990,3.2500,52.19,
1,Maze001,32.449,3.2500,-0.9990,3.2500,52.19,
1,Maze001,32.454,3.2500,-0.9990,3.2500,52.19,
1,Maze001,32.458,3.2500,-0.9990,3.2500,52.19,
1,Maze001,32.462,3.2500,-0.9990,3.2500,52.19,
1,Maze001,32.466,3.2500,-0.9990,3.2500,52.19,
1,Maze001,32.470,3.2500,-0.9990,3.2500,52.19,
1,Maze001,32.475,3.2500,-0.9990,3.2500,52.19,
1,Maze001,32.479,3.2500,-0.9990,3.2500,52.19,
1,Maze001,32.483,3.2500,-0.9990,3.2500,52.19,
1,Maze001,32.487,3.2500,-0.9990,3.2500,52.19,
1,Maze001,32.491,3.2500,-0.9990,3.2500,52.19,
1,Maze001,32.495,3.2500,-0.9990,3.2500,52.19,
1,Maze001,32.499,3.2500,-0.9990,3.2500,52.19,
1,Maze001,32.504,3.2500,-0.9990,3.2500,52.19,
1,Maze001,32.508,3.2500,-0.9990,3.2500,52.19,
1,Maze001,32.512,3.2500,-0.9990,3.2500,52.19,
1,Maze001,32.516,3.2500,-0.9990,3.2500,52.19,
1,Maze001,32.521,3.2500,-0.9990,3.2500,52.19,
1,Maze001,32.524,3.2500,-0.9990,3.2500,52.19,
1,Maze001,32.529,3.2500,-0.9990,3.2500,52.19,
1,Maze001,32.533,3.2500,-0.9990,3.2500,52.19,
1,Maze001,32.537,3.2500,-0.9990,3.2500,52.19,
1,Maze001,32.541,3.2500,-0.9990,3.2500,52.19,
1,Maze001,32.545,3.2500,-0.9990,3.2500,52.19,
1,Maze001,32.550,3.2500,-0.9990,3.2500,52.19,
1,Maze001,32.554,3.2500,-0.9990,3.2500,52.19,
1,Maze001,32.558,3.2500,-0.9990,3.2500,52.19,
1,Maze001,32.562,3.2500,-0.9990,3.2500,52.19,
1,Maze001,32.566,3.2500,-0.9990,3.2500,52.19,
1,Maze001,32.571,3.2500,-0.9990,3.2500,52.19,
1,Maze001,32.575,3.2500,-0.9990,3.2500,52.19,
1,Maze001,32.579,3.2500,-0.9990,3.2500,52.19,
1,Maze001,32.583,3.2500,-0.9990,3.2500,52.19,
1,Maze001,32.587,3.2500,-0.9990,3.2500,52.19,
1,Maze001,32.591,3.2500,-0.9990,3.2500,52.19,
1,Maze001,32.595,3.2500,-0.9990,3.2500,52.19,
1,Maze001,32.600,3.2500,-0.9990,3.2500,52.19,
1,Maze001,32.604,3.2500,-0.9990,3.2500,52.19,
1,Maze001,32.608,3.2500,-0.9990,3.2500,52.19,
1,Maze001,32.612,3.2500,-0.9990,3.2500,52.19,
1,Maze001,32.616,3.2500,-0.9990,3.2500,52.19,
1,Maze001,32.620,3.2500,-0.9990,3.2500,52.19,
1,Maze001,32.624,3.2500,-0.9990,3.2500,52.19,
1,Maze001,32.629,3.2500,-0.9990,3.2500,52.19,
1,Maze001,32.633,3.2500,-0.9990,3.2500,52.19,
1,Maze001,32.637,3.2500,-0.9990,3.2500,52.19,
1,Maze001,32.641,3.2500,-0.9990,3.2500,52.19,
1,Maze001,32.646,3.2500,-0.9990,3.2500,52.19,
1,Maze001,32.650,3.2500,-0.9990,3.2500,52.19,
1,Maze001,32.654,3.2500,-0.9990,3.2500,52.19,
1,Maze001,32.658,3.2500,-0.9990,3.2500,52.19,
1,Maze001,32.662,3.2500,-0.9990,3.2500,52.19,
1,Maze001,32.666,3.2500,-0.9990,3.2500,52.19,
1,Maze001,32.670,3.2500,-0.9990,3.2500,52.19,
1,Maze001,32.674,3.2500,-0.9990,3.2500,52.19,
1,Maze001,32.678,3.2500,-0.9990,3.2500,52.19,
1,Maze001,32.683,3.2500,-0.9990,3.2500,52.19,
1,Maze001,32.687,3.2500,-0.9990,3.2500,52.19,
1,Maze001,32.691,3.2500,-0.9990,3.2500,52.19,
1,Maze001,32.695,3.2500,-0.9990,3.2500,52.19,
1,Maze001,32.699,3.2500,-0.9990,3.2500,52.19,
1,Maze001,32.704,3.2500,-0.9990,3.2500,52.19,
1,Maze001,32.708,3.2500,-0.9990,3.2500,52.19,
1,Maze001,32.712,3.2500,-0.9990,3.2500,52.19,
1,Maze001,32.716,3.2500,-0.9990,3.2500,52.19,
1,Maze001,32.720,3.2500,-0.9990,3.2500,52.19,
1,Maze001,32.725,3.2500,-0.9990,3.2500,52.19,
1,Maze001,32.729,3.2500,-0.9990,3.2500,52.19,
1,Maze001,32.733,3.2500,-0.9990,3.2500,52.19,
1,Maze001,32.737,3.2500,-0.9990,3.2500,52.19,
1,Maze001,32.741,3.2500,-0.9990,3.2500,52.19,
1,Maze001,32.745,3.2500,-0.9990,3.2500,52.19,
1,Maze001,32.749,3.2500,-0.9990,3.2500,52.19,
1,Maze001,32.753,3.2500,-0.9990,3.2500,52.19,
1,Maze001,32.758,3.2500,-0.9990,3.2500,52.19,
1,Maze001,32.762,3.2500,-0.9990,3.2500,52.19,
1,Maze001,32.766,3.2500,-0.9990,3.2500,52.19,
1,Maze001,32.770,3.2500,-0.9990,3.2500,52.19,
1,Maze001,32.775,3.2500,-0.9990,3.2500,52.19,
1,Maze001,32.779,3.2500,-0.9990,3.2500,52.19,
1,Maze001,32.783,3.2500,-0.9990,3.2500,52.19,
1,Maze001,32.787,3.2500,-0.9990,3.2500,52.19,
1,Maze001,32.791,3.2500,-0.9990,3.2500,52.19,
1,Maze001,32.795,3.2500,-0.9990,3.2500,52.19,
1,Maze001,32.799,3.2500,-0.9990,3.2500,52.19,
1,Maze001,32.804,3.2500,-0.9990,3.2500,52.19,
1,Maze001,32.808,3.2500,-0.9990,3.2500,52.19,
1,Maze001,32.812,3.2500,-0.9990,3.2500,52.19,
1,Maze001,32.816,3.2500,-0.9990,3.2500,52.19,
1,Maze001,32.820,3.2500,-0.9990,3.2500,52.19,
1,Maze001,32.825,3.2500,-0.9990,3.2500,52.19,
1,Maze001,32.829,3.2500,-0.9990,3.2500,52.19,
1,Maze001,32.833,3.2500,-0.9990,3.2500,52.19,
1,Maze001,32.837,3.2500,-0.9990,3.2500,52.19,
1,Maze001,32.841,3.2500,-0.9990,3.2500,52.19,
1,Maze001,32.845,3.2500,-0.9990,3.2500,52.19,
1,Maze001,32.850,3.2500,-0.9990,3.2500,52.19,
1,Maze001,32.854,3.2500,-0.9990,3.2500,52.19,
1,Maze001,32.858,3.2500,-0.9990,3.2500,52.19,
1,Maze001,32.862,3.2500,-0.9990,3.2500,52.19,
1,Maze001,32.866,3.2500,-0.9990,3.2500,52.19,
1,Maze001,32.870,3.2500,-0.9990,3.2500,52.19,
1,Maze001,32.874,3.2500,-0.9990,3.2500,52.19,
1,Maze001,32.879,3.2500,-0.9990,3.2500,52.19,
1,Maze001,32.883,3.2500,-0.9990,3.2500,52.19,
1,Maze001,32.887,3.2500,-0.9990,3.2500,52.19,
1,Maze001,32.891,3.2500,-0.9990,3.2500,52.19,
1,Maze001,32.895,3.2500,-0.9990,3.2500,52.19,
1,Maze001,32.899,3.2500,-0.9990,3.2500,52.19,
1,Maze001,32.904,3.2500,-0.9990,3.2500,52.19,
1,Maze001,32.907,3.2500,-0.9990,3.2500,52.19,
1,Maze001,32.912,3.2500,-0.9990,3.2500,52.19,
1,Maze001,32.916,3.2500,-0.9990,3.2500,52.19,
1,Maze001,32.920,3.2500,-0.9990,3.2500,52.19,
1,Maze001,32.924,3.2500,-0.9990,3.2500,52.19,
1,Maze001,32.929,3.2500,-0.9990,3.2500,52.19,
1,Maze001,32.933,3.2500,-0.9990,3.2500,52.19,
1,Maze001,32.937,3.2500,-0.9990,3.2500,52.19,
1,Maze001,32.941,3.2500,-0.9990,3.2500,52.19,
1,Maze001,32.945,3.2500,-0.9990,3.2500,52.19,
1,Maze001,32.949,3.2500,-0.9990,3.2500,52.19,
1,Maze001,32.954,3.2500,-0.9990,3.2500,52.19,
1,Maze001,32.958,3.2500,-0.9990,3.2500,52.19,
1,Maze001,32.962,3.2500,-0.9990,3.2500,52.19,
1,Maze001,32.966,3.2500,-0.9990,3.2500,52.19,
1,Maze001,32.970,3.2500,-0.9990,3.2500,52.19,
1,Maze001,32.974,3.2500,-0.9990,3.2500,52.19,
1,Maze001,32.979,3.2500,-0.9990,3.2500,52.19,
1,Maze001,32.983,3.2500,-0.9990,3.2500,52.19,
1,Maze001,32.987,3.2500,-0.9990,3.2500,52.19,
1,Maze001,32.991,3.2500,-0.9990,3.2500,52.19,
1,Maze001,32.995,3.2500,-0.9990,3.2500,52.19,
1,Maze001,32.999,3.2500,-0.9990,3.2500,52.19,
1,Maze001,33.004,3.2500,-0.9990,3.2500,52.19,
1,Maze001,33.008,3.2500,-0.9990,3.2500,52.19,
1,Maze001,33.012,3.2500,-0.9990,3.2500,52.19,
1,Maze001,33.016,3.2500,-0.9990,3.2500,52.19,
1,Maze001,33.021,3.2500,-0.9990,3.2500,52.19,
1,Maze001,33.025,3.2500,-0.9990,3.2500,52.19,
1,Maze001,33.029,3.2500,-0.9990,3.2500,52.19,
1,Maze001,33.033,3.2500,-0.9990,3.2500,52.19,
1,Maze001,33.037,3.2500,-0.9990,3.2500,52.19,
1,Maze001,33.041,3.2500,-0.9990,3.2500,52.19,
1,Maze001,33.045,3.2500,-0.9990,3.2500,52.19,
1,Maze001,33.049,3.2500,-0.9990,3.2500,52.19,
1,Maze001,33.054,3.2500,-0.9990,3.2500,52.19,
1,Maze001,33.058,3.2500,-0.9990,3.2500,52.19,
1,Maze001,33.062,3.2500,-0.9990,3.2500,52.19,
1,Maze001,33.067,3.2500,-0.9990,3.2500,52.19,
1,Maze001,33.071,3.2500,-0.9990,3.2500,52.19,
1,Maze001,33.074,3.2500,-0.9990,3.2500,52.19,
1,Maze001,33.079,3.2500,-0.9990,3.2500,52.19,
1,Maze001,33.083,3.2500,-0.9990,3.2500,52.19,
1,Maze001,33.087,3.2500,-0.9990,3.2500,52.19,
1,Maze001,33.091,3.2500,-0.9990,3.2500,52.19,
1,Maze001,33.095,3.2500,-0.9990,3.2500,52.19,
1,Maze001,33.099,3.2500,-0.9990,3.2500,52.19,
1,Maze001,33.104,3.2500,-0.9990,3.2500,52.19,
1,Maze001,33.108,3.2500,-0.9990,3.2500,52.19,
1,Maze001,33.112,3.2500,-0.9990,3.2500,52.19,
1,Maze001,33.116,3.2500,-0.9990,3.2500,52.19,
1,Maze001,33.120,3.2500,-0.9990,3.2500,52.19,
1,Maze001,33.124,3.2500,-0.9990,3.2500,52.19,
1,Maze001,33.129,3.2500,-0.9990,3.2500,52.19,
1,Maze001,33.133,3.2500,-0.9990,3.2500,52.19,
1,Maze001,33.137,3.2500,-0.9990,3.2500,52.19,
1,Maze001,33.141,3.2500,-0.9990,3.2500,52.19,
1,Maze001,33.145,3.2500,-0.9990,3.2500,52.19,
1,Maze001,33.150,3.2500,-0.9990,3.2500,52.19,
1,Maze001,33.154,3.2500,-0.9990,3.2500,52.19,
1,Maze001,33.158,3.2500,-0.9990,3.2500,52.19,
1,Maze001,33.162,3.2500,-0.9990,3.2500,52.19,
1,Maze001,33.166,3.2500,-0.9990,3.2500,52.19,
1,Maze001,33.170,3.2500,-0.9990,3.2500,52.19,
1,Maze001,33.174,3.2500,-0.9990,3.2500,52.19,
1,Maze001,33.179,3.2500,-0.9990,3.2500,52.19,
1,Maze001,33.183,3.2500,-0.9990,3.2500,52.19,
1,Maze001,33.187,3.2500,-0.9990,3.2500,52.19,
1,Maze001,33.192,3.2500,-0.9990,3.2500,52.19,
1,Maze001,33.195,3.2500,-0.9990,3.2500,52.19,
1,Maze001,33.200,3.2500,-0.9990,3.2500,52.19,
1,Maze001,33.204,3.2500,-0.9990,3.2500,52.19,
1,Maze001,33.208,3.2500,-0.9990,3.2500,52.19,
1,Maze001,33.212,3.2500,-0.9990,3.2500,52.19,
1,Maze001,33.216,3.2500,-0.9990,3.2500,52.19,
1,Maze001,33.220,3.2500,-0.9990,3.2500,52.19,
1,Maze001,33.224,3.2500,-0.9990,3.2500,52.19,
1,Maze001,33.229,3.2500,-0.9990,3.2500,52.19,
1,Maze001,33.233,3.2500,-0.9990,3.2500,52.19,
1,Maze001,33.237,3.2500,-0.9990,3.2500,52.19,
1,Maze001,33.241,3.2500,-0.9990,3.2500,52.19,
1,Maze001,33.245,3.2500,-0.9990,3.2500,52.19,
1,Maze001,33.249,3.2500,-0.9990,3.2500,52.19,
1,Maze001,33.254,3.2500,-0.9990,3.2500,52.19,
1,Maze001,33.258,3.2500,-0.9990,3.2500,52.19,
1,Maze001,33.262,3.2500,-0.9990,3.2500,52.19,
1,Maze001,33.266,3.2500,-0.9990,3.2500,52.19,
1,Maze001,33.270,3.2500,-0.9990,3.2500,52.19,
1,Maze001,33.274,3.2500,-0.9990,3.2500,52.19,
1,Maze001,33.279,3.2500,-0.9990,3.2500,52.19,
1,Maze001,33.283,3.2500,-0.9990,3.2500,52.19,
1,Maze001,33.287,3.2500,-0.9990,3.2500,52.19,
1,Maze001,33.291,3.2500,-0.9990,3.2500,52.19,
1,Maze001,33.295,3.2500,-0.9990,3.2500,52.19,
1,Maze001,33.299,3.2500,-0.9990,3.2500,52.19,
1,Maze001,33.304,3.2500,-0.9990,3.2500,52.19,
1,Maze001,33.308,3.2500,-0.9990,3.2500,52.19,
1,Maze001,33.312,3.2500,-0.9990,3.2500,52.19,
1,Maze001,33.316,3.2500,-0.9990,3.2500,52.19,
1,Maze001,33.320,3.2500,-0.9990,3.2500,52.19,
1,Maze001,33.325,3.2500,-0.9990,3.2500,52.19,
1,Maze001,33.329,3.2500,-0.9990,3.2500,52.19,
1,Maze001,33.333,3.2500,-0.9990,3.2500,52.19,
1,Maze001,33.337,3.2500,-0.9990,3.2500,52.19,
1,Maze001,33.341,3.2500,-0.9990,3.2500,52.19,
1,Maze001,33.345,3.2500,-0.9990,3.2500,52.19,
1,Maze001,33.350,3.2500,-0.9990,3.2500,52.19,
1,Maze001,33.354,3.2500,-0.9990,3.2500,52.19,
1,Maze001,33.358,3.2500,-0.9990,3.2500,52.19,
1,Maze001,33.362,3.2500,-0.9990,3.2500,52.19,
1,Maze001,33.366,3.2500,-0.9990,3.2500,52.19,
1,Maze001,33.370,3.2500,-0.9990,3.2500,52.19,
1,Maze001,33.374,3.2500,-0.9990,3.2500,52.19,
1,Maze001,33.379,3.2500,-0.9990,3.2500,52.19,
1,Maze001,33.383,3.2500,-0.9990,3.2500,52.19,
1,Maze001,33.387,3.2500,-0.9990,3.2500,52.19,
1,Maze001,33.391,3.2500,-0.9990,3.2500,52.19,
1,Maze001,33.395,3.2500,-0.9990,3.2500,52.19,
1,Maze001,33.399,3.2500,-0.9990,3.2500,52.19,
1,Maze001,33.403,3.2500,-0.9990,3.2500,52.19,
1,Maze001,33.408,3.2500,-0.9990,3.2500,52.19,
1,Maze001,33.412,3.2500,-0.9990,3.2500,52.19,
1,Maze001,33.416,3.2500,-0.9990,3.2500,52.19,
1,Maze001,33.420,3.2500,-0.9990,3.2500,52.19,
1,Maze001,33.424,3.2500,-0.9990,3.2500,52.19,
1,Maze001,33.429,3.2500,-0.9990,3.2500,52.19,
1,Maze001,33.433,3.2500,-0.9990,3.2500,52.19,
1,Maze001,33.437,3.2500,-0.9990,3.2500,52.19,
1,Maze001,33.441,3.2500,-0.9990,3.2500,52.19,
1,Maze001,33.445,3.2500,-0.9990,3.2500,52.19,
1,Maze001,33.449,3.2500,-0.9990,3.2500,52.19,
1,Maze001,33.454,3.2500,-0.9990,3.2500,52.19,
1,Maze001,33.458,3.2500,-0.9990,3.2500,52.19,
1,Maze001,33.462,3.2500,-0.9990,3.2500,52.19,
1,Maze001,33.466,3.2500,-0.9990,3.2500,52.19,
1,Maze001,33.470,3.2500,-0.9990,3.2500,52.19,
1,Maze001,33.474,3.2500,-0.9990,3.2500,52.19,
1,Maze001,33.479,3.2500,-0.9990,3.2500,52.19,
1,Maze001,33.483,3.2500,-0.9990,3.2500,52.19,
1,Maze001,33.487,3.2500,-0.9990,3.2500,52.19,
1,Maze001,33.491,3.2500,-0.9990,3.2500,52.19,
1,Maze001,33.495,3.2500,-0.9990,3.2500,52.19,
1,Maze001,33.499,3.2500,-0.9990,3.2500,52.19,
1,Maze001,33.504,3.2500,-0.9990,3.2500,52.19,
1,Maze001,33.508,3.2500,-0.9990,3.2500,52.19,
1,Maze001,33.512,3.2500,-0.9990,3.2500,52.19,
1,Maze001,33.516,3.2500,-0.9990,3.2500,52.19,
1,Maze001,33.520,3.2500,-0.9990,3.2500,52.19,
1,Maze001,33.524,3.2500,-0.9990,3.2500,52.19,
1,Maze001,33.529,3.2500,-0.9990,3.2500,52.19,
1,Maze001,33.533,3.2500,-0.9990,3.2500,52.19,
1,Maze001,33.537,3.2500,-0.9990,3.2500,52.19,
1,Maze001,33.541,3.2500,-0.9990,3.2500,52.19,
1,Maze001,33.545,3.2500,-0.9990,3.2500,52.19,
1,Maze001,33.549,3.2500,-0.9990,3.2500,52.19,
1,Maze001,33.554,3.2500,-0.9990,3.2500,52.19,
1,Maze001,33.558,3.2500,-0.9990,3.2500,52.19,
1,Maze001,33.562,3.2500,-0.9990,3.2500,52.19,
1,Maze001,33.566,3.2500,-0.9990,3.2500,52.19,
1,Maze001,33.570,3.2500,-0.9990,3.2500,52.19,
1,Maze001,33.574,3.2500,-0.9990,3.2500,52.19,
1,Maze001,33.579,3.2500,-0.9990,3.2500,52.19,
1,Maze001,33.583,3.2500,-0.9990,3.2500,52.19,
1,Maze001,33.587,3.2500,-0.9990,3.2500,52.19,
1,Maze001,33.591,3.2500,-0.9990,3.2500,52.19,
1,Maze001,33.595,3.2500,-0.9990,3.2500,52.19,
1,Maze001,33.599,3.2500,-0.9990,3.2500,52.19,
1,Maze001,33.603,3.2500,-0.9990,3.2500,52.19,
1,Maze001,33.608,3.2500,-0.9990,3.2500,52.19,
1,Maze001,33.612,3.2500,-0.9990,3.2500,52.19,
1,Maze001,33.616,3.2500,-0.9990,3.2500,52.19,
1,Maze001,33.620,3.2500,-0.9990,3.2500,52.19,
1,Maze001,33.624,3.2500,-0.9990,3.2500,52.19,
1,Maze001,33.629,3.2500,-0.9990,3.2500,52.19,
1,Maze001,33.633,3.2500,-0.9990,3.2500,52.19,
1,Maze001,33.637,3.2500,-0.9990,3.2500,52.19,
1,Maze001,33.641,3.2500,-0.9990,3.2500,52.19,
1,Maze001,33.645,3.2500,-0.9990,3.2500,52.19,
1,Maze001,33.649,3.2500,-0.9990,3.2500,52.19,
1,Maze001,33.654,3.2500,-0.9990,3.2500,52.19,
1,Maze001,33.658,3.2500,-0.9990,3.2500,52.19,
1,Maze001,33.662,3.2500,-0.9990,3.2500,52.19,
1,Maze001,33.666,3.2500,-0.9990,3.2500,52.19,
1,Maze001,33.670,3.2500,-0.9990,3.2500,52.19,
1,Maze001,33.675,3.2500,-0.9990,3.2500,52.19,
1,Maze001,33.679,3.2500,-0.9990,3.2500,52.19,
1,Maze001,33.683,3.2500,-0.9990,3.2500,52.19,
1,Maze001,33.687,3.2500,-0.9990,3.2500,52.19,
1,Maze001,33.691,3.2500,-0.9990,3.2500,52.19,
1,Maze001,33.695,3.2500,-0.9990,3.2500,52.19,
1,Maze001,33.700,3.2500,-0.9990,3.2500,52.19,
1,Maze001,33.704,3.2500,-0.9990,3.2500,52.19,
1,Maze001,33.708,3.2500,-0.9990,3.2500,52.19,
1,Maze001,33.712,3.2500,-0.9990,3.2500,52.19,
1,Maze001,33.716,3.2500,-0.9990,3.2500,52.19,
1,Maze001,33.721,3.2500,-0.9990,3.2500,52.19,
1,Maze001,33.725,3.2500,-0.9990,3.2500,52.19,
1,Maze001,33.728,3.2500,-0.9990,3.2500,52.19,
1,Maze001,33.733,3.2500,-0.9990,3.2500,52.19,
1,Maze001,33.737,3.2500,-0.9990,3.2500,52.19,
1,Maze001,33.741,3.2500,-0.9990,3.2500,52.19,
1,Maze001,33.745,3.2500,-0.9990,3.2500,52.19,
1,Maze001,33.749,3.2500,-0.9990,3.2500,52.19,
1,Maze001,33.754,3.2500,-0.9990,3.2500,52.19,
1,Maze001,33.758,3.2500,-0.9990,3.2500,52.19,
1,Maze001,33.762,3.2500,-0.9990,3.2500,52.19,
1,Maze001,33.766,3.2500,-0.9990,3.2500,52.19,
1,Maze001,33.770,3.2500,-0.9990,3.2500,52.19,
1,Maze001,33.774,3.2500,-0.9990,3.2500,52.19,
1,Maze001,33.779,3.2500,-0.9990,3.2500,52.19,
1,Maze001,33.783,3.2500,-0.9990,3.2500,52.19,
1,Maze001,33.787,3.2500,-0.9990,3.2500,52.19,
1,Maze001,33.791,3.2500,-0.9990,3.2500,52.19,
1,Maze001,33.795,3.2500,-0.9990,3.2500,52.19,
1,Maze001,33.799,3.2500,-0.9990,3.2500,52.19,
1,Maze001,33.803,3.2500,-0.9990,3.2500,52.19,
1,Maze001,33.808,3.2500,-0.9990,3.2500,52.19,
1,Maze001,33.812,3.2500,-0.9990,3.2500,52.19,
1,Maze001,33.817,3.2500,-0.9990,3.2500,52.19,
1,Maze001,33.820,3.2500,-0.9990,3.2500,52.19,
1,Maze001,33.825,3.2500,-0.9990,3.2500,52.19,
1,Maze001,33.829,3.2500,-0.9990,3.2500,52.19,
1,Maze001,33.833,3.2500,-0.9990,3.2500,52.19,
1,Maze001,33.837,3.2500,-0.9990,3.2500,52.19,
1,Maze001,33.841,3.2500,-0.9990,3.2500,52.19,
1,Maze001,33.845,3.2500,-0.9990,3.2500,52.19,
1,Maze001,33.849,3.2500,-0.9990,3.2500,52.19,
1,Maze001,33.854,3.2500,-0.9990,3.2500,52.19,
1,Maze001,33.858,3.2500,-0.9990,3.2500,52.19,
1,Maze001,33.862,3.2500,-0.9990,3.2500,52.19,
1,Maze001,33.866,3.2500,-0.9990,3.2500,52.19,
1,Maze001,33.870,3.2500,-0.9990,3.2500,52.19,
1,Maze001,33.875,3.2500,-0.9990,3.2500,52.19,
1,Maze001,33.879,3.2500,-0.9990,3.2500,52.19,
1,Maze001,33.883,3.2500,-0.9990,3.2500,52.19,
1,Maze001,33.887,3.2500,-0.9990,3.2500,52.19,
1,Maze001,33.891,3.2500,-0.9990,3.2500,52.19,
1,Maze001,33.896,3.2500,-0.9990,3.2500,52.19,
1,Maze001,33.900,3.2500,-0.9990,3.2500,52.19,
1,Maze001,33.904,3.2500,-0.9990,3.2500,52.19,
1,Maze001,33.908,3.2500,-0.9990,3.2500,52.19,
1,Maze001,33.912,3.2500,-0.9990,3.2500,52.19,
1,Maze001,33.916,3.2500,-0.9990,3.2500,52.19,
1,Maze001,33.920,3.2500,-0.9990,3.2500,52.19,
1,Maze001,33.925,3.2500,-0.9990,3.2500,52.19,
1,Maze001,33.928,3.2500,-0.9990,3.2500,52.19,
1,Maze001,33.933,3.2500,-0.9990,3.2500,52.19,
1,Maze001,33.937,3.2500,-0.9990,3.2500,52.19,
1,Maze001,33.941,3.2500,-0.9990,3.2500,52.19,
1,Maze001,33.945,3.2500,-0.9990,3.2500,52.19,
1,Maze001,33.949,3.2500,-0.9990,3.2500,52.19,
1,Maze001,33.953,3.2500,-0.9990,3.2500,52.19,
1,Maze001,33.958,3.2500,-0.9990,3.2500,52.19,
1,Maze001,33.966,3.2500,-0.9990,3.2500,52.19,
1,Maze001,33.970,3.2500,-0.9990,3.2500,52.19,
1,Maze001,33.974,3.2500,-0.9990,3.2500,52.19,
1,Maze001,33.979,3.2500,-0.9990,3.2500,52.19,
1,Maze001,33.983,3.2500,-0.9990,3.2500,52.19,
1,Maze001,33.987,3.2500,-0.9990,3.2500,52.19,
1,Maze001,33.991,3.2500,-0.9990,3.2500,52.19,
1,Maze001,33.995,3.2500,-0.9990,3.2500,52.19,
1,Maze001,33.999,3.2500,-0.9990,3.2500,52.19,
1,Maze001,34.004,3.2500,-0.9990,3.2500,52.19,
1,Maze001,34.008,3.2500,-0.9990,3.2500,52.19,
1,Maze001,34.012,3.2500,-0.9990,3.2500,52.19,
1,Maze001,34.016,3.2500,-0.9990,3.2500,52.19,
1,Maze001,34.020,3.2500,-0.9990,3.2500,52.19,
1,Maze001,34.024,3.2500,-0.9990,3.2500,52.19,
1,Maze001,34.028,3.2500,-0.9990,3.2500,52.19,
1,Maze001,34.033,3.2500,-0.9990,3.2500,52.19,
1,Maze001,34.037,3.2500,-0.9990,3.2500,52.19,
1,Maze001,34.041,3.2500,-0.9990,3.2500,52.19,
1,Maze001,34.045,3.2500,-0.9990,3.2500,52.19,
1,Maze001,34.050,3.2500,-0.9990,3.2500,52.19,
1,Maze001,34.054,3.2500,-0.9990,3.2500,52.19,
1,Maze001,34.058,3.2500,-0.9990,3.2500,52.19,
1,Maze001,34.062,3.2500,-0.9990,3.2500,52.19,
1,Maze001,34.066,3.2500,-0.9990,3.2500,52.19,
1,Maze001,34.070,3.2500,-0.9990,3.2500,52.19,
1,Maze001,34.074,3.2500,-0.9990,3.2500,52.19,
1,Maze001,34.078,3.2500,-0.9990,3.2500,52.19,
1,Maze001,34.083,3.2500,-0.9990,3.2500,52.19,
1,Maze001,34.087,3.2500,-0.9990,3.2500,52.19,
1,Maze001,34.091,3.2500,-0.9990,3.2500,52.19,
1,Maze001,34.095,3.2500,-0.9990,3.2500,52.19,
1,Maze001,34.099,3.2500,-0.9990,3.2500,52.19,
1,Maze001,34.104,3.2500,-0.9990,3.2500,52.19,
1,Maze001,34.108,3.2500,-0.9990,3.2500,52.19,
1,Maze001,34.112,3.2500,-0.9990,3.2500,52.19,
1,Maze001,34.116,3.2500,-0.9990,3.2500,52.19,
1,Maze001,34.120,3.2500,-0.9990,3.2500,52.19,
1,Maze001,34.124,3.2500,-0.9990,3.2500,52.19,
1,Maze001,34.129,3.2500,-0.9990,3.2500,52.19,
1,Maze001,34.136,3.2500,-0.9990,3.2500,52.19,
1,Maze001,34.141,3.2500,-0.9990,3.2500,52.19,
1,Maze001,34.145,3.2500,-0.9990,3.2500,52.19,
1,Maze001,34.149,3.2500,-0.9990,3.2500,52.19,
1,Maze001,34.154,3.2500,-0.9990,3.2500,52.19,
1,Maze001,34.158,3.2500,-0.9990,3.2500,52.19,
1,Maze001,34.162,3.2500,-0.9990,3.2500,52.19,
1,Maze001,34.166,3.2500,-0.9990,3.2500,52.19,
1,Maze001,34.170,3.2500,-0.9990,3.2500,52.19,
1,Maze001,34.174,3.2500,-0.9990,3.2500,52.19,
1,Maze001,34.179,3.2500,-0.9990,3.2500,52.19,
1,Maze001,34.183,3.2500,-0.9990,3.2500,52.19,
1,Maze001,34.187,3.2500,-0.9990,3.2500,52.19,
1,Maze001,34.191,3.2500,-0.9990,3.2500,52.19,
1,Maze001,34.195,3.2500,-0.9990,3.2500,52.19,
1,Maze001,34.199,3.2500,-0.9990,3.2500,52.19,
1,Maze001,34.204,3.2500,-0.9990,3.2500,52.19,
1,Maze001,34.208,3.2500,-0.9990,3.2500,52.19,
1,Maze001,34.212,3.2500,-0.9990,3.2500,52.19,
1,Maze001,34.216,3.2500,-0.9990,3.2500,52.19,
1,Maze001,34.220,3.2500,-0.9990,3.2500,52.19,
1,Maze001,34.224,3.2500,-0.9990,3.2500,52.19,
1,Maze001,34.229,3.2500,-0.9990,3.2500,52.19,
1,Maze001,34.233,3.2500,-0.9990,3.2500,52.19,
1,Maze001,34.237,3.2500,-0.9990,3.2500,52.19,
1,Maze001,34.241,3.2500,-0.9990,3.2500,52.19,
1,Maze001,34.245,3.2500,-0.9990,3.2500,52.19,
1,Maze001,34.250,3.2500,-0.9990,3.2500,52.19,
1,Maze001,34.254,3.2500,-0.9990,3.2500,52.19,
1,Maze001,34.258,3.2500,-0.9990,3.2500,52.19,
1,Maze001,34.262,3.2500,-0.9990,3.2500,52.19,
1,Maze001,34.266,3.2500,-0.9990,3.2500,52.19,
1,Maze001,34.270,3.2500,-0.9990,3.2500,52.19,
1,Maze001,34.274,3.2500,-0.9990,3.2500,52.19,
1,Maze001,34.278,3.2500,-0.9990,3.2500,52.19,
1,Maze001,34.283,3.2500,-0.9990,3.2500,52.19,
1,Maze001,34.287,3.2500,-0.9990,3.2500,52.19,
1,Maze001,34.291,3.2500,-0.9990,3.2500,52.19,
1,Maze001,34.295,3.2500,-0.9990,3.2500,52.19,
1,Maze001,34.299,3.2500,-0.9990,3.2500,52.19,
1,Maze001,34.303,3.2500,-0.9990,3.2500,52.19,
1,Maze001,34.308,3.2500,-0.9990,3.2500,52.19,
1,Maze001,34.312,3.2500,-0.9990,3.2500,52.19,
1,Maze001,34.316,3.2500,-0.9990,3.2500,52.19,
1,Maze001,34.321,3.2500,-0.9990,3.2500,52.19,
1,Maze001,34.324,3.2500,-0.9990,3.2500,52.19,
1,Maze001,34.329,3.2500,-0.9990,3.2500,52.19,
1,Maze001,34.333,3.2500,-0.9990,3.2500,52.19,
1,Maze001,34.337,3.2500,-0.9990,3.2500,52.19,
1,Maze001,34.341,3.2500,-0.9990,3.2500,52.19,
1,Maze001,34.345,3.2500,-0.9990,3.2500,52.19,
1,Maze001,34.349,3.2500,-0.9990,3.2500,52.19,
1,Maze001,34.353,3.2500,-0.9990,3.2500,52.19,
1,Maze001,34.358,3.2500,-0.9990,3.2500,52.19,
1,Maze001,34.362,3.2500,-0.9990,3.2500,52.19,
1,Maze001,34.366,3.2500,-0.9990,3.2500,52.19,
1,Maze001,34.370,3.2500,-0.9990,3.2500,52.19,
1,Maze001,34.374,3.2500,-0.9990,3.2500,52.19,
1,Maze001,34.379,3.2500,-0.9990,3.2500,52.19,
1,Maze001,34.383,3.2500,-0.9990,3.2500,52.19,
1,Maze001,34.387,3.2500,-0.9990,3.2500,52.19,
1,Maze001,34.392,3.2500,-0.9990,3.2500,52.19,
1,Maze001,34.395,3.2500,-0.9990,3.2500,52.19,
1,Maze001,34.399,3.2500,-0.9990,3.2500,52.19,
1,Maze001,34.404,3.2500,-0.9990,3.2500,52.19,
1,Maze001,34.408,3.2500,-0.9990,3.2500,52.19,
1,Maze001,34.412,3.2500,-0.9990,3.2500,52.19,
1,Maze001,34.416,3.2500,-0.9990,3.2500,52.19,
1,Maze001,34.420,3.2500,-0.9990,3.2500,52.19,
1,Maze001,34.424,3.2500,-0.9990,3.2500,52.19,
1,Maze001,34.428,3.2500,-0.9990,3.2500,52.19,
1,Maze001,34.433,3.2500,-0.9990,3.2500,52.19,
1,Maze001,34.437,3.2500,-0.9990,3.2500,52.19,
1,Maze001,34.442,3.2500,-0.9990,3.2500,52.19,
1,Maze001,34.445,3.2500,-0.9990,3.2500,52.19,
1,Maze001,34.449,3.2500,-0.9990,3.2500,52.19,
1,Maze001,34.454,3.2500,-0.9990,3.2500,52.19,
1,Maze001,34.458,3.2500,-0.9990,3.2500,52.19,
1,Maze001,34.462,3.2500,-0.9990,3.2500,52.19,
1,Maze001,34.466,3.2500,-0.9990,3.2500,52.19,
1,Maze001,34.470,3.2500,-0.9990,3.2500,52.19,
1,Maze001,34.474,3.2500,-0.9990,3.2500,52.19,
1,Maze001,34.479,3.2500,-0.9990,3.2500,52.19,
1,Maze001,34.483,3.2500,-0.9990,3.2500,52.19,
1,Maze001,34.487,3.2500,-0.9990,3.2500,52.19,
1,Maze001,34.492,3.2500,-0.9990,3.2500,52.19,
1,Maze001,34.496,3.2500,-0.9990,3.2500,52.19,
1,Maze001,34.501,3.2500,-0.9990,3.2500,52.19,
1,Maze001,34.504,3.2500,-0.9990,3.2500,52.19,
1,Maze001,34.507,3.2500,-0.9990,3.2500,52.19,
1,Maze001,34.512,3.2500,-0.9990,3.2500,52.19,
1,Maze001,34.516,3.2500,-0.9990,3.2500,52.19,
1,Maze001,34.520,3.2500,-0.9990,3.2500,52.19,
1,Maze001,34.525,3.2500,-0.9990,3.2500,52.19,
1,Maze001,34.528,3.2500,-0.9990,3.2500,52.19,
1,Maze001,34.533,3.2500,-0.9990,3.2500,52.19,
1,Maze001,34.537,3.2500,-0.9990,3.2500,52.19,
1,Maze001,34.541,3.2500,-0.9990,3.2500,52.19,
1,Maze001,34.545,3.2500,-0.9990,3.2500,52.19,
1,Maze001,34.549,3.2500,-0.9990,3.2500,52.19,
1,Maze001,34.553,3.2500,-0.9990,3.2500,52.19,
1,Maze001,34.559,3.2500,-0.9990,3.2500,52.19,
1,Maze001,34.562,3.2500,-0.9990,3.2500,52.19,
1,Maze001,34.566,3.2500,-0.9990,3.2500,52.19,
1,Maze001,34.570,3.2500,-0.9990,3.2500,52.19,
1,Maze001,34.574,3.2500,-0.9990,3.2500,52.19,
1,Maze001,34.578,3.2500,-0.9990,3.2500,52.19,
1,Maze001,34.583,3.2500,-0.9990,3.2500,52.19,
1,Maze001,34.587,3.2500,-0.9990,3.2500,52.19,
1,Maze001,34.592,3.2500,-0.9990,3.2500,52.19,
1,Maze001,34.599,3.2500,-0.9990,3.2500,52.19,
1,Maze001,34.603,3.2500,-0.9990,3.2500,52.19,
1,Maze001,34.608,3.2500,-0.9990,3.2500,52.19,
1,Maze001,34.612,3.2500,-0.9990,3.2500,52.19,
1,Maze001,34.616,3.2500,-0.9990,3.2500,52.19,
1,Maze001,34.622,3.2500,-0.9990,3.2500,52.19,
1,Maze001,34.625,3.2500,-0.9990,3.2500,52.19,
1,Maze001,34.628,3.2500,-0.9990,3.2500,52.19,
1,Maze001,34.633,3.2500,-0.9990,3.2500,52.19,
1,Maze001,34.637,3.2500,-0.9990,3.2500,52.19,
1,Maze001,34.641,3.2500,-0.9990,3.2500,52.19,
1,Maze001,34.645,3.2500,-0.9990,3.2500,52.19,
1,Maze001,34.649,3.2500,-0.9990,3.2500,52.19,
1,Maze001,34.653,3.2500,-0.9990,3.2500,52.19,
1,Maze001,34.658,3.2500,-0.9990,3.2500,52.19,
1,Maze001,34.662,3.2500,-0.9990,3.2500,52.19,
1,Maze001,34.666,3.2500,-0.9990,3.2500,52.19,
1,Maze001,34.670,3.2500,-0.9990,3.2500,52.19,
1,Maze001,34.674,3.2500,-0.9990,3.2500,52.19,
1,Maze001,34.679,3.2500,-0.9990,3.2500,52.19,
1,Maze001,34.683,3.2500,-0.9990,3.2500,52.19,
1,Maze001,34.687,3.2500,-0.9990,3.2500,52.19,
1,Maze001,34.692,3.2500,-0.9990,3.2500,52.19,
1,Maze001,34.695,3.2500,-0.9990,3.2500,52.19,
1,Maze001,34.699,3.2500,-0.9990,3.2500,52.19,
1,Maze001,34.704,3.2500,-0.9990,3.2500,52.19,
1,Maze001,34.708,3.2500,-0.9990,3.2500,52.19,
1,Maze001,34.712,3.2500,-0.9990,3.2500,52.19,
1,Maze001,34.716,3.2500,-0.9990,3.2500,52.19,
1,Maze001,34.721,3.2500,-0.9990,3.2500,52.19,
1,Maze001,34.724,3.2500,-0.9990,3.2500,52.19,
1,Maze001,34.729,3.2500,-0.9990,3.2500,52.19,
1,Maze001,34.733,3.2500,-0.9990,3.2500,52.19,
1,Maze001,34.737,3.2500,-0.9990,3.2500,52.19,
1,Maze001,34.741,3.2500,-0.9990,3.2500,52.19,
1,Maze001,34.745,3.2500,-0.9990,3.2500,52.19,
1,Maze001,34.749,3.2500,-0.9990,3.2500,52.19,
1,Maze001,34.754,3.2500,-0.9990,3.2500,52.19,
1,Maze001,34.759,3.2500,-0.9990,3.2500,52.19,
1,Maze001,34.762,3.2500,-0.9990,3.2500,52.19,
1,Maze001,34.766,3.2500,-0.9990,3.2500,52.19,
1,Maze001,34.770,3.2500,-0.9990,3.2500,52.19,
1,Maze001,34.774,3.2500,-0.9990,3.2500,52.19,
1,Maze001,34.778,3.2500,-0.9990,3.2500,52.19,
1,Maze001,34.782,3.2500,-0.9990,3.2500,52.19,
1,Maze001,34.787,3.2500,-0.9990,3.2500,52.19,
1,Maze001,34.791,3.2500,-0.9990,3.2500,52.19,
1,Maze001,34.795,3.2500,-0.9990,3.2500,52.19,
1,Maze001,34.799,3.2500,-0.9990,3.2500,52.19,
1,Maze001,34.803,3.2500,-0.9990,3.2500,52.19,
1,Maze001,34.808,3.2500,-0.9990,3.2500,52.19,
1,Maze001,34.812,3.2500,-0.9990,3.2500,52.19,
1,Maze001,34.816,3.2500,-0.9990,3.2500,52.19,
1,Maze001,34.822,3.2500,-0.9990,3.2500,52.19,
1,Maze001,34.826,3.2500,-0.9990,3.2500,52.19,
1,Maze001,34.834,3.2500,-0.9990,3.2500,52.19,
1,Maze001,34.840,3.2500,-0.9990,3.2500,52.19,
1,Maze001,34.845,3.2500,-0.9990,3.2500,52.19,
1,Maze001,34.849,3.2500,-0.9990,3.2500,52.19,
1,Maze001,34.854,3.2500,-0.9990,3.2500,52.19,
1,Maze001,34.857,3.2500,-0.9990,3.2500,52.19,
1,Maze001,34.862,3.2500,-0.9990,3.2500,52.19,
1,Maze001,34.866,3.2500,-0.9990,3.2500,52.19,
1,Maze001,34.870,3.2500,-0.9990,3.2500,52.19,
1,Maze001,34.874,3.2500,-0.9990,3.2500,52.19,
1,Maze001,34.878,3.2500,-0.9990,3.2500,52.19,
1,Maze001,34.883,3.2500,-0.9990,3.2500,52.19,
1,Maze001,34.888,3.2500,-0.9990,3.2500,52.19,
1,Maze001,34.892,3.2500,-0.9990,3.2500,52.19,
1,Maze001,34.899,3.2500,-0.9990,3.2500,52.19,
1,Maze001,34.904,3.2500,-0.9990,3.2500,52.19,
1,Maze001,34.907,3.2500,-0.9990,3.2500,52.19,
1,Maze001,34.912,3.2500,-0.9990,3.2500,52.19,
1,Maze001,34.917,3.2500,-0.9990,3.2500,52.19,
1,Maze001,34.922,3.2500,-0.9990,3.2500,52.19,
1,Maze001,34.925,3.2500,-0.9990,3.2500,52.19,
1,Maze001,34.928,3.2500,-0.9990,3.2500,52.19,
1,Maze001,34.933,3.2500,-0.9990,3.2500,52.19,
1,Maze001,34.937,3.2500,-0.9990,3.2500,52.19,
1,Maze001,34.941,3.2500,-0.9990,3.2500,52.19,
1,Maze001,34.945,3.2500,-0.9990,3.2500,52.19,
1,Maze001,34.949,3.2500,-0.9990,3.2500,52.19,
1,Maze001,34.955,3.2500,-0.9990,3.2500,52.19,
1,Maze001,34.958,3.2500,-0.9990,3.2500,52.19,
1,Maze001,34.965,3.2500,-0.9990,3.2500,52.19,
1,Maze001,34.970,3.2500,-0.9990,3.2500,52.19,
1,Maze001,34.974,3.2500,-0.9990,3.2500,52.19,
1,Maze001,34.978,3.2500,-0.9990,3.2500,52.19,
1,Maze001,34.983,3.2500,-0.9990,3.2500,52.19,
1,Maze001,34.988,3.2500,-0.9990,3.2500,52.19,
1,Maze001,34.991,3.2500,-0.9990,3.2500,52.19,
1,Maze001,34.995,3.2500,-0.9990,3.2500,52.19,
1,Maze001,34.999,3.2500,-0.9990,3.2500,52.19,
1,Maze001,35.003,3.2500,-0.9990,3.2500,52.19,
1,Maze001,35.007,3.2500,-0.9990,3.2500,52.19,
1,Maze001,35.012,3.2500,-0.9990,3.2500,52.19,
1,Maze001,35.017,3.2500,-0.9990,3.2500,52.19,
1,Maze001,35.020,3.2500,-0.9990,3.2500,52.19,
1,Maze001,35.024,3.2500,-0.9990,3.2500,52.19,
1,Maze001,35.028,3.2500,-0.9990,3.2500,52.19,
1,Maze001,35.033,3.2500,-0.9990,3.2500,52.19,
1,Maze001,35.037,3.2500,-0.9990,3.2500,52.19,
1,Maze001,35.041,3.2500,-0.9990,3.2500,52.19,
1,Maze001,35.045,3.2500,-0.9990,3.2500,52.19,
1,Maze001,35.051,3.2500,-0.9990,3.2500,52.19,
1,Maze001,35.054,3.2500,-0.9990,3.2500,52.19,
1,Maze001,35.057,3.2500,-0.9990,3.2500,52.19,
1,Maze001,35.062,3.2500,-0.9990,3.2500,52.19,
1,Maze001,35.066,3.2500,-0.9990,3.2500,52.19,
1,Maze001,35.070,3.2500,-0.9990,3.2500,52.19,
1,Maze001,35.074,3.2500,-0.9990,3.2500,52.19,
1,Maze001,35.078,3.2500,-0.9990,3.2500,52.19,
1,Maze001,35.083,3.2500,-0.9990,3.2500,52.19,
1,Maze001,35.087,3.2500,-0.9990,3.2500,52.19,
1,Maze001,35.091,3.2500,-0.9990,3.2500,52.19,
1,Maze001,35.095,3.2500,-0.9990,3.2500,52.19,
1,Maze001,35.099,3.2500,-0.9990,3.2500,52.19,
1,Maze001,35.103,3.2500,-0.9990,3.2500,52.19,
1,Maze001,35.107,3.2500,-0.9990,3.2500,52.19,
1,Maze001,35.112,3.2500,-0.9990,3.2500,52.19,
1,Maze001,35.117,3.2500,-0.9990,3.2500,52.19,
1,Maze001,35.124,3.2500,-0.9990,3.2500,52.19,
1,Maze001,35.128,3.2500,-0.9990,3.2500,52.19,
1,Maze001,35.132,3.2500,-0.9990,3.2500,52.19,
1,Maze001,35.137,3.2500,-0.9990,3.2500,52.19,
1,Maze001,35.141,3.2500,-0.9990,3.2500,52.19,
1,Maze001,35.145,3.2500,-0.9990,3.2500,52.19,
1,Maze001,35.150,3.2500,-0.9990,3.2500,52.19,
1,Maze001,35.153,3.2500,-0.9990,3.2500,52.19,
1,Maze001,35.158,3.2500,-0.9990,3.2500,52.19,
1,Maze001,35.162,3.2500,-0.9990,3.2500,52.19,
1,Maze001,35.166,3.2500,-0.9990,3.2500,52.19,
1,Maze001,35.170,3.2500,-0.9990,3.2500,52.19,
1,Maze001,35.174,3.2500,-0.9990,3.2500,52.19,
1,Maze001,35.178,3.2500,-0.9990,3.2500,52.19,
1,Maze001,35.183,3.2500,-0.9990,3.2500,52.19,
1,Maze001,35.187,3.2500,-0.9990,3.2500,52.19,
1,Maze001,35.191,3.2500,-0.9990,3.2500,52.19,
1,Maze001,35.195,3.2500,-0.9990,3.2500,52.19,
1,Maze001,35.199,3.2500,-0.9990,3.2500,52.19,
1,Maze001,35.203,3.2500,-0.9990,3.2500,52.19,
1,Maze001,35.208,3.2500,-0.9990,3.2500,52.19,
1,Maze001,35.212,3.2500,-0.9990,3.2500,52.19,
1,Maze001,35.216,3.2500,-0.9990,3.2500,52.19,
1,Maze001,35.220,3.2500,-0.9990,3.2500,52.19,
1,Maze001,35.225,3.2500,-0.9990,3.2500,52.19,
1,Maze001,35.228,3.2500,-0.9990,3.2500,52.19,
1,Maze001,35.232,3.2500,-0.9990,3.2500,52.19,
1,Maze001,35.237,3.2500,-0.9990,3.2500,52.19,
1,Maze001,35.241,3.2500,-0.9990,3.2500,52.19,
1,Maze001,35.245,3.2500,-0.9990,3.2500,52.19,
1,Maze001,35.249,3.2500,-0.9990,3.2500,52.19,
1,Maze001,35.253,3.2500,-0.9990,3.2500,52.19,
1,Maze001,35.258,3.2500,-0.9990,3.2500,52.19,
1,Maze001,35.262,3.2500,-0.9990,3.2500,52.19,
1,Maze001,35.266,3.2500,-0.9990,3.2500,52.19,
1,Maze001,35.270,3.2500,-0.9990,3.2500,52.19,
1,Maze001,35.274,3.2500,-0.9990,3.2500,52.19,
1,Maze001,35.278,3.2500,-0.9990,3.2500,52.19,
1,Maze001,35.283,3.2500,-0.9990,3.2500,52.19,
1,Maze001,35.286,3.2500,-0.9990,3.2500,52.19,
1,Maze001,35.291,3.2500,-0.9990,3.2500,52.19,
1,Maze001,35.295,3.2500,-0.9990,3.2500,52.19,
1,Maze001,35.299,3.2500,-0.9990,3.2500,52.19,
1,Maze001,35.303,3.2500,-0.9990,3.2500,52.19,
1,Maze001,35.308,3.2500,-0.9990,3.2500,52.19,
1,Maze001,35.312,3.2500,-0.9990,3.2500,52.19,
1,Maze001,35.316,3.2500,-0.9990,3.2500,52.19,
1,Maze001,35.320,3.2500,-0.9990,3.2500,52.19,
1,Maze001,35.324,3.2500,-0.9990,3.2500,52.19,
1,Maze001,35.329,3.2500,-0.9990,3.2500,52.19,
1,Maze001,35.332,3.2500,-0.9990,3.2500,52.19,
1,Maze001,35.337,3.2500,-0.9990,3.2500,52.19,
1,Maze001,35.341,3.2500,-0.9990,3.2500,52.19,
1,Maze001,35.346,3.2500,-0.9990,3.2500,52.19,
1,Maze001,35.349,3.2500,-0.9990,3.2500,52.19,
1,Maze001,35.353,3.2500,-0.9990,3.2500,52.19,
1,Maze001,35.357,3.2500,-0.9990,3.2500,52.19,
1,Maze001,35.362,3.2500,-0.9990,3.2500,52.19,
1,Maze001,35.366,3.2500,-0.9990,3.2500,52.19,
1,Maze001,35.370,3.2500,-0.9990,3.2500,52.19,
1,Maze001,35.374,3.2500,-0.9990,3.2500,52.19,
1,Maze001,35.378,3.2500,-0.9990,3.2500,52.19,
1,Maze001,35.382,3.2500,-0.9990,3.2500,52.19,
1,Maze001,35.387,3.2500,-0.9990,3.2500,52.19,
1,Maze001,35.391,3.2500,-0.9990,3.2500,52.19,
1,Maze001,35.395,3.2500,-0.9990,3.2500,52.19,
1,Maze001,35.399,3.2500,-0.9990,3.2500,52.19,
1,Maze001,35.403,3.2500,-0.9990,3.2500,52.19,
1,Maze001,35.408,3.2500,-0.9990,3.2500,52.19,
1,Maze001,35.412,3.2500,-0.9990,3.2500,52.19,
1,Maze001,35.416,3.2500,-0.9990,3.2500,52.19,
1,Maze001,35.420,3.2500,-0.9990,3.2500,52.19,
1,Maze001,35.424,3.2500,-0.9990,3.2500,52.19,
1,Maze001,35.428,3.2500,-0.9990,3.2500,52.19,
1,Maze001,35.433,3.2500,-0.9990,3.2500,52.19,
1,Maze001,35.437,3.2500,-0.9990,3.2500,52.19,
1,Maze001,35.441,3.2500,-0.9990,3.2500,52.19,
1,Maze001,35.445,3.2500,-0.9990,3.2500,52.19,
1,Maze001,35.449,3.2500,-0.9990,3.2500,52.19,
1,Maze001,35.453,3.2500,-0.9990,3.2500,52.19,
1,Maze001,35.457,3.2500,-0.9990,3.2500,52.19,
1,Maze001,35.461,3.2500,-0.9990,3.2500,52.19,
1,Maze001,35.465,3.2500,-0.9990,3.2500,52.19,
1,Maze001,35.470,3.2500,-0.9990,3.2500,52.19,
1,Maze001,35.474,3.2500,-0.9990,3.2500,52.19,
1,Maze001,35.478,3.2500,-0.9990,3.2500,52.19,
1,Maze001,35.482,3.2500,-0.9990,3.2500,52.19,
1,Maze001,35.487,3.2500,-0.9990,3.2500,52.19,
1,Maze001,35.491,3.2500,-0.9990,3.2500,52.19,
1,Maze001,35.495,3.2500,-0.9990,3.2500,52.19,
1,Maze001,35.499,3.2500,-0.9990,3.2500,52.19,
1,Maze001,35.503,3.2500,-0.9990,3.2500,52.19,
1,Maze001,35.508,3.2500,-0.9990,3.2500,52.19,
1,Maze001,35.512,3.2500,-0.9990,3.2500,52.19,
1,Maze001,35.516,3.2500,-0.9990,3.2500,52.19,
1,Maze001,35.520,3.2500,-0.9990,3.2500,52.19,
1,Maze001,35.524,3.2500,-0.9990,3.2500,52.19,
1,Maze001,35.528,3.2500,-0.9990,3.2500,52.19,
1,Maze001,35.533,3.2500,-0.9990,3.2500,52.19,
1,Maze001,35.537,3.2500,-0.9990,3.2500,52.19,
1,Maze001,35.541,3.2500,-0.9990,3.2500,52.19,
1,Maze001,35.545,3.2500,-0.9990,3.2500,52.19,
1,Maze001,35.549,3.2500,-0.9990,3.2500,52.19,
1,Maze001,35.553,3.2500,-0.9990,3.2500,52.19,
1,Maze001,35.557,3.2500,-0.9990,3.2500,52.19,
1,Maze001,35.562,3.2500,-0.9990,3.2500,52.19,
1,Maze001,35.566,3.2500,-0.9990,3.2500,52.19,
1,Maze001,35.570,3.2500,-0.9990,3.2500,52.19,
1,Maze001,35.574,3.2500,-0.9990,3.2500,52.19,
1,Maze001,35.578,3.2500,-0.9990,3.2500,52.19,
1,Maze001,35.582,3.2500,-0.9990,3.2500,52.19,
1,Maze001,35.587,3.2500,-0.9990,3.2500,52.19,
1,Maze001,35.591,3.2500,-0.9990,3.2500,52.19,
1,Maze001,35.595,3.2500,-0.9990,3.2500,52.19,
1,Maze001,35.599,3.2500,-0.9990,3.2500,52.19,
1,Maze001,35.603,3.2500,-0.9990,3.2500,52.19,
1,Maze001,35.608,3.2500,-0.9990,3.2500,52.19,
1,Maze001,35.612,3.2500,-0.9990,3.2500,52.19,
1,Maze001,35.616,3.2500,-0.9990,3.2500,52.19,
1,Maze001,35.620,3.2500,-0.9990,3.2500,52.19,
1,Maze001,35.624,3.2500,-0.9990,3.2500,52.19,
1,Maze001,35.628,3.2500,-0.9990,3.2500,52.19,
1,Maze001,35.632,3.2500,-0.9990,3.2500,52.19,
1,Maze001,35.636,3.2500,-0.9990,3.2500,52.19,
1,Maze001,35.641,3.2500,-0.9990,3.2500,52.19,
1,Maze001,35.645,3.2500,-0.9990,3.2500,52.19,
1,Maze001,35.650,3.2500,-0.9990,3.2500,52.19,
1,Maze001,35.653,3.2500,-0.9990,3.2500,52.19,
1,Maze001,35.658,3.2500,-0.9990,3.2500,52.19,
1,Maze001,35.662,3.2500,-0.9990,3.2500,52.19,
1,Maze001,35.666,3.2500,-0.9990,3.2500,52.19,
1,Maze001,35.670,3.2500,-0.9990,3.2500,52.19,
1,Maze001,35.675,3.2500,-0.9990,3.2500,52.19,
1,Maze001,35.679,3.2500,-0.9990,3.2500,52.19,
1,Maze001,35.683,3.2500,-0.9990,3.2500,52.19,
1,Maze001,35.687,3.2500,-0.9990,3.2500,52.19,
1,Maze001,35.691,3.2500,-0.9990,3.2500,52.19,
1,Maze001,35.695,3.2500,-0.9990,3.2500,52.19,
1,Maze001,35.699,3.2500,-0.9990,3.2500,52.19,
1,Maze001,35.703,3.2500,-0.9990,3.2500,52.19,
1,Maze001,35.707,3.2500,-0.9990,3.2500,52.19,
1,Maze001,35.712,3.2500,-0.9990,3.2500,52.19,
1,Maze001,35.716,3.2500,-0.9990,3.2500,52.19,
1,Maze001,35.720,3.2500,-0.9990,3.2500,52.19,
1,Maze001,35.724,3.2500,-0.9990,3.2500,52.19,
1,Maze001,35.729,3.2500,-0.9990,3.2500,52.19,
1,Maze001,35.732,3.2500,-0.9990,3.2500,52.19,
1,Maze001,35.737,3.2500,-0.9990,3.2500,52.19,
1,Maze001,35.741,3.2500,-0.9990,3.2500,52.19,
1,Maze001,35.745,3.2500,-0.9990,3.2500,52.19,
1,Maze001,35.749,3.2500,-0.9990,3.2500,52.19,
1,Maze001,35.753,3.2500,-0.9990,3.2500,52.19,
1,Maze001,35.757,3.2500,-0.9990,3.2500,52.19,
1,Maze001,35.762,3.2500,-0.9990,3.2500,52.19,
1,Maze001,35.766,3.2500,-0.9990,3.2500,52.19,
1,Maze001,35.770,3.2500,-0.9990,3.2500,52.19,
1,Maze001,35.774,3.2500,-0.9990,3.2500,52.19,
1,Maze001,35.778,3.2500,-0.9990,3.2500,52.19,
1,Maze001,35.783,3.2500,-0.9990,3.2500,52.19,
1,Maze001,35.787,3.2500,-0.9990,3.2500,52.19,
1,Maze001,35.791,3.2500,-0.9990,3.2500,52.19,
1,Maze001,35.795,3.2500,-0.9990,3.2500,52.19,
1,Maze001,35.799,3.2500,-0.9990,3.2500,52.19,
1,Maze001,35.803,3.2500,-0.9990,3.2500,52.19,
1,Maze001,35.808,3.2500,-0.9990,3.2500,52.19,
1,Maze001,35.812,3.2500,-0.9990,3.2500,52.19,
1,Maze001,35.816,3.2500,-0.9990,3.2500,52.19,
1,Maze001,35.820,3.2500,-0.9990,3.2500,52.19,
1,Maze001,35.824,3.2500,-0.9990,3.2500,52.19,
1,Maze001,35.829,3.2500,-0.9990,3.2500,52.19,
1,Maze001,35.832,3.2500,-0.9990,3.2500,52.19,
1,Maze001,35.837,3.2500,-0.9990,3.2500,52.19,
1,Maze001,35.841,3.2500,-0.9990,3.2500,52.19,
1,Maze001,35.845,3.2500,-0.9990,3.2500,52.19,
1,Maze001,35.850,3.2500,-0.9990,3.2500,52.19,
1,Maze001,35.853,3.2500,-0.9990,3.2500,52.19,
1,Maze001,35.858,3.2500,-0.9990,3.2500,52.19,
1,Maze001,35.864,3.2500,-0.9990,3.2500,52.19,
1,Maze001,35.867,3.2500,-0.9990,3.2500,52.19,
1,Maze001,35.875,3.2500,-0.9990,3.2500,52.19,
1,Maze001,35.878,3.2500,-0.9990,3.2500,52.19,
1,Maze001,35.882,3.2500,-0.9990,3.2500,52.19,
1,Maze001,35.887,3.2500,-0.9990,3.2500,52.19,
1,Maze001,35.891,3.2500,-0.9990,3.2500,52.19,
1,Maze001,35.895,3.2500,-0.9990,3.2500,52.19,
1,Maze001,35.899,3.2500,-0.9990,3.2500,52.19,
1,Maze001,35.903,3.2500,-0.9990,3.2500,52.19,
1,Maze001,35.907,3.2500,-0.9990,3.2500,52.19,
1,Maze001,35.912,3.2500,-0.9990,3.2500,52.19,
1,Maze001,35.916,3.2500,-0.9990,3.2500,52.19,
1,Maze001,35.920,3.2500,-0.9990,3.2500,52.19,
1,Maze001,35.924,3.2500,-0.9990,3.2500,52.19,
1,Maze001,35.928,3.2500,-0.9990,3.2500,52.19,
1,Maze001,35.932,3.2500,-0.9990,3.2500,52.19,
1,Maze001,35.937,3.2500,-0.9990,3.2500,52.19,
1,Maze001,35.941,3.2500,-0.9990,3.2500,52.19,
1,Maze001,35.945,3.2500,-0.9990,3.2500,52.19,
1,Maze001,35.949,3.2500,-0.9990,3.2500,52.19,
1,Maze001,35.953,3.2500,-0.9990,3.2500,52.19,
1,Maze001,35.957,3.2500,-0.9990,3.2500,52.19,
1,Maze001,35.962,3.2500,-0.9990,3.2500,52.19,
1,Maze001,35.966,3.2500,-0.9990,3.2500,52.19,
1,Maze001,35.970,3.2500,-0.9990,3.2500,52.19,
1,Maze001,35.974,3.2500,-0.9990,3.2500,52.19,
1,Maze001,35.978,3.2500,-0.9990,3.2500,52.19,
1,Maze001,35.983,3.2500,-0.9990,3.2500,52.19,
1,Maze001,35.988,3.2500,-0.9990,3.2500,52.19,
1,Maze001,35.991,3.2500,-0.9990,3.2500,52.19,
1,Maze001,35.995,3.2500,-0.9990,3.2500,52.19,
1,Maze001,35.999,3.2500,-0.9990,3.2500,52.19,
1,Maze001,36.003,3.2500,-0.9990,3.2500,52.19,
1,Maze001,36.007,3.2500,-0.9990,3.2500,52.19,
1,Maze001,36.011,3.2500,-0.9990,3.2500,52.19,
1,Maze001,36.015,3.2500,-0.9990,3.2500,52.19,
1,Maze001,36.020,3.2500,-0.9990,3.2500,52.19,
1,Maze001,36.024,3.2500,-0.9990,3.2500,52.19,
1,Maze001,36.028,3.2500,-0.9990,3.2500,52.19,
1,Maze001,36.032,3.2500,-0.9990,3.2500,52.19,
1,Maze001,36.037,3.2500,-0.9990,3.2500,52.19,
1,Maze001,36.041,3.2500,-0.9990,3.2500,52.19,
1,Maze001,36.045,3.2500,-0.9990,3.2500,52.19,
1,Maze001,36.049,3.2500,-0.9990,3.2500,52.19,
1,Maze001,36.053,3.2500,-0.9990,3.2500,52.19,
1,Maze001,36.057,3.2500,-0.9990,3.2500,52.19,
1,Maze001,36.062,3.2500,-0.9990,3.2500,52.19,
1,Maze001,36.066,3.2500,-0.9990,3.2500,52.19,
1,Maze001,36.070,3.2500,-0.9990,3.2500,52.19,
1,Maze001,36.074,3.2500,-0.9990,3.2500,52.19,
1,Maze001,36.079,3.2500,-0.9990,3.2500,52.19,
1,Maze001,36.083,3.2500,-0.9990,3.2500,52.19,
1,Maze001,36.087,3.2500,-0.9990,3.2500,52.19,
1,Maze001,36.092,3.2500,-0.9990,3.2500,52.19,
1,Maze001,36.096,3.2500,-0.9990,3.2500,52.19,
1,Maze001,36.100,3.2500,-0.9990,3.2500,52.19,
1,Maze001,36.104,3.2500,-0.9990,3.2500,52.19,
1,Maze001,36.108,3.2500,-0.9990,3.2500,52.19,
1,Maze001,36.112,3.2500,-0.9990,3.2500,52.19,
1,Maze001,36.116,3.2500,-0.9990,3.2500,52.19,
1,Maze001,36.120,3.2500,-0.9990,3.2500,52.19,
1,Maze001,36.124,3.2500,-0.9990,3.2500,52.19,
1,Maze001,36.128,3.2500,-0.9990,3.2500,52.19,
1,Maze001,36.132,3.2500,-0.9990,3.2500,52.19,
1,Maze001,36.137,3.2500,-0.9990,3.2500,52.19,
1,Maze001,36.141,3.2500,-0.9990,3.2500,52.19,
1,Maze001,36.145,3.2500,-0.9990,3.2500,52.19,
1,Maze001,36.149,3.2500,-0.9990,3.2500,52.19,
1,Maze001,36.153,3.2500,-0.9990,3.2500,52.19,
1,Maze001,36.158,3.2500,-0.9990,3.2500,52.19,
1,Maze001,36.162,3.2500,-0.9990,3.2500,52.19,
1,Maze001,36.165,3.2500,-0.9990,3.2500,52.19,
1,Maze001,36.170,3.2500,-0.9990,3.2500,52.19,
1,Maze001,36.174,3.2500,-0.9990,3.2500,52.19,
1,Maze001,36.179,3.2500,-0.9990,3.2500,52.19,
1,Maze001,36.183,3.2500,-0.9990,3.2500,52.19,
1,Maze001,36.187,3.2500,-0.9990,3.2500,52.19,
1,Maze001,36.191,3.2500,-0.9990,3.2500,52.19,
1,Maze001,36.195,3.2500,-0.9990,3.2500,52.19,
1,Maze001,36.199,3.2500,-0.9990,3.2500,52.19,
1,Maze001,36.203,3.2500,-0.9990,3.2500,52.19,
1,Maze001,36.207,3.2500,-0.9990,3.2500,52.19,
1,Maze001,36.212,3.2500,-0.9990,3.2500,52.19,
1,Maze001,36.216,3.2500,-0.9990,3.2500,52.19,
1,Maze001,36.220,3.2500,-0.9990,3.2500,52.19,
1,Maze001,36.224,3.2500,-0.9990,3.2500,52.19,
1,Maze001,36.228,3.2500,-0.9990,3.2500,52.19,
1,Maze001,36.232,3.2500,-0.9990,3.2500,52.19,
1,Maze001,36.236,3.2500,-0.9990,3.2500,52.19,
1,Maze001,36.240,3.2500,-0.9990,3.2500,52.19,
1,Maze001,36.245,3.2500,-0.9990,3.2500,52.19,
1,Maze001,36.249,3.2500,-0.9990,3.2500,52.19,
1,Maze001,36.253,3.2500,-0.9990,3.2500,52.19,
1,Maze001,36.257,3.2500,-0.9990,3.2500,52.19,
1,Maze001,36.261,3.2500,-0.9990,3.2500,52.19,
1,Maze001,36.266,3.2500,-0.9990,3.2500,52.19,
1,Maze001,36.270,3.2500,-0.9990,3.2500,52.19,
1,Maze001,36.275,3.2500,-0.9990,3.2500,52.19,
1,Maze001,36.279,3.2500,-0.9990,3.2500,52.19,
1,Maze001,36.282,3.2500,-0.9990,3.2500,52.19,
1,Maze001,36.286,3.2500,-0.9990,3.2500,52.19,
1,Maze001,36.291,3.2500,-0.9990,3.2500,52.19,
1,Maze001,36.295,3.2500,-0.9990,3.2500,52.19,
1,Maze001,36.299,3.2500,-0.9990,3.2500,52.19,
1,Maze001,36.303,3.2500,-0.9990,3.2500,52.19,
1,Maze001,36.307,3.2500,-0.9990,3.2500,52.19,
1,Maze001,36.312,3.2500,-0.9990,3.2500,52.19,
1,Maze001,36.315,3.2500,-0.9990,3.2500,52.19,
1,Maze001,36.320,3.2500,-0.9990,3.2500,52.19,
1,Maze001,36.324,3.2500,-0.9990,3.2500,52.19,
1,Maze001,36.329,3.2500,-0.9990,3.2500,52.19,
1,Maze001,36.333,3.2500,-0.9990,3.2500,52.19,
1,Maze001,36.336,3.2500,-0.9990,3.2500,52.19,
1,Maze001,36.341,3.2500,-0.9990,3.2500,52.19,
1,Maze001,36.345,3.2500,-0.9990,3.2500,52.19,
1,Maze001,36.349,3.2500,-0.9990,3.2500,52.19,
1,Maze001,36.353,3.2500,-0.9990,3.2500,52.19,
1,Maze001,36.359,3.2500,-0.9990,3.2500,52.19,
1,Maze001,36.362,3.2500,-0.9990,3.2500,52.19,
1,Maze001,36.365,3.2500,-0.9990,3.2500,52.19,
1,Maze001,36.370,3.2500,-0.9990,3.2500,52.19,
1,Maze001,36.374,3.2500,-0.9990,3.2500,52.19,
1,Maze001,36.378,3.2500,-0.9990,3.2500,52.19,
1,Maze001,36.383,3.2500,-0.9990,3.2500,52.19,
1,Maze001,36.387,3.2500,-0.9990,3.2500,52.19,
1,Maze001,36.391,3.2500,-0.9990,3.2500,52.19,
1,Maze001,36.395,3.2500,-0.9990,3.2500,52.19,
1,Maze001,36.399,3.2500,-0.9990,3.2500,52.19,
1,Maze001,36.403,3.2500,-0.9990,3.2500,52.19,
1,Maze001,36.407,3.2500,-0.9990,3.2500,52.19,
1,Maze001,36.411,3.2500,-0.9990,3.2500,52.19,
1,Maze001,36.416,3.2500,-0.9990,3.2500,52.19,
1,Maze001,36.420,3.2500,-0.9990,3.2500,52.19,
1,Maze001,36.424,3.2500,-0.9990,3.2500,52.19,
1,Maze001,36.428,3.2500,-0.9990,3.2500,52.19,
1,Maze001,36.432,3.2500,-0.9990,3.2500,52.19,
1,Maze001,36.437,3.2500,-0.9990,3.2500,52.19,
1,Maze001,36.441,3.2500,-0.9990,3.2500,52.19,
1,Maze001,36.445,3.2500,-0.9990,3.2500,52.19,
1,Maze001,36.449,3.2500,-0.9990,3.2500,52.19,
1,Maze001,36.453,3.2500,-0.9990,3.2500,52.19,
1,Maze001,36.457,3.2500,-0.9990,3.2500,52.19,
1,Maze001,36.462,3.2500,-0.9990,3.2500,52.19,
1,Maze001,36.466,3.2500,-0.9990,3.2500,52.19,
1,Maze001,36.471,3.2500,-0.9990,3.2500,52.19,
1,Maze001,36.474,3.2500,-0.9990,3.2500,52.19,
1,Maze001,36.478,3.2500,-0.9990,3.2500,52.19,
1,Maze001,36.482,3.2500,-0.9990,3.2500,52.19,
1,Maze001,36.486,3.2500,-0.9990,3.2500,52.19,
1,Maze001,36.491,3.2500,-0.9990,3.2500,52.19,
1,Maze001,36.495,3.2500,-0.9990,3.2500,52.19,
1,Maze001,36.499,3.2500,-0.9990,3.2500,52.19,
1,Maze001,36.503,3.2500,-0.9990,3.2500,52.19,
1,Maze001,36.508,3.2500,-0.9990,3.2500,52.19,
1,Maze001,36.512,3.2500,-0.9990,3.2500,52.19,
1,Maze001,36.516,3.2500,-0.9990,3.2500,52.19,
1,Maze001,36.520,3.2500,-0.9990,3.2500,52.19,
1,Maze001,36.524,3.2500,-0.9990,3.2500,52.19,
1,Maze001,36.528,3.2500,-0.9990,3.2500,52.19,
1,Maze001,36.532,3.2500,-0.9990,3.2500,52.19,
1,Maze001,36.536,3.2500,-0.9990,3.2500,52.19,
1,Maze001,36.541,3.2500,-0.9990,3.2500,52.19,
1,Maze001,36.545,3.2500,-0.9990,3.2500,52.19,
1,Maze001,36.549,3.2500,-0.9990,3.2500,52.19,
1,Maze001,36.553,3.2500,-0.9990,3.2500,52.19,
1,Maze001,36.557,3.2500,-0.9990,3.2500,52.19,
1,Maze001,36.561,3.2500,-0.9990,3.2500,52.19,
1,Maze001,36.566,3.2500,-0.9990,3.2500,52.19,
1,Maze001,36.570,3.2500,-0.9990,3.2500,52.19,
1,Maze001,36.574,3.2500,-0.9990,3.2500,52.19,
1,Maze001,36.578,3.2500,-0.9990,3.2500,52.19,
1,Maze001,36.582,3.2500,-0.9990,3.2500,52.19,
1,Maze001,36.586,3.2500,-0.9990,3.2500,52.19,
1,Maze001,36.590,3.2500,-0.9990,3.2500,52.19,
1,Maze001,36.595,3.2500,-0.9990,3.2500,52.19,
1,Maze001,36.599,3.2500,-0.9990,3.2500,52.19,
1,Maze001,36.603,3.2500,-0.9990,3.2500,52.19,
1,Maze001,36.607,3.2500,-0.9990,3.2500,52.19,
1,Maze001,36.612,3.2500,-0.9990,3.2500,52.19,
1,Maze001,36.616,3.2500,-0.9990,3.2500,52.19,
1,Maze001,36.620,3.2500,-0.9990,3.2500,52.19,
1,Maze001,36.624,3.2500,-0.9990,3.2500,52.19,
1,Maze001,36.628,3.2500,-0.9990,3.2500,52.19,
1,Maze001,36.632,3.2500,-0.9990,3.2500,52.19,
1,Maze001,36.636,3.2500,-0.9990,3.2500,52.19,
1,Maze001,36.640,3.2500,-0.9990,3.2500,52.19,
1,Maze001,36.645,3.2500,-0.9990,3.2500,52.19,
1,Maze001,36.649,3.2500,-0.9990,3.2500,52.19,
1,Maze001,36.653,3.2500,-0.9990,3.2500,52.19,
1,Maze001,36.657,3.2500,-0.9990,3.2500,52.19,
1,Maze001,36.662,3.2500,-0.9990,3.2500,52.19,
1,Maze001,36.666,3.2500,-0.9990,3.2500,52.19,
1,Maze001,36.670,3.2500,-0.9990,3.2500,52.19,
1,Maze001,36.674,3.2500,-0.9990,3.2500,52.19,
1,Maze001,36.678,3.2500,-0.9990,3.2500,52.19,
1,Maze001,36.683,3.2500,-0.9990,3.2500,52.19,
1,Maze001,36.686,3.2500,-0.9990,3.2500,52.19,
1,Maze001,36.691,3.2500,-0.9990,3.2500,52.19,
1,Maze001,36.695,3.2500,-0.9990,3.2500,52.19,
1,Maze001,36.699,3.2500,-0.9990,3.2500,52.19,
1,Maze001,36.704,3.2500,-0.9990,3.2500,52.19,
1,Maze001,36.707,3.2500,-0.9990,3.2500,52.19,
1,Maze001,36.712,3.2500,-0.9990,3.2500,52.19,
1,Maze001,36.716,3.2500,-0.9990,3.2500,52.19,
1,Maze001,36.720,3.2500,-0.9990,3.2500,52.19,
1,Maze001,36.724,3.2500,-0.9990,3.2500,52.19,
1,Maze001,36.728,3.2500,-0.9990,3.2500,52.19,
1,Maze001,36.732,3.2500,-0.9990,3.2500,52.19,
1,Maze001,36.738,3.2500,-0.9990,3.2500,52.19,
1,Maze001,36.742,3.2500,-0.9990,3.2500,52.19,
1,Maze001,36.745,3.2500,-0.9990,3.2500,52.19,
1,Maze001,36.749,3.2500,-0.9990,3.2500,52.19,
1,Maze001,36.753,3.2500,-0.9990,3.2500,52.19,
1,Maze001,36.757,3.2500,-0.9990,3.2500,52.19,
1,Maze001,36.761,3.2500,-0.9990,3.2500,52.19,
1,Maze001,36.765,3.2500,-0.9990,3.2500,52.19,
1,Maze001,36.770,3.2500,-0.9990,3.2500,52.19,
1,Maze001,36.774,3.2500,-0.9990,3.2500,52.19,
1,Maze001,36.779,3.2500,-0.9990,3.2500,52.19,
1,Maze001,36.782,3.2500,-0.9990,3.2500,52.19,
1,Maze001,36.787,3.2500,-0.9990,3.2500,52.19,
1,Maze001,36.791,3.2500,-0.9990,3.2500,52.19,
1,Maze001,36.795,3.2500,-0.9990,3.2500,52.19,
1,Maze001,36.799,3.2500,-0.9990,3.2500,52.19,
1,Maze001,36.803,3.2500,-0.9990,3.2500,52.19,
1,Maze001,36.807,3.2500,-0.9990,3.2500,52.19,
1,Maze001,36.811,3.2500,-0.9990,3.2500,52.19,
1,Maze001,36.815,3.2500,-0.9990,3.2500,52.19,
1,Maze001,36.820,3.2500,-0.9990,3.2500,52.19,
1,Maze001,36.824,3.2500,-0.9990,3.2500,52.19,
1,Maze001,36.828,3.2500,-0.9990,3.2500,52.19,
1,Maze001,36.832,3.2500,-0.9990,3.2500,52.19,
1,Maze001,36.836,3.2500,-0.9990,3.2500,52.19,
1,Maze001,36.841,3.2500,-0.9990,3.2500,52.19,
1,Maze001,36.845,3.2500,-0.9990,3.2500,52.19,
1,Maze001,36.849,3.2500,-0.9990,3.2500,52.19,
1,Maze001,36.853,3.2500,-0.9990,3.2500,52.19,
1,Maze001,36.857,3.2500,-0.9990,3.2500,52.19,
1,Maze001,36.862,3.2500,-0.9990,3.2500,52.19,
1,Maze001,36.866,3.2500,-0.9990,3.2500,52.19,
1,Maze001,36.870,3.2500,-0.9990,3.2500,52.19,
1,Maze001,36.874,3.2500,-0.9990,3.2500,52.19,
1,Maze001,36.878,3.2500,-0.9990,3.2500,52.19,
1,Maze001,36.883,3.2500,-0.9990,3.2500,52.19,
1,Maze001,36.887,3.2500,-0.9990,3.2500,52.19,
1,Maze001,36.891,3.2500,-0.9990,3.2500,52.19,
1,Maze001,36.896,3.2500,-0.9990,3.2500,52.19,
1,Maze001,36.899,3.2500,-0.9990,3.2500,52.19,
1,Maze001,36.904,3.2500,-0.9990,3.2500,52.19,
1,Maze001,36.911,3.2500,-0.9990,3.2500,52.19,
1,Maze001,36.916,3.2500,-0.9990,3.2500,52.19,
1,Maze001,36.920,3.2500,-0.9990,3.2500,52.19,
1,Maze001,36.924,3.2500,-0.9990,3.2500,52.19,
1,Maze001,36.928,3.2500,-0.9990,3.2500,52.19,
1,Maze001,36.932,3.2500,-0.9990,3.2500,52.19,
1,Maze001,36.938,3.2500,-0.9990,3.2500,52.19,
1,Maze001,36.944,3.2500,-0.9990,3.2500,52.19,
1,Maze001,36.949,3.2500,-0.9990,3.2500,52.19,
1,Maze001,36.953,3.2500,-0.9990,3.2500,52.19,
1,Maze001,36.957,3.2500,-0.9990,3.2500,52.19,
1,Maze001,36.961,3.2500,-0.9990,3.2500,52.19,
1,Maze001,36.966,3.2500,-0.9990,3.2500,52.19,
1,Maze001,36.970,3.2500,-0.9990,3.2500,52.19,
1,Maze001,36.974,3.2500,-0.9990,3.2500,52.19,
1,Maze001,36.978,3.2500,-0.9990,3.2500,52.19,
1,Maze001,36.982,3.2500,-0.9990,3.2500,52.19,
1,Maze001,36.986,3.2500,-0.9990,3.2500,52.19,
1,Maze001,36.990,3.2500,-0.9990,3.2500,52.19,
1,Maze001,36.995,3.2500,-0.9990,3.2500,52.19,
1,Maze001,36.999,3.2500,-0.9990,3.2500,52.19,
1,Maze001,37.003,3.2500,-0.9990,3.2500,52.19,
1,Maze001,37.007,3.2500,-0.9990,3.2500,52.19,
1,Maze001,37.011,3.2500,-0.9990,3.2500,52.19,
1,Maze001,37.015,3.2500,-0.9990,3.2500,52.19,
1,Maze001,37.020,3.2500,-0.9990,3.2500,52.19,
1,Maze001,37.024,3.2500,-0.9990,3.2500,52.19,
1,Maze001,37.028,3.2500,-0.9990,3.2500,52.19,
1,Maze001,37.032,3.2500,-0.9990,3.2500,52.19,
1,Maze001,37.037,3.2500,-0.9990,3.2500,52.19,
1,Maze001,37.041,3.2500,-0.9990,3.2500,52.19,
1,Maze001,37.045,3.2500,-0.9990,3.2500,52.19,
1,Maze001,37.049,3.2500,-0.9990,3.2500,52.19,
1,Maze001,37.053,3.2500,-0.9990,3.2500,52.19,
1,Maze001,37.059,3.2500,-0.9990,3.2500,52.19,
1,Maze001,37.062,3.2500,-0.9990,3.2500,52.19,
1,Maze001,37.065,3.2500,-0.9990,3.2500,52.19,
1,Maze001,37.070,3.2500,-0.9990,3.2500,52.19,
1,Maze001,37.074,3.2500,-0.9990,3.2500,52.19,
1,Maze001,37.078,3.2500,-0.9990,3.2500,52.19,
1,Maze001,37.082,3.2500,-0.9990,3.2500,52.19,
1,Maze001,37.086,3.2500,-0.9990,3.2500,52.19,
1,Maze001,37.090,3.2500,-0.9990,3.2500,52.19,
1,Maze001,37.095,3.2500,-0.9990,3.2500,52.19,
1,Maze001,37.099,3.2500,-0.9990,3.2500,52.19,
1,Maze001,37.103,3.2500,-0.9990,3.2500,52.19,
1,Maze001,37.107,3.2500,-0.9990,3.2500,52.19,
1,Maze001,37.111,3.2500,-0.9990,3.2500,52.19,
1,Maze001,37.117,3.2500,-0.9990,3.2500,52.19,
1,Maze001,37.120,3.2500,-0.9990,3.2500,52.19,
1,Maze001,37.124,3.2500,-0.9990,3.2500,52.19,
1,Maze001,37.128,3.2500,-0.9990,3.2500,52.19,
1,Maze001,37.132,3.2500,-0.9990,3.2500,52.19,
1,Maze001,37.137,3.2500,-0.9990,3.2500,52.19,
1,Maze001,37.140,3.2500,-0.9990,3.2500,52.19,
1,Maze001,37.145,3.2500,-0.9990,3.2500,52.19,
1,Maze001,37.149,3.2500,-0.9990,3.2500,52.19,
1,Maze001,37.153,3.2500,-0.9990,3.2500,52.19,
1,Maze001,37.157,3.2500,-0.9990,3.2500,52.19,
1,Maze001,37.161,3.2500,-0.9990,3.2500,52.19,
1,Maze001,37.165,3.2500,-0.9990,3.2500,52.19,
1,Maze001,37.170,3.2500,-0.9990,3.2500,52.19,
1,Maze001,37.174,3.2500,-0.9990,3.2500,52.19,
1,Maze001,37.178,3.2500,-0.9990,3.2500,52.19,
1,Maze001,37.183,3.2500,-0.9990,3.2500,52.19,
1,Maze001,37.187,3.2500,-0.9990,3.2500,52.19,
1,Maze001,37.191,3.2500,-0.9990,3.2500,52.19,
1,Maze001,37.195,3.2500,-0.9990,3.2500,52.19,
1,Maze001,37.199,3.2500,-0.9990,3.2500,52.19,
1,Maze001,37.203,3.2500,-0.9990,3.2500,52.19,
1,Maze001,37.207,3.2500,-0.9990,3.2500,52.19,
1,Maze001,37.211,3.2500,-0.9990,3.2500,52.19,
1,Maze001,37.216,3.2500,-0.9990,3.2500,52.19,
1,Maze001,37.220,3.2500,-0.9990,3.2500,52.19,
1,Maze001,37.224,3.2500,-0.9990,3.2500,52.19,
1,Maze001,37.228,3.2500,-0.9990,3.2500,52.19,
1,Maze001,37.232,3.2500,-0.9990,3.2500,52.19,
1,Maze001,37.236,3.2500,-0.9990,3.2500,52.19,
1,Maze001,37.242,3.2500,-0.9990,3.2500,52.19,
1,Maze001,37.245,3.2500,-0.9990,3.2500,52.19,
1,Maze001,37.249,3.2500,-0.9990,3.2500,52.19,
1,Maze001,37.253,3.2500,-0.9990,3.2500,52.19,
1,Maze001,37.257,3.2500,-0.9990,3.2500,52.19,
1,Maze001,37.262,3.2500,-0.9990,3.2500,52.19,
1,Maze001,37.266,3.2500,-0.9990,3.2500,52.19,
1,Maze001,37.270,3.2500,-0.9990,3.2500,52.19,
1,Maze001,37.274,3.2500,-0.9990,3.2500,52.19,
1,Maze001,37.278,3.2500,-0.9990,3.2500,52.19,
1,Maze001,37.282,3.2500,-0.9990,3.2500,52.19,
1,Maze001,37.287,3.2500,-0.9990,3.2500,52.19,
1,Maze001,37.290,3.2500,-0.9990,3.2500,52.19,
1,Maze001,37.295,3.2500,-0.9990,3.2500,52.19,
1,Maze001,37.299,3.2500,-0.9990,3.2500,52.19,
1,Maze001,37.303,3.2500,-0.9990,3.2500,52.19,
1,Maze001,37.307,3.2500,-0.9990,3.2500,52.19,
1,Maze001,37.311,3.2500,-0.9990,3.2500,52.19,
1,Maze001,37.316,3.2500,-0.9990,3.2500,52.19,
1,Maze001,37.319,3.2500,-0.9990,3.2500,52.19,
1,Maze001,37.324,3.2500,-0.9990,3.2500,52.19,
1,Maze001,37.329,3.2500,-0.9990,3.2500,52.19,
1,Maze001,37.332,3.2500,-0.9990,3.2500,52.19,
1,Maze001,37.336,3.2500,-0.9990,3.2500,52.19,
1,Maze001,37.341,3.2500,-0.9990,3.2500,52.19,
1,Maze001,37.345,3.2500,-0.9990,3.2500,52.19,
1,Maze001,37.349,3.2500,-0.9990,3.2500,52.19,
1,Maze001,37.354,3.2500,-0.9990,3.2500,52.19,
1,Maze001,37.358,3.2500,-0.9990,3.2500,52.19,
1,Maze001,37.361,3.2500,-0.9990,3.2500,52.19,
1,Maze001,37.366,3.2500,-0.9990,3.2500,52.19,
1,Maze001,37.370,3.2500,-0.9990,3.2500,52.19,
1,Maze001,37.374,3.2500,-0.9990,3.2500,52.19,
1,Maze001,37.378,3.2500,-0.9990,3.2500,52.19,
1,Maze001,37.382,3.2500,-0.9990,3.2500,52.19,
1,Maze001,37.386,3.2500,-0.9990,3.2500,52.19,
1,Maze001,37.390,3.2500,-0.9990,3.2500,52.19,
1,Maze001,37.395,3.2500,-0.9990,3.2500,52.19,
1,Maze001,37.399,3.2500,-0.9990,3.2500,52.19,
1,Maze001,37.405,3.2500,-0.9990,3.2500,52.19,
1,Maze001,37.408,3.2500,-0.9990,3.2500,52.19,
1,Maze001,37.411,3.2500,-0.9990,3.2500,52.19,
1,Maze001,37.416,3.2500,-0.9990,3.2500,52.19,
1,Maze001,37.420,3.2500,-0.9990,3.2500,52.19,
1,Maze001,37.424,3.2500,-0.9990,3.2500,52.19,
1,Maze001,37.428,3.2500,-0.9990,3.2500,52.19,
1,Maze001,37.432,3.2500,-0.9990,3.2500,52.19,
1,Maze001,37.436,3.2500,-0.9990,3.2500,52.19,
1,Maze001,37.440,3.2500,-0.9990,3.2500,52.19,
1,Maze001,37.445,3.2500,-0.9990,3.2500,52.19,
1,Maze001,37.449,3.2500,-0.9990,3.2500,52.19,
1,Maze001,37.453,3.2500,-0.9990,3.2500,52.19,
1,Maze001,37.457,3.2500,-0.9990,3.2500,52.19,
1,Maze001,37.463,3.2500,-0.9990,3.2500,52.19,
1,Maze001,37.466,3.2500,-0.9990,3.2500,52.19,
1,Maze001,37.470,3.2500,-0.9990,3.2500,52.19,
1,Maze001,37.474,3.2500,-0.9990,3.2500,52.19,
1,Maze001,37.478,3.2500,-0.9990,3.2500,52.19,
1,Maze001,37.482,3.2500,-0.9990,3.2500,52.19,
1,Maze001,37.487,3.2500,-0.9990,3.2500,52.19,
1,Maze001,37.490,3.2500,-0.9990,3.2500,52.19,
1,Maze001,37.495,3.2500,-0.9990,3.2500,52.19,
1,Maze001,37.499,3.2500,-0.9990,3.2500,52.19,
1,Maze001,37.503,3.2500,-0.9990,3.2500,52.19,
1,Maze001,37.507,3.2500,-0.9990,3.2500,52.19,
1,Maze001,37.511,3.2500,-0.9990,3.2500,52.19,
1,Maze001,37.516,3.2500,-0.9990,3.2500,52.19,
1,Maze001,37.519,3.2500,-0.9990,3.2500,52.19,
1,Maze001,37.524,3.2500,-0.9990,3.2500,52.19,
1,Maze001,37.528,3.2500,-0.9990,3.2500,52.19,
1,Maze001,37.532,3.2500,-0.9990,3.2500,52.19,
1,Maze001,37.536,3.2500,-0.9990,3.2500,52.19,
1,Maze001,37.541,3.2500,-0.9990,3.2500,52.19,
1,Maze001,37.545,3.2500,-0.9990,3.2500,52.19,
1,Maze001,37.549,3.2500,-0.9990,3.2500,52.19,
1,Maze001,37.553,3.2500,-0.9990,3.2500,52.19,
1,Maze001,37.557,3.2500,-0.9990,3.2500,52.19,
1,Maze001,37.562,3.2500,-0.9990,3.2500,52.19,
1,Maze001,37.566,3.2500,-0.9990,3.2500,52.19,
1,Maze001,37.570,3.2500,-0.9990,3.2500,52.19,
1,Maze001,37.576,3.2500,-0.9990,3.2500,52.19,
1,Maze001,37.581,3.2500,-0.9990,3.2500,52.19,
1,Maze001,37.587,3.2500,-0.9990,3.2500,52.19,
1,Maze001,37.591,3.2500,-0.9990,3.2500,52.19,
1,Maze001,37.595,3.2500,-0.9990,3.2500,52.19,
1,Maze001,37.599,3.2500,-0.9990,3.2500,52.19,
1,Maze001,37.603,3.2500,-0.9990,3.2500,52.19,
1,Maze001,37.608,3.2500,-0.9990,3.2500,52.19,
1,Maze001,37.613,3.2500,-0.9990,3.2500,52.19,
1,Maze001,37.617,3.2500,-0.9990,3.2500,52.19,
1,Maze001,37.620,3.2500,-0.9990,3.2500,52.19,
1,Maze001,37.624,3.2500,-0.9990,3.2500,52.19,
1,Maze001,37.628,3.2500,-0.9990,3.2500,52.19,
1,Maze001,37.632,3.2500,-0.9990,3.2500,52.19,
1,Maze001,37.636,3.2500,-0.9990,3.2500,52.19,
1,Maze001,37.641,3.2500,-0.9990,3.2500,52.19,
1,Maze001,37.644,3.2500,-0.9990,3.2500,52.19,
1,Maze001,37.649,3.2500,-0.9990,3.2500,52.19,
1,Maze001,37.653,3.2500,-0.9990,3.2500,52.19,
1,Maze001,37.657,3.2500,-0.9990,3.2500,52.19,
1,Maze001,37.661,3.2500,-0.9990,3.2500,52.19,
1,Maze001,37.665,3.2500,-0.9990,3.2500,52.19,
1,Maze001,37.669,3.2500,-0.9990,3.2500,52.19,
1,Maze001,37.674,3.2500,-0.9990,3.2500,52.19,
1,Maze001,37.678,3.2500,-0.9990,3.2500,52.19,
1,Maze001,37.682,3.2500,-0.9990,3.2500,52.19,
1,Maze001,37.686,3.2500,-0.9990,3.2500,52.19,
1,Maze001,37.691,3.2500,-0.9990,3.2500,52.19,
1,Maze001,37.695,3.2500,-0.9990,3.2500,52.19,
1,Maze001,37.699,3.2500,-0.9990,3.2500,52.19,
1,Maze001,37.703,3.2500,-0.9990,3.2500,52.19,
1,Maze001,37.707,3.2500,-0.9990,3.2500,52.19,
1,Maze001,37.711,3.2500,-0.9990,3.2500,52.19,
1,Maze001,37.716,3.2500,-0.9990,3.2500,52.19,
1,Maze001,37.720,3.2500,-0.9990,3.2500,52.19,
1,Maze001,37.724,3.2500,-0.9990,3.2500,52.19,
1,Maze001,37.728,3.2500,-0.9990,3.2500,52.19,
1,Maze001,37.732,3.2500,-0.9990,3.2500,52.19,
1,Maze001,37.736,3.2500,-0.9990,3.2500,52.19,
1,Maze001,37.740,3.2500,-0.9990,3.2500,52.19,
1,Maze001,37.744,3.2500,-0.9990,3.2500,52.19,
1,Maze001,37.749,3.2500,-0.9990,3.2500,52.19,
1,Maze001,37.753,3.2500,-0.9990,3.2500,52.19,
1,Maze001,37.757,3.2500,-0.9990,3.2500,52.19,
1,Maze001,37.761,3.2500,-0.9990,3.2500,52.19,
1,Maze001,37.766,3.2500,-0.9990,3.2500,52.19,
1,Maze001,37.770,3.2500,-0.9990,3.2500,52.19,
1,Maze001,37.774,3.2500,-0.9990,3.2500,52.19,
1,Maze001,37.778,3.2500,-0.9990,3.2500,52.19,
1,Maze001,37.782,3.2500,-0.9990,3.2500,52.19,
1,Maze001,37.786,3.2500,-0.9990,3.2500,52.19,
1,Maze001,37.790,3.2500,-0.9990,3.2500,52.19,
1,Maze001,37.795,3.2500,-0.9990,3.2500,52.19,
1,Maze001,37.799,3.2500,-0.9990,3.2500,52.19,
1,Maze001,37.803,3.2500,-0.9990,3.2500,52.19,
1,Maze001,37.807,3.2500,-0.9990,3.2500,52.19,
1,Maze001,37.811,3.2500,-0.9990,3.2500,52.19,
1,Maze001,37.815,3.2500,-0.9990,3.2500,52.19,
1,Maze001,37.820,3.2500,-0.9990,3.2500,52.19,
1,Maze001,37.824,3.2500,-0.9990,3.2500,52.19,
1,Maze001,37.828,3.2500,-0.9990,3.2500,52.19,
1,Maze001,37.832,3.2500,-0.9990,3.2500,52.19,
1,Maze001,37.836,3.2500,-0.9990,3.2500,52.19,
1,Maze001,37.841,3.2500,-0.9990,3.2500,52.19,
1,Maze001,37.844,3.2500,-0.9990,3.2500,52.19,
1,Maze001,37.849,3.2500,-0.9990,3.2500,52.19,
1,Maze001,37.853,3.2500,-0.9990,3.2500,52.19,
1,Maze001,37.857,3.2500,-0.9990,3.2500,52.19,
1,Maze001,37.861,3.2500,-0.9990,3.2500,52.19,
1,Maze001,37.866,3.2500,-0.9990,3.2500,52.19,
1,Maze001,37.871,3.2500,-0.9990,3.2500,52.19,
1,Maze001,37.875,3.2500,-0.9990,3.2500,52.19,
1,Maze001,37.882,3.2500,-0.9990,3.2500,52.19,
1,Maze001,37.887,3.2500,-0.9990,3.2500,52.19,
1,Maze001,37.890,3.2500,-0.9990,3.2500,52.19,
1,Maze001,37.895,3.2500,-0.9990,3.2500,52.19,
1,Maze001,37.899,3.2500,-0.9990,3.2500,52.19,
1,Maze001,37.903,3.2500,-0.9990,3.2500,52.19,
1,Maze001,37.907,3.2500,-0.9990,3.2500,52.19,
1,Maze001,37.911,3.2500,-0.9990,3.2500,52.19,
1,Maze001,37.916,3.2500,-0.9990,3.2500,52.19,
1,Maze001,37.920,3.2500,-0.9990,3.2500,52.19,
1,Maze001,37.924,3.2500,-0.9990,3.2500,52.19,
1,Maze001,37.929,3.2500,-0.9990,3.2500,52.19,
1,Maze001,37.932,3.2500,-0.9990,3.2500,52.19,
1,Maze001,37.936,3.2500,-0.9990,3.2500,52.19,
1,Maze001,37.940,3.2500,-0.9990,3.2500,52.19,
1,Maze001,37.944,3.2500,-0.9990,3.2500,52.19,
1,Maze001,37.949,3.2500,-0.9990,3.2500,52.19,
1,Maze001,37.953,3.2500,-0.9990,3.2500,52.19,
1,Maze001,37.957,3.2500,-0.9990,3.2500,52.19,
1,Maze001,37.961,3.2500,-0.9990,3.2500,52.19,
1,Maze001,37.965,3.2500,-0.9990,3.2500,52.19,
1,Maze001,37.970,3.2500,-0.9990,3.2500,52.19,
1,Maze001,37.974,3.2500,-0.9990,3.2500,52.19,
1,Maze001,37.979,3.2500,-0.9990,3.2500,52.19,
1,Maze001,37.983,3.2500,-0.9990,3.2500,52.19,
1,Maze001,37.987,3.2500,-0.9990,3.2500,52.19,
1,Maze001,37.991,3.2500,-0.9990,3.2500,52.19,
1,Maze001,37.995,3.2500,-0.9990,3.2500,52.19,
1,Maze001,37.999,3.2500,-0.9990,3.2500,52.19,
1,Maze001,38.003,3.2500,-0.9990,3.2500,52.19,
1,Maze001,38.007,3.2500,-0.9990,3.2500,52.19,
1,Maze001,38.011,3.2500,-0.9990,3.2500,52.19,
1,Maze001,38.015,3.2500,-0.9990,3.2500,52.19,
1,Maze001,38.019,3.2500,-0.9990,3.2500,52.19,
1,Maze001,38.025,3.2500,-0.9990,3.2500,52.19,
1,Maze001,38.029,3.2500,-0.9990,3.2500,52.19,
1,Maze001,38.032,3.2500,-0.9990,3.2500,52.19,
1,Maze001,38.036,3.2500,-0.9990,3.2500,52.19,
1,Maze001,38.040,3.2500,-0.9990,3.2500,52.19,
1,Maze001,38.044,3.2500,-0.9990,3.2500,52.19,
1,Maze001,38.049,3.2500,-0.9990,3.2500,52.19,
1,Maze001,38.054,3.2500,-0.9990,3.2500,52.19,
1,Maze001,38.057,3.2500,-0.9990,3.2500,52.19,
1,Maze001,38.061,3.2500,-0.9990,3.2500,52.19,
1,Maze001,38.065,3.2500,-0.9990,3.2500,52.19,
1,Maze001,38.070,3.2500,-0.9990,3.2500,52.19,
1,Maze001,38.074,3.2500,-0.9990,3.2500,52.19,
1,Maze001,38.078,3.2500,-0.9990,3.2500,52.19,
1,Maze001,38.082,3.2500,-0.9990,3.2500,52.19,
1,Maze001,38.086,3.2500,-0.9990,3.2500,52.19,
1,Maze001,38.091,3.2500,-0.9990,3.2500,52.19,
1,Maze001,38.095,3.2500,-0.9990,3.2500,52.19,
1,Maze001,38.099,3.2500,-0.9990,3.2500,52.19,
1,Maze001,38.103,3.2500,-0.9990,3.2500,52.19,
1,Maze001,38.107,3.2500,-0.9990,3.2500,52.19,
1,Maze001,38.111,3.2500,-0.9990,3.2500,52.19,
1,Maze001,38.115,3.2500,-0.9990,3.2500,52.19,
1,Maze001,38.120,3.2500,-0.9990,3.2500,52.19,
1,Maze001,38.124,3.2500,-0.9990,3.2500,52.19,
1,Maze001,38.128,3.2500,-0.9990,3.2500,52.19,
1,Maze001,38.132,3.2500,-0.9990,3.2500,52.19,
1,Maze001,38.136,3.2500,-0.9990,3.2500,52.19,
1,Maze001,38.140,3.2500,-0.9990,3.2500,52.19,
1,Maze001,38.145,3.2500,-0.9990,3.2500,52.19,
1,Maze001,38.149,3.2500,-0.9990,3.2500,52.19,
1,Maze001,38.153,3.2500,-0.9990,3.2500,52.19,
1,Maze001,38.157,3.2500,-0.9990,3.2500,52.19,
1,Maze001,38.162,3.2500,-0.9990,3.2500,52.19,
1,Maze001,38.165,3.2500,-0.9990,3.2500,52.19,
1,Maze001,38.169,3.2500,-0.9990,3.2500,52.19,
1,Maze001,38.174,3.2500,-0.9990,3.2500,52.19,
1,Maze001,38.178,3.2500,-0.9990,3.2500,52.19,
1,Maze001,38.183,3.2500,-0.9990,3.2500,52.19,
1,Maze001,38.187,3.2500,-0.9990,3.2500,52.19,
1,Maze001,38.190,3.2500,-0.9990,3.2500,52.19,
1,Maze001,38.195,3.2500,-0.9990,3.2500,52.19,
1,Maze001,38.199,3.2500,-0.9990,3.2500,52.19,
1,Maze001,38.203,3.2500,-0.9990,3.2500,52.19,
1,Maze001,38.207,3.2500,-0.9990,3.2500,52.19,
1,Maze001,38.212,3.2500,-0.9990,3.2500,52.19,
1,Maze001,38.215,3.2500,-0.9990,3.2500,52.19,
1,Maze001,38.219,3.2500,-0.9990,3.2500,52.19,
1,Maze001,38.224,3.2500,-0.9990,3.2500,52.19,
1,Maze001,38.228,3.2500,-0.9990,3.2500,52.19,
1,Maze001,38.232,3.2500,-0.9990,3.2500,52.19,
1,Maze001,38.236,3.2500,-0.9990,3.2500,52.19,
1,Maze001,38.240,3.2500,-0.9990,3.2500,52.19,
1,Maze001,38.244,3.2500,-0.9990,3.2500,52.19,
1,Maze001,38.249,3.2500,-0.9990,3.2500,52.19,
1,Maze001,38.253,3.2500,-0.9990,3.2500,52.19,
1,Maze001,38.257,3.2500,-0.9990,3.2500,52.19,
1,Maze001,38.261,3.2500,-0.9990,3.2500,52.19,
1,Maze001,38.265,3.2500,-0.9990,3.2500,52.19,
1,Maze001,38.269,3.2500,-0.9990,3.2500,52.19,
1,Maze001,38.274,3.2500,-0.9990,3.2500,52.19,
1,Maze001,38.278,3.2500,-0.9990,3.2500,52.19,
1,Maze001,38.282,3.2500,-0.9990,3.2500,52.19,
1,Maze001,38.286,3.2500,-0.9990,3.2500,52.19,
1,Maze001,38.290,3.2500,-0.9990,3.2500,52.19,
1,Maze001,38.295,3.2500,-0.9990,3.2500,52.19,
1,Maze001,38.299,3.2500,-0.9990,3.2500,52.19,
1,Maze001,38.304,3.2500,-0.9990,3.2500,52.19,
1,Maze001,38.307,3.2500,-0.9990,3.2500,52.19,
1,Maze001,38.311,3.2500,-0.9990,3.2500,52.19,
1,Maze001,38.315,3.2500,-0.9990,3.2500,52.19,
1,Maze001,38.320,3.2500,-0.9990,3.2500,52.19,
1,Maze001,38.324,3.2500,-0.9990,3.2500,52.19,
1,Maze001,38.328,3.2500,-0.9990,3.2500,52.19,
1,Maze001,38.332,3.2500,-0.9990,3.2500,52.19,
1,Maze001,38.336,3.2500,-0.9990,3.2500,52.19,
1,Maze001,38.340,3.2500,-0.9990,3.2500,52.19,
1,Maze001,38.345,3.2500,-0.9990,3.2500,52.19,
1,Maze001,38.349,3.2500,-0.9990,3.2500,52.19,
1,Maze001,38.353,3.2500,-0.9990,3.2500,52.19,
1,Maze001,38.357,3.2500,-0.9990,3.2500,52.19,
1,Maze001,38.363,3.2500,-0.9990,3.2500,52.19,
1,Maze001,38.367,3.2500,-0.9990,3.2500,52.19,
1,Maze001,38.373,3.2500,-0.9990,3.2500,52.19,
1,Maze001,38.378,3.2500,-0.9990,3.2500,52.19,
1,Maze001,38.382,3.2500,-0.9990,3.2500,52.19,
1,Maze001,38.386,3.2500,-0.9990,3.2500,52.19,
1,Maze001,38.390,3.2500,-0.9990,3.2500,52.19,
1,Maze001,38.394,3.2500,-0.9990,3.2500,52.19,
1,Maze001,38.399,3.2500,-0.9990,3.2500,52.19,
1,Maze001,38.403,3.2500,-0.9990,3.2500,52.19,
1,Maze001,38.407,3.2500,-0.9990,3.2500,52.19,
1,Maze001,38.411,3.2500,-0.9990,3.2500,52.19,
1,Maze001,38.415,3.2500,-0.9990,3.2500,52.19,
1,Maze001,38.419,3.2500,-0.9990,3.2500,52.19,
1,Maze001,38.424,3.2500,-0.9990,3.2500,52.19,
1,Maze001,38.428,3.2500,-0.9990,3.2500,52.19,
1,Maze001,38.432,3.2500,-0.9990,3.2500,52.19,
1,Maze001,38.436,3.2500,-0.9990,3.2500,52.19,
1,Maze001,38.440,3.2500,-0.9990,3.2500,52.19,
1,Maze001,38.444,3.2500,-0.9990,3.2500,52.19,
1,Maze001,38.449,3.2500,-0.9990,3.2500,52.19,
1,Maze001,38.453,3.2500,-0.9990,3.2500,52.19,
1,Maze001,38.457,3.2500,-0.9990,3.2500,52.19,
1,Maze001,38.461,3.2500,-0.9990,3.2500,52.19,
1,Maze001,38.465,3.2500,-0.9990,3.2500,52.19,
1,Maze001,38.470,3.2500,-0.9990,3.2500,52.19,
1,Maze001,38.474,3.2500,-0.9990,3.2500,52.19,
1,Maze001,38.478,3.2500,-0.9990,3.2500,52.19,
1,Maze001,38.482,3.2500,-0.9990,3.2500,52.19,
1,Maze001,38.486,3.2500,-0.9990,3.2500,52.19,
1,Maze001,38.491,3.2500,-0.9990,3.2500,52.19,
1,Maze001,38.494,3.2500,-0.9990,3.2500,52.19,
1,Maze001,38.498,3.2500,-0.9990,3.2500,52.19,
1,Maze001,38.503,3.2500,-0.9990,3.2500,52.19,
1,Maze001,38.507,3.2500,-0.9990,3.2500,52.19,
1,Maze001,38.511,3.2500,-0.9990,3.2500,52.19,
1,Maze001,38.515,3.2500,-0.9990,3.2500,52.19,
1,Maze001,38.520,3.2500,-0.9990,3.2500,52.19,
1,Maze001,38.524,3.2500,-0.9990,3.2500,52.19,
1,Maze001,38.528,3.2500,-0.9990,3.2500,52.19,
1,Maze001,38.532,3.2500,-0.9990,3.2500,52.19,
1,Maze001,38.536,3.2500,-0.9990,3.2500,52.19,
1,Maze001,38.540,3.2500,-0.9990,3.2500,52.19,
1,Maze001,38.544,3.2500,-0.9990,3.2500,52.19,
1,Maze001,38.549,3.2500,-0.9990,3.2500,52.19,
1,Maze001,38.553,3.2500,-0.9990,3.2500,52.19,
1,Maze001,38.557,3.2500,-0.9990,3.2500,52.19,
1,Maze001,38.561,3.2500,-0.9990,3.2500,52.19,
1,Maze001,38.566,3.2500,-0.9990,3.2500,52.19,
1,Maze001,38.569,3.2500,-0.9990,3.2500,52.19,
1,Maze001,38.574,3.2500,-0.9990,3.2500,52.19,
1,Maze001,38.579,3.2500,-0.9990,3.2500,52.19,
1,Maze001,38.582,3.2500,-0.9990,3.2500,52.19,
1,Maze001,38.586,3.2500,-0.9990,3.2500,52.19,
1,Maze001,38.590,3.2500,-0.9990,3.2500,52.19,
1,Maze001,38.595,3.2500,-0.9990,3.2500,52.19,
1,Maze001,38.599,3.2500,-0.9990,3.2500,52.19,
1,Maze001,38.603,3.2500,-0.9990,3.2500,52.19,
1,Maze001,38.607,3.2500,-0.9990,3.2500,52.19,
1,Maze001,38.611,3.2500,-0.9990,3.2500,52.19,
1,Maze001,38.615,3.2500,-0.9990,3.2500,52.19,
1,Maze001,38.620,3.2500,-0.9990,3.2500,52.19,
1,Maze001,38.624,3.2500,-0.9990,3.2500,52.19,
1,Maze001,38.628,3.2500,-0.9990,3.2500,52.19,
1,Maze001,38.632,3.2500,-0.9990,3.2500,52.19,
1,Maze001,38.636,3.2500,-0.9990,3.2500,52.19,
1,Maze001,38.640,3.2500,-0.9990,3.2500,52.19,
1,Maze001,38.645,3.2500,-0.9990,3.2500,52.19,
1,Maze001,38.649,3.2500,-0.9990,3.2500,52.19,
1,Maze001,38.653,3.2500,-0.9990,3.2500,52.19,
1,Maze001,38.657,3.2500,-0.9990,3.2500,52.19,
1,Maze001,38.661,3.2500,-0.9990,3.2500,52.19,
1,Maze001,38.665,3.2500,-0.9990,3.2500,52.19,
1,Maze001,38.669,3.2500,-0.9990,3.2500,52.19,
1,Maze001,38.673,3.2500,-0.9990,3.2500,52.19,
1,Maze001,38.678,3.2500,-0.9990,3.2500,52.19,
1,Maze001,38.682,3.2500,-0.9990,3.2500,52.19,
1,Maze001,38.686,3.2500,-0.9990,3.2500,52.19,
1,Maze001,38.691,3.2500,-0.9990,3.2500,52.19,
1,Maze001,38.695,3.2500,-0.9990,3.2500,52.19,
1,Maze001,38.699,3.2500,-0.9990,3.2500,52.19,
1,Maze001,38.703,3.2500,-0.9990,3.2500,52.19,
1,Maze001,38.707,3.2500,-0.9990,3.2500,52.19,
1,Maze001,38.711,3.2500,-0.9990,3.2500,52.19,
1,Maze001,38.715,3.2500,-0.9990,3.2500,52.19,
1,Maze001,38.719,3.2500,-0.9990,3.2500,52.19,
1,Maze001,38.724,3.2500,-0.9990,3.2500,52.19,
1,Maze001,38.728,3.2500,-0.9990,3.2500,52.19,
1,Maze001,38.732,3.2500,-0.9990,3.2500,52.19,
1,Maze001,38.736,3.2500,-0.9990,3.2500,52.19,
1,Maze001,38.740,3.2500,-0.9990,3.2500,52.19,
1,Maze001,38.744,3.2500,-0.9990,3.2500,52.19,
1,Maze001,38.748,3.2500,-0.9990,3.2500,52.19,
1,Maze001,38.753,3.2500,-0.9990,3.2500,52.19,
1,Maze001,38.757,3.2500,-0.9990,3.2500,52.19,
1,Maze001,38.761,3.2500,-0.9990,3.2500,52.19,
1,Maze001,38.765,3.2500,-0.9990,3.2500,52.19,
1,Maze001,38.769,3.2500,-0.9990,3.2500,52.19,
1,Maze001,38.773,3.2500,-0.9990,3.2500,52.19,
1,Maze001,38.778,3.2500,-0.9990,3.2500,52.19,
1,Maze001,38.782,3.2500,-0.9990,3.2500,52.19,
1,Maze001,38.786,3.2500,-0.9990,3.2500,52.19,
1,Maze001,38.790,3.2500,-0.9990,3.2500,52.19,
1,Maze001,38.794,3.2500,-0.9990,3.2500,52.19,
1,Maze001,38.799,3.2500,-0.9990,3.2500,52.19,
1,Maze001,38.803,3.2500,-0.9990,3.2500,52.19,
1,Maze001,38.807,3.2500,-0.9990,3.2500,52.19,
1,Maze001,38.811,3.2500,-0.9990,3.2500,52.19,
1,Maze001,38.815,3.2500,-0.9990,3.2500,52.19,
1,Maze001,38.819,3.2500,-0.9990,3.2500,52.19,
1,Maze001,38.824,3.2500,-0.9990,3.2500,52.19,
1,Maze001,38.828,3.2500,-0.9990,3.2500,52.19,
1,Maze001,38.832,3.2500,-0.9990,3.2500,52.19,
1,Maze001,38.836,3.2500,-0.9990,3.2500,52.19,
1,Maze001,38.840,3.2500,-0.9990,3.2500,52.19,
1,Maze001,38.845,3.2500,-0.9990,3.2500,52.19,
1,Maze001,38.849,3.2500,-0.9990,3.2500,52.19,
1,Maze001,38.853,3.2500,-0.9990,3.2500,52.19,
1,Maze001,38.857,3.2500,-0.9990,3.2500,52.19,
1,Maze001,38.861,3.2500,-0.9990,3.2500,52.19,
1,Maze001,38.865,3.2500,-0.9990,3.2500,52.19,
1,Maze001,38.869,3.2500,-0.9990,3.2500,52.19,
1,Maze001,38.874,3.2500,-0.9990,3.2500,52.19,
1,Maze001,38.878,3.2500,-0.9990,3.2500,52.19,
1,Maze001,38.882,3.2500,-0.9990,3.2500,52.19,
1,Maze001,38.886,3.2500,-0.9990,3.2500,52.19,
1,Maze001,38.890,3.2500,-0.9990,3.2500,52.19,
1,Maze001,38.894,3.2500,-0.9990,3.2500,52.19,
1,Maze001,38.898,3.2500,-0.9990,3.2500,52.19,
1,Maze001,38.903,3.2500,-0.9990,3.2500,52.19,
1,Maze001,38.907,3.2500,-0.9990,3.2500,52.19,
1,Maze001,38.911,3.2500,-0.9990,3.2500,52.19,
1,Maze001,38.915,3.2500,-0.9990,3.2500,52.19,
1,Maze001,38.919,3.2500,-0.9990,3.2500,52.19,
1,Maze001,38.924,3.2500,-0.9990,3.2500,52.19,
1,Maze001,38.928,3.2500,-0.9990,3.2500,52.19,
1,Maze001,38.932,3.2500,-0.9990,3.2500,52.19,
1,Maze001,38.936,3.2500,-0.9990,3.2500,52.19,
1,Maze001,38.940,3.2500,-0.9990,3.2500,52.19,
1,Maze001,38.944,3.2500,-0.9990,3.2500,52.19,
1,Maze001,38.948,3.2500,-0.9990,3.2500,52.19,
1,Maze001,38.953,3.2500,-0.9990,3.2500,52.19,
1,Maze001,38.957,3.2500,-0.9990,3.2500,52.19,
1,Maze001,38.961,3.2500,-0.9990,3.2500,52.19,
1,Maze001,38.965,3.2500,-0.9990,3.2500,52.19,
1,Maze001,38.970,3.2500,-0.9990,3.2500,52.19,
1,Maze001,38.974,3.2500,-0.9990,3.2500,52.19,
1,Maze001,38.978,3.2500,-0.9990,3.2500,52.19,
1,Maze001,38.982,3.2500,-0.9990,3.2500,52.19,
1,Maze001,38.986,3.2500,-0.9990,3.2500,52.19,
1,Maze001,38.990,3.2500,-0.9990,3.2500,52.19,
1,Maze001,38.995,3.2500,-0.9990,3.2500,52.19,
1,Maze001,38.999,3.2500,-0.9990,3.2500,52.19,
1,Maze001,39.003,3.2500,-0.9990,3.2500,52.19,
1,Maze001,39.007,3.2500,-0.9990,3.2500,52.19,
1,Maze001,39.011,3.2500,-0.9990,3.2500,52.19,
1,Maze001,39.016,3.2500,-0.9990,3.2500,52.19,
1,Maze001,39.020,3.2500,-0.9990,3.2500,52.19,
1,Maze001,39.024,3.2500,-0.9990,3.2500,52.19,
1,Maze001,39.028,3.2500,-0.9990,3.2500,52.19,
1,Maze001,39.032,3.2500,-0.9990,3.2500,52.19,
1,Maze001,39.036,3.2500,-0.9990,3.2500,52.19,
1,Maze001,39.040,3.2500,-0.9990,3.2500,52.19,
1,Maze001,39.044,3.2500,-0.9990,3.2500,52.19,
1,Maze001,39.049,3.2500,-0.9990,3.2500,52.19,
1,Maze001,39.053,3.2500,-0.9990,3.2500,52.19,
1,Maze001,39.057,3.2500,-0.9990,3.2500,52.19,
1,Maze001,39.061,3.2500,-0.9990,3.2500,52.19,
1,Maze001,39.065,3.2500,-0.9990,3.2500,52.19,
1,Maze001,39.069,3.2500,-0.9990,3.2500,52.19,
1,Maze001,39.074,3.2500,-0.9990,3.2500,52.19,
1,Maze001,39.078,3.2500,-0.9990,3.2500,52.19,
1,Maze001,39.082,3.2500,-0.9990,3.2500,52.19,
1,Maze001,39.086,3.2500,-0.9990,3.2500,52.19,
1,Maze001,39.090,3.2500,-0.9990,3.2500,52.19,
1,Maze001,39.095,3.2500,-0.9990,3.2500,52.19,
1,Maze001,39.099,3.2500,-0.9990,3.2500,52.19,
1,Maze001,39.103,3.2500,-0.9990,3.2500,52.19,
1,Maze001,39.107,3.2500,-0.9990,3.2500,52.19,
1,Maze001,39.111,3.2500,-0.9990,3.2500,52.19,
1,Maze001,39.115,3.2500,-0.9990,3.2500,52.19,
1,Maze001,39.120,3.2500,-0.9990,3.2500,52.19,
1,Maze001,39.124,3.2500,-0.9990,3.2500,52.19,
1,Maze001,39.128,3.2500,-0.9990,3.2500,52.19,
1,Maze001,39.132,3.2500,-0.9990,3.2500,52.19,
1,Maze001,39.136,3.2500,-0.9990,3.2500,52.19,
1,Maze001,39.140,3.2500,-0.9990,3.2500,52.19,
1,Maze001,39.144,3.2500,-0.9990,3.2500,52.19,
1,Maze001,39.148,3.2500,-0.9990,3.2500,52.19,
1,Maze001,39.153,3.2500,-0.9990,3.2500,52.19,
1,Maze001,39.157,3.2500,-0.9990,3.2500,52.19,
1,Maze001,39.161,3.2500,-0.9990,3.2500,52.19,
1,Maze001,39.165,3.2500,-0.9990,3.2500,52.19,
1,Maze001,39.169,3.2500,-0.9990,3.2500,52.19,
1,Maze001,39.174,3.2500,-0.9990,3.2500,52.19,
1,Maze001,39.178,3.2500,-0.9990,3.2500,52.19,
1,Maze001,39.182,3.2500,-0.9990,3.2500,52.19,
1,Maze001,39.186,3.2500,-0.9990,3.2500,52.19,
1,Maze001,39.191,3.2500,-0.9990,3.2500,52.19,
1,Maze001,39.195,3.2500,-0.9990,3.2500,52.19,
1,Maze001,39.199,3.2500,-0.9990,3.2500,52.19,
1,Maze001,39.203,3.2500,-0.9990,3.2500,52.19,
1,Maze001,39.207,3.2500,-0.9990,3.2500,52.19,
1,Maze001,39.211,3.2500,-0.9990,3.2500,52.19,
1,Maze001,39.215,3.2500,-0.9990,3.2500,52.19,
1,Maze001,39.219,3.2500,-0.9990,3.2500,52.19,
1,Maze001,39.224,3.2500,-0.9990,3.2500,52.19,
1,Maze001,39.228,3.2500,-0.9990,3.2500,52.19,
1,Maze001,39.232,3.2500,-0.9990,3.2500,52.19,
1,Maze001,39.236,3.2500,-0.9990,3.2500,52.19,
1,Maze001,39.240,3.2500,-0.9990,3.2500,52.19,
1,Maze001,39.245,3.2500,-0.9990,3.2500,52.19,
1,Maze001,39.249,3.2500,-0.9990,3.2500,52.19,
1,Maze001,39.253,3.2500,-0.9990,3.2500,52.19,
1,Maze001,39.257,3.2500,-0.9990,3.2500,52.19,
1,Maze001,39.261,3.2500,-0.9990,3.2500,52.19,
1,Maze001,39.265,3.2500,-0.9990,3.2500,52.19,
1,Maze001,39.269,3.2500,-0.9990,3.2500,52.19,
1,Maze001,39.273,3.2500,-0.9990,3.2500,52.19,
1,Maze001,39.278,3.2500,-0.9990,3.2500,52.19,
1,Maze001,39.282,3.2500,-0.9990,3.2500,52.19,
1,Maze001,39.286,3.2500,-0.9990,3.2500,52.19,
1,Maze001,39.290,3.2500,-0.9990,3.2500,52.19,
1,Maze001,39.294,3.2500,-0.9990,3.2500,52.19,
1,Maze001,39.299,3.2500,-0.9990,3.2500,52.19,
1,Maze001,39.303,3.2500,-0.9990,3.2500,52.19,
1,Maze001,39.307,3.2500,-0.9990,3.2500,52.19,
1,Maze001,39.311,3.2500,-0.9990,3.2500,52.19,
1,Maze001,39.315,3.2500,-0.9990,3.2500,52.19,
1,Maze001,39.320,3.2500,-0.9990,3.2500,52.19,
1,Maze001,39.323,3.2500,-0.9990,3.2500,52.19,
1,Maze001,39.328,3.2500,-0.9990,3.2500,52.19,
1,Maze001,39.332,3.2500,-0.9990,3.2500,52.19,
1,Maze001,39.336,3.2500,-0.9990,3.2500,52.19,
1,Maze001,39.341,3.2500,-0.9990,3.2500,52.19,
1,Maze001,39.344,3.2500,-0.9990,3.2500,52.19,
1,Maze001,39.349,3.2500,-0.9990,3.2500,52.19,
1,Maze001,39.353,3.2500,-0.9990,3.2500,52.19,
1,Maze001,39.357,3.2500,-0.9990,3.2500,52.19,
1,Maze001,39.361,3.2500,-0.9990,3.2500,52.19,
1,Maze001,39.365,3.2500,-0.9990,3.2500,52.19,
1,Maze001,39.369,3.2500,-0.9990,3.2500,52.19,
1,Maze001,39.374,3.2500,-0.9990,3.2500,52.19,
1,Maze001,39.378,3.2500,-0.9990,3.2500,52.19,
1,Maze001,39.382,3.2500,-0.9990,3.2500,52.19,
1,Maze001,39.386,3.2500,-0.9990,3.2500,52.19,
1,Maze001,39.390,3.2500,-0.9990,3.2500,52.19,
1,Maze001,39.394,3.2500,-0.9990,3.2500,52.19,
1,Maze001,39.399,3.2500,-0.9990,3.2500,52.19,
1,Maze001,39.403,3.2500,-0.9990,3.2500,52.19,
1,Maze001,39.407,3.2500,-0.9990,3.2500,52.19,
1,Maze001,39.411,3.2500,-0.9990,3.2500,52.19,
1,Maze001,39.415,3.2500,-0.9990,3.2500,52.19,
1,Maze001,39.419,3.2500,-0.9990,3.2500,52.19,
1,Maze001,39.424,3.2500,-0.9990,3.2500,52.19,
1,Maze001,39.428,3.2500,-0.9990,3.2500,52.19,
1,Maze001,39.432,3.2500,-0.9990,3.2500,52.19,
1,Maze001,39.436,3.2500,-0.9990,3.2500,52.19,
1,Maze001,39.441,3.2500,-0.9990,3.2500,52.19,
1,Maze001,39.444,3.2500,-0.9990,3.2500,52.19,
1,Maze001,39.449,3.2500,-0.9990,3.2500,52.19,
1,Maze001,39.453,3.2500,-0.9990,3.2500,52.19,
1,Maze001,39.457,3.2500,-0.9990,3.2500,52.19,
1,Maze001,39.461,3.2500,-0.9990,3.2500,52.19,
1,Maze001,39.466,3.2500,-0.9990,3.2500,52.19,
1,Maze001,39.469,3.2500,-0.9990,3.2500,52.19,
1,Maze001,39.474,3.2500,-0.9990,3.2500,52.19,
1,Maze001,39.478,3.2500,-0.9990,3.2500,52.19,
1,Maze001,39.482,3.2500,-0.9990,3.2500,52.19,
1,Maze001,39.486,3.2500,-0.9990,3.2500,52.19,
1,Maze001,39.490,3.2500,-0.9990,3.2500,52.19,
1,Maze001,39.494,3.2500,-0.9990,3.2500,52.19,
1,Maze001,39.500,3.2500,-0.9990,3.2500,52.19,
1,Maze001,39.506,3.2500,-0.9990,3.2500,52.19,
1,Maze001,39.511,3.2500,-0.9990,3.2500,52.19,
1,Maze001,39.515,3.2500,-0.9990,3.2500,52.19,
1,Maze001,39.519,3.2500,-0.9990,3.2500,52.19,
1,Maze001,39.523,3.2500,-0.9990,3.2500,52.19,
1,Maze001,39.528,3.2500,-0.9990,3.2500,52.19,
1,Maze001,39.532,3.2500,-0.9990,3.2500,52.19,
1,Maze001,39.536,3.2500,-0.9990,3.2500,52.19,
1,Maze001,39.540,3.2500,-0.9990,3.2500,52.19,
1,Maze001,39.544,3.2500,-0.9990,3.2500,52.19,
1,Maze001,39.548,3.2500,-0.9990,3.2500,52.19,
1,Maze001,39.553,3.2500,-0.9990,3.2500,52.19,
1,Maze001,39.557,3.2500,-0.9990,3.2500,52.19,
1,Maze001,39.561,3.2500,-0.9990,3.2500,52.19,
1,Maze001,39.565,3.2500,-0.9990,3.2500,52.19,
1,Maze001,39.569,3.2500,-0.9990,3.2500,52.19,
1,Maze001,39.573,3.2500,-0.9990,3.2500,52.19,
1,Maze001,39.578,3.2500,-0.9990,3.2500,52.19,
1,Maze001,39.582,3.2500,-0.9990,3.2500,52.19,
1,Maze001,39.586,3.2500,-0.9990,3.2500,52.19,
1,Maze001,39.590,3.2500,-0.9990,3.2500,52.19,
1,Maze001,39.594,3.2500,-0.9990,3.2500,52.19,
1,Maze001,39.599,3.2500,-0.9990,3.2500,52.19,
1,Maze001,39.603,3.2500,-0.9990,3.2500,52.19,
1,Maze001,39.607,3.2500,-0.9990,3.2500,52.19,
1,Maze001,39.611,3.2500,-0.9990,3.2500,52.19,
1,Maze001,39.615,3.2500,-0.9990,3.2500,52.19,
1,Maze001,39.619,3.2500,-0.9990,3.2500,52.19,
1,Maze001,39.624,3.2500,-0.9990,3.2500,52.19,
1,Maze001,39.628,3.2500,-0.9990,3.2500,52.19,
1,Maze001,39.632,3.2500,-0.9990,3.2500,52.19,
1,Maze001,39.636,3.2500,-0.9990,3.2500,52.19,
1,Maze001,39.641,3.2500,-0.9990,3.2500,52.19,
1,Maze001,39.645,3.2500,-0.9990,3.2500,52.19,
1,Maze001,39.649,3.2500,-0.9990,3.2500,52.19,
1,Maze001,39.653,3.2500,-0.9990,3.2500,52.19,
1,Maze001,39.657,3.2500,-0.9990,3.2500,52.19,
1,Maze001,39.661,3.2500,-0.9990,3.2500,52.19,
1,Maze001,39.665,3.2500,-0.9990,3.2500,52.19,
1,Maze001,39.669,3.2500,-0.9990,3.2500,52.19,
1,Maze001,39.673,3.2500,-0.9990,3.2500,52.19,
1,Maze001,39.678,3.2500,-0.9990,3.2500,52.19,
1,Maze001,39.682,3.2500,-0.9990,3.2500,52.19,
1,Maze001,39.686,3.2500,-0.9990,3.2500,52.19,
1,Maze001,39.690,3.2500,-0.9990,3.2500,52.19,
1,Maze001,39.694,3.2500,-0.9990,3.2500,52.19,
1,Maze001,39.698,3.2500,-0.9990,3.2500,52.19,
1,Maze001,39.703,3.2500,-0.9990,3.2500,52.19,
1,Maze001,39.707,3.2500,-0.9990,3.2500,52.19,
1,Maze001,39.711,3.2500,-0.9990,3.2500,52.19,
1,Maze001,39.715,3.2500,-0.9990,3.2500,52.19,
1,Maze001,39.719,3.2500,-0.9990,3.2500,52.19,
1,Maze001,39.723,3.2500,-0.9990,3.2500,52.19,
1,Maze001,39.728,3.2500,-0.9990,3.2500,52.19,
1,Maze001,39.732,3.2500,-0.9990,3.2500,52.19,
1,Maze001,39.737,3.2500,-0.9990,3.2500,52.19,
1,Maze001,39.740,3.2500,-0.9990,3.2500,52.19,
1,Maze001,39.745,3.2500,-0.9990,3.2500,52.19,
1,Maze001,39.749,3.2500,-0.9990,3.2500,52.19,
1,Maze001,39.753,3.2500,-0.9990,3.2500,52.19,
1,Maze001,39.757,3.2500,-0.9990,3.2500,52.19,
1,Maze001,39.761,3.2500,-0.9990,3.2500,52.19,
1,Maze001,39.765,3.2500,-0.9990,3.2500,52.19,
1,Maze001,39.769,3.2500,-0.9990,3.2500,52.19,
1,Maze001,39.774,3.2500,-0.9990,3.2500,52.19,
1,Maze001,39.778,3.2500,-0.9990,3.2500,52.19,
1,Maze001,39.782,3.2500,-0.9990,3.2500,52.19,
1,Maze001,39.786,3.2500,-0.9990,3.2500,52.19,
1,Maze001,39.790,3.2500,-0.9990,3.2500,52.19,
1,Maze001,39.794,3.2500,-0.9990,3.2500,52.19,
1,Maze001,39.798,3.2500,-0.9990,3.2500,52.19,
1,Maze001,39.803,3.2500,-0.9990,3.2500,52.19,
1,Maze001,39.807,3.2500,-0.9990,3.2500,52.19,
1,Maze001,39.811,3.2500,-0.9990,3.2500,52.19,
1,Maze001,39.815,3.2500,-0.9990,3.2500,52.19,
1,Maze001,39.819,3.2500,-0.9990,3.2500,52.19,
1,Maze001,39.823,3.2500,-0.9990,3.2500,52.19,
1,Maze001,39.828,3.2500,-0.9990,3.2500,52.19,
1,Maze001,39.832,3.2500,-0.9990,3.2500,52.19,
1,Maze001,39.836,3.2500,-0.9990,3.2500,52.19,
1,Maze001,39.840,3.2500,-0.9990,3.2500,52.19,
1,Maze001,39.844,3.2500,-0.9990,3.2500,52.19,
1,Maze001,39.849,3.2500,-0.9990,3.2500,52.19,
1,Maze001,39.853,3.2500,-0.9990,3.2500,52.19,
1,Maze001,39.857,3.2500,-0.9990,3.2500,52.19,
1,Maze001,39.861,3.2500,-0.9990,3.2500,52.19,
1,Maze001,39.865,3.2500,-0.9990,3.2500,52.19,
1,Maze001,39.869,3.2500,-0.9990,3.2500,52.19,
1,Maze001,39.873,3.2500,-0.9990,3.2500,52.19,
1,Maze001,39.878,3.2500,-0.9990,3.2500,52.19,
1,Maze001,39.882,3.2500,-0.9990,3.2500,52.19,
1,Maze001,39.886,3.2500,-0.9990,3.2500,52.19,
1,Maze001,39.890,3.2500,-0.9990,3.2500,52.19,
1,Maze001,39.894,3.2500,-0.9990,3.2500,52.19,
1,Maze001,39.898,3.2500,-0.9990,3.2500,52.19,
1,Maze001,39.903,3.2500,-0.9990,3.2500,52.19,
1,Maze001,39.907,3.2500,-0.9990,3.2500,52.19,
1,Maze001,39.911,3.2500,-0.9990,3.2500,52.19,
1,Maze001,39.915,3.2500,-0.9990,3.2500,52.19,
1,Maze001,39.920,3.2500,-0.9990,3.2500,52.19,
1,Maze001,39.923,3.2500,-0.9990,3.2500,52.19,
1,Maze001,39.928,3.2500,-0.9990,3.2500,52.19,
1,Maze001,39.932,3.2500,-0.9990,3.2500,52.19,
1,Maze001,39.936,3.2500,-0.9990,3.2500,52.19,
1,Maze001,39.940,3.2500,-0.9990,3.2500,52.19,
1,Maze001,39.944,3.2500,-0.9990,3.2500,52.19,
1,Maze001,39.949,3.2500,-0.9990,3.2500,52.19,
1,Maze001,39.954,3.2500,-0.9990,3.2500,52.19,
1,Maze001,39.957,3.2500,-0.9990,3.2500,52.19,
1,Maze001,39.961,3.2500,-0.9990,3.2500,52.19,
1,Maze001,39.966,3.2500,-0.9990,3.2500,52.19,
1,Maze001,39.969,3.2500,-0.9990,3.2500,52.19,
1,Maze001,39.973,3.2500,-0.9990,3.2500,52.19,
1,Maze001,39.978,3.2500,-0.9990,3.2500,52.19,
1,Maze001,39.982,3.2500,-0.9990,3.2500,52.19,
1,Maze001,39.986,3.2500,-0.9990,3.2500,52.19,
1,Maze001,39.990,3.2500,-0.9990,3.2500,52.19,
1,Maze001,39.994,3.2500,-0.9990,3.2500,52.19,
1,Maze001,39.998,3.2500,-0.9990,3.2500,52.19,
1,Maze001,40.003,3.2500,-0.9990,3.2500,52.19,
1,Maze001,40.007,3.2500,-0.9990,3.2500,52.19,
1,Maze001,40.011,3.2500,-0.9990,3.2500,52.19,
1,Maze001,40.015,3.2500,-0.9990,3.2500,52.19,
1,Maze001,40.019,3.2500,-0.9990,3.2500,52.19,
1,Maze001,40.023,3.2500,-0.9990,3.2500,52.19,
1,Maze001,40.028,3.2500,-0.9990,3.2500,52.19,
1,Maze001,40.032,3.2500,-0.9990,3.2500,52.19,
1,Maze001,40.036,3.2500,-0.9990,3.2500,52.19,
1,Maze001,40.040,3.2500,-0.9990,3.2500,52.19,
1,Maze001,40.045,3.2500,-0.9990,3.2500,52.19,
1,Maze001,40.048,3.2500,-0.9990,3.2500,52.19,
1,Maze001,40.053,3.2500,-0.9990,3.2500,52.19,
1,Maze001,40.057,3.2500,-0.9990,3.2500,52.19,
1,Maze001,40.061,3.2500,-0.9990,3.2500,52.19,
1,Maze001,40.065,3.2500,-0.9990,3.2500,52.19,
1,Maze001,40.069,3.2500,-0.9990,3.2500,52.19,
1,Maze001,40.074,3.2500,-0.9990,3.2500,52.19,
1,Maze001,40.078,3.2500,-0.9990,3.2500,52.19,
1,Maze001,40.082,3.2500,-0.9990,3.2500,52.19,
1,Maze001,40.086,3.2500,-0.9990,3.2500,52.19,
1,Maze001,40.090,3.2500,-0.9990,3.2500,52.19,
1,Maze001,40.095,3.2500,-0.9990,3.2500,52.19,
1,Maze001,40.098,3.2500,-0.9990,3.2500,52.19,
1,Maze001,40.103,3.2500,-0.9990,3.2500,52.19,
1,Maze001,40.107,3.2500,-0.9990,3.2500,52.19,
1,Maze001,40.112,3.2500,-0.9990,3.2500,52.19,
1,Maze001,40.115,3.2500,-0.9990,3.2500,52.19,
1,Maze001,40.119,3.2500,-0.9990,3.2500,52.19,
1,Maze001,40.124,3.2500,-0.9990,3.2500,52.19,
1,Maze001,40.128,3.2500,-0.9990,3.2500,52.19,
1,Maze001,40.132,3.2500,-0.9990,3.2500,52.19,
1,Maze001,40.136,3.2500,-0.9990,3.2500,52.19,
1,Maze001,40.140,3.2500,-0.9990,3.2500,52.19,
1,Maze001,40.145,3.2500,-0.9990,3.2500,52.19,
1,Maze001,40.149,3.2500,-0.9990,3.2500,52.19,
1,Maze001,40.153,3.2500,-0.9990,3.2500,52.19,
1,Maze001,40.157,3.2500,-0.9990,3.2500,52.19,
1,Maze001,40.161,3.2500,-0.9990,3.2500,52.19,
1,Maze001,40.165,3.2500,-0.9990,3.2500,52.19,
1,Maze001,40.169,3.2500,-0.9990,3.2500,52.19,
1,Maze001,40.173,3.2500,-0.9990,3.2500,52.19,
1,Maze001,40.178,3.2500,-0.9990,3.2500,52.19,
1,Maze001,40.182,3.2500,-0.9990,3.2500,52.19,
1,Maze001,40.186,3.2500,-0.9990,3.2500,52.19,
1,Maze001,40.190,3.2500,-0.9990,3.2500,52.19,
1,Maze001,40.194,3.2500,-0.9990,3.2500,52.19,
1,Maze001,40.198,3.2500,-0.9990,3.2500,52.19,
1,Maze001,40.202,3.2500,-0.9990,3.2500,52.19,
1,Maze001,40.207,3.2500,-0.9990,3.2500,52.19,
1,Maze001,40.211,3.2500,-0.9990,3.2500,52.19,
1,Maze001,40.215,3.2500,-0.9990,3.2500,52.19,
1,Maze001,40.220,3.2500,-0.9990,3.2500,52.19,
1,Maze001,40.224,3.2500,-0.9990,3.2500,52.19,
1,Maze001,40.228,3.2500,-0.9990,3.2500,52.19,
1,Maze001,40.232,3.2500,-0.9990,3.2500,52.19,
1,Maze001,40.236,3.2500,-0.9990,3.2500,52.19,
1,Maze001,40.240,3.2500,-0.9990,3.2500,52.19,
1,Maze001,40.245,3.2500,-0.9990,3.2500,52.19,
1,Maze001,40.249,3.2500,-0.9990,3.2500,52.19,
1,Maze001,40.253,3.2500,-0.9990,3.2500,52.19,
1,Maze001,40.257,3.2500,-0.9990,3.2500,52.19,
1,Maze001,40.261,3.2500,-0.9990,3.2500,52.19,
1,Maze001,40.265,3.2500,-0.9990,3.2500,52.19,
1,Maze001,40.269,3.2500,-0.9990,3.2500,52.19,
1,Maze001,40.273,3.2500,-0.9990,3.2500,52.19,
1,Maze001,40.278,3.2500,-0.9990,3.2500,52.19,
1,Maze001,40.283,3.2500,-0.9990,3.2500,52.19,
1,Maze001,40.286,3.2500,-0.9990,3.2500,52.19,
1,Maze001,40.290,3.2500,-0.9990,3.2500,52.19,
1,Maze001,40.294,3.2500,-0.9990,3.2500,52.19,
1,Maze001,40.299,3.2500,-0.9990,3.2500,52.19,
1,Maze001,40.303,3.2500,-0.9990,3.2500,52.19,
1,Maze001,40.307,3.2500,-0.9990,3.2500,52.19,
1,Maze001,40.311,3.2500,-0.9990,3.2500,52.19,
1,Maze001,40.315,3.2500,-0.9990,3.2500,52.19,
1,Maze001,40.320,3.2500,-0.9990,3.2500,52.19,
1,Maze001,40.324,3.2500,-0.9990,3.2500,52.19,
1,Maze001,40.328,3.2500,-0.9990,3.2500,52.19,
1,Maze001,40.332,3.2500,-0.9990,3.2500,52.19,
1,Maze001,40.336,3.2500,-0.9990,3.2500,52.19,
1,Maze001,40.340,3.2500,-0.9990,3.2500,52.19,
1,Maze001,40.345,3.2500,-0.9990,3.2500,52.19,
1,Maze001,40.348,3.2500,-0.9990,3.2500,52.19,
1,Maze001,40.353,3.2500,-0.9990,3.2500,52.19,
1,Maze001,40.357,3.2500,-0.9990,3.2500,52.19,
1,Maze001,40.361,3.2500,-0.9990,3.2500,52.19,
1,Maze001,40.365,3.2500,-0.9990,3.2500,52.19,
1,Maze001,40.369,3.2500,-0.9990,3.2500,52.19,
1,Maze001,40.374,3.2500,-0.9990,3.2500,52.19,
1,Maze001,40.378,3.2500,-0.9990,3.2500,52.19,
1,Maze001,40.382,3.2500,-0.9990,3.2500,52.19,
1,Maze001,40.386,3.2500,-0.9990,3.2500,52.19,
1,Maze001,40.390,3.2500,-0.9990,3.2500,52.19,
1,Maze001,40.395,3.2500,-0.9990,3.2500,52.19,
1,Maze001,40.399,3.2500,-0.9990,3.2500,52.19,
1,Maze001,40.403,3.2500,-0.9990,3.2500,52.19,
1,Maze001,40.407,3.2500,-0.9990,3.2500,52.19,
1,Maze001,40.411,3.2500,-0.9990,3.2500,52.19,
1,Maze001,40.415,3.2500,-0.9990,3.2500,52.19,
1,Maze001,40.419,3.2500,-0.9990,3.2500,52.19,
1,Maze001,40.423,3.2500,-0.9990,3.2500,52.19,
1,Maze001,40.428,3.2500,-0.9990,3.2500,52.19,
1,Maze001,40.432,3.2500,-0.9990,3.2500,52.19,
1,Maze001,40.436,3.2500,-0.9990,3.2500,52.19,
1,Maze001,40.440,3.2500,-0.9990,3.2500,52.19,
1,Maze001,40.444,3.2500,-0.9990,3.2500,52.19,
1,Maze001,40.449,3.2500,-0.9990,3.2500,52.19,
1,Maze001,40.453,3.2500,-0.9990,3.2500,52.19,
1,Maze001,40.457,3.2500,-0.9990,3.2500,52.19,
1,Maze001,40.461,3.2500,-0.9990,3.2500,52.19,
1,Maze001,40.465,3.2500,-0.9990,3.2500,52.19,
1,Maze001,40.469,3.2500,-0.9990,3.2500,52.19,
1,Maze001,40.473,3.2500,-0.9990,3.2500,52.19,
1,Maze001,40.478,3.2500,-0.9990,3.2500,52.19,
1,Maze001,40.482,3.2500,-0.9990,3.2500,52.19,
1,Maze001,40.486,3.2500,-0.9990,3.2500,52.19,
1,Maze001,40.490,3.2500,-0.9990,3.2500,52.19,
1,Maze001,40.495,3.2500,-0.9990,3.2500,52.19,
1,Maze001,40.499,3.2500,-0.9990,3.2500,52.19,
1,Maze001,40.503,3.2500,-0.9990,3.2500,52.19,
1,Maze001,40.507,3.2500,-0.9990,3.2500,52.19,
1,Maze001,40.511,3.2500,-0.9990,3.2500,52.19,
1,Maze001,40.515,3.2500,-0.9990,3.2500,52.19,
1,Maze001,40.519,3.2500,-0.9990,3.2500,52.19,
1,Maze001,40.524,3.2500,-0.9990,3.2500,52.19,
1,Maze001,40.528,3.2500,-0.9990,3.2500,52.19,
1,Maze001,40.532,3.2500,-0.9990,3.2500,52.19,
1,Maze001,40.536,3.2500,-0.9990,3.2500,52.19,
1,Maze001,40.540,3.2500,-0.9990,3.2500,52.19,
1,Maze001,40.544,3.2500,-0.9990,3.2500,52.19,
1,Maze001,40.548,3.2500,-0.9990,3.2500,52.19,
1,Maze001,40.553,3.2500,-0.9990,3.2500,52.19,
1,Maze001,40.557,3.2500,-0.9990,3.2500,52.19,
1,Maze001,40.561,3.2500,-0.9990,3.2500,52.19,
1,Maze001,40.565,3.2500,-0.9990,3.2500,52.19,
1,Maze001,40.569,3.2500,-0.9990,3.2500,52.19,
1,Maze001,40.574,3.2500,-0.9990,3.2500,52.19,
1,Maze001,40.578,3.2500,-0.9990,3.2500,52.19,
1,Maze001,40.582,3.2500,-0.9990,3.2500,52.19,
1,Maze001,40.586,3.2500,-0.9990,3.2500,52.19,
1,Maze001,40.590,3.2500,-0.9990,3.2500,52.19,
1,Maze001,40.594,3.2500,-0.9990,3.2500,52.19,
1,Maze001,40.598,3.2500,-0.9990,3.2500,52.19,
1,Maze001,40.603,3.2500,-0.9990,3.2500,52.19,
1,Maze001,40.607,3.2500,-0.9990,3.2500,52.19,
1,Maze001,40.611,3.2500,-0.9990,3.2500,52.19,
1,Maze001,40.615,3.2500,-0.9990,3.2500,52.19,
1,Maze001,40.619,3.2500,-0.9990,3.2500,52.19,
1,Maze001,40.624,3.2500,-0.9990,3.2500,52.19,
1,Maze001,40.628,3.2500,-0.9990,3.2500,52.19,
1,Maze001,40.632,3.2500,-0.9990,3.2500,52.19,
1,Maze001,40.636,3.2500,-0.9990,3.2500,52.19,
1,Maze001,40.640,3.2500,-0.9990,3.2500,52.19,
1,Maze001,40.644,3.2500,-0.9990,3.2500,52.19,
1,Maze001,40.648,3.2500,-0.9990,3.2500,52.19,
1,Maze001,40.653,3.2500,-0.9990,3.2500,52.19,
1,Maze001,40.657,3.2500,-0.9990,3.2500,52.19,
1,Maze001,40.661,3.2500,-0.9990,3.2500,52.19,
1,Maze001,40.666,3.2500,-0.9990,3.2500,52.19,
1,Maze001,40.670,3.2500,-0.9990,3.2500,52.19,
1,Maze001,40.674,3.2500,-0.9990,3.2500,52.19,
1,Maze001,40.678,3.2500,-0.9990,3.2500,52.19,
1,Maze001,40.682,3.2500,-0.9990,3.2500,52.19,
1,Maze001,40.686,3.2500,-0.9990,3.2500,52.19,
1,Maze001,40.690,3.2500,-0.9990,3.2500,52.19,
1,Maze001,40.695,3.2500,-0.9990,3.2500,52.19,
1,Maze001,40.698,3.2500,-0.9990,3.2500,52.19,
1,Maze001,40.703,3.2500,-0.9990,3.2500,52.19,
1,Maze001,40.707,3.2500,-0.9990,3.2500,52.19,
1,Maze001,40.711,3.2500,-0.9990,3.2500,52.19,
1,Maze001,40.715,3.2500,-0.9990,3.2500,52.19,
1,Maze001,40.719,3.2500,-0.9990,3.2500,52.19,
1,Maze001,40.723,3.2500,-0.9990,3.2500,52.19,
1,Maze001,40.728,3.2500,-0.9990,3.2500,52.19,
1,Maze001,40.732,3.2500,-0.9990,3.2500,52.19,
1,Maze001,40.736,3.2500,-0.9990,3.2500,52.19,
1,Maze001,40.740,3.2500,-0.9990,3.2500,52.19,
1,Maze001,40.744,3.2500,-0.9990,3.2500,52.19,
1,Maze001,40.749,3.2500,-0.9990,3.2500,52.19,
1,Maze001,40.753,3.2500,-0.9990,3.2500,52.19,
1,Maze001,40.757,3.2500,-0.9990,3.2500,52.19,
1,Maze001,40.761,3.2500,-0.9990,3.2500,52.19,
1,Maze001,40.765,3.2500,-0.9990,3.2500,52.19,
1,Maze001,40.769,3.2500,-0.9990,3.2500,52.19,
1,Maze001,40.774,3.2500,-0.9990,3.2500,52.19,
1,Maze001,40.778,3.2500,-0.9990,3.2500,52.19,
1,Maze001,40.782,3.2500,-0.9990,3.2500,52.19,
1,Maze001,40.786,3.2500,-0.9990,3.2500,52.19,
1,Maze001,40.790,3.2500,-0.9990,3.2500,52.19,
1,Maze001,40.794,3.2500,-0.9990,3.2500,52.19,
1,Maze001,40.799,3.2500,-0.9990,3.2500,52.19,
1,Maze001,40.803,3.2500,-0.9990,3.2500,52.19,
1,Maze001,40.807,3.2500,-0.9990,3.2500,52.19,
1,Maze001,40.811,3.2500,-0.9990,3.2500,52.19,
1,Maze001,40.815,3.2500,-0.9990,3.2500,52.19,
1,Maze001,40.819,3.2500,-0.9990,3.2500,52.19,
1,Maze001,40.823,3.2500,-0.9990,3.2500,52.19,
1,Maze001,40.828,3.2500,-0.9990,3.2500,52.19,
1,Maze001,40.832,3.2500,-0.9990,3.2500,52.19,
1,Maze001,40.836,3.2500,-0.9990,3.2500,52.19,
1,Maze001,40.841,3.2500,-0.9990,3.2500,52.19,
1,Maze001,40.844,3.2500,-0.9990,3.2500,52.19,
1,Maze001,40.849,3.2500,-0.9990,3.2500,52.19,
1,Maze001,40.853,3.2500,-0.9990,3.2500,52.19,
1,Maze001,40.857,3.2500,-0.9990,3.2500,52.19,
1,Maze001,40.861,3.2500,-0.9990,3.2500,52.19,
1,Maze001,40.865,3.2500,-0.9990,3.2500,52.19,
1,Maze001,40.869,3.2500,-0.9990,3.2500,52.19,
1,Maze001,40.873,3.2500,-0.9990,3.2500,52.19,
1,Maze001,40.878,3.2500,-0.9990,3.2500,52.19,
1,Maze001,40.882,3.2500,-0.9990,3.2500,52.19,
1,Maze001,40.886,3.2500,-0.9990,3.2500,52.19,
1,Maze001,40.890,3.2500,-0.9990,3.2500,52.19,
1,Maze001,40.894,3.2500,-0.9990,3.2500,52.19,
1,Maze001,40.898,3.2500,-0.9990,3.2500,52.19,
1,Maze001,40.903,3.2500,-0.9990,3.2500,52.19,
1,Maze001,40.907,3.2500,-0.9990,3.2500,52.19,
1,Maze001,40.912,3.2500,-0.9990,3.2500,52.19,
1,Maze001,40.916,3.2500,-0.9990,3.2500,52.19,
1,Maze001,40.919,3.2500,-0.9990,3.2500,52.19,
1,Maze001,40.924,3.2500,-0.9990,3.2500,52.19,
1,Maze001,40.928,3.2500,-0.9990,3.2500,52.19,
1,Maze001,40.932,3.2500,-0.9990,3.2500,52.19,
1,Maze001,40.936,3.2500,-0.9990,3.2500,52.19,
1,Maze001,40.940,3.2500,-0.9990,3.2500,52.19,
1,Maze001,40.945,3.2500,-0.9990,3.2500,52.19,
1,Maze001,40.949,3.2500,-0.9990,3.2500,52.19,
1,Maze001,40.953,3.2500,-0.9990,3.2500,52.19,
1,Maze001,40.957,3.2500,-0.9990,3.2500,52.19,
1,Maze001,40.961,3.2500,-0.9990,3.2500,52.19,
1,Maze001,40.965,3.2500,-0.9990,3.2500,52.19,
1,Maze001,40.969,3.2500,-0.9990,3.2500,52.19,
1,Maze001,40.974,3.2500,-0.9990,3.2500,52.19,
1,Maze001,40.978,3.2500,-0.9990,3.2500,52.19,
1,Maze001,40.982,3.2500,-0.9990,3.2500,52.19,
1,Maze001,40.986,3.2500,-0.9990,3.2500,52.19,
1,Maze001,40.990,3.2500,-0.9990,3.2500,52.19,
1,Maze001,40.994,3.2500,-0.9990,3.2500,52.19,
1,Maze001,40.999,3.2500,-0.9990,3.2500,52.19,
1,Maze001,41.003,3.2500,-0.9990,3.2500,52.19,
1,Maze001,41.007,3.2500,-0.9990,3.2500,52.19,
1,Maze001,41.011,3.2500,-0.9990,3.2500,52.19,
1,Maze001,41.015,3.2500,-0.9990,3.2500,52.19,
1,Maze001,41.019,3.2500,-0.9990,3.2500,52.19,
1,Maze001,41.024,3.2500,-0.9990,3.2500,52.19,
1,Maze001,41.028,3.2500,-0.9990,3.2500,52.19,
1,Maze001,41.032,3.2500,-0.9990,3.2500,52.19,
1,Maze001,41.036,3.2500,-0.9990,3.2500,52.19,
1,Maze001,41.040,3.2500,-0.9990,3.2500,52.19,
1,Maze001,41.044,3.2500,-0.9990,3.2500,52.19,
1,Maze001,41.049,3.2500,-0.9990,3.2500,52.19,
1,Maze001,41.053,3.2500,-0.9990,3.2500,52.19,
1,Maze001,41.057,3.2500,-0.9990,3.2500,52.19,
1,Maze001,41.061,3.2500,-0.9990,3.2500,52.19,
1,Maze001,41.065,3.2500,-0.9990,3.2500,52.19,
1,Maze001,41.069,3.2500,-0.9990,3.2500,52.19,
1,Maze001,41.073,3.2500,-0.9990,3.2500,52.19,
1,Maze001,41.077,3.2500,-0.9990,3.2500,52.19,
1,Maze001,41.082,3.2500,-0.9990,3.2500,52.19,
1,Maze001,41.086,3.2500,-0.9990,3.2500,52.19,
1,Maze001,41.090,3.2500,-0.9990,3.2500,52.19,
1,Maze001,41.095,3.2500,-0.9990,3.2500,52.19,
1,Maze001,41.098,3.2500,-0.9990,3.2500,52.19,
1,Maze001,41.103,3.2500,-0.9990,3.2500,52.19,
1,Maze001,41.107,3.2500,-0.9990,3.2500,52.19,
1,Maze001,41.111,3.2500,-0.9990,3.2500,52.19,
1,Maze001,41.115,3.2500,-0.9990,3.2500,52.19,
1,Maze001,41.119,3.2500,-0.9990,3.2500,52.19,
1,Maze001,41.123,3.2500,-0.9990,3.2500,52.19,
1,Maze001,41.128,3.2500,-0.9990,3.2500,52.19,
1,Maze001,41.132,3.2500,-0.9990,3.2500,52.19,
1,Maze001,41.136,3.2500,-0.9990,3.2500,52.19,
1,Maze001,41.140,3.2500,-0.9990,3.2500,52.19,
1,Maze001,41.145,3.2500,-0.9990,3.2500,52.19,
1,Maze001,41.148,3.2500,-0.9990,3.2500,52.19,
1,Maze001,41.153,3.2500,-0.9990,3.2500,52.19,
1,Maze001,41.157,3.2500,-0.9990,3.2500,52.19,
1,Maze001,41.161,3.2500,-0.9990,3.2500,52.19,
1,Maze001,41.165,3.2500,-0.9990,3.2500,52.19,
1,Maze001,41.169,3.2500,-0.9990,3.2500,52.19,
1,Maze001,41.173,3.2500,-0.9990,3.2500,52.19,
1,Maze001,41.178,3.2500,-0.9990,3.2500,52.19,
1,Maze001,41.182,3.2500,-0.9990,3.2500,52.19,
1,Maze001,41.186,3.2500,-0.9990,3.2500,52.19,
1,Maze001,41.190,3.2500,-0.9990,3.2500,52.19,
1,Maze001,41.194,3.2500,-0.9990,3.2500,52.19,
1,Maze001,41.198,3.2500,-0.9990,3.2500,52.19,
1,Maze001,41.203,3.2500,-0.9990,3.2500,52.19,
1,Maze001,41.207,3.2500,-0.9990,3.2500,52.19,
1,Maze001,41.211,3.2500,-0.9990,3.2500,52.19,
1,Maze001,41.215,3.2500,-0.9990,3.2500,52.19,
1,Maze001,41.219,3.2500,-0.9990,3.2500,52.19,
1,Maze001,41.224,3.2500,-0.9990,3.2500,52.19,
1,Maze001,41.228,3.2500,-0.9990,3.2500,52.19,
1,Maze001,41.232,3.2500,-0.9990,3.2500,52.19,
1,Maze001,41.236,3.2500,-0.9990,3.2500,52.19,
1,Maze001,41.240,3.2500,-0.9990,3.2500,52.19,
1,Maze001,41.244,3.2500,-0.9990,3.2500,52.19,
1,Maze001,41.248,3.2500,-0.9990,3.2500,52.19,
1,Maze001,41.253,3.2500,-0.9990,3.2500,52.19,
1,Maze001,41.257,3.2500,-0.9990,3.2500,52.19,
1,Maze001,41.261,3.2500,-0.9990,3.2500,52.19,
1,Maze001,41.265,3.2500,-0.9990,3.2500,52.19,
1,Maze001,41.269,3.2500,-0.9990,3.2500,52.19,
1,Maze001,41.273,3.2500,-0.9990,3.2500,52.19,
1,Maze001,41.278,3.2500,-0.9990,3.2500,52.19,
1,Maze001,41.282,3.2500,-0.9990,3.2500,52.19,
1,Maze001,41.286,3.2500,-0.9990,3.2500,52.19,
1,Maze001,41.290,3.2500,-0.9990,3.2500,52.19,
1,Maze001,41.294,3.2500,-0.9990,3.2500,52.19,
1,Maze001,41.298,3.2500,-0.9990,3.2500,52.19,
1,Maze001,41.302,3.2500,-0.9990,3.2500,52.19,
1,Maze001,41.306,3.2500,-0.9990,3.2500,52.19,
1,Maze001,41.311,3.2500,-0.9990,3.2500,52.19,
1,Maze001,41.315,3.2500,-0.9990,3.2500,52.19,
1,Maze001,41.319,3.2500,-0.9990,3.2500,52.19,
1,Maze001,41.323,3.2500,-0.9990,3.2500,52.19,
1,Maze001,41.327,3.2500,-0.9990,3.2500,52.19,
1,Maze001,41.332,3.2500,-0.9990,3.2500,52.19,
1,Maze001,41.336,3.2500,-0.9990,3.2500,52.19,
1,Maze001,41.340,3.2500,-0.9990,3.2500,52.19,
1,Maze001,41.344,3.2500,-0.9990,3.2500,52.19,
1,Maze001,41.349,3.2500,-0.9990,3.2500,52.19,
1,Maze001,41.353,3.2500,-0.9990,3.2500,52.19,
1,Maze001,41.357,3.2500,-0.9990,3.2500,52.19,
1,Maze001,41.361,3.2500,-0.9990,3.2500,52.19,
1,Maze001,41.365,3.2500,-0.9990,3.2500,52.19,
1,Maze001,41.369,3.2500,-0.9990,3.2500,52.19,
1,Maze001,41.374,3.2500,-0.9990,3.2500,52.19,
1,Maze001,41.378,3.2500,-0.9990,3.2500,52.19,
1,Maze001,41.382,3.2500,-0.9990,3.2500,52.19,
1,Maze001,41.386,3.2500,-0.9990,3.2500,52.19,
1,Maze001,41.390,3.2500,-0.9990,3.2500,52.19,
1,Maze001,41.394,3.2500,-0.9990,3.2500,52.19,
1,Maze001,41.399,3.2500,-0.9990,3.2500,52.19,
1,Maze001,41.402,3.2500,-0.9990,3.2500,52.19,
1,Maze001,41.407,3.2500,-0.9990,3.2500,52.19,
1,Maze001,41.411,3.2500,-0.9990,3.2500,52.19,
1,Maze001,41.415,3.2500,-0.9990,3.2500,52.19,
1,Maze001,41.420,3.2500,-0.9990,3.2500,52.19,
1,Maze001,41.423,3.2500,-0.9990,3.2500,52.19,
1,Maze001,41.428,3.2500,-0.9990,3.2500,52.19,
1,Maze001,41.432,3.2500,-0.9990,3.2500,52.19,
1,Maze001,41.436,3.2500,-0.9990,3.2500,52.19,
1,Maze001,41.440,3.2500,-0.9990,3.2500,52.19,
1,Maze001,41.444,3.2500,-0.9990,3.2500,52.19,
1,Maze001,41.448,3.2500,-0.9990,3.2500,52.19,
1,Maze001,41.453,3.2500,-0.9990,3.2500,52.19,
1,Maze001,41.457,3.2500,-0.9990,3.2500,52.19,
1,Maze001,41.461,3.2500,-0.9990,3.2500,52.19,
1,Maze001,41.466,3.2500,-0.9990,3.2500,52.19,
1,Maze001,41.469,3.2500,-0.9990,3.2500,52.19,
1,Maze001,41.474,3.2500,-0.9990,3.2500,52.19,
1,Maze001,41.478,3.2500,-0.9990,3.2500,52.19,
1,Maze001,41.482,3.2500,-0.9990,3.2500,52.19,
1,Maze001,41.486,3.2500,-0.9990,3.2500,52.19,
1,Maze001,41.490,3.2500,-0.9990,3.2500,52.19,
1,Maze001,41.494,3.2500,-0.9990,3.2500,52.19,
1,Maze001,41.499,3.2500,-0.9990,3.2500,52.19,
1,Maze001,41.503,3.2500,-0.9990,3.2500,52.19,
1,Maze001,41.507,3.2500,-0.9990,3.2500,52.19,
1,Maze001,41.511,3.2500,-0.9990,3.2500,52.19,
1,Maze001,41.515,3.2500,-0.9990,3.2500,52.19,
1,Maze001,41.519,3.2500,-0.9990,3.2500,52.19,
1,Maze001,41.524,3.2500,-0.9990,3.2500,52.19,
1,Maze001,41.528,3.2500,-0.9990,3.2500,52.19,
1,Maze001,41.532,3.2500,-0.9990,3.2500,52.19,
1,Maze001,41.536,3.2500,-0.9990,3.2500,52.19,
1,Maze001,41.540,3.2500,-0.9990,3.2500,52.19,
1,Maze001,41.544,3.2500,-0.9990,3.2500,52.19,
1,Maze001,41.549,3.2500,-0.9990,3.2500,52.19,
1,Maze001,41.553,3.2500,-0.9990,3.2500,52.19,
1,Maze001,41.557,3.2500,-0.9990,3.2500,52.19,
1,Maze001,41.561,3.2500,-0.9990,3.2500,52.19,
1,Maze001,41.566,3.2500,-0.9990,3.2500,52.19,
1,Maze001,41.569,3.2500,-0.9990,3.2500,52.19,
1,Maze001,41.573,3.2500,-0.9990,3.2500,52.19,
1,Maze001,41.577,3.2500,-0.9990,3.2500,52.19,
1,Maze001,41.582,3.2500,-0.9990,3.2500,52.19,
1,Maze001,41.586,3.2500,-0.9990,3.2500,52.19,
1,Maze001,41.590,3.2500,-0.9990,3.2500,52.19,
1,Maze001,41.594,3.2500,-0.9990,3.2500,52.19,
1,Maze001,41.599,3.2500,-0.9990,3.2500,52.19,
1,Maze001,41.603,3.2500,-0.9990,3.2500,52.19,
1,Maze001,41.607,3.2500,-0.9990,3.2500,52.19,
1,Maze001,41.611,3.2500,-0.9990,3.2500,52.19,
1,Maze001,41.615,3.2500,-0.9990,3.2500,52.19,
1,Maze001,41.619,3.2500,-0.9990,3.2500,52.19,
1,Maze001,41.624,3.2500,-0.9990,3.2500,52.19,
1,Maze001,41.628,3.2500,-0.9990,3.2500,52.19,
1,Maze001,41.632,3.2500,-0.9990,3.2500,52.19,
1,Maze001,41.636,3.2500,-0.9990,3.2500,52.19,
1,Maze001,41.640,3.2500,-0.9990,3.2500,52.19,
1,Maze001,41.644,3.2500,-0.9990,3.2500,52.19,
1,Maze001,41.649,3.2500,-0.9990,3.2500,52.19,
1,Maze001,41.653,3.2500,-0.9990,3.2500,52.19,
1,Maze001,41.657,3.2500,-0.9990,3.2500,52.19,
1,Maze001,41.661,3.2500,-0.9990,3.2500,52.19,
1,Maze001,41.665,3.2500,-0.9990,3.2500,52.19,
1,Maze001,41.669,3.2500,-0.9990,3.2500,52.19,
1,Maze001,41.673,3.2500,-0.9990,3.2500,52.19,
1,Maze001,41.677,3.2500,-0.9990,3.2500,52.19,
1,Maze001,41.682,3.2500,-0.9990,3.2500,52.19,
1,Maze001,41.686,3.2500,-0.9990,3.2500,52.19,
1,Maze001,41.690,3.2500,-0.9990,3.2500,52.19,
1,Maze001,41.695,3.2500,-0.9990,3.2500,52.19,
1,Maze001,41.698,3.2500,-0.9990,3.2500,52.19,
1,Maze001,41.702,3.2500,-0.9990,3.2500,52.19,
1,Maze001,41.707,3.2500,-0.9990,3.2500,52.19,
1,Maze001,41.712,3.2500,-0.9990,3.2500,52.19,
1,Maze001,41.715,3.2500,-0.9990,3.2500,52.19,
1,Maze001,41.719,3.2500,-0.9990,3.2500,52.19,
1,Maze001,41.723,3.2500,-0.9990,3.2500,52.19,
1,Maze001,41.727,3.2500,-0.9990,3.2500,52.19,
1,Maze001,41.732,3.2500,-0.9990,3.2500,52.19,
1,Maze001,41.736,3.2500,-0.9990,3.2500,52.19,
1,Maze001,41.740,3.2500,-0.9990,3.2500,52.19,
1,Maze001,41.744,3.2500,-0.9990,3.2500,52.19,
1,Maze001,41.749,3.2500,-0.9990,3.2500,52.19,
1,Maze001,41.753,3.2500,-0.9990,3.2500,52.19,
1,Maze001,41.757,3.2500,-0.9990,3.2500,52.19,
1,Maze001,41.761,3.2500,-0.9990,3.2500,52.19,
1,Maze001,41.765,3.2500,-0.9990,3.2500,52.19,
1,Maze001,41.769,3.2500,-0.9990,3.2500,52.19,
1,Maze001,41.773,3.2500,-0.9990,3.2500,52.19,
1,Maze001,41.778,3.2500,-0.9990,3.2500,52.19,
1,Maze001,41.782,3.2500,-0.9990,3.2500,52.19,
1,Maze001,41.786,3.2500,-0.9990,3.2500,52.19,
1,Maze001,41.790,3.2500,-0.9990,3.2500,52.19,
1,Maze001,41.794,3.2500,-0.9990,3.2500,52.19,
1,Maze001,41.798,3.2500,-0.9990,3.2500,52.19,
1,Maze001,41.803,3.2500,-0.9990,3.2500,52.19,
1,Maze001,41.807,3.2500,-0.9990,3.2500,52.19,
1,Maze001,41.811,3.2500,-0.9990,3.2500,52.19,
1,Maze001,41.815,3.2500,-0.9990,3.2500,52.19,
1,Maze001,41.820,3.2500,-0.9990,3.2500,52.19,
1,Maze001,41.823,3.2500,-0.9990,3.2500,52.19,
1,Maze001,41.827,3.2500,-0.9990,3.2500,52.19,
1,Maze001,41.832,3.2500,-0.9990,3.2500,52.19,
1,Maze001,41.836,3.2500,-0.9990,3.2500,52.19,
1,Maze001,41.840,3.2500,-0.9990,3.2500,52.19,
1,Maze001,41.844,3.2500,-0.9990,3.2500,52.19,
1,Maze001,41.849,3.2500,-0.9990,3.2500,52.19,
1,Maze001,41.853,3.2500,-0.9990,3.2500,52.19,
1,Maze001,41.857,3.2500,-0.9990,3.2500,52.19,
1,Maze001,41.861,3.2500,-0.9990,3.2500,52.19,
1,Maze001,41.865,3.2500,-0.9990,3.2500,52.19,
1,Maze001,41.869,3.2500,-0.9990,3.2500,52.19,
1,Maze001,41.873,3.2500,-0.9990,3.2500,52.19,
1,Maze001,41.877,3.2500,-0.9990,3.2500,52.19,
1,Maze001,41.882,3.2500,-0.9990,3.2500,52.19,
1,Maze001,41.886,3.2500,-0.9990,3.2500,52.19,
1,Maze001,41.890,3.2500,-0.9990,3.2500,52.19,
1,Maze001,41.894,3.2500,-0.9990,3.2500,52.19,
1,Maze001,41.898,3.2500,-0.9990,3.2500,52.19,
1,Maze001,41.902,3.2500,-0.9990,3.2500,52.19,
1,Maze001,41.907,3.2500,-0.9990,3.2500,52.19,
1,Maze001,41.911,3.2500,-0.9990,3.2500,52.19,
1,Maze001,41.915,3.2500,-0.9990,3.2500,52.19,
1,Maze001,41.919,3.2500,-0.9990,3.2500,52.19,
1,Maze001,41.923,3.2500,-0.9990,3.2500,52.19,
1,Maze001,41.927,3.2500,-0.9990,3.2500,52.19,
1,Maze001,41.932,3.2500,-0.9990,3.2500,52.19,
1,Maze001,41.936,3.2500,-0.9990,3.2500,52.19,
1,Maze001,41.940,3.2500,-0.9990,3.2500,52.19,
1,Maze001,41.944,3.2500,-0.9990,3.2500,52.19,
1,Maze001,41.948,3.2500,-0.9990,3.2500,52.19,
1,Maze001,41.952,3.2500,-0.9990,3.2500,52.19,
1,Maze001,41.957,3.2500,-0.9990,3.2500,52.19,
1,Maze001,41.961,3.2500,-0.9990,3.2500,52.19,
1,Maze001,41.965,3.2500,-0.9990,3.2500,52.19,
1,Maze001,41.969,3.2500,-0.9990,3.2500,52.19,
1,Maze001,41.973,3.2500,-0.9990,3.2500,52.19,
1,Maze001,41.978,3.2500,-0.9990,3.2500,52.19,
1,Maze001,41.982,3.2500,-0.9990,3.2500,52.19,
1,Maze001,41.986,3.2500,-0.9990,3.2500,52.19,
1,Maze001,41.990,3.2500,-0.9990,3.2500,52.19,
1,Maze001,41.994,3.2500,-0.9990,3.2500,52.19,
1,Maze001,41.998,3.2500,-0.9990,3.2500,52.19,
1,Maze001,42.003,3.2500,-0.9990,3.2500,52.19,
1,Maze001,42.010,3.2500,-0.9990,3.2500,52.19,
1,Maze001,42.012,3.2500,-0.9990,3.2500,52.19,
1,Maze001,42.019,3.2500,-0.9990,3.2500,52.19,
1,Maze001,42.023,3.2500,-0.9990,3.2500,52.19,
1,Maze001,42.028,3.2500,-0.9990,3.2500,52.19,
1,Maze001,42.032,3.2500,-0.9990,3.2500,52.19,
1,Maze001,42.036,3.2500,-0.9990,3.2500,52.19,
1,Maze001,42.040,3.2500,-0.9990,3.2500,52.19,
1,Maze001,42.044,3.2500,-0.9990,3.2500,52.19,
1,Maze001,42.048,3.2500,-0.9990,3.2500,52.19,
1,Maze001,42.053,3.2500,-0.9990,3.2500,52.19,
1,Maze001,42.057,3.2500,-0.9990,3.2500,52.19,
1,Maze001,42.061,3.2500,-0.9990,3.2500,52.19,
1,Maze001,42.065,3.2500,-0.9990,3.2500,52.19,
1,Maze001,42.069,3.2500,-0.9990,3.2500,52.19,
1,Maze001,42.073,3.2500,-0.9990,3.2500,52.19,
1,Maze001,42.077,3.2500,-0.9990,3.2500,52.19,
1,Maze001,42.082,3.2500,-0.9990,3.2500,52.19,
1,Maze001,42.086,3.2500,-0.9990,3.2500,52.19,
1,Maze001,42.090,3.2500,-0.9990,3.2500,52.19,
1,Maze001,42.094,3.2500,-0.9990,3.2500,52.19,
1,Maze001,42.098,3.2500,-0.9990,3.2500,52.19,
1,Maze001,42.102,3.2500,-0.9990,3.2500,52.19,
1,Maze001,42.106,3.2500,-0.9990,3.2500,52.19,
1,Maze001,42.111,3.2500,-0.9990,3.2500,52.19,
1,Maze001,42.115,3.2500,-0.9990,3.2500,52.19,
1,Maze001,42.119,3.2500,-0.9990,3.2500,52.19,
1,Maze001,42.123,3.2500,-0.9990,3.2500,52.19,
1,Maze001,42.128,3.2500,-0.9990,3.2500,52.19,
1,Maze001,42.132,3.2500,-0.9990,3.2500,52.19,
1,Maze001,42.136,3.2500,-0.9990,3.2500,52.19,
1,Maze001,42.140,3.2500,-0.9990,3.2500,52.19,
1,Maze001,42.144,3.2500,-0.9990,3.2500,52.19,
1,Maze001,42.148,3.2500,-0.9990,3.2500,52.19,
1,Maze001,42.153,3.2500,-0.9990,3.2500,52.19,
1,Maze001,42.157,3.2500,-0.9990,3.2500,52.19,
1,Maze001,42.161,3.2500,-0.9990,3.2500,52.19,
1,Maze001,42.165,3.2500,-0.9990,3.2500,52.19,
1,Maze001,42.169,3.2500,-0.9990,3.2500,52.19,
1,Maze001,42.173,3.2500,-0.9990,3.2500,52.19,
1,Maze001,42.177,3.2500,-0.9990,3.2500,52.19,
1,Maze001,42.182,3.2500,-0.9990,3.2500,52.19,
1,Maze001,42.186,3.2500,-0.9990,3.2500,52.19,
1,Maze001,42.190,3.2500,-0.9990,3.2500,52.19,
1,Maze001,42.194,3.2500,-0.9990,3.2500,52.19,
1,Maze001,42.198,3.2500,-0.9990,3.2500,52.19,
1,Maze001,42.203,3.2500,-0.9990,3.2500,52.19,
1,Maze001,42.207,3.2500,-0.9990,3.2500,52.19,
1,Maze001,42.211,3.2500,-0.9990,3.2500,52.19,
1,Maze001,42.215,3.2500,-0.9990,3.2500,52.19,
1,Maze001,42.219,3.2500,-0.9990,3.2500,52.19,
1,Maze001,42.223,3.2500,-0.9990,3.2500,52.19,
1,Maze001,42.227,3.2500,-0.9990,3.2500,52.19,
1,Maze001,42.232,3.2500,-0.9990,3.2500,52.19,
1,Maze001,42.236,3.2500,-0.9990,3.2500,52.19,
1,Maze001,42.240,3.2500,-0.9990,3.2500,52.19,
1,Maze001,42.245,3.2500,-0.9990,3.2500,52.19,
1,Maze001,42.249,3.2500,-0.9990,3.2500,52.19,
1,Maze001,42.253,3.2500,-0.9990,3.2500,52.19,
1,Maze001,42.257,3.2500,-0.9990,3.2500,52.19,
1,Maze001,42.261,3.2500,-0.9990,3.2500,52.19,
1,Maze001,42.265,3.2500,-0.9990,3.2500,52.19,
1,Maze001,42.270,3.2500,-0.9990,3.2500,52.19,
1,Maze001,42.273,3.2500,-0.9990,3.2500,52.19,
1,Maze001,42.277,3.2500,-0.9990,3.2500,52.19,
1,Maze001,42.282,3.2500,-0.9990,3.2500,52.19,
1,Maze001,42.286,3.2500,-0.9990,3.2500,52.19,
1,Maze001,42.290,3.2500,-0.9990,3.2500,52.19,
1,Maze001,42.294,3.2500,-0.9990,3.2500,52.19,
1,Maze001,42.298,3.2500,-0.9990,3.2500,52.19,
1,Maze001,42.303,3.2500,-0.9990,3.2500,52.19,
1,Maze001,42.307,3.2500,-0.9990,3.2500,52.19,
1,Maze001,42.311,3.2500,-0.9990,3.2500,52.19,
1,Maze001,42.315,3.2500,-0.9990,3.2500,52.19,
1,Maze001,42.320,3.2500,-0.9990,3.2500,52.19,
1,Maze001,42.323,3.2500,-0.9990,3.2500,52.19,
1,Maze001,42.328,3.2500,-0.9990,3.2500,52.19,
1,Maze001,42.332,3.2500,-0.9990,3.2500,52.19,
1,Maze001,42.336,3.2500,-0.9990,3.2500,52.19,
1,Maze001,42.340,3.2500,-0.9990,3.2500,52.19,
1,Maze001,42.344,3.2500,-0.9990,3.2500,52.19,
1,Maze001,42.348,3.2500,-0.9990,3.2500,52.19,
1,Maze001,42.352,3.2500,-0.9990,3.2500,52.19,
1,Maze001,42.356,3.2500,-0.9990,3.2500,52.19,
1,Maze001,42.361,3.2500,-0.9990,3.2500,52.19,
1,Maze001,42.365,3.2500,-0.9990,3.2500,52.19,
1,Maze001,42.369,3.2500,-0.9990,3.2500,52.19,
1,Maze001,42.373,3.2500,-0.9990,3.2500,52.19,
1,Maze001,42.378,3.2500,-0.9990,3.2500,52.19,
1,Maze001,42.382,3.2500,-0.9990,3.2500,52.19,
1,Maze001,42.386,3.2500,-0.9990,3.2500,52.19,
1,Maze001,42.390,3.2500,-0.9990,3.2500,52.19,
1,Maze001,42.395,3.2500,-0.9990,3.2500,52.19,
1,Maze001,42.399,3.2500,-0.9990,3.2500,52.19,
1,Maze001,42.403,3.2500,-0.9990,3.2500,52.19,
1,Maze001,42.407,3.2500,-0.9990,3.2500,52.19,
1,Maze001,42.411,3.2500,-0.9990,3.2500,52.19,
1,Maze001,42.415,3.2500,-0.9990,3.2500,52.19,
1,Maze001,42.420,3.2500,-0.9990,3.2500,52.19,
1,Maze001,42.424,3.2500,-0.9990,3.2500,52.19,
1,Maze001,42.428,3.2500,-0.9990,3.2500,52.19,
1,Maze001,42.432,3.2500,-0.9990,3.2500,52.19,
1,Maze001,42.436,3.2500,-0.9990,3.2500,52.19,
1,Maze001,42.441,3.2500,-0.9990,3.2500,52.19,
1,Maze001,42.444,3.2500,-0.9990,3.2500,52.19,
1,Maze001,42.449,3.2500,-0.9990,3.2500,52.19,
1,Maze001,42.453,3.2500,-0.9990,3.2500,52.19,
1,Maze001,42.457,3.2500,-0.9990,3.2500,52.19,
1,Maze001,42.461,3.2500,-0.9990,3.2500,52.19,
1,Maze001,42.465,3.2500,-0.9990,3.2500,52.19,
1,Maze001,42.469,3.2500,-0.9990,3.2500,52.19,
1,Maze001,42.474,3.2500,-0.9990,3.2500,52.19,
1,Maze001,42.478,3.2500,-0.9990,3.2500,52.19,
1,Maze001,42.482,3.2500,-0.9990,3.2500,52.19,
1,Maze001,42.486,3.2500,-0.9990,3.2500,52.19,
1,Maze001,42.490,3.2500,-0.9990,3.2500,52.19,
1,Maze001,42.494,3.2500,-0.9990,3.2500,52.19,
1,Maze001,42.499,3.2500,-0.9990,3.2500,52.19,
1,Maze001,42.503,3.2500,-0.9990,3.2500,52.19,
1,Maze001,42.507,3.2500,-0.9990,3.2500,52.19,
1,Maze001,42.511,3.2500,-0.9990,3.2500,52.19,
1,Maze001,42.515,3.2500,-0.9990,3.2500,52.19,
1,Maze001,42.520,3.2500,-0.9990,3.2500,52.19,
1,Maze001,42.523,3.2500,-0.9990,3.2500,52.19,
1,Maze001,42.528,3.2500,-0.9990,3.2500,52.19,
1,Maze001,42.532,3.2500,-0.9990,3.2500,52.19,
1,Maze001,42.536,3.2500,-0.9990,3.2500,52.19,
1,Maze001,42.540,3.2500,-0.9990,3.2500,52.19,
1,Maze001,42.544,3.2500,-0.9990,3.2500,52.19,
1,Maze001,42.548,3.2500,-0.9990,3.2500,52.19,
1,Maze001,42.552,3.2500,-0.9990,3.2500,52.19,
1,Maze001,42.556,3.2500,-0.9990,3.2500,52.19,
1,Maze001,42.560,3.2500,-0.9990,3.2500,52.19,
1,Maze001,42.565,3.2500,-0.9990,3.2500,52.19,
1,Maze001,42.569,3.2500,-0.9990,3.2500,52.19,
1,Maze001,42.573,3.2500,-0.9990,3.2500,52.19,
1,Maze001,42.577,3.2500,-0.9990,3.2500,52.19,
1,Maze001,42.581,3.2500,-0.9990,3.2500,52.19,
1,Maze001,42.585,3.2500,-0.9990,3.2500,52.19,
1,Maze001,42.590,3.2500,-0.9990,3.2500,52.19,
1,Maze001,42.594,3.2500,-0.9990,3.2500,52.19,
1,Maze001,42.598,3.2500,-0.9990,3.2500,52.19,
1,Maze001,42.602,3.2500,-0.9990,3.2500,52.19,
1,Maze001,42.606,3.2500,-0.9990,3.2500,52.19,
1,Maze001,42.611,3.2500,-0.9990,3.2500,52.19,
1,Maze001,42.615,3.2500,-0.9990,3.2500,52.19,
1,Maze001,42.619,3.2500,-0.9990,3.2500,52.19,
1,Maze001,42.623,3.2500,-0.9990,3.2500,52.19,
1,Maze001,42.628,3.2500,-0.9990,3.2500,52.19,
1,Maze001,42.631,3.2500,-0.9990,3.2500,52.19,
1,Maze001,42.636,3.2500,-0.9990,3.2500,52.19,
1,Maze001,42.640,3.2500,-0.9990,3.2500,52.19,
1,Maze001,42.644,3.2500,-0.9990,3.2500,52.19,
1,Maze001,42.648,3.2500,-0.9990,3.2500,52.19,
1,Maze001,42.652,3.2500,-0.9990,3.2500,52.19,
1,Maze001,42.656,3.2500,-0.9990,3.2500,52.19,
1,Maze001,42.661,3.2500,-0.9990,3.2500,52.19,
1,Maze001,42.665,3.2500,-0.9990,3.2500,52.19,
1,Maze001,42.669,3.2500,-0.9990,3.2500,52.19,
1,Maze001,42.673,3.2500,-0.9990,3.2500,52.19,
1,Maze001,42.677,3.2500,-0.9990,3.2500,52.19,
1,Maze001,42.682,3.2500,-0.9990,3.2500,52.19,
1,Maze001,42.686,3.2500,-0.9990,3.2500,52.19,
1,Maze001,42.690,3.2500,-0.9990,3.2500,52.19,
1,Maze001,42.694,3.2500,-0.9990,3.2500,52.19,
1,Maze001,42.699,3.2500,-0.9990,3.2500,52.19,
1,Maze001,42.702,3.2500,-0.9990,3.2500,52.19,
1,Maze001,42.707,3.2500,-0.9990,3.2500,52.19,
1,Maze001,42.711,3.2500,-0.9990,3.2500,52.19,
1,Maze001,42.715,3.2500,-0.9990,3.2500,52.19,
1,Maze001,42.719,3.2500,-0.9990,3.2500,52.19,
1,Maze001,42.723,3.2500,-0.9990,3.2500,52.19,
1,Maze001,42.728,3.2500,-0.9990,3.2500,52.19,
1,Maze001,42.731,3.2500,-0.9990,3.2500,52.19,
1,Maze001,42.736,3.2500,-0.9990,3.2500,52.19,
1,Maze001,42.740,3.2500,-0.9990,3.2500,52.19,
1,Maze001,42.744,3.2500,-0.9990,3.2500,52.19,
1,Maze001,42.748,3.2500,-0.9990,3.2500,52.19,
1,Maze001,42.752,3.2500,-0.9990,3.2500,52.19,
1,Maze001,42.757,3.2500,-0.9990,3.2500,52.19,
1,Maze001,42.761,3.2500,-0.9990,3.2500,52.19,
1,Maze001,42.765,3.2500,-0.9990,3.2500,52.19,
1,Maze001,42.769,3.2500,-0.9990,3.2500,52.19,
1,Maze001,42.773,3.2500,-0.9990,3.2500,52.19,
1,Maze001,42.777,3.2500,-0.9990,3.2500,52.19,
1,Maze001,42.782,3.2500,-0.9990,3.2500,52.19,
1,Maze001,42.786,3.2500,-0.9990,3.2500,52.19,
1,Maze001,42.790,3.2500,-0.9990,3.2500,52.19,
1,Maze001,42.794,3.2500,-0.9990,3.2500,52.19,
1,Maze001,42.798,3.2500,-0.9990,3.2500,52.19,
1,Maze001,42.802,3.2500,-0.9990,3.2500,52.19,
1,Maze001,42.807,3.2500,-0.9990,3.2500,52.19,
1,Maze001,42.811,3.2500,-0.9990,3.2500,52.19,
1,Maze001,42.815,3.2500,-0.9990,3.2500,52.19,
1,Maze001,42.819,3.2500,-0.9990,3.2500,52.19,
1,Maze001,42.823,3.2500,-0.9990,3.2500,52.19,
1,Maze001,42.827,3.2500,-0.9990,3.2500,52.19,
1,Maze001,42.832,3.2500,-0.9990,3.2500,52.19,
1,Maze001,42.836,3.2500,-0.9990,3.2500,52.19,
1,Maze001,42.840,3.2500,-0.9990,3.2500,52.19,
1,Maze001,42.844,3.2500,-0.9990,3.2500,52.19,
1,Maze001,42.848,3.2500,-0.9990,3.2500,52.19,
1,Maze001,42.852,3.2500,-0.9990,3.2500,52.19,
1,Maze001,42.857,3.2500,-0.9990,3.2500,52.19,
1,Maze001,42.860,3.2500,-0.9990,3.2500,52.19,
1,Maze001,42.865,3.2500,-0.9990,3.2500,52.19,
1,Maze001,42.869,3.2500,-0.9990,3.2500,52.19,
1,Maze001,42.873,3.2500,-0.9990,3.2500,52.19,
1,Maze001,42.878,3.2500,-0.9990,3.2500,52.19,
1,Maze001,42.882,3.2500,-0.9990,3.2500,52.19,
1,Maze001,42.886,3.2500,-0.9990,3.2500,52.19,
1,Maze001,42.890,3.2500,-0.9990,3.2500,52.19,
1,Maze001,42.894,3.2500,-0.9990,3.2500,52.19,
1,Maze001,42.898,3.2500,-0.9990,3.2500,52.19,
1,Maze001,42.902,3.2500,-0.9990,3.2500,52.19,
1,Maze001,42.907,3.2500,-0.9990,3.2500,52.19,
1,Maze001,42.911,3.2500,-0.9990,3.2500,52.19,
1,Maze001,42.915,3.2500,-0.9990,3.2500,52.19,
1,Maze001,42.919,3.2500,-0.9990,3.2500,52.19,
1,Maze001,42.923,3.2500,-0.9990,3.2500,52.19,
1,Maze001,42.927,3.2500,-0.9990,3.2500,52.19,
1,Maze001,42.932,3.2500,-0.9990,3.2500,52.19,
1,Maze001,42.936,3.2500,-0.9990,3.2500,52.19,
1,Maze001,42.940,3.2500,-0.9990,3.2500,52.19,
1,Maze001,42.944,3.2500,-0.9990,3.2500,52.19,
1,Maze001,42.948,3.2500,-0.9990,3.2500,52.19,
1,Maze001,42.952,3.2500,-0.9990,3.2500,52.19,
1,Maze001,42.957,3.2500,-0.9990,3.2500,52.19,
1,Maze001,42.961,3.2500,-0.9990,3.2500,52.19,
1,Maze001,42.965,3.2500,-0.9990,3.2500,52.19,
1,Maze001,42.969,3.2500,-0.9990,3.2500,52.19,
1,Maze001,42.973,3.2500,-0.9990,3.2500,52.19,
1,Maze001,42.978,3.2500,-0.9990,3.2500,52.19,
1,Maze001,42.981,3.2500,-0.9990,3.2500,52.19,
1,Maze001,42.986,3.2500,-0.9990,3.2500,52.19,
1,Maze001,42.990,3.2500,-0.9990,3.2500,52.19,
1,Maze001,42.994,3.2500,-0.9990,3.2500,52.19,
1,Maze001,42.998,3.2500,-0.9990,3.2500,52.19,
1,Maze001,43.002,3.2500,-0.9990,3.2500,52.19,
1,Maze001,43.006,3.2500,-0.9990,3.2500,52.19,
1,Maze001,43.010,3.2500,-0.9990,3.2500,52.19,
1,Maze001,43.015,3.2500,-0.9990,3.2500,52.19,
1,Maze001,43.019,3.2500,-0.9990,3.2500,52.19,
1,Maze001,43.023,3.2500,-0.9990,3.2500,52.19,
1,Maze001,43.027,3.2500,-0.9990,3.2500,52.19,
1,Maze001,43.031,3.2500,-0.9990,3.2500,52.19,
1,Maze001,43.036,3.2500,-0.9990,3.2500,52.19,
1,Maze001,43.040,3.2500,-0.9990,3.2500,52.19,
1,Maze001,43.044,3.2500,-0.9990,3.2500,52.19,
1,Maze001,43.048,3.2500,-0.9990,3.2500,52.19,
1,Maze001,43.052,3.2500,-0.9990,3.2500,52.19,
1,Maze001,43.057,3.2500,-0.9990,3.2500,52.19,
1,Maze001,43.061,3.2500,-0.9990,3.2500,52.19,
1,Maze001,43.065,3.2500,-0.9990,3.2500,52.19,
1,Maze001,43.069,3.2500,-0.9990,3.2500,52.19,
1,Maze001,43.073,3.2500,-0.9990,3.2500,52.19,
1,Maze001,43.078,3.2500,-0.9990,3.2500,52.19,
1,Maze001,43.081,3.2500,-0.9990,3.2500,52.19,
1,Maze001,43.086,3.2500,-0.9990,3.2500,52.19,
1,Maze001,43.090,3.2500,-0.9990,3.2500,52.19,
1,Maze001,43.094,3.2500,-0.9990,3.2500,52.19,
1,Maze001,43.099,3.2500,-0.9990,3.2500,52.19,
1,Maze001,43.102,3.2500,-0.9990,3.2500,52.19,
1,Maze001,43.106,3.2500,-0.9990,3.2500,52.19,
1,Maze001,43.111,3.2500,-0.9990,3.2500,52.19,
1,Maze001,43.115,3.2500,-0.9990,3.2500,52.19,
1,Maze001,43.119,3.2500,-0.9990,3.2500,52.19,
1,Maze001,43.123,3.2500,-0.9990,3.2500,52.19,
1,Maze001,43.127,3.2500,-0.9990,3.2500,52.19,
1,Maze001,43.131,3.2500,-0.9990,3.2500,52.19,
1,Maze001,43.136,3.2500,-0.9990,3.2500,52.19,
1,Maze001,43.140,3.2500,-0.9990,3.2500,52.19,
1,Maze001,43.144,3.2500,-0.9990,3.2500,52.19,
1,Maze001,43.149,3.2500,-0.9990,3.2500,52.19,
1,Maze001,43.153,3.2500,-0.9990,3.2500,52.19,
1,Maze001,43.157,3.2500,-0.9990,3.2500,52.19,
1,Maze001,43.161,3.2500,-0.9990,3.2500,52.19,
1,Maze001,43.165,3.2500,-0.9990,3.2500,52.19,
1,Maze001,43.169,3.2500,-0.9990,3.2500,52.19,
1,Maze001,43.173,3.2500,-0.9990,3.2500,52.19,
1,Maze001,43.177,3.2500,-0.9990,3.2500,52.19,
1,Maze001,43.181,3.2500,-0.9990,3.2500,52.19,
1,Maze001,43.185,3.2500,-0.9990,3.2500,52.19,
1,Maze001,43.190,3.2500,-0.9990,3.2500,52.19,
1,Maze001,43.194,3.2500,-0.9990,3.2500,52.19,
1,Maze001,43.198,3.2500,-0.9990,3.2500,52.19,
1,Maze001,43.202,3.2500,-0.9990,3.2500,52.19,
1,Maze001,43.207,3.2500,-0.9990,3.2500,52.19,
1,Maze001,43.211,3.2500,-0.9990,3.2500,52.19,
1,Maze001,43.215,3.2500,-0.9990,3.2500,52.19,
1,Maze001,43.219,3.2500,-0.9990,3.2500,52.19,
1,Maze001,43.223,3.2500,-0.9990,3.2500,52.19,
1,Maze001,43.227,3.2500,-0.9990,3.2500,52.19,
1,Maze001,43.231,3.2500,-0.9990,3.2500,52.19,
1,Maze001,43.235,3.2500,-0.9990,3.2500,52.19,
1,Maze001,43.240,3.2500,-0.9990,3.2500,52.19,
1,Maze001,43.244,3.2500,-0.9990,3.2500,52.19,
1,Maze001,43.248,3.2500,-0.9990,3.2500,52.19,
1,Maze001,43.252,3.2500,-0.9990,3.2500,52.19,
1,Maze001,43.257,3.2500,-0.9990,3.2500,52.19,
1,Maze001,43.261,3.2500,-0.9990,3.2500,52.19,
1,Maze001,43.265,3.2500,-0.9990,3.2500,52.19,
1,Maze001,43.270,3.2500,-0.9990,3.2500,52.19,
1,Maze001,43.273,3.2500,-0.9990,3.2500,52.19,
1,Maze001,43.277,3.2500,-0.9990,3.2500,52.19,
1,Maze001,43.281,3.2500,-0.9990,3.2500,52.19,
1,Maze001,43.285,3.2500,-0.9990,3.2500,52.19,
1,Maze001,43.290,3.2500,-0.9990,3.2500,52.19,
1,Maze001,43.294,3.2500,-0.9990,3.2500,52.19,
1,Maze001,43.298,3.2500,-0.9990,3.2500,52.19,
1,Maze001,43.302,3.2500,-0.9990,3.2500,52.19,
1,Maze001,43.306,3.2500,-0.9990,3.2500,52.19,
1,Maze001,43.311,3.2500,-0.9990,3.2500,52.19,
1,Maze001,43.315,3.2500,-0.9990,3.2500,52.19,
1,Maze001,43.319,3.2500,-0.9990,3.2500,52.19,
1,Maze001,43.323,3.2500,-0.9990,3.2500,52.19,
1,Maze001,43.327,3.2500,-0.9990,3.2500,52.19,
1,Maze001,43.332,3.2500,-0.9990,3.2500,52.19,
1,Maze001,43.336,3.2500,-0.9990,3.2500,52.19,
1,Maze001,43.340,3.2500,-0.9990,3.2500,52.19,
1,Maze001,43.344,3.2500,-0.9990,3.2500,52.19,
1,Maze001,43.348,3.2500,-0.9990,3.2500,52.19,
1,Maze001,43.352,3.2500,-0.9990,3.2500,52.19,
1,Maze001,43.357,3.2500,-0.9990,3.2500,52.19,
1,Maze001,43.361,3.2500,-0.9990,3.2500,52.19,
1,Maze001,43.365,3.2500,-0.9990,3.2500,52.19,
1,Maze001,43.369,3.2500,-0.9990,3.2500,52.19,
1,Maze001,43.373,3.2500,-0.9990,3.2500,52.19,
1,Maze001,43.377,3.2500,-0.9990,3.2500,52.19,
1,Maze001,43.382,3.2500,-0.9990,3.2500,52.19,
1,Maze001,43.385,3.2500,-0.9990,3.2500,52.19,
1,Maze001,43.390,3.2500,-0.9990,3.2500,52.19,
1,Maze001,43.394,3.2500,-0.9990,3.2500,52.19,
1,Maze001,43.398,3.2500,-0.9990,3.2500,52.19,
1,Maze001,43.402,3.2500,-0.9990,3.2500,52.19,
1,Maze001,43.406,3.2500,-0.9990,3.2500,52.19,
1,Maze001,43.410,3.2500,-0.9990,3.2500,52.19,
1,Maze001,43.415,3.2500,-0.9990,3.2500,52.19,
1,Maze001,43.419,3.2500,-0.9990,3.2500,52.19,
1,Maze001,43.424,3.2500,-0.9990,3.2500,52.19,
1,Maze001,43.427,3.2500,-0.9990,3.2500,52.19,
1,Maze001,43.432,3.2500,-0.9990,3.2500,52.19,
1,Maze001,43.435,3.2500,-0.9990,3.2500,52.19,
1,Maze001,43.440,3.2500,-0.9990,3.2500,52.19,
1,Maze001,43.444,3.2500,-0.9990,3.2500,52.19,
1,Maze001,43.448,3.2500,-0.9990,3.2500,52.19,
1,Maze001,43.452,3.2500,-0.9990,3.2500,52.19,
1,Maze001,43.456,3.2500,-0.9990,3.2500,52.19,
1,Maze001,43.461,3.2500,-0.9990,3.2500,52.19,
1,Maze001,43.465,3.2500,-0.9990,3.2500,52.19,
1,Maze001,43.469,3.2500,-0.9990,3.2500,52.19,
1,Maze001,43.473,3.2500,-0.9990,3.2500,52.19,
1,Maze001,43.478,3.2500,-0.9990,3.2500,52.19,
1,Maze001,43.482,3.2500,-0.9990,3.2500,52.19,
1,Maze001,43.486,3.2500,-0.9990,3.2500,52.19,
1,Maze001,43.490,3.2500,-0.9990,3.2500,52.19,
1,Maze001,43.494,3.2500,-0.9990,3.2500,52.19,
1,Maze001,43.498,3.2500,-0.9990,3.2500,52.19,
1,Maze001,43.502,3.2500,-0.9990,3.2500,52.19,
1,Maze001,43.506,3.2500,-0.9990,3.2500,52.19,
1,Maze001,43.511,3.2500,-0.9990,3.2500,52.19,
1,Maze001,43.515,3.2500,-0.9990,3.2500,52.19,
1,Maze001,43.519,3.2500,-0.9990,3.2500,52.19,
1,Maze001,43.523,3.2500,-0.9990,3.2500,52.19,
1,Maze001,43.527,3.2500,-0.9990,3.2500,52.19,
1,Maze001,43.532,3.2500,-0.9990,3.2500,52.19,
1,Maze001,43.536,3.2500,-0.9990,3.2500,52.19,
1,Maze001,43.540,3.2500,-0.9990,3.2500,52.19,
1,Maze001,43.544,3.2500,-0.9990,3.2500,52.19,
1,Maze001,43.548,3.2500,-0.9990,3.2500,52.19,
1,Maze001,43.552,3.2500,-0.9990,3.2500,52.19,
1,Maze001,43.557,3.2500,-0.9990,3.2500,52.19,
1,Maze001,43.560,3.2500,-0.9990,3.2500,52.19,
1,Maze001,43.565,3.2500,-0.9990,3.2500,52.19,
1,Maze001,43.569,3.2500,-0.9990,3.2500,52.19,
1,Maze001,43.573,3.2500,-0.9990,3.2500,52.19,
1,Maze001,43.577,3.2500,-0.9990,3.2500,52.19,
1,Maze001,43.582,3.2500,-0.9990,3.2500,52.19,
1,Maze001,43.586,3.2500,-0.9990,3.2500,52.19,
1,Maze001,43.590,3.2500,-0.9990,3.2500,52.19,
1,Maze001,43.594,3.2500,-0.9990,3.2500,52.19,
1,Maze001,43.598,3.2500,-0.9990,3.2500,52.19,
1,Maze001,43.602,3.2500,-0.9990,3.2500,52.19,
1,Maze001,43.606,3.2500,-0.9990,3.2500,52.19,
1,Maze001,43.611,3.2500,-0.9990,3.2500,52.19,
1,Maze001,43.615,3.2500,-0.9990,3.2500,52.19,
1,Maze001,43.619,3.2500,-0.9990,3.2500,52.19,
1,Maze001,43.623,3.2500,-0.9990,3.2500,52.19,
1,Maze001,43.627,3.2500,-0.9990,3.2500,52.19,
1,Maze001,43.632,3.2500,-0.9990,3.2500,52.19,
1,Maze001,43.636,3.2500,-0.9990,3.2500,52.19,
1,Maze001,43.640,3.2500,-0.9990,3.2500,52.19,
1,Maze001,43.644,3.2500,-0.9990,3.2500,52.19,
1,Maze001,43.648,3.2500,-0.9990,3.2500,52.19,
1,Maze001,43.652,3.2500,-0.9990,3.2500,52.19,
1,Maze001,43.656,3.2500,-0.9990,3.2500,52.19,
1,Maze001,43.661,3.2500,-0.9990,3.2500,52.19,
1,Maze001,43.665,3.2500,-0.9990,3.2500,52.19,
1,Maze001,43.669,3.2500,-0.9990,3.2500,52.19,
1,Maze001,43.673,3.2500,-0.9990,3.2500,52.19,
1,Maze001,43.678,3.2500,-0.9990,3.2500,52.19,
1,Maze001,43.681,3.2500,-0.9990,3.2500,52.19,
1,Maze001,43.685,3.2500,-0.9990,3.2500,52.19,
1,Maze001,43.690,3.2500,-0.9990,3.2500,52.19,
1,Maze001,43.694,3.2500,-0.9990,3.2500,52.19,
1,Maze001,43.698,3.2500,-0.9990,3.2500,52.19,
1,Maze001,43.702,3.2500,-0.9990,3.2500,52.19,
1,Maze001,43.706,3.2500,-0.9990,3.2500,52.19,
1,Maze001,43.710,3.2500,-0.9990,3.2500,52.19,
1,Maze001,43.715,3.2500,-0.9990,3.2500,52.19,
1,Maze001,43.719,3.2500,-0.9990,3.2500,52.19,
1,Maze001,43.723,3.2500,-0.9990,3.2500,52.19,
1,Maze001,43.727,3.2500,-0.9990,3.2500,52.19,
1,Maze001,43.732,3.2500,-0.9990,3.2500,52.19,
1,Maze001,43.736,3.2500,-0.9990,3.2500,52.19,
1,Maze001,43.741,3.2500,-0.9990,3.2500,52.19,
1,Maze001,43.744,3.2500,-0.9990,3.2500,52.19,
1,Maze001,43.748,3.2500,-0.9990,3.2500,52.19,
1,Maze001,43.753,3.2500,-0.9990,3.2500,52.19,
1,Maze001,43.757,3.2500,-0.9990,3.2500,52.19,
1,Maze001,43.760,3.2500,-0.9990,3.2500,52.19,
1,Maze001,43.764,3.2500,-0.9990,3.2500,52.19,
1,Maze001,43.769,3.2500,-0.9990,3.2500,52.19,
1,Maze001,43.773,3.2500,-0.9990,3.2500,52.19,
1,Maze001,43.777,3.2500,-0.9990,3.2500,52.19,
1,Maze001,43.782,3.2500,-0.9990,3.2500,52.19,
1,Maze001,43.785,3.2500,-0.9990,3.2500,52.19,
1,Maze001,43.789,3.2500,-0.9990,3.2500,52.19,
1,Maze001,43.794,3.2500,-0.9990,3.2500,52.19,
1,Maze001,43.799,3.2500,-0.9990,3.2500,52.19,
1,Maze001,43.802,3.2500,-0.9990,3.2500,52.19,
1,Maze001,43.807,3.2500,-0.9990,3.2500,52.19,
1,Maze001,43.810,3.2500,-0.9990,3.2500,52.19,
1,Maze001,43.815,3.2500,-0.9990,3.2500,52.19,
1,Maze001,43.819,3.2500,-0.9990,3.2500,52.19,
1,Maze001,43.823,3.2500,-0.9990,3.2500,52.19,
1,Maze001,43.827,3.2500,-0.9990,3.2500,52.19,
1,Maze001,43.831,3.2500,-0.9990,3.2500,52.19,
1,Maze001,43.836,3.2500,-0.9990,3.2500,52.19,
1,Maze001,43.840,3.2500,-0.9990,3.2500,52.19,
1,Maze001,43.844,3.2500,-0.9990,3.2500,52.19,
1,Maze001,43.848,3.2500,-0.9990,3.2500,52.19,
1,Maze001,43.852,3.2500,-0.9990,3.2500,52.19,
1,Maze001,43.856,3.2500,-0.9990,3.2500,52.19,
1,Maze001,43.861,3.2500,-0.9990,3.2500,52.19,
1,Maze001,43.865,3.2500,-0.9990,3.2500,52.19,
1,Maze001,43.869,3.2500,-0.9990,3.2500,52.19,
1,Maze001,43.873,3.2500,-0.9990,3.2500,52.19,
1,Maze001,43.878,3.2500,-0.9990,3.2500,52.19,
1,Maze001,43.882,3.2500,-0.9990,3.2500,52.19,
1,Maze001,43.886,3.2500,-0.9990,3.2500,52.19,
1,Maze001,43.890,3.2500,-0.9990,3.2500,52.19,
1,Maze001,43.895,3.2500,-0.9990,3.2500,52.19,
1,Maze001,43.898,3.2500,-0.9990,3.2500,52.19,
1,Maze001,43.903,3.2500,-0.9990,3.2500,52.19,
1,Maze001,43.907,3.2500,-0.9990,3.2500,52.19,
1,Maze001,43.911,3.2500,-0.9990,3.2500,52.19,
1,Maze001,43.915,3.2500,-0.9990,3.2500,52.19,
1,Maze001,43.919,3.2500,-0.9990,3.2500,52.19,
1,Maze001,43.923,3.2500,-0.9990,3.2500,52.19,
1,Maze001,43.927,3.2500,-0.9990,3.2500,52.19,
1,Maze001,43.931,3.2500,-0.9990,3.2500,52.19,
1,Maze001,43.936,3.2500,-0.9990,3.2500,52.19,
1,Maze001,43.940,3.2500,-0.9990,3.2500,52.19,
1,Maze001,43.944,3.2500,-0.9990,3.2500,52.19,
1,Maze001,43.948,3.2500,-0.9990,3.2500,52.19,
1,Maze001,43.953,3.2500,-0.9990,3.2500,52.19,
1,Maze001,43.957,3.2500,-0.9990,3.2500,52.19,
1,Maze001,43.961,3.2500,-0.9990,3.2500,52.19,
1,Maze001,43.965,3.2500,-0.9990,3.2500,52.19,
1,Maze001,43.969,3.2500,-0.9990,3.2500,52.19,
1,Maze001,43.973,3.2500,-0.9990,3.2500,52.19,
1,Maze001,43.977,3.2500,-0.9990,3.2500,52.19,
1,Maze001,43.981,3.2500,-0.9990,3.2500,52.19,
1,Maze001,43.986,3.2500,-0.9990,3.2500,52.19,
1,Maze001,43.989,3.2500,-0.9990,3.2500,52.19,
1,Maze001,43.994,3.2500,-0.9990,3.2500,52.19,
1,Maze001,43.998,3.2500,-0.9990,3.2500,52.19,
1,Maze001,44.003,3.2500,-0.9990,3.2500,52.19,
1,Maze001,44.007,3.2500,-0.9990,3.2500,52.19,
1,Maze001,44.011,3.2500,-0.9990,3.2500,52.19,
1,Maze001,44.015,3.2500,-0.9990,3.2500,52.19,
1,Maze001,44.019,3.2500,-0.9990,3.2500,52.19,
1,Maze001,44.023,3.2500,-0.9990,3.2500,52.19,
1,Maze001,44.028,3.2500,-0.9990,3.2500,52.19,
1,Maze001,44.031,3.2500,-0.9990,3.2500,52.19,
1,Maze001,44.036,3.2500,-0.9990,3.2500,52.19,
1,Maze001,44.040,3.2500,-0.9990,3.2500,52.19,
1,Maze001,44.044,3.2500,-0.9990,3.2500,52.19,
1,Maze001,44.048,3.2500,-0.9990,3.2500,52.19,
1,Maze001,44.053,3.2500,-0.9990,3.2500,52.19,
1,Maze001,44.056,3.2500,-0.9990,3.2500,52.19,
1,Maze001,44.062,3.2500,-0.9990,3.2500,52.19,
1,Maze001,44.065,3.2500,-0.9990,3.2500,52.19,
1,Maze001,44.069,3.2500,-0.9990,3.2500,52.19,
1,Maze001,44.073,3.2500,-0.9990,3.2500,52.19,
1,Maze001,44.077,3.2500,-0.9990,3.2500,52.19,
1,Maze001,44.082,3.2500,-0.9990,3.2500,52.19,
1,Maze001,44.086,3.2500,-0.9990,3.2500,52.19,
1,Maze001,44.090,3.2500,-0.9990,3.2500,52.19,
1,Maze001,44.094,3.2500,-0.9990,3.2500,52.19,
1,Maze001,44.098,3.2500,-0.9990,3.2500,52.19,
1,Maze001,44.102,3.2500,-0.9990,3.2500,52.19,
1,Maze001,44.106,3.2500,-0.9990,3.2500,52.19,
1,Maze001,44.111,3.2500,-0.9990,3.2500,52.19,
1,Maze001,44.115,3.2500,-0.9990,3.2500,52.19,
1,Maze001,44.119,3.2500,-0.9990,3.2500,52.19,
1,Maze001,44.123,3.2500,-0.9990,3.2500,52.19,
1,Maze001,44.127,3.2500,-0.9990,3.2500,52.19,
1,Maze001,44.132,3.2500,-0.9990,3.2500,52.19,
1,Maze001,44.136,3.2500,-0.9990,3.2500,52.19,
1,Maze001,44.140,3.2500,-0.9990,3.2500,52.19,
1,Maze001,44.144,3.2500,-0.9990,3.2500,52.19,
1,Maze001,44.148,3.2500,-0.9990,3.2500,52.19,
1,Maze001,44.152,3.2500,-0.9990,3.2500,52.19,
1,Maze001,44.157,3.2500,-0.9990,3.2500,52.19,
1,Maze001,44.161,3.2500,-0.9990,3.2500,52.19,
1,Maze001,44.165,3.2500,-0.9990,3.2500,52.19,
1,Maze001,44.169,3.2500,-0.9990,3.2500,52.19,
1,Maze001,44.173,3.2500,-0.9990,3.2500,52.19,
1,Maze001,44.177,3.2500,-0.9990,3.2500,52.19,
1,Maze001,44.181,3.2500,-0.9990,3.2500,52.19,
1,Maze001,44.186,3.2500,-0.9990,3.2500,52.19,
1,Maze001,44.190,3.2500,-0.9990,3.2500,52.19,
1,Maze001,44.194,3.2500,-0.9990,3.2500,52.19,
1,Maze001,44.198,3.2500,-0.9990,3.2500,52.19,
1,Maze001,44.202,3.2500,-0.9990,3.2500,52.19,
1,Maze001,44.207,3.2500,-0.9990,3.2500,52.19,
1,Maze001,44.210,3.2500,-0.9990,3.2500,52.19,
1,Maze001,44.215,3.2500,-0.9990,3.2500,52.19,
1,Maze001,44.219,3.2500,-0.9990,3.2500,52.19,
1,Maze001,44.223,3.2500,-0.9990,3.2500,52.19,
1,Maze001,44.227,3.2500,-0.9990,3.2500,52.19,
1,Maze001,44.231,3.2500,-0.9990,3.2500,52.19,
1,Maze001,44.235,3.2500,-0.9990,3.2500,52.19,
1,Maze001,44.240,3.2500,-0.9990,3.2500,52.19,
1,Maze001,44.244,3.2500,-0.9990,3.2500,52.19,
1,Maze001,44.248,3.2500,-0.9990,3.2500,52.19,
1,Maze001,44.253,3.2500,-0.9990,3.2500,52.19,
1,Maze001,44.257,3.2500,-0.9990,3.2500,52.19,
1,Maze001,44.261,3.2500,-0.9990,3.2500,52.19,
1,Maze001,44.265,3.2500,-0.9990,3.2500,52.19,
1,Maze001,44.269,3.2500,-0.9990,3.2500,52.19,
1,Maze001,44.273,3.2500,-0.9990,3.2500,52.19,
1,Maze001,44.277,3.2500,-0.9990,3.2500,52.19,
1,Maze001,44.282,3.2500,-0.9990,3.2500,52.19,
1,Maze001,44.286,3.2500,-0.9990,3.2500,52.19,
1,Maze001,44.290,3.2500,-0.9990,3.2500,52.19,
1,Maze001,44.294,3.2500,-0.9990,3.2500,52.19,
1,Maze001,44.298,3.2500,-0.9990,3.2500,52.19,
1,Maze001,44.302,3.2500,-0.9990,3.2500,52.19,
1,Maze001,44.306,3.2500,-0.9990,3.2500,52.19,
1,Maze001,44.311,3.2500,-0.9990,3.2500,52.19,
1,Maze001,44.315,3.2500,-0.9990,3.2500,52.19,
1,Maze001,44.319,3.2500,-0.9990,3.2500,52.19,
1,Maze001,44.323,3.2500,-0.9990,3.2500,52.19,
1,Maze001,44.327,3.2500,-0.9990,3.2500,52.19,
1,Maze001,44.332,3.2500,-0.9990,3.2500,52.19,
1,Maze001,44.336,3.2500,-0.9990,3.2500,52.19,
1,Maze001,44.340,3.2500,-0.9990,3.2500,52.19,
1,Maze001,44.344,3.2500,-0.9990,3.2500,52.19,
1,Maze001,44.348,3.2500,-0.9990,3.2500,52.19,
1,Maze001,44.352,3.2500,-0.9990,3.2500,52.19,
1,Maze001,44.356,3.2500,-0.9990,3.2500,52.19,
1,Maze001,44.361,3.2500,-0.9990,3.2500,52.19,
1,Maze001,44.365,3.2500,-0.9990,3.2500,52.19,
1,Maze001,44.369,3.2500,-0.9990,3.2500,52.19,
1,Maze001,44.373,3.2500,-0.9990,3.2500,52.19,
1,Maze001,44.377,3.2500,-0.9990,3.2500,52.19,
1,Maze001,44.381,3.2500,-0.9990,3.2500,52.19,
1,Maze001,44.386,3.2500,-0.9990,3.2500,52.19,
1,Maze001,44.390,3.2500,-0.9990,3.2500,52.19,
1,Maze001,44.394,3.2500,-0.9990,3.2500,52.19,
1,Maze001,44.398,3.2500,-0.9990,3.2500,52.19,
1,Maze001,44.402,3.2500,-0.9990,3.2500,52.19,
1,Maze001,44.406,3.2500,-0.9990,3.2500,52.19,
1,Maze001,44.411,3.2500,-0.9990,3.2500,52.19,
1,Maze001,44.415,3.2500,-0.9990,3.2500,52.19,
1,Maze001,44.419,3.2500,-0.9990,3.2500,52.19,
1,Maze001,44.423,3.2500,-0.9990,3.2500,52.19,
1,Maze001,44.427,3.2500,-0.9990,3.2500,52.19,
1,Maze001,44.431,3.2500,-0.9990,3.2500,52.19,
1,Maze001,44.436,3.2500,-0.9990,3.2500,52.19,
1,Maze001,44.440,3.2500,-0.9990,3.2500,52.19,
1,Maze001,44.444,3.2500,-0.9990,3.2500,52.19,
1,Maze001,44.448,3.2500,-0.9990,3.2500,52.19,
1,Maze001,44.452,3.2500,-0.9990,3.2500,52.19,
1,Maze001,44.456,3.2500,-0.9990,3.2500,52.19,
1,Maze001,44.461,3.2500,-0.9990,3.2500,52.19,
1,Maze001,44.465,3.2500,-0.9990,3.2500,52.19,
1,Maze001,44.469,3.2500,-0.9990,3.2500,52.19,
1,Maze001,44.473,3.2500,-0.9990,3.2500,52.19,
1,Maze001,44.477,3.2500,-0.9990,3.2500,52.19,
1,Maze001,44.481,3.2500,-0.9990,3.2500,52.19,
1,Maze001,44.485,3.2500,-0.9990,3.2500,52.19,
1,Maze001,44.490,3.2500,-0.9990,3.2500,52.19,
1,Maze001,44.494,3.2500,-0.9990,3.2500,52.19,
1,Maze001,44.498,3.2500,-0.9990,3.2500,52.19,
1,Maze001,44.502,3.2500,-0.9990,3.2500,52.19,
1,Maze001,44.506,3.2500,-0.9990,3.2500,52.19,
1,Maze001,44.511,3.2500,-0.9990,3.2500,52.19,
1,Maze001,44.515,3.2500,-0.9990,3.2500,52.19,
1,Maze001,44.519,3.2500,-0.9990,3.2500,52.19,
1,Maze001,44.523,3.2500,-0.9990,3.2500,52.19,
1,Maze001,44.527,3.2500,-0.9990,3.2500,52.19,
1,Maze001,44.531,3.2500,-0.9990,3.2500,52.19,
1,Maze001,44.536,3.2500,-0.9990,3.2500,52.19,
1,Maze001,44.540,3.2500,-0.9990,3.2500,52.19,
1,Maze001,44.544,3.2500,-0.9990,3.2500,52.19,
1,Maze001,44.548,3.2500,-0.9990,3.2500,52.19,
1,Maze001,44.552,3.2500,-0.9990,3.2500,52.19,
1,Maze001,44.557,3.2500,-0.9990,3.2500,52.19,
1,Maze001,44.561,3.2500,-0.9990,3.2500,52.19,
1,Maze001,44.565,3.2500,-0.9990,3.2500,52.19,
1,Maze001,44.569,3.2500,-0.9990,3.2500,52.19,
1,Maze001,44.573,3.2500,-0.9990,3.2500,52.19,
1,Maze001,44.577,3.2500,-0.9990,3.2500,52.19,
1,Maze001,44.581,3.2500,-0.9990,3.2500,52.19,
1,Maze001,44.585,3.2500,-0.9990,3.2500,52.19,
1,Maze001,44.590,3.2500,-0.9990,3.2500,52.19,
1,Maze001,44.594,3.2500,-0.9990,3.2500,52.19,
1,Maze001,44.598,3.2500,-0.9990,3.2500,52.19,
1,Maze001,44.602,3.2500,-0.9990,3.2500,52.19,
1,Maze001,44.606,3.2500,-0.9990,3.2500,52.19,
1,Maze001,44.611,3.2500,-0.9990,3.2500,52.19,
1,Maze001,44.615,3.2500,-0.9990,3.2500,52.19,
1,Maze001,44.619,3.2500,-0.9990,3.2500,52.19,
1,Maze001,44.623,3.2500,-0.9990,3.2500,52.19,
1,Maze001,44.627,3.2500,-0.9990,3.2500,52.19,
1,Maze001,44.631,3.2500,-0.9990,3.2500,52.19,
1,Maze001,44.635,3.2500,-0.9990,3.2500,52.19,
1,Maze001,44.640,3.2500,-0.9990,3.2500,52.19,
1,Maze001,44.644,3.2500,-0.9990,3.2500,52.19,
1,Maze001,44.648,3.2500,-0.9990,3.2500,52.19,
1,Maze001,44.652,3.2500,-0.9990,3.2500,52.19,
1,Maze001,44.656,3.2500,-0.9990,3.2500,52.19,
1,Maze001,44.661,3.2500,-0.9990,3.2500,52.19,
1,Maze001,44.664,3.2500,-0.9990,3.2500,52.19,
1,Maze001,44.669,3.2500,-0.9990,3.2500,52.19,
1,Maze001,44.673,3.2500,-0.9990,3.2500,52.19,
1,Maze001,44.677,3.2500,-0.9990,3.2500,52.19,
1,Maze001,44.681,3.2500,-0.9990,3.2500,52.19,
1,Maze001,44.685,3.2500,-0.9990,3.2500,52.19,
1,Maze001,44.689,3.2500,-0.9990,3.2500,52.19,
1,Maze001,44.694,3.2500,-0.9990,3.2500,52.19,
1,Maze001,44.698,3.2500,-0.9990,3.2500,52.19,
1,Maze001,44.702,3.2500,-0.9990,3.2500,52.19,
1,Maze001,44.706,3.2500,-0.9990,3.2500,52.19,
1,Maze001,44.711,3.2500,-0.9990,3.2500,52.19,
1,Maze001,44.715,3.2500,-0.9990,3.2500,52.19,
1,Maze001,44.719,3.2500,-0.9990,3.2500,52.19,
1,Maze001,44.723,3.2500,-0.9990,3.2500,52.19,
1,Maze001,44.727,3.2500,-0.9990,3.2500,52.19,
1,Maze001,44.731,3.2500,-0.9990,3.2500,52.19,
1,Maze001,44.736,3.2500,-0.9990,3.2500,52.19,
1,Maze001,44.740,3.2500,-0.9990,3.2500,52.19,
1,Maze001,44.744,3.2500,-0.9990,3.2500,52.19,
1,Maze001,44.748,3.2500,-0.9990,3.2500,52.19,
1,Maze001,44.752,3.2500,-0.9990,3.2500,52.19,
1,Maze001,44.756,3.2500,-0.9990,3.2500,52.19,
1,Maze001,44.761,3.2500,-0.9990,3.2500,52.19,
1,Maze001,44.765,3.2500,-0.9990,3.2500,52.19,
1,Maze001,44.769,3.2500,-0.9990,3.2500,52.19,
1,Maze001,44.773,3.2500,-0.9990,3.2500,52.19,
1,Maze001,44.777,3.2500,-0.9990,3.2500,52.19,
1,Maze001,44.782,3.2500,-0.9990,3.2500,52.19,
1,Maze001,44.785,3.2500,-0.9990,3.2500,52.19,
1,Maze001,44.790,3.2500,-0.9990,3.2500,52.19,
1,Maze001,44.794,3.2500,-0.9990,3.2500,52.19,
1,Maze001,44.798,3.2500,-0.9990,3.2500,52.19,
1,Maze001,44.802,3.2500,-0.9990,3.2500,52.19,
1,Maze001,44.806,3.2500,-0.9990,3.2500,52.19,
1,Maze001,44.811,3.2500,-0.9990,3.2500,52.19,
1,Maze001,44.815,3.2500,-0.9990,3.2500,52.19,
1,Maze001,44.819,3.2500,-0.9990,3.2500,52.19,
1,Maze001,44.823,3.2500,-0.9990,3.2500,52.19,
1,Maze001,44.827,3.2500,-0.9990,3.2500,52.19,
1,Maze001,44.831,3.2500,-0.9990,3.2500,52.19,
1,Maze001,44.836,3.2500,-0.9990,3.2500,52.19,
1,Maze001,44.840,3.2500,-0.9990,3.2500,52.19,
1,Maze001,44.844,3.2500,-0.9990,3.2500,52.19,
1,Maze001,44.848,3.2500,-0.9990,3.2500,52.19,
1,Maze001,44.852,3.2500,-0.9990,3.2500,52.19,
1,Maze001,44.856,3.2500,-0.9990,3.2500,52.19,
1,Maze001,44.861,3.2500,-0.9990,3.2500,52.19,
1,Maze001,44.865,3.2500,-0.9990,3.2500,52.19,
1,Maze001,44.869,3.2500,-0.9990,3.2500,52.19,
1,Maze001,44.873,3.2500,-0.9990,3.2500,52.19,
1,Maze001,44.877,3.2500,-0.9990,3.2500,52.19,
1,Maze001,44.882,3.2500,-0.9990,3.2500,52.19,
1,Maze001,44.886,3.2500,-0.9990,3.2500,52.19,
1,Maze001,44.890,3.2500,-0.9990,3.2500,52.19,
1,Maze001,44.894,3.2500,-0.9990,3.2500,52.19,
1,Maze001,44.898,3.2500,-0.9990,3.2500,52.19,
1,Maze001,44.902,3.2500,-0.9990,3.2500,52.19,
1,Maze001,44.906,3.2500,-0.9990,3.2500,52.19,
1,Maze001,44.911,3.2500,-0.9990,3.2500,52.19,
1,Maze001,44.915,3.2500,-0.9990,3.2500,52.19,
1,Maze001,44.919,3.2500,-0.9990,3.2500,52.19,
1,Maze001,44.923,3.2500,-0.9990,3.2500,52.19,
1,Maze001,44.927,3.2500,-0.9990,3.2500,52.19,
1,Maze001,44.931,3.2500,-0.9990,3.2500,52.19,
1,Maze001,44.936,3.2500,-0.9990,3.2500,52.19,
1,Maze001,44.940,3.2500,-0.9990,3.2500,52.19,
1,Maze001,44.944,3.2500,-0.9990,3.2500,52.19,
1,Maze001,44.948,3.2500,-0.9990,3.2500,52.19,
1,Maze001,44.952,3.2500,-0.9990,3.2500,52.19,
1,Maze001,44.957,3.2500,-0.9990,3.2500,52.19,
1,Maze001,44.960,3.2500,-0.9990,3.2500,52.19,
1,Maze001,44.965,3.2500,-0.9990,3.2500,52.19,
1,Maze001,44.969,3.2500,-0.9990,3.2500,52.19,
1,Maze001,44.973,3.2500,-0.9990,3.2500,52.19,
1,Maze001,44.977,3.2500,-0.9990,3.2500,52.19,
1,Maze001,44.982,3.2500,-0.9990,3.2500,52.19,
1,Maze001,44.986,3.2500,-0.9990,3.2500,52.19,
1,Maze001,44.990,3.2500,-0.9990,3.2500,52.19,
1,Maze001,44.994,3.2500,-0.9990,3.2500,52.19,
1,Maze001,44.998,3.2500,-0.9990,3.2500,52.19,
1,Maze001,45.002,3.2500,-0.9990,3.2500,52.19,
1,Maze001,45.006,3.2500,-0.9990,3.2500,52.19,
1,Maze001,45.011,3.2500,-0.9990,3.2500,52.19,
1,Maze001,45.015,3.2500,-0.9990,3.2500,52.19,
1,Maze001,45.019,3.2500,-0.9990,3.2500,52.19,
1,Maze001,45.023,3.2500,-0.9990,3.2500,52.19,
1,Maze001,45.027,3.2500,-0.9990,3.2500,52.19,
1,Maze001,45.031,3.2500,-0.9990,3.2500,52.19,
1,Maze001,45.035,3.2500,-0.9990,3.2500,52.19,
1,Maze001,45.039,3.2500,-0.9990,3.2500,52.19,
1,Maze001,45.044,3.2500,-0.9990,3.2500,52.19,
1,Maze001,45.048,3.2500,-0.9990,3.2500,52.19,
1,Maze001,45.052,3.2500,-0.9990,3.2500,52.19,
1,Maze001,45.056,3.2500,-0.9990,3.2500,52.19,
1,Maze001,45.060,3.2500,-0.9990,3.2500,52.19,
1,Maze001,45.064,3.2500,-0.9990,3.2500,52.19,
1,Maze001,45.069,3.2500,-0.9990,3.2500,52.19,
1,Maze001,45.073,3.2500,-0.9990,3.2500,52.19,
1,Maze001,45.077,3.2500,-0.9990,3.2500,52.19,
1,Maze001,45.081,3.2500,-0.9990,3.2500,52.19,
1,Maze001,45.085,3.2500,-0.9990,3.2500,52.19,
1,Maze001,45.090,3.2500,-0.9990,3.2500,52.19,
1,Maze001,45.094,3.2500,-0.9990,3.2500,52.19,
1,Maze001,45.098,3.2500,-0.9990,3.2500,52.19,
1,Maze001,45.102,3.2500,-0.9990,3.2500,52.19,
1,Maze001,45.106,3.2500,-0.9990,3.2500,52.19,
1,Maze001,45.110,3.2500,-0.9990,3.2500,52.19,
1,Maze001,45.115,3.2500,-0.9990,3.2500,52.19,
1,Maze001,45.119,3.2500,-0.9990,3.2500,52.19,
1,Maze001,45.123,3.2500,-0.9990,3.2500,52.19,
1,Maze001,45.127,3.2500,-0.9990,3.2500,52.19,
1,Maze001,45.131,3.2500,-0.9990,3.2500,52.19,
1,Maze001,45.135,3.2500,-0.9990,3.2500,52.19,
1,Maze001,45.139,3.2500,-0.9990,3.2500,52.19,
1,Maze001,45.144,3.2500,-0.9990,3.2500,52.19,
1,Maze001,45.148,3.2500,-0.9990,3.2500,52.19,
1,Maze001,45.152,3.2500,-0.9990,3.2500,52.19,
1,Maze001,45.157,3.2500,-0.9990,3.2500,52.19,
1,Maze001,45.160,3.2500,-0.9990,3.2500,52.19,
1,Maze001,45.165,3.2500,-0.9990,3.2500,52.19,
1,Maze001,45.169,3.2500,-0.9990,3.2500,52.19,
1,Maze001,45.173,3.2500,-0.9990,3.2500,52.19,
1,Maze001,45.177,3.2500,-0.9990,3.2500,52.19,
1,Maze001,45.181,3.2500,-0.9990,3.2500,52.19,
1,Maze001,45.185,3.2500,-0.9990,3.2500,52.19,
1,Maze001,45.190,3.2500,-0.9990,3.2500,52.19,
1,Maze001,45.194,3.2500,-0.9990,3.2500,52.19,
1,Maze001,45.198,3.2500,-0.9990,3.2500,52.19,
1,Maze001,45.202,3.2500,-0.9990,3.2500,52.19,
1,Maze001,45.206,3.2500,-0.9990,3.2500,52.19,
1,Maze001,45.210,3.2500,-0.9990,3.2500,52.19,
1,Maze001,45.214,3.2500,-0.9990,3.2500,52.19,
1,Maze001,45.218,3.2500,-0.9990,3.2500,52.19,
1,Maze001,45.223,3.2500,-0.9990,3.2500,52.19,
1,Maze001,45.227,3.2500,-0.9990,3.2500,52.19,
1,Maze001,45.231,3.2500,-0.9990,3.2500,52.19,
1,Maze001,45.235,3.2500,-0.9990,3.2500,52.19,
1,Maze001,45.239,3.2500,-0.9990,3.2500,52.19,
1,Maze001,45.243,3.2500,-0.9990,3.2500,52.19,
1,Maze001,45.248,3.2500,-0.9990,3.2500,52.19,
1,Maze001,45.252,3.2500,-0.9990,3.2500,52.19,
1,Maze001,45.256,3.2500,-0.9990,3.2500,52.19,
1,Maze001,45.260,3.2500,-0.9990,3.2500,52.19,
1,Maze001,45.264,3.2500,-0.9990,3.2500,52.19,
1,Maze001,45.269,3.2500,-0.9990,3.2500,52.19,
1,Maze001,45.273,3.2500,-0.9990,3.2500,52.19,
1,Maze001,45.277,3.2500,-0.9990,3.2500,52.19,
1,Maze001,45.281,3.2500,-0.9990,3.2500,52.19,
1,Maze001,45.286,3.2500,-0.9990,3.2500,52.19,
1,Maze001,45.290,3.2500,-0.9990,3.2500,52.19,
1,Maze001,45.294,3.2500,-0.9990,3.2500,52.19,
1,Maze001,45.298,3.2500,-0.9990,3.2500,52.19,
1,Maze001,45.302,3.2500,-0.9990,3.2500,52.19,
1,Maze001,45.306,3.2500,-0.9990,3.2500,52.19,
1,Maze001,45.311,3.2500,-0.9990,3.2500,52.19,
1,Maze001,45.315,3.2500,-0.9990,3.2500,52.19,
1,Maze001,45.319,3.2500,-0.9990,3.2500,52.19,
1,Maze001,45.323,3.2500,-0.9990,3.2500,52.19,
1,Maze001,45.327,3.2500,-0.9990,3.2500,52.19,
1,Maze001,45.331,3.2500,-0.9990,3.2500,52.19,
1,Maze001,45.335,3.2500,-0.9990,3.2500,52.19,
1,Maze001,45.340,3.2500,-0.9990,3.2500,52.19,
1,Maze001,45.344,3.2500,-0.9990,3.2500,52.19,
1,Maze001,45.348,3.2500,-0.9990,3.2500,52.19,
1,Maze001,45.352,3.2500,-0.9990,3.2500,52.19,
1,Maze001,45.356,3.2500,-0.9990,3.2500,52.19,
1,Maze001,45.360,3.2500,-0.9990,3.2500,52.19,
1,Maze001,45.364,3.2500,-0.9990,3.2500,52.19,
1,Maze001,45.369,3.2500,-0.9990,3.2500,52.19,
1,Maze001,45.373,3.2500,-0.9990,3.2500,52.19,
1,Maze001,45.377,3.2500,-0.9990,3.2500,52.19,
1,Maze001,45.381,3.2500,-0.9990,3.2500,52.19,
1,Maze001,45.385,3.2500,-0.9990,3.2500,52.19,
1,Maze001,45.390,3.2500,-0.9990,3.2500,52.19,
1,Maze001,45.394,3.2500,-0.9990,3.2500,52.19,
1,Maze001,45.398,3.2500,-0.9990,3.2500,52.19,
1,Maze001,45.402,3.2500,-0.9990,3.2500,52.19,
1,Maze001,45.406,3.2500,-0.9990,3.2500,52.19,
1,Maze001,45.410,3.2500,-0.9990,3.2500,52.19,
1,Maze001,45.414,3.2500,-0.9990,3.2500,52.19,
1,Maze001,45.419,3.2500,-0.9990,3.2500,52.19,
1,Maze001,45.423,3.2500,-0.9990,3.2500,52.19,
1,Maze001,45.427,3.2500,-0.9990,3.2500,52.19,
1,Maze001,45.431,3.2500,-0.9990,3.2500,52.19,
1,Maze001,45.435,3.2500,-0.9990,3.2500,52.19,
1,Maze001,45.440,3.2500,-0.9990,3.2500,52.19,
1,Maze001,45.444,3.2500,-0.9990,3.2500,52.19,
1,Maze001,45.448,3.2500,-0.9990,3.2500,52.19,
1,Maze001,45.452,3.2500,-0.9990,3.2500,52.19,
1,Maze001,45.456,3.2500,-0.9990,3.2500,52.19,
1,Maze001,45.460,3.2500,-0.9990,3.2500,52.19,
1,Maze001,45.464,3.2500,-0.9990,3.2500,52.19,
1,Maze001,45.469,3.2500,-0.9990,3.2500,52.19,
1,Maze001,45.473,3.2500,-0.9990,3.2500,52.19,
1,Maze001,45.477,3.2500,-0.9990,3.2500,52.19,
1,Maze001,45.481,3.2500,-0.9990,3.2500,52.19,
1,Maze001,45.486,3.2500,-0.9990,3.2500,52.19,
1,Maze001,45.490,3.2500,-0.9990,3.2500,52.19,
1,Maze001,45.494,3.2500,-0.9990,3.2500,52.19,
1,Maze001,45.498,3.2500,-0.9990,3.2500,52.19,
1,Maze001,45.502,3.2500,-0.9990,3.2500,52.19,
1,Maze001,45.506,3.2500,-0.9990,3.2500,52.19,
1,Maze001,45.510,3.2500,-0.9990,3.2500,52.19,
1,Maze001,45.514,3.2500,-0.9990,3.2500,52.19,
1,Maze001,45.519,3.2500,-0.9990,3.2500,52.19,
1,Maze001,45.523,3.2500,-0.9990,3.2500,52.19,
1,Maze001,45.527,3.2500,-0.9990,3.2500,52.19,
1,Maze001,45.531,3.2500,-0.9990,3.2500,52.19,
1,Maze001,45.535,3.2500,-0.9990,3.2500,52.19,
1,Maze001,45.539,3.2500,-0.9990,3.2500,52.19,
1,Maze001,45.543,3.2500,-0.9990,3.2500,52.19,
1,Maze001,45.548,3.2500,-0.9990,3.2500,52.19,
1,Maze001,45.552,3.2500,-0.9990,3.2500,52.19,
1,Maze001,45.556,3.2500,-0.9990,3.2500,52.19,
1,Maze001,45.560,3.2500,-0.9990,3.2500,52.19,
1,Maze001,45.564,3.2500,-0.9990,3.2500,52.19,
1,Maze001,45.569,3.2500,-0.9990,3.2500,52.19,
1,Maze001,45.573,3.2500,-0.9990,3.2500,52.19,
1,Maze001,45.577,3.2500,-0.9990,3.2500,52.19,
1,Maze001,45.581,3.2500,-0.9990,3.2500,52.19,
1,Maze001,45.585,3.2500,-0.9990,3.2500,52.19,
1,Maze001,45.589,3.2500,-0.9990,3.2500,52.19,
1,Maze001,45.594,3.2500,-0.9990,3.2500,52.19,
1,Maze001,45.598,3.2500,-0.9990,3.2500,52.19,
1,Maze001,45.602,3.2500,-0.9990,3.2500,52.19,
1,Maze001,45.606,3.2500,-0.9990,3.2500,52.19,
1,Maze001,45.610,3.2500,-0.9990,3.2500,52.19,
1,Maze001,45.615,3.2500,-0.9990,3.2500,52.19,
1,Maze001,45.619,3.2500,-0.9990,3.2500,52.19,
1,Maze001,45.623,3.2500,-0.9990,3.2500,52.19,
1,Maze001,45.627,3.2500,-0.9990,3.2500,52.19,
1,Maze001,45.631,3.2500,-0.9990,3.2500,52.19,
1,Maze001,45.635,3.2500,-0.9990,3.2500,52.19,
1,Maze001,45.639,3.2500,-0.9990,3.2500,52.19,
1,Maze001,45.644,3.2500,-0.9990,3.2500,52.19,
1,Maze001,45.648,3.2500,-0.9990,3.2500,52.19,
1,Maze001,45.652,3.2500,-0.9990,3.2500,52.19,
1,Maze001,45.656,3.2500,-0.9990,3.2500,52.19,
1,Maze001,45.660,3.2500,-0.9990,3.2500,52.19,
1,Maze001,45.664,3.2500,-0.9990,3.2500,52.19,
1,Maze001,45.669,3.2500,-0.9990,3.2500,52.19,
1,Maze001,45.673,3.2500,-0.9990,3.2500,52.19,
1,Maze001,45.677,3.2500,-0.9990,3.2500,52.19,
1,Maze001,45.681,3.2500,-0.9990,3.2500,52.19,
1,Maze001,45.685,3.2500,-0.9990,3.2500,52.19,
1,Maze001,45.690,3.2500,-0.9990,3.2500,52.19,
1,Maze001,45.694,3.2500,-0.9990,3.2500,52.19,
1,Maze001,45.698,3.2500,-0.9990,3.2500,52.19,
1,Maze001,45.702,3.2500,-0.9990,3.2500,52.19,
1,Maze001,45.706,3.2500,-0.9990,3.2500,52.19,
1,Maze001,45.710,3.2500,-0.9990,3.2500,52.19,
1,Maze001,45.714,3.2500,-0.9990,3.2500,52.19,
1,Maze001,45.718,3.2500,-0.9990,3.2500,52.19,
1,Maze001,45.723,3.2500,-0.9990,3.2500,52.19,
1,Maze001,45.727,3.2500,-0.9990,3.2500,52.19,
1,Maze001,45.731,3.2500,-0.9990,3.2500,52.19,
1,Maze001,45.735,3.2500,-0.9990,3.2500,52.19,
1,Maze001,45.740,3.2500,-0.9990,3.2500,52.19,
1,Maze001,45.743,3.2500,-0.9990,3.2500,52.19,
1,Maze001,45.748,3.2500,-0.9990,3.2500,52.19,
1,Maze001,45.752,3.2500,-0.9990,3.2500,52.19,
1,Maze001,45.756,3.2500,-0.9990,3.2500,52.19,
1,Maze001,45.760,3.2500,-0.9990,3.2500,52.19,
1,Maze001,45.765,3.2500,-0.9990,3.2500,52.19,
1,Maze001,45.769,3.2500,-0.9990,3.2500,52.19,
1,Maze001,45.773,3.2500,-0.9990,3.2500,52.19,
1,Maze001,45.777,3.2500,-0.9990,3.2500,52.19,
1,Maze001,45.781,3.2500,-0.9990,3.2500,52.19,
1,Maze001,45.785,3.2500,-0.9990,3.2500,52.19,
1,Maze001,45.789,3.2500,-0.9990,3.2500,52.19,
1,Maze001,45.793,3.2500,-0.9990,3.2500,52.19,
1,Maze001,45.798,3.2500,-0.9990,3.2500,52.19,
1,Maze001,45.802,3.2500,-0.9990,3.2500,52.19,
1,Maze001,45.806,3.2500,-0.9990,3.2500,52.19,
1,Maze001,45.810,3.2500,-0.9990,3.2500,52.19,
1,Maze001,45.815,3.2500,-0.9990,3.2500,52.19,
1,Maze001,45.819,3.2500,-0.9990,3.2500,52.19,
1,Maze001,45.823,3.2500,-0.9990,3.2500,52.19,
1,Maze001,45.827,3.2500,-0.9990,3.2500,52.19,
1,Maze001,45.831,3.2500,-0.9990,3.2500,52.19,
1,Maze001,45.835,3.2500,-0.9990,3.2500,52.19,
1,Maze001,45.839,3.2500,-0.9990,3.2500,52.19,
1,Maze001,45.844,3.2500,-0.9990,3.2500,52.19,
1,Maze001,45.848,3.2500,-0.9990,3.2500,52.19,
1,Maze001,45.852,3.2500,-0.9990,3.2500,52.19,
1,Maze001,45.856,3.2500,-0.9990,3.2500,52.19,
1,Maze001,45.860,3.2500,-0.9990,3.2500,52.19,
1,Maze001,45.864,3.2500,-0.9990,3.2500,52.19,
1,Maze001,45.869,3.2500,-0.9990,3.2500,52.19,
1,Maze001,45.873,3.2500,-0.9990,3.2500,52.19,
1,Maze001,45.877,3.2500,-0.9990,3.2500,52.19,
1,Maze001,45.881,3.2500,-0.9990,3.2500,52.19,
1,Maze001,45.885,3.2500,-0.9990,3.2500,52.19,
1,Maze001,45.890,3.2500,-0.9990,3.2500,52.19,
1,Maze001,45.894,3.2500,-0.9990,3.2500,52.19,
1,Maze001,45.898,3.2500,-0.9990,3.2500,52.19,
1,Maze001,45.902,3.2500,-0.9990,3.2500,52.19,
1,Maze001,45.906,3.2500,-0.9990,3.2500,52.19,
1,Maze001,45.910,3.2500,-0.9990,3.2500,52.19,
1,Maze001,45.914,3.2500,-0.9990,3.2500,52.19,
1,Maze001,45.919,3.2500,-0.9990,3.2500,52.19,
1,Maze001,45.923,3.2500,-0.9990,3.2500,52.19,
1,Maze001,45.927,3.2500,-0.9990,3.2500,52.19,
1,Maze001,45.931,3.2500,-0.9990,3.2500,52.19,
1,Maze001,45.936,3.2500,-0.9990,3.2500,52.19,
1,Maze001,45.939,3.2500,-0.9990,3.2500,52.19,
1,Maze001,45.944,3.2500,-0.9990,3.2500,52.19,
1,Maze001,45.948,3.2500,-0.9990,3.2500,52.19,
1,Maze001,45.953,3.2500,-0.9990,3.2500,52.19,
1,Maze001,45.956,3.2500,-0.9990,3.2500,52.19,
1,Maze001,45.960,3.2500,-0.9990,3.2500,52.19,
1,Maze001,45.965,3.2500,-0.9990,3.2500,52.19,
1,Maze001,45.969,3.2500,-0.9990,3.2500,52.19,
1,Maze001,45.973,3.2500,-0.9990,3.2500,52.19,
1,Maze001,45.977,3.2500,-0.9990,3.2500,52.19,
1,Maze001,45.981,3.2500,-0.9990,3.2500,52.19,
1,Maze001,45.985,3.2500,-0.9990,3.2500,52.19,
1,Maze001,45.990,3.2500,-0.9990,3.2500,52.19,
1,Maze001,45.993,3.2500,-0.9990,3.2500,52.19,
1,Maze001,45.998,3.2500,-0.9990,3.2500,52.19,
1,Maze001,46.002,3.2500,-0.9990,3.2500,52.19,
1,Maze001,46.006,3.2500,-0.9990,3.2500,52.19,
1,Maze001,46.010,3.2500,-0.9990,3.2500,52.19,
1,Maze001,46.015,3.2500,-0.9990,3.2500,52.19,
1,Maze001,46.019,3.2500,-0.9990,3.2500,52.19,
1,Maze001,46.023,3.2500,-0.9990,3.2500,52.19,
1,Maze001,46.027,3.2500,-0.9990,3.2500,52.19,
1,Maze001,46.031,3.2500,-0.9990,3.2500,52.19,
1,Maze001,46.035,3.2500,-0.9990,3.2500,52.19,
1,Maze001,46.039,3.2500,-0.9990,3.2500,52.19,
1,Maze001,46.044,3.2500,-0.9990,3.2500,52.19,
1,Maze001,46.048,3.2500,-0.9990,3.2500,52.19,
1,Maze001,46.052,3.2500,-0.9990,3.2500,52.19,
1,Maze001,46.056,3.2500,-0.9990,3.2500,52.19,
1,Maze001,46.060,3.2500,-0.9990,3.2500,52.19,
1,Maze001,46.064,3.2500,-0.9990,3.2500,52.19,
1,Maze001,46.068,3.2500,-0.9990,3.2500,52.19,
1,Maze001,46.073,3.2500,-0.9990,3.2500,52.19,
1,Maze001,46.077,3.2500,-0.9990,3.2500,52.19,
1,Maze001,46.081,3.2500,-0.9990,3.2500,52.19,
1,Maze001,46.085,3.2500,-0.9990,3.2500,52.19,
1,Maze001,46.089,3.2500,-0.9990,3.2500,52.19,
1,Maze001,46.094,3.2500,-0.9990,3.2500,52.19,
1,Maze001,46.098,3.2500,-0.9990,3.2500,52.19,
1,Maze001,46.102,3.2500,-0.9990,3.2500,52.19,
1,Maze001,46.106,3.2500,-0.9990,3.2500,52.19,
1,Maze001,46.110,3.2500,-0.9990,3.2500,52.19,
1,Maze001,46.114,3.2500,-0.9990,3.2500,52.19,
1,Maze001,46.118,3.2500,-0.9990,3.2500,52.19,
1,Maze001,46.123,3.2500,-0.9990,3.2500,52.19,
1,Maze001,46.127,3.2500,-0.9990,3.2500,52.19,
1,Maze001,46.131,3.2500,-0.9990,3.2500,52.19,
1,Maze001,46.135,3.2500,-0.9990,3.2500,52.19,
1,Maze001,46.139,3.2500,-0.9990,3.2500,52.19,
1,Maze001,46.143,3.2500,-0.9990,3.2500,52.19,
1,Maze001,46.147,3.2500,-0.9990,3.2500,52.19,
1,Maze001,46.152,3.2500,-0.9990,3.2500,52.19,
1,Maze001,46.157,3.2500,-0.9990,3.2500,52.19,
1,Maze001,46.160,3.2500,-0.9990,3.2500,52.19,
1,Maze001,46.164,3.2500,-0.9990,3.2500,52.19,
1,Maze001,46.169,3.2500,-0.9990,3.2500,52.19,
1,Maze001,46.173,3.2500,-0.9990,3.2500,52.19,
1,Maze001,46.177,3.2500,-0.9990,3.2500,52.19,
1,Maze001,46.181,3.2500,-0.9990,3.2500,52.19,
1,Maze001,46.185,3.2500,-0.9990,3.2500,52.19,
1,Maze001,46.189,3.2500,-0.9990,3.2500,52.19,
1,Maze001,46.193,3.2500,-0.9990,3.2500,52.19,
1,Maze001,46.198,3.2500,-0.9990,3.2500,52.19,
1,Maze001,46.202,3.2500,-0.9990,3.2500,52.19,
1,Maze001,46.206,3.2500,-0.9990,3.2500,52.19,
1,Maze001,46.210,3.2500,-0.9990,3.2500,52.19,
1,Maze001,46.214,3.2500,-0.9990,3.2500,52.19,
1,Maze001,46.219,3.2500,-0.9990,3.2500,52.19,
1,Maze001,46.223,3.2500,-0.9990,3.2500,52.19,
1,Maze001,46.227,3.2500,-0.9990,3.2500,52.19,
1,Maze001,46.231,3.2500,-0.9990,3.2500,52.19,
1,Maze001,46.235,3.2500,-0.9990,3.2500,52.19,
1,Maze001,46.239,3.2500,-0.9990,3.2500,52.19,
1,Maze001,46.244,3.2500,-0.9990,3.2500,52.19,
1,Maze001,46.248,3.2500,-0.9990,3.2500,52.19,
1,Maze001,46.252,3.2500,-0.9990,3.2500,52.19,
1,Maze001,46.256,3.2500,-0.9990,3.2500,52.19,
1,Maze001,46.260,3.2500,-0.9990,3.2500,52.19,
1,Maze001,46.265,3.2500,-0.9990,3.2500,52.19,
1,Maze001,46.268,3.2500,-0.9990,3.2500,52.19,
1,Maze001,46.273,3.2500,-0.9990,3.2500,52.19,
1,Maze001,46.277,3.2500,-0.9990,3.2500,52.19,
1,Maze001,46.281,3.2500,-0.9990,3.2500,52.19,
1,Maze001,46.285,3.2500,-0.9990,3.2500,52.19,
1,Maze001,46.290,3.2500,-0.9990,3.2500,52.19,
1,Maze001,46.294,3.2500,-0.9990,3.2500,52.19,
1,Maze001,46.298,3.2500,-0.9990,3.2500,52.19,
1,Maze001,46.302,3.2500,-0.9990,3.2500,52.19,
1,Maze001,46.306,3.2500,-0.9990,3.2500,52.19,
1,Maze001,46.310,3.2500,-0.9990,3.2500,52.19,
1,Maze001,46.314,3.2500,-0.9990,3.2500,52.19,
1,Maze001,46.319,3.2500,-0.9990,3.2500,52.19,
1,Maze001,46.323,3.2500,-0.9990,3.2500,52.19,
1,Maze001,46.327,3.2500,-0.9990,3.2500,52.19,
1,Maze001,46.331,3.2500,-0.9990,3.2500,52.19,
1,Maze001,46.335,3.2500,-0.9990,3.2500,52.19,
1,Maze001,46.339,3.2500,-0.9990,3.2500,52.19,
1,Maze001,46.344,3.2500,-0.9990,3.2500,52.19,
1,Maze001,46.348,3.2500,-0.9990,3.2500,52.19,
1,Maze001,46.352,3.2500,-0.9990,3.2500,52.19,
1,Maze001,46.356,3.2500,-0.9990,3.2500,52.19,
1,Maze001,46.360,3.2500,-0.9990,3.2500,52.19,
1,Maze001,46.364,3.2500,-0.9990,3.2500,52.19,
1,Maze001,46.369,3.2500,-0.9990,3.2500,52.19,
1,Maze001,46.373,3.2500,-0.9990,3.2500,52.19,
1,Maze001,46.377,3.2500,-0.9990,3.2500,52.19,
1,Maze001,46.381,3.2500,-0.9990,3.2500,52.19,
1,Maze001,46.385,3.2500,-0.9990,3.2500,52.19,
1,Maze001,46.390,3.2500,-0.9990,3.2500,52.19,
1,Maze001,46.394,3.2500,-0.9990,3.2500,52.19,
1,Maze001,46.398,3.2500,-0.9990,3.2500,52.19,
1,Maze001,46.402,3.2500,-0.9990,3.2500,52.19,
1,Maze001,46.406,3.2500,-0.9990,3.2500,52.19,
1,Maze001,46.410,3.2500,-0.9990,3.2500,52.19,
1,Maze001,46.414,3.2500,-0.9990,3.2500,52.19,
1,Maze001,46.419,3.2500,-0.9990,3.2500,52.19,
1,Maze001,46.423,3.2500,-0.9990,3.2500,52.19,
1,Maze001,46.427,3.2500,-0.9990,3.2500,52.19,
1,Maze001,46.431,3.2500,-0.9990,3.2500,52.19,
1,Maze001,46.435,3.2500,-0.9990,3.2500,52.19,
1,Maze001,46.439,3.2500,-0.9990,3.2500,52.19,
1,Maze001,46.443,3.2500,-0.9990,3.2500,52.19,
1,Maze001,46.448,3.2500,-0.9990,3.2500,52.19,
1,Maze001,46.452,3.2500,-0.9990,3.2500,52.19,
1,Maze001,46.456,3.2500,-0.9990,3.2500,52.19,
1,Maze001,46.460,3.2500,-0.9990,3.2500,52.19,
1,Maze001,46.464,3.2500,-0.9990,3.2500,52.19,
1,Maze001,46.469,3.2500,-0.9990,3.2500,52.19,
1,Maze001,46.473,3.2500,-0.9990,3.2500,52.19,
1,Maze001,46.477,3.2500,-0.9990,3.2500,52.19,
1,Maze001,46.481,3.2500,-0.9990,3.2500,52.19,
1,Maze001,46.485,3.2500,-0.9990,3.2500,52.19,
1,Maze001,46.489,3.2500,-0.9990,3.2500,52.19,
1,Maze001,46.493,3.2500,-0.9990,3.2500,52.19,
1,Maze001,46.498,3.2500,-0.9990,3.2500,52.19,
1,Maze001,46.502,3.2500,-0.9990,3.2500,52.19,
1,Maze001,46.506,3.2500,-0.9990,3.2500,52.19,
1,Maze001,46.510,3.2500,-0.9990,3.2500,52.19,
1,Maze001,46.514,3.2500,-0.9990,3.2500,52.19,
1,Maze001,46.519,3.2500,-0.9990,3.2500,52.19,
1,Maze001,46.523,3.2500,-0.9990,3.2500,52.19,
1,Maze001,46.527,3.2500,-0.9990,3.2500,52.19,
1,Maze001,46.531,3.2500,-0.9990,3.2500,52.19,
1,Maze001,46.535,3.2500,-0.9990,3.2500,52.19,
1,Maze001,46.540,3.2500,-0.9990,3.2500,52.19,
1,Maze001,46.544,3.2500,-0.9990,3.2500,52.19,
1,Maze001,46.548,3.2500,-0.9990,3.2500,52.19,
1,Maze001,46.552,3.2500,-0.9990,3.2500,52.19,
1,Maze001,46.556,3.2500,-0.9990,3.2500,52.19,
1,Maze001,46.560,3.2500,-0.9990,3.2500,52.19,
1,Maze001,46.565,3.2500,-0.9990,3.2500,52.19,
1,Maze001,46.569,3.2500,-0.9990,3.2500,52.19,
1,Maze001,46.573,3.2500,-0.9990,3.2500,52.19,
1,Maze001,46.577,3.2500,-0.9990,3.2500,52.19,
1,Maze001,46.581,3.2500,-0.9990,3.2500,52.19,
1,Maze001,46.585,3.2500,-0.9990,3.2500,52.19,
1,Maze001,46.589,3.2500,-0.9990,3.2500,52.19,
1,Maze001,46.593,3.2500,-0.9990,3.2500,52.19,
1,Maze001,46.598,3.2500,-0.9990,3.2500,52.19,
1,Maze001,46.602,3.2500,-0.9990,3.2500,52.19,
1,Maze001,46.606,3.2500,-0.9990,3.2500,52.19,
1,Maze001,46.610,3.2500,-0.9990,3.2500,52.19,
1,Maze001,46.614,3.2500,-0.9990,3.2500,52.19,
1,Maze001,46.619,3.2500,-0.9990,3.2500,52.19,
1,Maze001,46.623,3.2500,-0.9990,3.2500,52.19,
1,Maze001,46.627,3.2500,-0.9990,3.2500,52.19,
1,Maze001,46.631,3.2500,-0.9990,3.2500,52.19,
1,Maze001,46.635,3.2500,-0.9990,3.2500,52.19,
1,Maze001,46.639,3.2500,-0.9990,3.2500,52.19,
1,Maze001,46.644,3.2500,-0.9990,3.2500,52.19,
1,Maze001,46.648,3.2500,-0.9990,3.2500,52.19,
1,Maze001,46.652,3.2500,-0.9990,3.2500,52.19,
1,Maze001,46.656,3.2500,-0.9990,3.2500,52.19,
1,Maze001,46.660,3.2500,-0.9990,3.2500,52.19,
1,Maze001,46.664,3.2500,-0.9990,3.2500,52.19,
1,Maze001,46.668,3.2500,-0.9990,3.2500,52.19,
1,Maze001,46.673,3.2500,-0.9990,3.2500,52.19,
1,Maze001,46.677,3.2500,-0.9990,3.2500,52.19,
1,Maze001,46.681,3.2500,-0.9990,3.2500,52.19,
1,Maze001,46.686,3.2500,-0.9990,3.2500,52.19,
1,Maze001,46.689,3.2500,-0.9990,3.2500,52.19,
1,Maze001,46.693,3.2500,-0.9990,3.2500,52.19,
1,Maze001,46.698,3.2500,-0.9990,3.2500,52.19,
1,Maze001,46.702,3.2500,-0.9990,3.2500,52.19,
1,Maze001,46.706,3.2500,-0.9990,3.2500,52.19,
1,Maze001,46.710,3.2500,-0.9990,3.2500,52.19,
1,Maze001,46.714,3.2500,-0.9990,3.2500,52.19,
1,Maze001,46.718,3.2500,-0.9990,3.2500,52.19,
1,Maze001,46.723,3.2500,-0.9990,3.2500,52.19,
1,Maze001,46.727,3.2500,-0.9990,3.2500,52.19,
1,Maze001,46.731,3.2500,-0.9990,3.2500,52.19,
1,Maze001,46.736,3.2500,-0.9990,3.2500,52.19,
1,Maze001,46.739,3.2500,-0.9990,3.2500,52.19,
1,Maze001,46.744,3.2500,-0.9990,3.2500,52.19,
1,Maze001,46.748,3.2500,-0.9990,3.2500,52.19,
1,Maze001,46.752,3.2500,-0.9990,3.2500,52.19,
1,Maze001,46.756,3.2500,-0.9990,3.2500,52.19,
1,Maze001,46.760,3.2500,-0.9990,3.2500,52.19,
1,Maze001,46.764,3.2500,-0.9990,3.2500,52.19,
1,Maze001,46.768,3.2500,-0.9990,3.2500,52.19,
1,Maze001,46.772,3.2500,-0.9990,3.2500,52.19,
1,Maze001,46.777,3.2500,-0.9990,3.2500,52.19,
1,Maze001,46.781,3.2500,-0.9990,3.2500,52.19,
1,Maze001,46.785,3.2500,-0.9990,3.2500,52.19,
1,Maze001,46.789,3.2500,-0.9990,3.2500,52.19,
1,Maze001,46.793,3.2500,-0.9990,3.2500,52.19,
1,Maze001,46.798,3.2500,-0.9990,3.2500,52.19,
1,Maze001,46.802,3.2500,-0.9990,3.2500,52.19,
1,Maze001,46.806,3.2500,-0.9990,3.2500,52.19,
1,Maze001,46.810,3.2500,-0.9990,3.2500,52.19,
1,Maze001,46.814,3.2500,-0.9990,3.2500,52.19,
1,Maze001,46.818,3.2500,-0.9990,3.2500,52.19,
1,Maze001,46.823,3.2500,-0.9990,3.2500,52.19,
1,Maze001,46.827,3.2500,-0.9990,3.2500,52.19,
1,Maze001,46.831,3.2500,-0.9990,3.2500,52.19,
1,Maze001,46.835,3.2500,-0.9990,3.2500,52.19,
1,Maze001,46.839,3.2500,-0.9990,3.2500,52.19,
1,Maze001,46.844,3.2500,-0.9990,3.2500,52.19,
1,Maze001,46.848,3.2500,-0.9990,3.2500,52.19,
1,Maze001,46.852,3.2500,-0.9990,3.2500,52.19,
1,Maze001,46.856,3.2500,-0.9990,3.2500,52.19,
1,Maze001,46.860,3.2500,-0.9990,3.2500,52.19,
1,Maze001,46.864,3.2500,-0.9990,3.2500,52.19,
1,Maze001,46.868,3.2500,-0.9990,3.2500,52.19,
1,Maze001,46.873,3.2500,-0.9990,3.2500,52.19,
1,Maze001,46.877,3.2500,-0.9990,3.2500,52.19,
1,Maze001,46.881,3.2500,-0.9990,3.2500,52.19,
1,Maze001,46.885,3.2500,-0.9990,3.2500,52.19,
1,Maze001,46.889,3.2500,-0.9990,3.2500,52.19,
1,Maze001,46.894,3.2500,-0.9990,3.2500,52.19,
1,Maze001,46.898,3.2500,-0.9990,3.2500,52.19,
1,Maze001,46.902,3.2500,-0.9990,3.2500,52.19,
1,Maze001,46.906,3.2500,-0.9990,3.2500,52.19,
1,Maze001,46.910,3.2500,-0.9990,3.2500,52.19,
1,Maze001,46.914,3.2500,-0.9990,3.2500,52.19,
1,Maze001,46.918,3.2500,-0.9990,3.2500,52.19,
1,Maze001,46.923,3.2500,-0.9990,3.2500,52.19,
1,Maze001,46.927,3.2500,-0.9990,3.2500,52.19,
1,Maze001,46.931,3.2500,-0.9990,3.2500,52.19,
1,Maze001,46.935,3.2500,-0.9990,3.2500,52.19,
1,Maze001,46.939,3.2500,-0.9990,3.2500,52.19,
1,Maze001,46.943,3.2500,-0.9990,3.2500,52.19,
1,Maze001,46.948,3.2500,-0.9990,3.2500,52.19,
1,Maze001,46.952,3.2500,-0.9990,3.2500,52.19,
1,Maze001,46.956,3.2500,-0.9990,3.2500,52.19,
1,Maze001,46.960,3.2500,-0.9990,3.2500,52.19,
1,Maze001,46.965,3.2500,-0.9990,3.2500,52.19,
1,Maze001,46.969,3.2500,-0.9990,3.2500,52.19,
1,Maze001,46.973,3.2500,-0.9990,3.2500,52.19,
1,Maze001,46.977,3.2500,-0.9990,3.2500,52.19,
1,Maze001,46.982,3.2500,-0.9990,3.2500,52.19,
1,Maze001,46.986,3.2500,-0.9990,3.2500,52.19,
1,Maze001,46.990,3.2500,-0.9990,3.2500,52.19,
1,Maze001,46.994,3.2500,-0.9990,3.2500,52.19,
1,Maze001,46.998,3.2500,-0.9990,3.2500,52.19,
1,Maze001,47.002,3.2500,-0.9990,3.2500,52.19,
1,Maze001,47.006,3.2500,-0.9990,3.2500,52.19,
1,Maze001,47.010,3.2500,-0.9990,3.2500,52.19,
1,Maze001,47.015,3.2500,-0.9990,3.2500,52.19,
1,Maze001,47.019,3.2500,-0.9990,3.2500,52.19,
1,Maze001,47.023,3.2500,-0.9990,3.2500,52.19,
1,Maze001,47.027,3.2500,-0.9990,3.2500,52.19,
1,Maze001,47.031,3.2500,-0.9990,3.2500,52.19,
1,Maze001,47.035,3.2500,-0.9990,3.2500,52.19,
1,Maze001,47.039,3.2500,-0.9990,3.2500,52.19,
1,Maze001,47.043,3.2500,-0.9990,3.2500,52.19,
1,Maze001,47.049,3.2500,-0.9990,3.2500,52.19,
1,Maze001,47.052,3.2500,-0.9990,3.2500,52.19,
1,Maze001,47.056,3.2500,-0.9990,3.2500,52.19,
1,Maze001,47.060,3.2500,-0.9990,3.2500,52.19,
1,Maze001,47.064,3.2500,-0.9990,3.2500,52.19,
1,Maze001,47.068,3.2500,-0.9990,3.2500,52.19,
1,Maze001,47.073,3.2500,-0.9990,3.2500,52.19,
1,Maze001,47.077,3.2500,-0.9990,3.2500,52.19,
1,Maze001,47.081,3.2500,-0.9990,3.2500,52.19,
1,Maze001,47.085,3.2500,-0.9990,3.2500,52.19,
1,Maze001,47.089,3.2500,-0.9990,3.2500,52.19,
1,Maze001,47.094,3.2500,-0.9990,3.2500,52.19,
1,Maze001,47.098,3.2500,-0.9990,3.2500,52.19,
1,Maze001,47.102,3.2500,-0.9990,3.2500,52.19,
1,Maze001,47.106,3.2500,-0.9990,3.2500,52.19,
1,Maze001,47.110,3.2500,-0.9990,3.2500,52.19,
1,Maze001,47.114,3.2500,-0.9990,3.2500,52.19,
1,Maze001,47.119,3.2500,-0.9990,3.2500,52.19,
1,Maze001,47.123,3.2500,-0.9990,3.2500,52.19,
1,Maze001,47.127,3.2500,-0.9990,3.2500,52.19,
1,Maze001,47.131,3.2500,-0.9990,3.2500,52.19,
1,Maze001,47.135,3.2500,-0.9990,3.2500,52.19,
1,Maze001,47.139,3.2500,-0.9990,3.2500,52.19,
1,Maze001,47.143,3.2500,-0.9990,3.2500,52.19,
1,Maze001,47.148,3.2500,-0.9990,3.2500,52.19,
1,Maze001,47.152,3.2500,-0.9990,3.2500,52.19,
1,Maze001,47.156,3.2500,-0.9990,3.2500,52.19,
1,Maze001,47.160,3.2500,-0.9990,3.2500,52.19,
1,Maze001,47.164,3.2500,-0.9990,3.2500,52.19,
1,Maze001,47.168,3.2500,-0.9990,3.2500,52.19,
1,Maze001,47.172,3.2500,-0.9990,3.2500,52.19,
1,Maze001,47.177,3.2500,-0.9990,3.2500,52.19,
1,Maze001,47.181,3.2500,-0.9990,3.2500,52.19,
1,Maze001,47.185,3.2500,-0.9990,3.2500,52.19,
1,Maze001,47.189,3.2500,-0.9990,3.2500,52.19,
1,Maze001,47.193,3.2500,-0.9990,3.2500,52.19,
1,Maze001,47.197,3.2500,-0.9990,3.2500,52.19,
1,Maze001,47.202,3.2500,-0.9990,3.2500,52.19,
1,Maze001,47.206,3.2500,-0.9990,3.2500,52.19,
1,Maze001,47.210,3.2500,-0.9990,3.2500,52.19,
1,Maze001,47.214,3.2500,-0.9990,3.2500,52.19,
1,Maze001,47.218,3.2500,-0.9990,3.2500,52.19,
1,Maze001,47.223,3.2500,-0.9990,3.2500,52.19,
1,Maze001,47.227,3.2500,-0.9990,3.2500,52.19,
1,Maze001,47.231,3.2500,-0.9990,3.2500,52.19,
1,Maze001,47.235,3.2500,-0.9990,3.2500,52.19,
1,Maze001,47.239,3.2500,-0.9990,3.2500,52.19,
1,Maze001,47.243,3.2500,-0.9990,3.2500,52.19,
1,Maze001,47.248,3.2500,-0.9990,3.2500,52.19,
1,Maze001,47.252,3.2500,-0.9990,3.2500,52.19,
1,Maze001,47.256,3.2500,-0.9990,3.2500,52.19,
1,Maze001,47.260,3.2500,-0.9990,3.2500,52.19,
1,Maze001,47.264,3.2500,-0.9990,3.2500,52.19,
1,Maze001,47.268,3.2500,-0.9990,3.2500,52.19,
1,Maze001,47.272,3.2500,-0.9990,3.2500,52.19,
1,Maze001,47.277,3.2500,-0.9990,3.2500,52.19,
1,Maze001,47.281,3.2500,-0.9990,3.2500,52.19,
1,Maze001,47.285,3.2500,-0.9990,3.2500,52.19,
1,Maze001,47.289,3.2500,-0.9990,3.2500,52.19,
1,Maze001,47.293,3.2500,-0.9990,3.2500,52.19,
1,Maze001,47.297,3.2500,-0.9990,3.2500,52.19,
1,Maze001,47.302,3.2500,-0.9990,3.2500,52.19,
1,Maze001,47.306,3.2500,-0.9990,3.2500,52.19,
1,Maze001,47.310,3.2500,-0.9990,3.2500,52.19,
1,Maze001,47.314,3.2500,-0.9990,3.2500,52.19,
1,Maze001,47.319,3.2500,-0.9990,3.2500,52.19,
1,Maze001,47.323,3.2500,-0.9990,3.2500,52.19,
1,Maze001,47.327,3.2500,-0.9990,3.2500,52.19,
1,Maze001,47.331,3.2500,-0.9990,3.2500,52.19,
1,Maze001,47.335,3.2500,-0.9990,3.2500,52.19,
1,Maze001,47.339,3.2500,-0.9990,3.2500,52.19,
1,Maze001,47.343,3.2500,-0.9990,3.2500,52.19,
1,Maze001,47.347,3.2500,-0.9990,3.2500,52.19,
1,Maze001,47.352,3.2500,-0.9990,3.2500,52.19,
1,Maze001,47.356,3.2500,-0.9990,3.2500,52.19,
1,Maze001,47.361,3.2500,-0.9990,3.2500,52.19,
1,Maze001,47.364,3.2500,-0.9990,3.2500,52.19,
1,Maze001,47.368,3.2500,-0.9990,3.2500,52.19,
1,Maze001,47.373,3.2500,-0.9990,3.2500,52.19,
1,Maze001,47.377,3.2500,-0.9990,3.2500,52.19,
1,Maze001,47.381,3.2500,-0.9990,3.2500,52.19,
1,Maze001,47.385,3.2500,-0.9990,3.2500,52.19,
1,Maze001,47.389,3.2500,-0.9990,3.2500,52.19,
1,Maze001,47.393,3.2500,-0.9990,3.2500,52.19,
1,Maze001,47.397,3.2500,-0.9990,3.2500,52.19,
1,Maze001,47.402,3.2500,-0.9990,3.2500,52.19,
1,Maze001,47.406,3.2500,-0.9990,3.2500,52.19,
1,Maze001,47.410,3.2500,-0.9990,3.2500,52.19,
1,Maze001,47.414,3.2500,-0.9990,3.2500,52.19,
1,Maze001,47.418,3.2500,-0.9990,3.2500,52.19,
1,Maze001,47.423,3.2500,-0.9990,3.2500,52.19,
1,Maze001,47.427,3.2500,-0.9990,3.2500,52.19,
1,Maze001,47.431,3.2500,-0.9990,3.2500,52.19,
1,Maze001,47.435,3.2500,-0.9990,3.2500,52.19,
1,Maze001,47.439,3.2500,-0.9990,3.2500,52.19,
1,Maze001,47.443,3.2500,-0.9990,3.2500,52.19,
1,Maze001,47.447,3.2500,-0.9990,3.2500,52.19,
1,Maze001,47.452,3.2500,-0.9990,3.2500,52.19,
1,Maze001,47.456,3.2500,-0.9990,3.2500,52.19,
1,Maze001,47.460,3.2500,-0.9990,3.2500,52.19,
1,Maze001,47.464,3.2500,-0.9990,3.2500,52.19,
1,Maze001,47.469,3.2500,-0.9990,3.2500,52.19,
1,Maze001,47.472,3.2500,-0.9990,3.2500,52.19,
1,Maze001,47.477,3.2500,-0.9990,3.2500,52.19,
1,Maze001,47.481,3.2500,-0.9990,3.2500,52.19,
1,Maze001,47.485,3.2500,-0.9990,3.2500,52.19,
1,Maze001,47.489,3.2500,-0.9990,3.2500,52.19,
1,Maze001,47.493,3.2500,-0.9990,3.2500,52.19,
1,Maze001,47.497,3.2500,-0.9990,3.2500,52.19,
1,Maze001,47.502,3.2500,-0.9990,3.2500,52.19,
1,Maze001,47.506,3.2500,-0.9990,3.2500,52.19,
1,Maze001,47.510,3.2500,-0.9990,3.2500,52.19,
1,Maze001,47.514,3.2500,-0.9990,3.2500,52.19,
1,Maze001,47.519,3.2500,-0.9990,3.2500,52.19,
1,Maze001,47.523,3.2500,-0.9990,3.2500,52.19,
1,Maze001,47.527,3.2500,-0.9990,3.2500,52.19,
1,Maze001,47.531,3.2500,-0.9990,3.2500,52.19,
1,Maze001,47.535,3.2500,-0.9990,3.2500,52.19,
1,Maze001,47.539,3.2500,-0.9990,3.2500,52.19,
1,Maze001,47.543,3.2500,-0.9990,3.2500,52.19,
1,Maze001,47.547,3.2500,-0.9990,3.2500,52.19,
1,Maze001,47.552,3.2500,-0.9990,3.2500,52.19,
1,Maze001,47.556,3.2500,-0.9990,3.2500,52.19,
1,Maze001,47.560,3.2500,-0.9990,3.2500,52.19,
1,Maze001,47.564,3.2500,-0.9990,3.2500,52.19,
1,Maze001,47.568,3.2500,-0.9990,3.2500,52.19,
1,Maze001,47.573,3.2500,-0.9990,3.2500,52.19,
1,Maze001,47.577,3.2500,-0.9990,3.2500,52.19,
1,Maze001,47.581,3.2500,-0.9990,3.2500,52.19,
1,Maze001,47.585,3.2500,-0.9990,3.2500,52.19,
1,Maze001,47.589,3.2500,-0.9990,3.2500,52.19,
1,Maze001,47.593,3.2500,-0.9990,3.2500,52.19,
1,Maze001,47.597,3.2500,-0.9990,3.2500,52.19,
1,Maze001,47.602,3.2500,-0.9990,3.2500,52.19,
1,Maze001,47.606,3.2500,-0.9990,3.2500,52.19,
1,Maze001,47.610,3.2500,-0.9990,3.2500,52.19,
1,Maze001,47.614,3.2500,-0.9990,3.2500,52.19,
1,Maze001,47.618,3.2500,-0.9990,3.2500,52.19,
1,Maze001,47.623,3.2500,-0.9990,3.2500,52.19,
1,Maze001,47.627,3.2500,-0.9990,3.2500,52.19,
1,Maze001,47.631,3.2500,-0.9990,3.2500,52.19,
1,Maze001,47.635,3.2500,-0.9990,3.2500,52.19,
1,Maze001,47.639,3.2500,-0.9990,3.2500,52.19,
1,Maze001,47.643,3.2500,-0.9990,3.2500,52.19,
1,Maze001,47.647,3.2500,-0.9990,3.2500,52.19,
1,Maze001,47.652,3.2500,-0.9990,3.2500,52.19,
1,Maze001,47.656,3.2500,-0.9990,3.2500,52.19,
1,Maze001,47.660,3.2500,-0.9990,3.2500,52.19,
1,Maze001,47.664,3.2500,-0.9990,3.2500,52.19,
1,Maze001,47.668,3.2500,-0.9990,3.2500,52.19,
1,Maze001,47.673,3.2500,-0.9990,3.2500,52.19,
1,Maze001,47.677,3.2500,-0.9990,3.2500,52.19,
1,Maze001,47.681,3.2500,-0.9990,3.2500,52.19,
1,Maze001,47.685,3.2500,-0.9990,3.2500,52.19,
1,Maze001,47.689,3.2500,-0.9990,3.2500,52.19,
1,Maze001,47.693,3.2500,-0.9990,3.2500,52.19,
1,Maze001,47.697,3.2500,-0.9990,3.2500,52.19,
1,Maze001,47.702,3.2500,-0.9990,3.2500,52.19,
1,Maze001,47.706,3.2500,-0.9990,3.2500,52.19,
1,Maze001,47.710,3.2500,-0.9990,3.2500,52.19,
1,Maze001,47.714,3.2500,-0.9990,3.2500,52.19,
1,Maze001,47.718,3.2500,-0.9990,3.2500,52.19,
1,Maze001,47.722,3.2500,-0.9990,3.2500,52.19,
1,Maze001,47.727,3.2500,-0.9990,3.2500,52.19,
1,Maze001,47.731,3.2500,-0.9990,3.2500,52.19,
1,Maze001,47.735,3.2500,-0.9990,3.2500,52.19,
1,Maze001,47.739,3.2500,-0.9990,3.2500,52.19,
1,Maze001,47.743,3.2500,-0.9990,3.2500,52.19,
1,Maze001,47.747,3.2500,-0.9990,3.2500,52.19,
1,Maze001,47.752,3.2500,-0.9990,3.2500,52.19,
1,Maze001,47.756,3.2500,-0.9990,3.2500,52.19,
1,Maze001,47.760,3.2500,-0.9990,3.2500,52.19,
1,Maze001,47.764,3.2500,-0.9990,3.2500,52.19,
1,Maze001,47.768,3.2500,-0.9990,3.2500,52.19,
1,Maze001,47.772,3.2500,-0.9990,3.2500,52.19,
1,Maze001,47.777,3.2500,-0.9990,3.2500,52.19,
1,Maze001,47.781,3.2500,-0.9990,3.2500,52.19,
1,Maze001,47.785,3.2500,-0.9990,3.2500,52.19,
1,Maze001,47.789,3.2500,-0.9990,3.2500,52.19,
1,Maze001,47.793,3.2500,-0.9990,3.2500,52.19,
1,Maze001,47.797,3.2500,-0.9990,3.2500,52.19,
1,Maze001,47.802,3.2500,-0.9990,3.2500,52.19,
1,Maze001,47.806,3.2500,-0.9990,3.2500,52.19,
1,Maze001,47.810,3.2500,-0.9990,3.2500,52.19,
1,Maze001,47.814,3.2500,-0.9990,3.2500,52.19,
1,Maze001,47.819,3.2500,-0.9990,3.2500,52.19,
1,Maze001,47.823,3.2500,-0.9990,3.2500,52.19,
1,Maze001,47.827,3.2500,-0.9990,3.2500,52.19,
1,Maze001,47.832,3.2500,-0.9990,3.2500,52.19,
1,Maze001,47.835,3.2500,-0.9990,3.2500,52.19,
1,Maze001,47.840,3.2500,-0.9990,3.2500,52.19,
1,Maze001,47.844,3.2500,-0.9990,3.2500,52.19,
1,Maze001,47.848,3.2500,-0.9990,3.2500,52.19,
1,Maze001,47.852,3.2500,-0.9990,3.2500,52.19,
1,Maze001,47.856,3.2500,-0.9990,3.2500,52.19,
1,Maze001,47.860,3.2500,-0.9990,3.2500,52.19,
1,Maze001,47.865,3.2500,-0.9990,3.2500,52.19,
1,Maze001,47.869,3.2500,-0.9990,3.2500,52.19,
1,Maze001,47.873,3.2500,-0.9990,3.2500,52.19,
1,Maze001,47.877,3.2500,-0.9990,3.2500,52.19,
1,Maze001,47.881,3.2500,-0.9990,3.2500,52.19,
1,Maze001,47.885,3.2500,-0.9990,3.2500,52.19,
1,Maze001,47.890,3.2500,-0.9990,3.2500,52.19,
1,Maze001,47.893,3.2500,-0.9990,3.2500,52.19,
1,Maze001,47.898,3.2500,-0.9990,3.2500,52.19,
1,Maze001,47.902,3.2500,-0.9990,3.2500,52.19,
1,Maze001,47.906,3.2500,-0.9990,3.2500,52.19,
1,Maze001,47.910,3.2500,-0.9990,3.2500,52.19,
1,Maze001,47.914,3.2500,-0.9990,3.2500,52.19,
1,Maze001,47.918,3.2500,-0.9990,3.2500,52.19,
1,Maze001,47.922,3.2500,-0.9990,3.2500,52.19,
1,Maze001,47.927,3.2500,-0.9990,3.2500,52.19,
1,Maze001,47.931,3.2500,-0.9990,3.2500,52.19,
1,Maze001,47.935,3.2500,-0.9990,3.2500,52.19,
1,Maze001,47.939,3.2500,-0.9990,3.2500,52.19,
1,Maze001,47.943,3.2500,-0.9990,3.2500,52.19,
1,Maze001,47.947,3.2500,-0.9990,3.2500,52.19,
1,Maze001,47.952,3.2500,-0.9990,3.2500,52.19,
1,Maze001,47.956,3.2500,-0.9990,3.2500,52.19,
1,Maze001,47.960,3.2500,-0.9990,3.2500,52.19,
1,Maze001,47.964,3.2500,-0.9990,3.2500,52.19,
1,Maze001,47.968,3.2500,-0.9990,3.2500,52.19,
1,Maze001,47.972,3.2500,-0.9990,3.2500,52.19,
1,Maze001,47.977,3.2500,-0.9990,3.2500,52.19,
1,Maze001,47.981,3.2500,-0.9990,3.2500,52.19,
1,Maze001,47.985,3.2500,-0.9990,3.2500,52.19,
1,Maze001,47.989,3.2500,-0.9990,3.2500,52.19,
1,Maze001,47.993,3.2500,-0.9990,3.2500,52.19,
1,Maze001,47.997,3.2500,-0.9990,3.2500,52.19,
1,Maze001,48.002,3.2500,-0.9990,3.2500,52.19,
1,Maze001,48.006,3.2500,-0.9990,3.2500,52.19,
1,Maze001,48.010,3.2500,-0.9990,3.2500,52.19,
1,Maze001,48.014,3.2500,-0.9990,3.2500,52.19,
1,Maze001,48.019,3.2500,-0.9990,3.2500,52.19,
1,Maze001,48.023,3.2500,-0.9990,3.2500,52.19,
1,Maze001,48.027,3.2500,-0.9990,3.2500,52.19,
1,Maze001,48.031,3.2500,-0.9990,3.2500,52.19,
1,Maze001,48.035,3.2500,-0.9990,3.2500,52.19,
1,Maze001,48.039,3.2500,-0.9990,3.2500,52.19,
1,Maze001,48.043,3.2500,-0.9990,3.2500,52.19,
1,Maze001,48.047,3.2500,-0.9990,3.2500,52.19,
1,Maze001,48.052,3.2500,-0.9990,3.2500,52.19,
1,Maze001,48.056,3.2500,-0.9990,3.2500,52.19,
1,Maze001,48.060,3.2500,-0.9990,3.2500,52.19,
1,Maze001,48.064,3.2500,-0.9990,3.2500,52.19,
1,Maze001,48.068,3.2500,-0.9990,3.2500,52.19,
1,Maze001,48.072,3.2500,-0.9990,3.2500,52.19,
1,Maze001,48.077,3.2500,-0.9990,3.2500,52.19,
1,Maze001,48.081,3.2500,-0.9990,3.2500,52.19,
1,Maze001,48.085,3.2500,-0.9990,3.2500,52.19,
1,Maze001,48.089,3.2500,-0.9990,3.2500,52.19,
1,Maze001,48.094,3.2500,-0.9990,3.2500,52.19,
1,Maze001,48.098,3.2500,-0.9990,3.2500,52.19,
1,Maze001,48.102,3.2500,-0.9990,3.2500,52.19,
1,Maze001,48.106,3.2500,-0.9990,3.2500,52.19,
1,Maze001,48.110,3.2500,-0.9990,3.2500,52.19,
1,Maze001,48.114,3.2500,-0.9990,3.2500,52.19,
1,Maze001,48.118,3.2500,-0.9990,3.2500,52.19,
1,Maze001,48.122,3.2500,-0.9990,3.2500,52.19,
1,Maze001,48.127,3.2500,-0.9990,3.2500,52.19,
1,Maze001,48.131,3.2500,-0.9990,3.2500,52.19,
1,Maze001,48.135,3.2500,-0.9990,3.2500,52.19,
1,Maze001,48.139,3.2500,-0.9990,3.2500,52.19,
1,Maze001,48.143,3.2500,-0.9990,3.2500,52.19,
1,Maze001,48.148,3.2500,-0.9990,3.2500,52.19,
1,Maze001,48.152,3.2500,-0.9990,3.2500,52.19,
1,Maze001,48.156,3.2500,-0.9990,3.2500,52.19,
1,Maze001,48.160,3.2500,-0.9990,3.2500,52.19,
1,Maze001,48.164,3.2500,-0.9990,3.2500,52.19,
1,Maze001,48.169,3.2500,-0.9990,3.2500,52.19,
1,Maze001,48.173,3.2500,-0.9990,3.2500,52.19,
1,Maze001,48.177,3.2500,-0.9990,3.2500,52.19,
1,Maze001,48.181,3.2500,-0.9990,3.2500,52.19,
1,Maze001,48.185,3.2500,-0.9990,3.2500,52.19,
1,Maze001,48.189,3.2500,-0.9990,3.2500,52.19,
1,Maze001,48.193,3.2500,-0.9990,3.2500,52.19,
1,Maze001,48.197,3.2500,-0.9990,3.2500,52.19,
1,Maze001,48.202,3.2500,-0.9990,3.2500,52.19,
1,Maze001,48.206,3.2500,-0.9990,3.2500,52.19,
1,Maze001,48.210,3.2500,-0.9990,3.2500,52.19,
1,Maze001,48.214,3.2500,-0.9990,3.2500,52.19,
1,Maze001,48.218,3.2500,-0.9990,3.2500,52.19,
1,Maze001,48.223,3.2500,-0.9990,3.2500,52.19,
1,Maze001,48.227,3.2500,-0.9990,3.2500,52.19,
1,Maze001,48.231,3.2500,-0.9990,3.2500,52.19,
1,Maze001,48.235,3.2500,-0.9990,3.2500,52.19,
1,Maze001,48.239,3.2500,-0.9990,3.2500,52.19,
1,Maze001,48.243,3.2500,-0.9990,3.2500,52.19,
1,Maze001,48.247,3.2500,-0.9990,3.2500,52.19,
1,Maze001,48.252,3.2500,-0.9990,3.2500,52.19,
1,Maze001,48.256,3.2500,-0.9990,3.2500,52.19,
1,Maze001,48.260,3.2500,-0.9990,3.2500,52.19,
1,Maze001,48.264,3.2500,-0.9990,3.2500,52.19,
1,Maze001,48.268,3.2500,-0.9990,3.2500,52.19,
1,Maze001,48.272,3.2500,-0.9990,3.2500,52.19,
1,Maze001,48.277,3.2500,-0.9990,3.2500,52.19,
1,Maze001,48.281,3.2500,-0.9990,3.2500,52.19,
1,Maze001,48.285,3.2500,-0.9990,3.2500,52.19,
1,Maze001,48.289,3.2500,-0.9990,3.2500,52.19,
1,Maze001,48.293,3.2500,-0.9990,3.2500,52.19,
1,Maze001,48.297,3.2500,-0.9990,3.2500,52.19,
1,Maze001,48.302,3.2500,-0.9990,3.2500,52.19,
1,Maze001,48.306,3.2500,-0.9990,3.2500,52.19,
1,Maze001,48.310,3.2500,-0.9990,3.2500,52.19,
1,Maze001,48.314,3.2500,-0.9990,3.2500,52.19,
1,Maze001,48.318,3.2500,-0.9990,3.2500,52.19,
1,Maze001,48.323,3.2500,-0.9990,3.2500,52.19,
1,Maze001,48.327,3.2500,-0.9990,3.2500,52.19,
1,Maze001,48.331,3.2500,-0.9990,3.2500,52.19,
1,Maze001,48.335,3.2500,-0.9990,3.2500,52.19,
1,Maze001,48.340,3.2500,-0.9990,3.2500,52.19,
1,Maze001,48.343,3.2500,-0.9990,3.2500,52.19,
1,Maze001,48.347,3.2500,-0.9990,3.2500,52.19,
1,Maze001,48.352,3.2500,-0.9990,3.2500,52.19,
1,Maze001,48.356,3.2500,-0.9990,3.2500,52.19,
1,Maze001,48.360,3.2500,-0.9990,3.2500,52.19,
1,Maze001,48.364,3.2500,-0.9990,3.2500,52.19,
1,Maze001,48.368,3.2500,-0.9990,3.2500,52.19,
1,Maze001,48.372,3.2500,-0.9990,3.2500,52.19,
1,Maze001,48.377,3.2500,-0.9990,3.2500,52.19,
1,Maze001,48.381,3.2500,-0.9990,3.2500,52.19,
1,Maze001,48.385,3.2500,-0.9990,3.2500,52.19,
1,Maze001,48.389,3.2500,-0.9990,3.2500,52.19,
1,Maze001,48.393,3.2500,-0.9990,3.2500,52.19,
1,Maze001,48.397,3.2500,-0.9990,3.2500,52.19,
1,Maze001,48.401,3.2500,-0.9990,3.2500,52.19,
1,Maze001,48.406,3.2500,-0.9990,3.2500,52.19,
1,Maze001,48.410,3.2500,-0.9990,3.2500,52.19,
1,Maze001,48.414,3.2500,-0.9990,3.2500,52.19,
1,Maze001,48.418,3.2500,-0.9990,3.2500,52.19,
1,Maze001,48.422,3.2500,-0.9990,3.2500,52.19,
1,Maze001,48.426,3.2500,-0.9990,3.2500,52.19,
1,Maze001,48.431,3.2500,-0.9990,3.2500,52.19,
1,Maze001,48.435,3.2500,-0.9990,3.2500,52.19,
1,Maze001,48.439,3.2500,-0.9990,3.2500,52.19,
1,Maze001,48.443,3.2500,-0.9990,3.2500,52.19,
1,Maze001,48.447,3.2500,-0.9990,3.2500,52.19,
1,Maze001,48.451,3.2500,-0.9990,3.2500,52.19,
1,Maze001,48.456,3.2500,-0.9990,3.2500,52.19,
1,Maze001,48.460,3.2500,-0.9990,3.2500,52.19,
1,Maze001,48.464,3.2500,-0.9990,3.2500,52.19,
1,Maze001,48.468,3.2500,-0.9990,3.2500,52.19,
1,Maze001,48.472,3.2500,-0.9990,3.2500,52.19,
1,Maze001,48.477,3.2500,-0.9990,3.2500,52.19,
1,Maze001,48.481,3.2500,-0.9990,3.2500,52.19,
1,Maze001,48.485,3.2500,-0.9990,3.2500,52.19,
1,Maze001,48.489,3.2500,-0.9990,3.2500,52.19,
1,Maze001,48.493,3.2500,-0.9990,3.2500,52.19,
1,Maze001,48.497,3.2500,-0.9990,3.2500,52.19,
1,Maze001,48.501,3.2500,-0.9990,3.2500,52.19,
1,Maze001,48.506,3.2500,-0.9990,3.2500,52.19,
1,Maze001,48.510,3.2500,-0.9990,3.2500,52.19,
1,Maze001,48.514,3.2500,-0.9990,3.2500,52.19,
1,Maze001,48.518,3.2500,-0.9990,3.2500,52.19,
1,Maze001,48.522,3.2500,-0.9990,3.2500,52.19,
1,Maze001,48.527,3.2500,-0.9990,3.2500,52.19,
1,Maze001,48.531,3.2500,-0.9990,3.2500,52.19,
1,Maze001,48.535,3.2500,-0.9990,3.2500,52.19,
1,Maze001,48.539,3.2500,-0.9990,3.2500,52.19,
1,Maze001,48.543,3.2500,-0.9990,3.2500,52.19,
1,Maze001,48.547,3.2500,-0.9990,3.2500,52.19,
1,Maze001,48.551,3.2500,-0.9990,3.2500,52.19,
1,Maze001,48.556,3.2500,-0.9990,3.2500,52.19,
1,Maze001,48.560,3.2500,-0.9990,3.2500,52.19,
1,Maze001,48.564,3.2500,-0.9990,3.2500,52.19,
1,Maze001,48.568,3.2500,-0.9990,3.2500,52.19,
1,Maze001,48.572,3.2500,-0.9990,3.2500,52.19,
1,Maze001,48.577,3.2500,-0.9990,3.2500,52.19,
1,Maze001,48.581,3.2500,-0.9990,3.2500,52.19,
1,Maze001,48.585,3.2500,-0.9990,3.2500,52.19,
1,Maze001,48.589,3.2500,-0.9990,3.2500,52.19,
1,Maze001,48.593,3.2500,-0.9990,3.2500,52.19,
1,Maze001,48.597,3.2500,-0.9990,3.2500,52.19,
1,Maze001,48.602,3.2500,-0.9990,3.2500,52.19,
1,Maze001,48.606,3.2500,-0.9990,3.2500,52.19,
1,Maze001,48.610,3.2500,-0.9990,3.2500,52.19,
1,Maze001,48.614,3.2500,-0.9990,3.2500,52.19,
1,Maze001,48.618,3.2500,-0.9990,3.2500,52.19,
1,Maze001,48.622,3.2500,-0.9990,3.2500,52.19,
1,Maze001,48.627,3.2500,-0.9990,3.2500,52.19,
1,Maze001,48.631,3.2500,-0.9990,3.2500,52.19,
1,Maze001,48.635,3.2500,-0.9990,3.2500,52.19,
1,Maze001,48.639,3.2500,-0.9990,3.2500,52.19,
1,Maze001,48.643,3.2500,-0.9990,3.2500,52.19,
1,Maze001,48.648,3.2500,-0.9990,3.2500,52.19,
1,Maze001,48.652,3.2500,-0.9990,3.2500,52.19,
1,Maze001,48.656,3.2500,-0.9990,3.2500,52.19,
1,Maze001,48.660,3.2500,-0.9990,3.2500,52.19,
1,Maze001,48.664,3.2500,-0.9990,3.2500,52.19,
1,Maze001,48.668,3.2500,-0.9990,3.2500,52.19,
1,Maze001,48.672,3.2500,-0.9990,3.2500,52.19,
1,Maze001,48.676,3.2500,-0.9990,3.2500,52.19,
1,Maze001,48.681,3.2500,-0.9990,3.2500,52.19,
1,Maze001,48.685,3.2500,-0.9990,3.2500,52.19,
1,Maze001,48.689,3.2500,-0.9990,3.2500,52.19,
1,Maze001,48.693,3.2500,-0.9990,3.2500,52.19,
1,Maze001,48.697,3.2500,-0.9990,3.2500,52.19,
1,Maze001,48.702,3.2500,-0.9990,3.2500,52.19,
1,Maze001,48.706,3.2500,-0.9990,3.2500,52.19,
1,Maze001,48.710,3.2500,-0.9990,3.2500,52.19,
1,Maze001,48.714,3.2500,-0.9990,3.2500,52.19,
1,Maze001,48.718,3.2500,-0.9990,3.2500,52.19,
1,Maze001,48.722,3.2500,-0.9990,3.2500,52.19,
1,Maze001,48.726,3.2500,-0.9990,3.2500,52.19,
1,Maze001,48.731,3.2500,-0.9990,3.2500,52.19,
1,Maze001,48.735,3.2500,-0.9990,3.2500,52.19,
1,Maze001,48.740,3.2500,-0.9990,3.2500,52.19,
1,Maze001,48.744,3.2500,-0.9990,3.2500,52.19,
1,Maze001,48.752,3.2500,-0.9990,3.2500,52.19,
1,Maze001,48.756,3.2500,-0.9990,3.2500,52.19,
1,Maze001,48.760,3.2500,-0.9990,3.2500,52.19,
1,Maze001,48.764,3.2500,-0.9990,3.2500,52.19,
1,Maze001,48.768,3.2500,-0.9990,3.2500,52.19,
1,Maze001,48.772,3.2500,-0.9990,3.2500,52.19,
1,Maze001,48.777,3.2500,-0.9990,3.2500,52.19,
1,Maze001,48.781,3.2500,-0.9990,3.2500,52.19,
1,Maze001,48.785,3.2500,-0.9990,3.2500,52.19,
1,Maze001,48.789,3.2500,-0.9990,3.2500,52.19,
1,Maze001,48.793,3.2500,-0.9990,3.2500,52.19,
1,Maze001,48.797,3.2500,-0.9990,3.2500,52.19,
1,Maze001,48.802,3.2500,-0.9990,3.2500,52.19,
1,Maze001,48.806,3.2500,-0.9990,3.2500,52.19,
1,Maze001,48.810,3.2500,-0.9990,3.2500,52.19,
1,Maze001,48.814,3.2500,-0.9990,3.2500,52.19,
1,Maze001,48.818,3.2500,-0.9990,3.2500,52.19,
1,Maze001,48.823,3.2500,-0.9990,3.2500,52.19,
1,Maze001,48.827,3.2500,-0.9990,3.2500,52.19,
1,Maze001,48.831,3.2500,-0.9990,3.2500,52.19,
1,Maze001,48.835,3.2500,-0.9990,3.2500,52.19,
1,Maze001,48.839,3.2500,-0.9990,3.2500,52.19,
1,Maze001,48.843,3.2500,-0.9990,3.2500,52.19,
1,Maze001,48.847,3.2500,-0.9990,3.2500,52.19,
1,Maze001,48.851,3.2500,-0.9990,3.2500,52.19,
1,Maze001,48.856,3.2500,-0.9990,3.2500,52.19,
1,Maze001,48.860,3.2500,-0.9990,3.2500,52.19,
1,Maze001,48.864,3.2500,-0.9990,3.2500,52.19,
1,Maze001,48.868,3.2500,-0.9990,3.2500,52.19,
1,Maze001,48.873,3.2500,-0.9990,3.2500,52.19,
1,Maze001,48.877,3.2500,-0.9990,3.2500,52.19,
1,Maze001,48.881,3.2500,-0.9990,3.2500,52.19,
1,Maze001,48.885,3.2500,-0.9990,3.2500,52.19,
1,Maze001,48.889,3.2500,-0.9990,3.2500,52.19,
1,Maze001,48.893,3.2500,-0.9990,3.2500,52.19,
1,Maze001,48.897,3.2500,-0.9990,3.2500,52.19,
1,Maze001,48.902,3.2500,-0.9990,3.2500,52.19,
1,Maze001,48.906,3.2500,-0.9990,3.2500,52.19,
1,Maze001,48.910,3.2500,-0.9990,3.2500,52.19,
1,Maze001,48.914,3.2500,-0.9990,3.2500,52.19,
1,Maze001,48.918,3.2500,-0.9990,3.2500,52.19,
1,Maze001,48.922,3.2500,-0.9990,3.2500,52.19,
1,Maze001,48.927,3.2500,-0.9990,3.2500,52.19,
1,Maze001,48.931,3.2500,-0.9990,3.2500,52.19,
1,Maze001,48.935,3.2500,-0.9990,3.2500,52.19,
1,Maze001,48.939,3.2500,-0.9990,3.2500,52.19,
1,Maze001,48.943,3.2500,-0.9990,3.2500,52.19,
1,Maze001,48.947,3.2500,-0.9990,3.2500,52.19,
1,Maze001,48.952,3.2500,-0.9990,3.2500,52.19,
1,Maze001,48.956,3.2500,-0.9990,3.2500,52.19,
1,Maze001,48.961,3.2500,-0.9990,3.2500,52.19,
1,Maze001,48.964,3.2500,-0.9990,3.2500,52.19,
1,Maze001,48.968,3.2500,-0.9990,3.2500,52.19,
1,Maze001,48.972,3.2500,-0.9990,3.2500,52.19,
1,Maze001,48.977,3.2500,-0.9990,3.2500,52.19,
1,Maze001,48.981,3.2500,-0.9990,3.2500,52.19,
1,Maze001,48.985,3.2500,-0.9990,3.2500,52.19,
1,Maze001,48.989,3.2500,-0.9990,3.2500,52.19,
1,Maze001,48.993,3.2500,-0.9990,3.2500,52.19,
1,Maze001,48.998,3.2500,-0.9990,3.2500,52.19,
1,Maze001,49.002,3.2500,-0.9990,3.2500,52.19,
1,Maze001,49.006,3.2500,-0.9990,3.2500,52.19,
1,Maze001,49.010,3.2500,-0.9990,3.2500,52.19,
1,Maze001,49.014,3.2500,-0.9990,3.2500,52.19,
1,Maze001,49.018,3.2500,-0.9990,3.2500,52.19,
1,Maze001,49.022,3.2500,-0.9990,3.2500,52.19,
1,Maze001,49.027,3.2500,-0.9990,3.2500,52.19,
1,Maze001,49.031,3.2500,-0.9990,3.2500,52.19,
1,Maze001,49.035,3.2500,-0.9990,3.2500,52.19,
1,Maze001,49.039,3.2500,-0.9990,3.2500,52.19,
1,Maze001,49.043,3.2500,-0.9990,3.2500,52.19,
1,Maze001,49.047,3.2500,-0.9990,3.2500,52.19,
1,Maze001,49.052,3.2500,-0.9990,3.2500,52.19,
1,Maze001,49.056,3.2500,-0.9990,3.2500,52.19,
1,Maze001,49.060,3.2500,-0.9990,3.2500,52.19,
1,Maze001,49.064,3.2500,-0.9990,3.2500,52.19,
1,Maze001,49.068,3.2500,-0.9990,3.2500,52.19,
1,Maze001,49.072,3.2500,-0.9990,3.2500,52.19,
1,Maze001,49.077,3.2500,-0.9990,3.2500,52.19,
1,Maze001,49.081,3.2500,-0.9990,3.2500,52.19,
1,Maze001,49.085,3.2500,-0.9990,3.2500,52.19,
1,Maze001,49.089,3.2500,-0.9990,3.2500,52.19,
1,Maze001,49.094,3.2500,-0.9990,3.2500,52.19,
1,Maze001,49.097,3.2500,-0.9990,3.2500,52.19,
1,Maze001,49.101,3.2500,-0.9990,3.2500,52.19,
1,Maze001,49.106,3.2500,-0.9990,3.2500,52.19,
1,Maze001,49.110,3.2500,-0.9990,3.2500,52.19,
1,Maze001,49.115,3.2500,-0.9990,3.2500,52.19,
1,Maze001,49.118,3.2500,-0.9990,3.2500,52.19,
1,Maze001,49.123,3.2500,-0.9990,3.2500,52.19,
1,Maze001,49.127,3.2500,-0.9990,3.2500,52.19,
1,Maze001,49.131,3.2500,-0.9990,3.2500,52.19,
1,Maze001,49.135,3.2500,-0.9990,3.2500,52.19,
1,Maze001,49.139,3.2500,-0.9990,3.2500,52.19,
1,Maze001,49.143,3.2500,-0.9990,3.2500,52.19,
1,Maze001,49.147,3.2500,-0.9990,3.2500,52.19,
1,Maze001,49.151,3.2500,-0.9990,3.2500,52.19,
1,Maze001,49.156,3.2500,-0.9990,3.2500,52.19,
1,Maze001,49.160,3.2500,-0.9990,3.2500,52.19,
1,Maze001,49.164,3.2500,-0.9990,3.2500,52.19,
1,Maze001,49.168,3.2500,-0.9990,3.2500,52.19,
1,Maze001,49.172,3.2500,-0.9990,3.2500,52.19,
1,Maze001,49.176,3.2500,-0.9990,3.2500,52.19,
1,Maze001,49.181,3.2500,-0.9990,3.2500,52.19,
1,Maze001,49.185,3.2500,-0.9990,3.2500,52.19,
1,Maze001,49.189,3.2500,-0.9990,3.2500,52.19,
1,Maze001,49.193,3.2500,-0.9990,3.2500,52.19,
1,Maze001,49.198,3.2500,-0.9990,3.2500,52.19,
1,Maze001,49.202,3.2500,-0.9990,3.2500,52.19,
1,Maze001,49.206,3.2500,-0.9990,3.2500,52.19,
1,Maze001,49.210,3.2500,-0.9990,3.2500,52.19,
1,Maze001,49.214,3.2500,-0.9990,3.2500,52.19,
1,Maze001,49.218,3.2500,-0.9990,3.2500,52.19,
1,Maze001,49.222,3.2500,-0.9990,3.2500,52.19,
1,Maze001,49.227,3.2500,-0.9990,3.2500,52.19,
1,Maze001,49.231,3.2500,-0.9990,3.2500,52.19,
1,Maze001,49.235,3.2500,-0.9990,3.2500,52.19,
1,Maze001,49.239,3.2500,-0.9990,3.2500,52.19,
1,Maze001,49.243,3.2500,-0.9990,3.2500,52.19,
1,Maze001,49.247,3.2500,-0.9990,3.2500,52.19,
1,Maze001,49.251,3.2500,-0.9990,3.2500,52.19,
1,Maze001,49.256,3.2500,-0.9990,3.2500,52.19,
1,Maze001,49.260,3.2500,-0.9990,3.2500,52.19,
1,Maze001,49.264,3.2500,-0.9990,3.2500,52.19,
1,Maze001,49.268,3.2500,-0.9990,3.2500,52.19,
1,Maze001,49.273,3.2500,-0.9990,3.2500,52.19,
1,Maze001,49.276,3.2500,-0.9990,3.2500,52.19,
1,Maze001,49.281,3.2500,-0.9990,3.2500,52.19,
1,Maze001,49.285,3.2500,-0.9990,3.2500,52.19,
1,Maze001,49.289,3.2500,-0.9990,3.2500,52.19,
1,Maze001,49.293,3.2500,-0.9990,3.2500,52.19,
1,Maze001,49.297,3.2500,-0.9990,3.2500,52.19,
1,Maze001,49.302,3.2500,-0.9990,3.2500,52.19,
1,Maze001,49.306,3.2500,-0.9990,3.2500,52.19,
1,Maze001,49.310,3.2500,-0.9990,3.2500,52.19,
1,Maze001,49.314,3.2500,-0.9990,3.2500,52.19,
1,Maze001,49.319,3.2500,-0.9990,3.2500,52.19,
1,Maze001,49.323,3.2500,-0.9990,3.2500,52.19,
1,Maze001,49.327,3.2500,-0.9990,3.2500,52.19,
1,Maze001,49.332,3.2500,-0.9990,3.2500,52.19,
1,Maze001,49.335,3.2500,-0.9990,3.2500,52.19,
1,Maze001,49.339,3.2500,-0.9990,3.2500,52.19,
1,Maze001,49.344,3.2500,-0.9990,3.2500,52.19,
1,Maze001,49.348,3.2500,-0.9990,3.2500,52.19,
1,Maze001,49.352,3.2500,-0.9990,3.2500,52.19,
1,Maze001,49.356,3.2500,-0.9990,3.2500,52.19,
1,Maze001,49.360,3.2500,-0.9990,3.2500,52.19,
1,Maze001,49.364,3.2500,-0.9990,3.2500,52.19,
1,Maze001,49.368,3.2500,-0.9990,3.2500,52.19,
1,Maze001,49.372,3.2500,-0.9990,3.2500,52.19,
1,Maze001,49.377,3.2500,-0.9990,3.2500,52.19,
1,Maze001,49.381,3.2500,-0.9990,3.2500,52.19,
1,Maze001,49.385,3.2500,-0.9990,3.2500,52.19,
1,Maze001,49.389,3.2500,-0.9990,3.2500,52.19,
1,Maze001,49.393,3.2500,-0.9990,3.2500,52.19,
1,Maze001,49.397,3.2500,-0.9990,3.2500,52.19,
1,Maze001,49.402,3.2500,-0.9990,3.2500,52.19,
1,Maze001,49.406,3.2500,-0.9990,3.2500,52.19,
1,Maze001,49.410,3.2500,-0.9990,3.2500,52.19,
1,Maze001,49.414,3.2500,-0.9990,3.2500,52.19,
1,Maze001,49.418,3.2500,-0.9990,3.2500,52.19,
1,Maze001,49.422,3.2500,-0.9990,3.2500,52.19,
1,Maze001,49.427,3.2500,-0.9990,3.2500,52.19,
1,Maze001,49.431,3.2500,-0.9990,3.2500,52.19,
1,Maze001,49.435,3.2500,-0.9990,3.2500,52.19,
1,Maze001,49.439,3.2500,-0.9990,3.2500,52.19,
1,Maze001,49.443,3.2500,-0.9990,3.2500,52.19,
1,Maze001,49.448,3.2500,-0.9990,3.2500,52.19,
1,Maze001,49.452,3.2500,-0.9990,3.2500,52.19,
1,Maze001,49.456,3.2500,-0.9990,3.2500,52.19,
1,Maze001,49.460,3.2500,-0.9990,3.2500,52.19,
1,Maze001,49.464,3.2500,-0.9990,3.2500,52.19,
1,Maze001,49.468,3.2500,-0.9990,3.2500,52.19,
1,Maze001,49.473,3.2500,-0.9990,3.2500,52.19,
1,Maze001,49.476,3.2500,-0.9990,3.2500,52.19,
1,Maze001,49.481,3.2500,-0.9990,3.2500,52.19,
1,Maze001,49.485,3.2500,-0.9990,3.2500,52.19,
1,Maze001,49.489,3.2500,-0.9990,3.2500,52.19,
1,Maze001,49.493,3.2500,-0.9990,3.2500,52.19,
1,Maze001,49.497,3.2500,-0.9990,3.2500,52.19,
1,Maze001,49.501,3.2500,-0.9990,3.2500,52.19,
1,Maze001,49.506,3.2500,-0.9990,3.2500,52.19,
1,Maze001,49.510,3.2500,-0.9990,3.2500,52.19,
1,Maze001,49.514,3.2500,-0.9990,3.2500,52.19,
1,Maze001,49.518,3.2500,-0.9990,3.2500,52.19,
1,Maze001,49.523,3.2500,-0.9990,3.2500,52.19,
1,Maze001,49.526,3.2500,-0.9990,3.2500,52.19,
1,Maze001,49.531,3.2500,-0.9990,3.2500,52.19,
1,Maze001,49.535,3.2500,-0.9990,3.2500,52.19,
1,Maze001,49.539,3.2500,-0.9990,3.2500,52.19,
1,Maze001,49.543,3.2500,-0.9990,3.2500,52.19,
1,Maze001,49.547,3.2500,-0.9990,3.2500,52.19,
1,Maze001,49.551,3.2500,-0.9990,3.2500,52.19,
1,Maze001,49.556,3.2500,-0.9990,3.2500,52.19,
1,Maze001,49.560,3.2500,-0.9990,3.2500,52.19,
1,Maze001,49.564,3.2500,-0.9990,3.2500,52.19,
1,Maze001,49.568,3.2500,-0.9990,3.2500,52.19,
1,Maze001,49.572,3.2500,-0.9990,3.2500,52.19,
1,Maze001,49.576,3.2500,-0.9990,3.2500,52.19,
1,Maze001,49.581,3.2500,-0.9990,3.2500,52.19,
1,Maze001,49.585,3.2500,-0.9990,3.2500,52.19,
1,Maze001,49.589,3.2500,-0.9990,3.2500,52.19,
1,Maze001,49.593,3.2500,-0.9990,3.2500,52.19,
1,Maze001,49.597,3.2500,-0.9990,3.2500,52.19,
1,Maze001,49.601,3.2500,-0.9990,3.2500,52.19,
1,Maze001,49.606,3.2500,-0.9990,3.2500,52.19,
1,Maze001,49.610,3.2500,-0.9990,3.2500,52.19,
1,Maze001,49.614,3.2500,-0.9990,3.2500,52.19,
1,Maze001,49.618,3.2500,-0.9990,3.2500,52.19,
1,Maze001,49.622,3.2500,-0.9990,3.2500,52.19,
1,Maze001,49.627,3.2500,-0.9990,3.2500,52.19,
1,Maze001,49.631,3.2500,-0.9990,3.2500,52.19,
1,Maze001,49.635,3.2500,-0.9990,3.2500,52.19,
1,Maze001,49.639,3.2500,-0.9990,3.2500,52.19,
1,Maze001,49.643,3.2500,-0.9990,3.2500,52.19,
1,Maze001,49.647,3.2500,-0.9990,3.2500,52.19,
1,Maze001,49.652,3.2500,-0.9990,3.2500,52.19,
1,Maze001,49.656,3.2500,-0.9990,3.2500,52.19,
1,Maze001,49.660,3.2500,-0.9990,3.2500,52.19,
1,Maze001,49.664,3.2500,-0.9990,3.2500,52.19,
1,Maze001,49.668,3.2500,-0.9990,3.2500,52.19,
1,Maze001,49.672,3.2500,-0.9990,3.2500,52.19,
1,Maze001,49.677,3.2500,-0.9990,3.2500,52.19,
1,Maze001,49.681,3.2500,-0.9990,3.2500,52.19,
1,Maze001,49.685,3.2500,-0.9990,3.2500,52.19,
1,Maze001,49.689,3.2500,-0.9990,3.2500,52.19,
1,Maze001,49.693,3.2500,-0.9990,3.2500,52.19,
1,Maze001,49.697,3.2500,-0.9990,3.2500,52.19,
1,Maze001,49.702,3.2500,-0.9990,3.2500,52.19,
1,Maze001,49.706,3.2500,-0.9990,3.2500,52.19,
1,Maze001,49.710,3.2500,-0.9990,3.2500,52.19,
1,Maze001,49.714,3.2500,-0.9990,3.2500,52.19,
1,Maze001,49.718,3.2500,-0.9990,3.2500,52.19,
1,Maze001,49.722,3.2500,-0.9990,3.2500,52.19,
1,Maze001,49.726,3.2500,-0.9990,3.2500,52.19,
1,Maze001,49.731,3.2500,-0.9990,3.2500,52.19,
1,Maze001,49.735,3.2500,-0.9990,3.2500,52.19,
1,Maze001,49.739,3.2500,-0.9990,3.2500,52.19,
1,Maze001,49.743,3.2500,-0.9990,3.2500,52.19,
1,Maze001,49.747,3.2500,-0.9990,3.2500,52.19,
1,Maze001,49.751,3.2500,-0.9990,3.2500,52.19,
1,Maze001,49.756,3.2500,-0.9990,3.2500,52.19,
1,Maze001,49.760,3.2500,-0.9990,3.2500,52.19,
1,Maze001,49.764,3.2500,-0.9990,3.2500,52.19,
1,Maze001,49.768,3.2500,-0.9990,3.2500,52.19,
1,Maze001,49.772,3.2500,-0.9990,3.2500,52.19,
1,Maze001,49.777,3.2500,-0.9990,3.2500,52.19,
1,Maze001,49.781,3.2500,-0.9990,3.2500,52.19,
1,Maze001,49.785,3.2500,-0.9990,3.2500,52.19,
1,Maze001,49.789,3.2500,-0.9990,3.2500,52.19,
1,Maze001,49.793,3.2500,-0.9990,3.2500,52.19,
1,Maze001,49.797,3.2500,-0.9990,3.2500,52.19,
1,Maze001,49.802,3.2500,-0.9990,3.2500,52.19,
1,Maze001,49.806,3.2500,-0.9990,3.2500,52.19,
1,Maze001,49.810,3.2500,-0.9990,3.2500,52.19,
1,Maze001,49.814,3.2500,-0.9990,3.2500,52.19,
1,Maze001,49.818,3.2500,-0.9990,3.2500,52.19,
1,Maze001,49.822,3.2500,-0.9990,3.2500,52.19,
1,Maze001,49.827,3.2500,-0.9990,3.2500,52.19,
1,Maze001,49.831,3.2500,-0.9990,3.2500,52.19,
1,Maze001,49.835,3.2500,-0.9990,3.2500,52.19,
1,Maze001,49.839,3.2500,-0.9990,3.2500,52.19,
1,Maze001,49.843,3.2500,-0.9990,3.2500,52.19,
1,Maze001,49.848,3.2500,-0.9990,3.2500,52.19,
1,Maze001,49.851,3.2500,-0.9990,3.2500,52.19,
1,Maze001,49.856,3.2500,-0.9990,3.2500,52.19,
1,Maze001,49.860,3.2500,-0.9990,3.2500,52.19,
1,Maze001,49.864,3.2500,-0.9990,3.2500,52.19,
1,Maze001,49.868,3.2500,-0.9990,3.2500,52.19,
1,Maze001,49.872,3.2500,-0.9990,3.2500,52.19,
1,Maze001,49.876,3.2500,-0.9990,3.2500,52.19,
1,Maze001,49.881,3.2500,-0.9990,3.2500,52.19,
1,Maze001,49.885,3.2500,-0.9990,3.2500,52.19,
1,Maze001,49.889,3.2500,-0.9990,3.2500,52.19,
1,Maze001,49.893,3.2500,-0.9990,3.2500,52.19,
1,Maze001,49.898,3.2500,-0.9990,3.2500,52.19,
1,Maze001,49.902,3.2500,-0.9990,3.2500,52.19,
1,Maze001,49.906,3.2500,-0.9990,3.2500,52.19,
1,Maze001,49.910,3.2500,-0.9990,3.2500,52.19,
1,Maze001,49.914,3.2500,-0.9990,3.2500,52.19,
1,Maze001,49.918,3.2500,-0.9990,3.2500,52.19,
1,Maze001,49.922,3.2500,-0.9990,3.2500,52.19,
1,Maze001,49.926,3.2500,-0.9990,3.2500,52.19,
1,Maze001,49.931,3.2500,-0.9990,3.2500,52.19,
1,Maze001,49.935,3.2500,-0.9990,3.2500,52.19,
1,Maze001,49.939,3.2500,-0.9990,3.2500,52.19,
1,Maze001,49.943,3.2500,-0.9990,3.2500,52.19,
1,Maze001,49.947,3.2500,-0.9990,3.2500,52.19,
1,Maze001,49.951,3.2500,-0.9990,3.2500,52.19,
1,Maze001,49.956,3.2500,-0.9990,3.2500,52.19,
1,Maze001,49.960,3.2500,-0.9990,3.2500,52.19,
1,Maze001,49.964,3.2500,-0.9990,3.2500,52.19,
1,Maze001,49.968,3.2500,-0.9990,3.2500,52.19,
1,Maze001,49.972,3.2500,-0.9990,3.2500,52.19,
1,Maze001,49.976,3.2500,-0.9990,3.2500,52.19,
1,Maze001,49.981,3.2500,-0.9990,3.2500,52.19,
1,Maze001,49.985,3.2500,-0.9990,3.2500,52.19,
1,Maze001,49.989,3.2500,-0.9990,3.2500,52.19,
1,Maze001,49.993,3.2500,-0.9990,3.2500,52.19,
1,Maze001,49.997,3.2500,-0.9990,3.2500,52.19,
1,Maze001,50.002,3.2500,-0.9990,3.2500,52.19,
1,Maze001,50.006,3.2500,-0.9990,3.2500,52.19,
1,Maze001,50.010,3.2500,-0.9990,3.2500,52.19,
1,Maze001,50.014,3.2500,-0.9990,3.2500,52.19,
1,Maze001,50.018,3.2500,-0.9990,3.2500,52.19,
1,Maze001,50.022,3.2500,-0.9990,3.2500,52.19,
1,Maze001,50.026,3.2500,-0.9990,3.2500,52.19,
1,Maze001,50.031,3.2500,-0.9990,3.2500,52.19,
1,Maze001,50.035,3.2500,-0.9990,3.2500,52.19,
1,Maze001,50.039,3.2500,-0.9990,3.2500,52.19,
1,Maze001,50.043,3.2500,-0.9990,3.2500,52.19,
1,Maze001,50.047,3.2500,-0.9990,3.2500,52.19,
1,Maze001,50.052,3.2500,-0.9990,3.2500,52.19,
1,Maze001,50.056,3.2500,-0.9990,3.2500,52.19,
1,Maze001,50.060,3.2500,-0.9990,3.2500,52.19,
1,Maze001,50.064,3.2500,-0.9990,3.2500,52.19,
1,Maze001,50.068,3.2500,-0.9990,3.2500,52.19,
1,Maze001,50.072,3.2500,-0.9990,3.2500,52.19,
1,Maze001,50.076,3.2500,-0.9990,3.2500,52.19,
1,Maze001,50.081,3.2500,-0.9990,3.2500,52.19,
1,Maze001,50.085,3.2500,-0.9990,3.2500,52.19,
1,Maze001,50.089,3.2500,-0.9990,3.2500,52.19,
1,Maze001,50.093,3.2500,-0.9990,3.2500,52.19,
1,Maze001,50.097,3.2500,-0.9990,3.2500,52.19,
1,Maze001,50.101,3.2500,-0.9990,3.2500,52.19,
1,Maze001,50.106,3.2500,-0.9990,3.2500,52.19,
1,Maze001,50.110,3.2500,-0.9990,3.2500,52.19,
1,Maze001,50.114,3.2500,-0.9990,3.2500,52.19,
1,Maze001,50.118,3.2500,-0.9990,3.2500,52.19,
1,Maze001,50.122,3.2500,-0.9990,3.2500,52.19,
1,Maze001,50.126,3.2500,-0.9990,3.2500,52.19,
1,Maze001,50.131,3.2500,-0.9990,3.2500,52.19,
1,Maze001,50.135,3.2500,-0.9990,3.2500,52.19,
1,Maze001,50.139,3.2500,-0.9990,3.2500,52.19,
1,Maze001,50.143,3.2500,-0.9990,3.2500,52.19,
1,Maze001,50.147,3.2500,-0.9990,3.2500,52.19,
1,Maze001,50.151,3.2500,-0.9990,3.2500,52.19,
1,Maze001,50.156,3.2500,-0.9990,3.2500,52.19,
1,Maze001,50.160,3.2500,-0.9990,3.2500,52.19,
1,Maze001,50.164,3.2500,-0.9990,3.2500,52.19,
1,Maze001,50.168,3.2500,-0.9990,3.2500,52.19,
1,Maze001,50.172,3.2500,-0.9990,3.2500,52.19,
1,Maze001,50.176,3.2500,-0.9990,3.2500,52.19,
1,Maze001,50.181,3.2500,-0.9990,3.2500,52.19,
1,Maze001,50.185,3.2500,-0.9990,3.2500,52.19,
1,Maze001,50.189,3.2500,-0.9990,3.2500,52.19,
1,Maze001,50.193,3.2500,-0.9990,3.2500,52.19,
1,Maze001,50.197,3.2500,-0.9990,3.2500,52.19,
1,Maze001,50.201,3.2500,-0.9990,3.2500,52.19,
1,Maze001,50.206,3.2500,-0.9990,3.2500,52.19,
1,Maze001,50.211,3.2500,-0.9990,3.2500,52.19,
1,Maze001,50.214,3.2500,-0.9990,3.2500,52.19,
1,Maze001,50.218,3.2500,-0.9990,3.2500,52.19,
1,Maze001,50.223,3.2500,-0.9990,3.2500,52.19,
1,Maze001,50.227,3.2500,-0.9990,3.2500,52.19,
1,Maze001,50.231,3.2500,-0.9990,3.2500,52.19,
1,Maze001,50.235,3.2500,-0.9990,3.2500,52.19,
1,Maze001,50.239,3.2500,-0.9990,3.2500,52.19,
1,Maze001,50.243,3.2500,-0.9990,3.2500,52.19,
1,Maze001,50.247,3.2500,-0.9990,3.2500,52.19,
1,Maze001,50.252,3.2500,-0.9990,3.2500,52.19,
1,Maze001,50.256,3.2500,-0.9990,3.2500,52.19,
1,Maze001,50.260,3.2500,-0.9990,3.2500,52.19,
1,Maze001,50.264,3.2500,-0.9990,3.2500,52.19,
1,Maze001,50.268,3.2500,-0.9990,3.2500,52.19,
1,Maze001,50.272,3.2500,-0.9990,3.2500,52.19,
1,Maze001,50.276,3.2500,-0.9990,3.2500,52.19,
1,Maze001,50.280,3.2500,-0.9990,3.2500,52.19,
1,Maze001,50.285,3.2500,-0.9990,3.2500,52.19,
1,Maze001,50.289,3.2500,-0.9990,3.2500,52.19,
1,Maze001,50.293,3.2500,-0.9990,3.2500,52.19,
1,Maze001,50.297,3.2500,-0.9990,3.2500,52.19,
1,Maze001,50.301,3.2500,-0.9990,3.2500,52.19,
1,Maze001,50.306,3.2500,-0.9990,3.2500,52.19,
1,Maze001,50.310,3.2500,-0.9990,3.2500,52.19,
1,Maze001,50.314,3.2500,-0.9990,3.2500,52.19,
1,Maze001,50.318,3.2500,-0.9990,3.2500,52.19,
1,Maze001,50.322,3.2500,-0.9990,3.2500,52.19,
1,Maze001,50.327,3.2500,-0.9990,3.2500,52.19,
1,Maze001,50.331,3.2500,-0.9990,3.2500,52.19,
1,Maze001,50.335,3.2500,-0.9990,3.2500,52.19,
1,Maze001,50.339,3.2500,-0.9990,3.2500,52.19,
1,Maze001,50.343,3.2500,-0.9990,3.2500,52.19,
1,Maze001,50.347,3.2500,-0.9990,3.2500,52.19,
1,Maze001,50.352,3.2500,-0.9990,3.2500,52.19,
1,Maze001,50.356,3.2500,-0.9990,3.2500,52.19,
1,Maze001,50.360,3.2500,-0.9990,3.2500,52.19,
1,Maze001,50.364,3.2500,-0.9990,3.2500,52.19,
1,Maze001,50.368,3.2500,-0.9990,3.2500,52.19,
1,Maze001,50.372,3.2500,-0.9990,3.2500,52.19,
1,Maze001,50.376,3.2500,-0.9990,3.2500,52.19,
1,Maze001,50.381,3.2500,-0.9990,3.2500,52.19,
1,Maze001,50.385,3.2500,-0.9990,3.2500,52.19,
1,Maze001,50.389,3.2500,-0.9990,3.2500,52.19,
1,Maze001,50.393,3.2500,-0.9990,3.2500,52.19,
1,Maze001,50.397,3.2500,-0.9990,3.2500,52.19,
1,Maze001,50.401,3.2500,-0.9990,3.2500,52.19,
1,Maze001,50.405,3.2500,-0.9990,3.2500,52.19,
1,Maze001,50.410,3.2500,-0.9990,3.2500,52.19,
1,Maze001,50.414,3.2500,-0.9990,3.2500,52.19,
1,Maze001,50.418,3.2500,-0.9990,3.2500,52.19,
1,Maze001,50.422,3.2500,-0.9990,3.2500,52.19,
1,Maze001,50.426,3.2500,-0.9990,3.2500,52.19,
1,Maze001,50.431,3.2500,-0.9990,3.2500,52.19,
1,Maze001,50.435,3.2500,-0.9990,3.2500,52.19,
1,Maze001,50.439,3.2500,-0.9990,3.2500,52.19,
1,Maze001,50.443,3.2500,-0.9990,3.2500,52.19,
1,Maze001,50.447,3.2500,-0.9990,3.2500,52.19,
1,Maze001,50.451,3.2500,-0.9990,3.2500,52.19,
1,Maze001,50.456,3.2500,-0.9990,3.2500,52.19,
1,Maze001,50.460,3.2500,-0.9990,3.2500,52.19,
1,Maze001,50.464,3.2500,-0.9990,3.2500,52.19,
1,Maze001,50.468,3.2500,-0.9990,3.2500,52.19,
1,Maze001,50.472,3.2500,-0.9990,3.2500,52.19,
1,Maze001,50.476,3.2500,-0.9990,3.2500,52.19,
1,Maze001,50.481,3.2500,-0.9990,3.2500,52.19,
1,Maze001,50.485,3.2500,-0.9990,3.2500,52.19,
1,Maze001,50.489,3.2500,-0.9990,3.2500,52.19,
1,Maze001,50.493,3.2500,-0.9990,3.2500,52.19,
1,Maze001,50.497,3.2500,-0.9990,3.2500,52.19,
1,Maze001,50.502,3.2500,-0.9990,3.2500,52.19,
1,Maze001,50.506,3.2500,-0.9990,3.2500,52.19,
1,Maze001,50.510,3.2500,-0.9990,3.2500,52.19,
1,Maze001,50.514,3.2500,-0.9990,3.2500,52.19,
1,Maze001,50.519,3.2500,-0.9990,3.2500,52.19,
1,Maze001,50.522,3.2500,-0.9990,3.2500,52.19,
1,Maze001,50.527,3.2500,-0.9990,3.2500,52.19,
1,Maze001,50.531,3.2500,-0.9990,3.2500,52.19,
1,Maze001,50.535,3.2500,-0.9990,3.2500,52.19,
1,Maze001,50.539,3.2500,-0.9990,3.2500,52.19,
1,Maze001,50.543,3.2500,-0.9990,3.2500,52.19,
1,Maze001,50.547,3.2500,-0.9990,3.2500,52.19,
1,Maze001,50.552,3.2500,-0.9990,3.2500,52.19,
1,Maze001,50.555,3.2500,-0.9990,3.2500,52.19,
1,Maze001,50.560,3.2500,-0.9990,3.2500,52.19,
1,Maze001,50.564,3.2500,-0.9990,3.2500,52.19,
1,Maze001,50.568,3.2500,-0.9990,3.2500,52.19,
1,Maze001,50.572,3.2500,-0.9990,3.2500,52.19,
1,Maze001,50.577,3.2500,-0.9990,3.2500,52.19,
1,Maze001,50.581,3.2500,-0.9990,3.2500,52.19,
1,Maze001,50.585,3.2500,-0.9990,3.2500,52.19,
1,Maze001,50.589,3.2500,-0.9990,3.2500,52.19,
1,Maze001,50.593,3.2500,-0.9990,3.2500,52.19,
1,Maze001,50.597,3.2500,-0.9990,3.2500,52.19,
1,Maze001,50.601,3.2500,-0.9990,3.2500,52.19,
1,Maze001,50.606,3.2500,-0.9990,3.2500,52.19,
1,Maze001,50.610,3.2500,-0.9990,3.2500,52.19,
1,Maze001,50.614,3.2500,-0.9990,3.2500,52.19,
1,Maze001,50.618,3.2500,-0.9990,3.2500,52.19,
1,Maze001,50.622,3.2500,-0.9990,3.2500,52.19,
1,Maze001,50.626,3.2500,-0.9990,3.2500,52.19,
1,Maze001,50.631,3.2500,-0.9990,3.2500,52.19,
1,Maze001,50.635,3.2500,-0.9990,3.2500,52.19,
1,Maze001,50.639,3.2500,-0.9990,3.2500,52.19,
1,Maze001,50.643,3.2500,-0.9990,3.2500,52.19,
1,Maze001,50.648,3.2500,-0.9990,3.2500,52.19,
1,Maze001,50.652,3.2500,-0.9990,3.2500,52.19,
1,Maze001,50.656,3.2500,-0.9990,3.2500,52.19,
1,Maze001,50.660,3.2500,-0.9990,3.2500,52.19,
1,Maze001,50.664,3.2500,-0.9990,3.2500,52.19,
1,Maze001,50.668,3.2500,-0.9990,3.2500,52.19,
1,Maze001,50.672,3.2500,-0.9990,3.2500,52.19,
1,Maze001,50.676,3.2500,-0.9990,3.2500,52.19,
1,Maze001,50.681,3.2500,-0.9990,3.2500,52.19,
1,Maze001,50.685,3.2500,-0.9990,3.2500,52.19,
1,Maze001,50.689,3.2500,-0.9990,3.2500,52.19,
1,Maze001,50.693,3.2500,-0.9990,3.2500,52.19,
1,Maze001,50.697,3.2500,-0.9990,3.2500,52.19,
1,Maze001,50.701,3.2500,-0.9990,3.2500,52.19,
1,Maze001,50.706,3.2500,-0.9990,3.2500,52.19,
1,Maze001,50.710,3.2500,-0.9990,3.2500,52.19,
1,Maze001,50.714,3.2500,-0.9990,3.2500,52.19,
1,Maze001,50.718,3.2500,-0.9990,3.2500,52.19,
1,Maze001,50.722,3.2500,-0.9990,3.2500,52.19,
1,Maze001,50.727,3.2500,-0.9990,3.2500,52.19,
1,Maze001,50.731,3.2500,-0.9990,3.2500,52.19,
1,Maze001,50.735,3.2500,-0.9990,3.2500,52.19,
1,Maze001,50.739,3.2500,-0.9990,3.2500,52.19,
1,Maze001,50.743,3.2500,-0.9990,3.2500,52.19,
1,Maze001,50.747,3.2500,-0.9990,3.2500,52.19,
1,Maze001,50.751,3.2500,-0.9990,3.2500,52.19,
1,Maze001,50.755,3.2500,-0.9990,3.2500,52.19,
1,Maze001,50.760,3.2500,-0.9990,3.2500,52.19,
1,Maze001,50.764,3.2500,-0.9990,3.2500,52.19,
1,Maze001,50.768,3.2500,-0.9990,3.2500,52.19,
1,Maze001,50.772,3.2500,-0.9990,3.2500,52.19,
1,Maze001,50.776,3.2500,-0.9990,3.2500,52.19,
1,Maze001,50.781,3.2500,-0.9990,3.2500,52.19,
1,Maze001,50.785,3.2500,-0.9990,3.2500,52.19,
1,Maze001,50.789,3.2500,-0.9990,3.2500,52.19,
1,Maze001,50.793,3.2500,-0.9990,3.2500,52.19,
1,Maze001,50.797,3.2500,-0.9990,3.2500,52.19,
1,Maze001,50.801,3.2500,-0.9990,3.2500,52.19,
1,Maze001,50.805,3.2500,-0.9990,3.2500,52.19,
1,Maze001,50.810,3.2500,-0.9990,3.2500,52.19,
1,Maze001,50.814,3.2500,-0.9990,3.2500,52.19,
1,Maze001,50.818,3.2500,-0.9990,3.2500,52.19,
1,Maze001,50.822,3.2500,-0.9990,3.2500,52.19,
1,Maze001,50.827,3.2500,-0.9990,3.2500,52.19,
1,Maze001,50.831,3.2500,-0.9990,3.2500,52.19,
1,Maze001,50.835,3.2500,-0.9990,3.2500,52.19,
1,Maze001,50.839,3.2500,-0.9990,3.2500,52.19,
1,Maze001,50.843,3.2500,-0.9990,3.2500,52.19,
1,Maze001,50.847,3.2500,-0.9990,3.2500,52.19,
1,Maze001,50.851,3.2500,-0.9990,3.2500,52.19,
1,Maze001,50.855,3.2500,-0.9990,3.2500,52.19,
1,Maze001,50.860,3.2500,-0.9990,3.2500,52.19,
1,Maze001,50.864,3.2500,-0.9990,3.2500,52.19,
1,Maze001,50.868,3.2500,-0.9990,3.2500,52.19,
1,Maze001,50.872,3.2500,-0.9990,3.2500,52.19,
1,Maze001,50.877,3.2500,-0.9990,3.2500,52.19,
1,Maze001,50.881,3.2500,-0.9990,3.2500,52.19,
1,Maze001,50.885,3.2500,-0.9990,3.2500,52.19,
1,Maze001,50.889,3.2500,-0.9990,3.2500,52.19,
1,Maze001,50.893,3.2500,-0.9990,3.2500,52.19,
1,Maze001,50.897,3.2500,-0.9990,3.2500,52.19,
1,Maze001,50.901,3.2500,-0.9990,3.2500,52.19,
1,Maze001,50.905,3.2500,-0.9990,3.2500,52.19,
1,Maze001,50.910,3.2500,-0.9990,3.2500,52.19,
1,Maze001,50.914,3.2500,-0.9990,3.2500,52.19,
1,Maze001,50.918,3.2500,-0.9990,3.2500,52.19,
1,Maze001,50.922,3.2500,-0.9990,3.2500,52.19,
1,Maze001,50.926,3.2500,-0.9990,3.2500,52.19,
1,Maze001,50.930,3.2500,-0.9990,3.2500,52.19,
1,Maze001,50.935,3.2500,-0.9990,3.2500,52.19,
1,Maze001,50.939,3.2500,-0.9990,3.2500,52.19,
1,Maze001,50.943,3.2500,-0.9990,3.2500,52.19,
1,Maze001,50.947,3.2500,-0.9990,3.2500,52.19,
1,Maze001,50.951,3.2500,-0.9990,3.2500,52.19,
1,Maze001,50.955,3.2500,-0.9990,3.2500,52.19,
1,Maze001,50.960,3.2500,-0.9990,3.2500,52.19,
1,Maze001,50.964,3.2500,-0.9990,3.2500,52.19,
1,Maze001,50.968,3.2500,-0.9990,3.2500,52.19,
1,Maze001,50.972,3.2500,-0.9990,3.2500,52.19,
1,Maze001,50.976,3.2500,-0.9990,3.2500,52.19,
1,Maze001,50.981,3.2500,-0.9990,3.2500,52.19,
1,Maze001,50.985,3.2500,-0.9990,3.2500,52.19,
1,Maze001,50.989,3.2500,-0.9990,3.2500,52.19,
1,Maze001,50.993,3.2500,-0.9990,3.2500,52.19,
1,Maze001,50.997,3.2500,-0.9990,3.2500,52.19,
1,Maze001,51.002,3.2500,-0.9990,3.2500,52.19,
1,Maze001,51.006,3.2500,-0.9990,3.2500,52.19,
1,Maze001,51.010,3.2500,-0.9990,3.2500,52.19,
1,Maze001,51.014,3.2500,-0.9990,3.2500,52.19,
1,Maze001,51.018,3.2500,-0.9990,3.2500,52.19,
1,Maze001,51.022,3.2500,-0.9990,3.2500,52.19,
1,Maze001,51.027,3.2500,-0.9990,3.2500,52.19,
1,Maze001,51.031,3.2500,-0.9990,3.2500,52.19,
1,Maze001,51.035,3.2500,-0.9990,3.2500,52.19,
1,Maze001,51.039,3.2500,-0.9990,3.2500,52.19,
1,Maze001,51.043,3.2500,-0.9990,3.2500,52.19,
1,Maze001,51.048,3.2500,-0.9990,3.2500,52.19,
1,Maze001,51.052,3.2500,-0.9990,3.2500,52.19,
1,Maze001,51.055,3.2500,-0.9990,3.2500,52.19,
1,Maze001,51.060,3.2500,-0.9990,3.2500,52.19,
1,Maze001,51.064,3.2500,-0.9990,3.2500,52.19,
1,Maze001,51.068,3.2500,-0.9990,3.2500,52.19,
1,Maze001,51.072,3.2500,-0.9990,3.2500,52.19,
1,Maze001,51.076,3.2500,-0.9990,3.2500,52.19,
1,Maze001,51.081,3.2500,-0.9990,3.2500,52.19,
1,Maze001,51.085,3.2500,-0.9990,3.2500,52.19,
1,Maze001,51.089,3.2500,-0.9990,3.2500,52.19,
1,Maze001,51.094,3.2500,-0.9990,3.2500,52.19,
1,Maze001,51.097,3.2500,-0.9990,3.2500,52.19,
1,Maze001,51.102,3.2500,-0.9990,3.2500,52.19,
1,Maze001,51.105,3.2500,-0.9990,3.2500,52.19,
1,Maze001,51.110,3.2500,-0.9990,3.2500,52.19,
1,Maze001,51.114,3.2500,-0.9990,3.2500,52.19,
1,Maze001,51.118,3.2500,-0.9990,3.2500,52.19,
1,Maze001,51.122,3.2500,-0.9990,3.2500,52.19,
1,Maze001,51.127,3.2500,-0.9990,3.2500,52.19,
1,Maze001,51.131,3.2500,-0.9990,3.2500,52.19,
1,Maze001,51.135,3.2500,-0.9990,3.2500,52.19,
1,Maze001,51.139,3.2500,-0.9990,3.2500,52.19,
1,Maze001,51.143,3.2500,-0.9990,3.2500,52.19,
1,Maze001,51.147,3.2500,-0.9990,3.2500,52.19,
1,Maze001,51.151,3.2500,-0.9990,3.2500,52.19,
1,Maze001,51.156,3.2500,-0.9990,3.2500,52.19,
1,Maze001,51.159,3.2500,-0.9990,3.2500,52.19,
1,Maze001,51.164,3.2500,-0.9990,3.2500,52.19,
1,Maze001,51.168,3.2500,-0.9990,3.2500,52.19,
1,Maze001,51.172,3.2500,-0.9990,3.2500,52.19,
1,Maze001,51.176,3.2500,-0.9990,3.2500,52.19,
1,Maze001,51.180,3.2500,-0.9990,3.2500,52.19,
1,Maze001,51.184,3.2500,-0.9990,3.2500,52.19,
1,Maze001,51.189,3.2500,-0.9990,3.2500,52.19,
1,Maze001,51.193,3.2500,-0.9990,3.2500,52.19,
1,Maze001,51.197,3.2500,-0.9990,3.2500,52.19,
1,Maze001,51.201,3.2500,-0.9990,3.2500,52.19,
1,Maze001,51.205,3.2500,-0.9990,3.2500,52.19,
1,Maze001,51.210,3.2500,-0.9990,3.2500,52.19,
1,Maze001,51.214,3.2500,-0.9990,3.2500,52.19,
1,Maze001,51.218,3.2500,-0.9990,3.2500,52.19,
1,Maze001,51.222,3.2500,-0.9990,3.2500,52.19,
1,Maze001,51.226,3.2500,-0.9990,3.2500,52.19,
1,Maze001,51.230,3.2500,-0.9990,3.2500,52.19,
1,Maze001,51.235,3.2500,-0.9990,3.2500,52.19,
1,Maze001,51.239,3.2500,-0.9990,3.2500,52.19,
1,Maze001,51.243,3.2500,-0.9990,3.2500,52.19,
1,Maze001,51.247,3.2500,-0.9990,3.2500,52.19,
1,Maze001,51.251,3.2500,-0.9990,3.2500,52.19,
1,Maze001,51.255,3.2500,-0.9990,3.2500,52.19,
1,Maze001,51.260,3.2500,-0.9990,3.2500,52.19,
1,Maze001,51.264,3.2500,-0.9990,3.2500,52.19,
1,Maze001,51.268,3.2500,-0.9990,3.2500,52.19,
1,Maze001,51.272,3.2500,-0.9990,3.2500,52.19,
1,Maze001,51.276,3.2500,-0.9990,3.2500,52.19,
1,Maze001,51.281,3.2500,-0.9990,3.2500,52.19,
1,Maze001,51.284,3.2500,-0.9990,3.2500,52.19,
1,Maze001,51.289,3.2500,-0.9990,3.2500,52.19,
1,Maze001,51.293,3.2500,-0.9990,3.2500,52.19,
1,Maze001,51.297,3.2500,-0.9990,3.2500,52.19,
1,Maze001,51.301,3.2500,-0.9990,3.2500,52.19,
1,Maze001,51.306,3.2500,-0.9990,3.2500,52.19,
1,Maze001,51.310,3.2500,-0.9990,3.2500,52.19,
1,Maze001,51.314,3.2500,-0.9990,3.2500,52.19,
1,Maze001,51.318,3.2500,-0.9990,3.2500,52.19,
1,Maze001,51.322,3.2500,-0.9990,3.2500,52.19,
1,Maze001,51.326,3.2500,-0.9990,3.2500,52.19,
1,Maze001,51.330,3.2500,-0.9990,3.2500,52.19,
1,Maze001,51.335,3.2500,-0.9990,3.2500,52.19,
1,Maze001,51.339,3.2500,-0.9990,3.2500,52.19,
1,Maze001,51.343,3.2500,-0.9990,3.2500,52.19,
1,Maze001,51.347,3.2500,-0.9990,3.2500,52.19,
1,Maze001,51.351,3.2500,-0.9990,3.2500,52.19,
1,Maze001,51.355,3.2500,-0.9990,3.2500,52.19,
1,Maze001,51.360,3.2500,-0.9990,3.2500,52.19,
1,Maze001,51.364,3.2500,-0.9990,3.2500,52.19,
1,Maze001,51.368,3.2500,-0.9990,3.2500,52.19,
1,Maze001,51.372,3.2500,-0.9990,3.2500,52.19,
1,Maze001,51.376,3.2500,-0.9990,3.2500,52.19,
1,Maze001,51.381,3.2500,-0.9990,3.2500,52.19,
1,Maze001,51.385,3.2500,-0.9990,3.2500,52.19,
1,Maze001,51.389,3.2500,-0.9990,3.2500,52.19,
1,Maze001,51.393,3.2500,-0.9990,3.2500,52.19,
1,Maze001,51.398,3.2500,-0.9990,3.2500,52.19,
1,Maze001,51.401,3.2500,-0.9990,3.2500,52.19,
1,Maze001,51.406,3.2500,-0.9990,3.2500,52.19,
1,Maze001,51.410,3.2500,-0.9990,3.2500,52.19,
1,Maze001,51.414,3.2500,-0.9990,3.2500,52.19,
1,Maze001,51.418,3.2500,-0.9990,3.2500,52.19,
1,Maze001,51.422,3.2500,-0.9990,3.2500,52.19,
1,Maze001,51.426,3.2500,-0.9990,3.2500,52.19,
1,Maze001,51.430,3.2500,-0.9990,3.2500,52.19,
1,Maze001,51.435,3.2500,-0.9990,3.2500,52.19,
1,Maze001,51.439,3.2500,-0.9990,3.2500,52.19,
1,Maze001,51.443,3.2500,-0.9990,3.2500,52.19,
1,Maze001,51.447,3.2500,-0.9990,3.2500,52.19,
1,Maze001,51.451,3.2500,-0.9990,3.2500,52.19,
1,Maze001,51.455,3.2500,-0.9990,3.2500,52.19,
1,Maze001,51.459,3.2500,-0.9990,3.2500,52.19,
1,Maze001,51.464,3.2500,-0.9990,3.2500,52.19,
1,Maze001,51.468,3.2500,-0.9990,3.2500,52.19,
1,Maze001,51.473,3.2500,-0.9990,3.2500,52.19,
1,Maze001,51.477,3.2500,-0.9990,3.2500,52.19,
1,Maze001,51.481,3.2500,-0.9990,3.2500,52.19,
1,Maze001,51.485,3.2500,-0.9990,3.2500,52.19,
1,Maze001,51.489,3.2500,-0.9990,3.2500,52.19,
1,Maze001,51.493,3.2500,-0.9990,3.2500,52.19,
1,Maze001,51.497,3.2500,-0.9990,3.2500,52.19,
1,Maze001,51.502,3.2500,-0.9990,3.2500,52.19,
1,Maze001,51.506,3.2500,-0.9990,3.2500,52.19,
1,Maze001,51.510,3.2500,-0.9990,3.2500,52.19,
1,Maze001,51.514,3.2500,-0.9990,3.2500,52.19,
1,Maze001,51.518,3.2500,-0.9990,3.2500,52.19,
1,Maze001,51.522,3.2500,-0.9990,3.2500,52.19,
1,Maze001,51.526,3.2500,-0.9990,3.2500,52.19,
1,Maze001,51.531,3.2500,-0.9990,3.2500,52.19,
1,Maze001,51.535,3.2500,-0.9990,3.2500,52.19,
1,Maze001,51.539,3.2500,-0.9990,3.2500,52.19,
1,Maze001,51.543,3.2500,-0.9990,3.2500,52.19,
1,Maze001,51.547,3.2500,-0.9990,3.2500,52.19,
1,Maze001,51.552,3.2500,-0.9990,3.2500,52.19,
1,Maze001,51.555,3.2500,-0.9990,3.2500,52.19,
1,Maze001,51.560,3.2500,-0.9990,3.2500,52.19,
1,Maze001,51.564,3.2500,-0.9990,3.2500,52.19,
1,Maze001,51.568,3.2500,-0.9990,3.2500,52.19,
1,Maze001,51.572,3.2500,-0.9990,3.2500,52.19,
1,Maze001,51.576,3.2500,-0.9990,3.2500,52.19,
1,Maze001,51.581,3.2500,-0.9990,3.2500,52.19,
1,Maze001,51.585,3.2500,-0.9990,3.2500,52.19,
1,Maze001,51.589,3.2500,-0.9990,3.2500,52.19,
1,Maze001,51.593,3.2500,-0.9990,3.2500,52.19,
1,Maze001,51.597,3.2500,-0.9990,3.2500,52.19,
1,Maze001,51.602,3.2500,-0.9990,3.2500,52.19,
1,Maze001,51.606,3.2500,-0.9990,3.2500,52.19,
1,Maze001,51.610,3.2500,-0.9990,3.2500,52.19,
1,Maze001,51.614,3.2500,-0.9990,3.2500,52.19,
1,Maze001,51.618,3.2500,-0.9990,3.2500,52.19,
1,Maze001,51.622,3.2500,-0.9990,3.2500,52.19,
1,Maze001,51.627,3.2500,-0.9990,3.2500,52.19,
1,Maze001,51.631,3.2500,-0.9990,3.2500,52.19,
1,Maze001,51.635,3.2500,-0.9990,3.2500,52.19,
1,Maze001,51.639,3.2500,-0.9990,3.2500,52.19,
1,Maze001,51.643,3.2500,-0.9990,3.2500,52.19,
1,Maze001,51.647,3.2500,-0.9990,3.2500,52.19,
1,Maze001,51.651,3.2500,-0.9990,3.2500,52.19,
1,Maze001,51.656,3.2500,-0.9990,3.2500,52.19,
1,Maze001,51.660,3.2500,-0.9990,3.2500,52.19,
1,Maze001,51.664,3.2500,-0.9990,3.2500,52.19,
1,Maze001,51.668,3.2500,-0.9990,3.2500,52.19,
1,Maze001,51.672,3.2500,-0.9990,3.2500,52.19,
1,Maze001,51.676,3.2500,-0.9990,3.2500,52.19,
1,Maze001,51.680,3.2500,-0.9990,3.2500,52.19,
1,Maze001,51.684,3.2500,-0.9990,3.2500,52.19,
1,Maze001,51.688,3.2500,-0.9990,3.2500,52.19,
1,Maze001,51.693,3.2500,-0.9990,3.2500,52.19,
1,Maze001,51.697,3.2500,-0.9990,3.2500,52.19,
1,Maze001,51.701,3.2500,-0.9990,3.2500,52.19,
1,Maze001,51.705,3.2500,-0.9990,3.2500,52.19,
1,Maze001,51.709,3.2500,-0.9990,3.2500,52.19,
1,Maze001,51.714,3.2500,-0.9990,3.2500,52.19,
1,Maze001,51.718,3.2500,-0.9990,3.2500,52.19,
1,Maze001,51.722,3.2500,-0.9990,3.2500,52.19,
1,Maze001,51.726,3.2500,-0.9990,3.2500,52.19,
1,Maze001,51.731,3.2500,-0.9990,3.2500,52.19,
1,Maze001,51.735,3.2500,-0.9990,3.2500,52.19,
1,Maze001,51.739,3.2500,-0.9990,3.2500,52.19,
1,Maze001,51.743,3.2500,-0.9990,3.2500,52.19,
1,Maze001,51.747,3.2500,-0.9990,3.2500,52.19,
1,Maze001,51.752,3.2500,-0.9990,3.2500,52.19,
1,Maze001,51.755,3.2500,-0.9990,3.2500,52.19,
1,Maze001,51.760,3.2500,-0.9990,3.2500,52.19,
1,Maze001,51.764,3.2500,-0.9990,3.2500,52.19,
1,Maze001,51.768,3.2500,-0.9990,3.2500,52.19,
1,Maze001,51.772,3.2500,-0.9990,3.2500,52.19,
1,Maze001,51.777,3.2500,-0.9990,3.2500,52.19,
1,Maze001,51.781,3.2500,-0.9990,3.2500,52.19,
1,Maze001,51.785,3.2500,-0.9990,3.2500,52.19,
1,Maze001,51.789,3.2500,-0.9990,3.2500,52.19,
1,Maze001,51.793,3.2500,-0.9990,3.2500,52.19,
1,Maze001,51.797,3.2500,-0.9990,3.2500,52.19,
1,Maze001,51.801,3.2500,-0.9990,3.2500,52.19,
1,Maze001,51.805,3.2500,-0.9990,3.2500,52.19,
1,Maze001,51.809,3.2500,-0.9990,3.2500,52.19,
1,Maze001,51.814,3.2500,-0.9990,3.2500,52.19,
1,Maze001,51.818,3.2500,-0.9990,3.2500,52.19,
1,Maze001,51.822,3.2500,-0.9990,3.2500,52.19,
1,Maze001,51.827,3.2500,-0.9990,3.2500,52.19,
1,Maze001,51.830,3.2500,-0.9990,3.2500,52.19,
1,Maze001,51.835,3.2500,-0.9990,3.2500,52.19,
1,Maze001,51.839,3.2500,-0.9990,3.2500,52.19,
1,Maze001,51.843,3.2500,-0.9990,3.2500,52.19,
1,Maze001,51.847,3.2500,-0.9990,3.2500,52.19,
1,Maze001,51.851,3.2500,-0.9990,3.2500,52.19,
1,Maze001,51.855,3.2500,-0.9990,3.2500,52.19,
1,Maze001,51.860,3.2500,-0.9990,3.2500,52.19,
1,Maze001,51.864,3.2500,-0.9990,3.2500,52.19,
1,Maze001,51.868,3.2500,-0.9990,3.2500,52.19,
1,Maze001,51.872,3.2500,-0.9990,3.2500,52.19,
1,Maze001,51.876,3.2500,-0.9990,3.2500,52.19,
1,Maze001,51.881,3.2500,-0.9990,3.2500,52.19,
1,Maze001,51.885,3.2500,-0.9990,3.2500,52.19,
1,Maze001,51.889,3.2500,-0.9990,3.2500,52.19,
1,Maze001,51.893,3.2500,-0.9990,3.2500,52.19,
1,Maze001,51.897,3.2500,-0.9990,3.2500,52.19,
1,Maze001,51.901,3.2500,-0.9990,3.2500,52.19,
1,Maze001,51.905,3.2500,-0.9990,3.2500,52.19,
1,Maze001,51.909,3.2500,-0.9990,3.2500,52.19,
1,Maze001,51.914,3.2500,-0.9990,3.2500,52.19,
1,Maze001,51.918,3.2500,-0.9990,3.2500,52.19,
1,Maze001,51.922,3.2500,-0.9990,3.2500,52.19,
1,Maze001,51.926,3.2500,-0.9990,3.2500,52.19,
1,Maze001,51.930,3.2500,-0.9990,3.2500,52.19,
1,Maze001,51.935,3.2500,-0.9990,3.2500,52.19,
1,Maze001,51.939,3.2500,-0.9990,3.2500,52.19,
1,Maze001,51.943,3.2500,-0.9990,3.2500,52.19,
1,Maze001,51.947,3.2500,-0.9990,3.2500,52.19,
1,Maze001,51.952,3.2500,-0.9990,3.2500,52.19,
1,Maze001,51.959,3.2500,-0.9990,3.2500,52.19,
1,Maze001,51.964,3.2500,-0.9990,3.2500,52.19,
1,Maze001,51.968,3.2500,-0.9990,3.2500,52.19,
1,Maze001,51.972,3.2500,-0.9990,3.2500,52.19,
1,Maze001,51.976,3.2500,-0.9990,3.2500,52.19,
1,Maze001,51.980,3.2500,-0.9990,3.2500,52.19,
1,Maze001,51.985,3.2500,-0.9990,3.2500,52.19,
1,Maze001,51.989,3.2500,-0.9990,3.2500,52.19,
1,Maze001,51.993,3.2500,-0.9990,3.2500,52.19,
1,Maze001,51.997,3.2500,-0.9990,3.2500,52.19,
1,Maze001,52.001,3.2500,-0.9990,3.2500,52.19,
1,Maze001,52.005,3.2500,-0.9990,3.2500,52.19,
1,Maze001,52.009,3.2500,-0.9990,3.2500,52.19,
1,Maze001,52.014,3.2500,-0.9990,3.2500,52.19,
1,Maze001,52.018,3.2500,-0.9990,3.2500,52.19,
1,Maze001,52.022,3.2500,-0.9990,3.2500,52.19,
1,Maze001,52.026,3.2500,-0.9990,3.2500,52.19,
1,Maze001,52.030,3.2500,-0.9990,3.2500,52.19,
1,Maze001,52.034,3.2500,-0.9990,3.2500,52.19,
1,Maze001,52.039,3.2500,-0.9990,3.2500,52.19,
1,Maze001,52.044,3.2500,-0.9990,3.2500,52.19,
1,Maze001,52.047,3.2500,-0.9990,3.2500,52.19,
1,Maze001,52.051,3.2500,-0.9990,3.2500,52.19,
1,Maze001,52.055,3.2500,-0.9990,3.2500,52.19,
1,Maze001,52.060,3.2500,-0.9990,3.2500,52.19,
1,Maze001,52.064,3.2500,-0.9990,3.2500,52.19,
1,Maze001,52.068,3.2500,-0.9990,3.2500,52.19,
1,Maze001,52.073,3.2500,-0.9990,3.2500,52.19,
1,Maze001,52.077,3.2500,-0.9990,3.2500,52.19,
1,Maze001,52.080,3.2500,-0.9990,3.2500,52.19,
1,Maze001,52.085,3.2500,-0.9990,3.2500,52.19,
1,Maze001,52.089,3.2500,-0.9990,3.2500,52.19,
1,Maze001,52.093,3.2500,-0.9990,3.2500,52.19,
1,Maze001,52.097,3.2500,-0.9990,3.2500,52.19,
1,Maze001,52.101,3.2500,-0.9990,3.2500,52.19,
1,Maze001,52.106,3.2500,-0.9990,3.2500,52.19,
1,Maze001,52.110,3.2500,-0.9990,3.2500,52.19,
1,Maze001,52.114,3.2500,-0.9990,3.2500,52.19,
1,Maze001,52.118,3.2500,-0.9990,3.2500,52.19,
1,Maze001,52.122,3.2500,-0.9990,3.2500,52.19,
1,Maze001,52.126,3.2500,-0.9990,3.2500,52.19,
1,Maze001,52.131,3.2500,-0.9990,3.2500,52.19,
1,Maze001,52.135,3.2500,-0.9990,3.2500,52.19,
1,Maze001,52.139,3.2500,-0.9990,3.2500,52.19,
1,Maze001,52.143,3.2500,-0.9990,3.2500,52.19,
1,Maze001,52.147,3.2500,-0.9990,3.2500,52.19,
1,Maze001,52.152,3.2500,-0.9990,3.2500,52.19,
1,Maze001,52.156,3.2500,-0.9990,3.2500,52.19,
1,Maze001,52.160,3.2500,-0.9990,3.2500,52.19,
1,Maze001,52.164,3.2500,-0.9990,3.2500,52.19,
1,Maze001,52.168,3.2500,-0.9990,3.2500,52.19,
1,Maze001,52.172,3.2500,-0.9990,3.2500,52.19,
1,Maze001,52.176,3.2500,-0.9990,3.2500,52.19,
1,Maze001,52.180,3.2500,-0.9990,3.2500,52.19,
1,Maze001,52.184,3.2500,-0.9990,3.2500,52.19,
1,Maze001,52.189,3.2500,-0.9990,3.2500,52.19,
1,Maze001,52.193,3.2500,-0.9990,3.2500,52.19,
1,Maze001,52.197,3.2500,-0.9990,3.2500,52.19,
1,Maze001,52.201,3.2500,-0.9990,3.2500,52.19,
1,Maze001,52.205,3.2500,-0.9990,3.2500,52.19,
1,Maze001,52.210,3.2500,-0.9990,3.2500,52.19,
1,Maze001,52.214,3.2500,-0.9990,3.2500,52.19,
1,Maze001,52.218,3.2500,-0.9990,3.2500,52.19,
1,Maze001,52.222,3.2500,-0.9990,3.2500,52.19,
1,Maze001,52.226,3.2500,-0.9990,3.2500,52.19,
1,Maze001,52.230,3.2500,-0.9990,3.2500,52.19,
1,Maze001,52.234,3.2500,-0.9990,3.2500,52.19,
1,Maze001,52.238,3.2500,-0.9990,3.2500,52.19,
1,Maze001,52.243,3.2500,-0.9990,3.2500,52.19,
1,Maze001,52.247,3.2500,-0.9990,3.2500,52.19,
1,Maze001,52.251,3.2500,-0.9990,3.2500,52.19,
1,Maze001,52.255,3.2500,-0.9990,3.2500,52.19,
1,Maze001,52.259,3.2500,-0.9990,3.2500,52.19,
1,Maze001,52.264,3.2500,-0.9990,3.2500,52.19,
1,Maze001,52.268,3.2500,-0.9990,3.2500,52.19,
1,Maze001,52.272,3.2500,-0.9990,3.2500,52.19,
1,Maze001,52.277,3.2500,-0.9990,3.2500,52.19,
1,Maze001,52.281,3.2500,-0.9990,3.2500,52.19,
1,Maze001,52.285,3.2500,-0.9990,3.2500,52.19,
1,Maze001,52.289,3.2500,-0.9990,3.2500,52.19,
1,Maze001,52.293,3.2500,-0.9990,3.2500,52.19,
1,Maze001,52.297,3.2500,-0.9990,3.2500,52.19,
1,Maze001,52.301,3.2500,-0.9990,3.2500,52.19,
1,Maze001,52.306,3.2500,-0.9990,3.2500,52.19,
1,Maze001,52.309,3.2500,-0.9990,3.2500,52.19,
1,Maze001,52.314,3.2500,-0.9990,3.2500,52.19,
1,Maze001,52.318,3.2500,-0.9990,3.2500,52.19,
1,Maze001,52.322,3.2500,-0.9990,3.2500,52.19,
1,Maze001,52.326,3.2500,-0.9990,3.2500,52.19,
1,Maze001,52.330,3.2500,-0.9990,3.2500,52.19,
1,Maze001,52.335,3.2500,-0.9990,3.2500,52.19,
1,Maze001,52.339,3.2500,-0.9990,3.2500,52.19,
1,Maze001,52.343,3.2500,-0.9990,3.2500,52.19,
1,Maze001,52.347,3.2500,-0.9990,3.2500,52.19,
1,Maze001,52.351,3.2500,-0.9990,3.2500,52.19,
1,Maze001,52.355,3.2500,-0.9990,3.2500,52.19,
1,Maze001,52.359,3.2500,-0.9990,3.2500,52.19,
1,Maze001,52.364,3.2500,-0.9990,3.2500,52.19,
1,Maze001,52.368,3.2500,-0.9990,3.2500,52.19,
1,Maze001,52.372,3.2500,-0.9990,3.2500,52.19,
1,Maze001,52.377,3.2500,-0.9990,3.2500,52.19,
1,Maze001,52.381,3.2500,-0.9990,3.2500,52.19,
1,Maze001,52.385,3.2500,-0.9990,3.2500,52.19,
1,Maze001,52.389,3.2500,-0.9990,3.2500,52.19,
1,Maze001,52.393,3.2500,-0.9990,3.2500,52.19,
1,Maze001,52.397,3.2500,-0.9990,3.2500,52.19,
1,Maze001,52.401,3.2500,-0.9990,3.2500,52.19,
1,Maze001,52.405,3.2500,-0.9990,3.2500,52.19,
1,Maze001,52.410,3.2500,-0.9990,3.2500,52.19,
1,Maze001,52.414,3.2500,-0.9990,3.2500,52.19,
1,Maze001,52.418,3.2500,-0.9990,3.2500,52.19,
1,Maze001,52.422,3.2500,-0.9990,3.2500,52.19,
1,Maze001,52.426,3.2500,-0.9990,3.2500,52.19,
1,Maze001,52.430,3.2500,-0.9990,3.2500,52.19,
1,Maze001,52.434,3.2500,-0.9990,3.2500,52.19,
1,Maze001,52.438,3.2500,-0.9990,3.2500,52.19,
1,Maze001,52.443,3.2500,-0.9990,3.2500,52.19,
1,Maze001,52.447,3.2500,-0.9990,3.2500,52.19,
1,Maze001,52.451,3.2500,-0.9990,3.2500,52.19,
1,Maze001,52.455,3.2500,-0.9990,3.2500,52.19,
1,Maze001,52.459,3.2500,-0.9990,3.2500,52.19,
1,Maze001,52.463,3.2500,-0.9990,3.2500,52.19,
1,Maze001,52.468,3.2500,-0.9990,3.2500,52.19,
1,Maze001,52.472,3.2500,-0.9990,3.2500,52.19,
1,Maze001,52.476,3.2500,-0.9990,3.2500,52.19,
1,Maze001,52.480,3.2500,-0.9990,3.2500,52.19,
1,Maze001,52.485,3.2500,-0.9990,3.2500,52.19,
1,Maze001,52.489,3.2500,-0.9990,3.2500,52.19,
1,Maze001,52.493,3.2500,-0.9990,3.2500,52.19,
1,Maze001,52.497,3.2500,-0.9990,3.2500,52.19,
1,Maze001,52.501,3.2500,-0.9990,3.2500,52.19,
1,Maze001,52.506,3.2500,-0.9990,3.2500,52.19,
1,Maze001,52.510,3.2500,-0.9990,3.2500,52.19,
1,Maze001,52.514,3.2500,-0.9990,3.2500,52.19,
1,Maze001,52.518,3.2500,-0.9990,3.2500,52.19,
1,Maze001,52.522,3.2500,-0.9990,3.2500,52.19,
1,Maze001,52.527,3.2500,-0.9990,3.2500,52.19,
1,Maze001,52.531,3.2500,-0.9990,3.2500,52.19,
1,Maze001,52.535,3.2500,-0.9990,3.2500,52.19,
1,Maze001,52.539,3.2500,-0.9990,3.2500,52.19,
1,Maze001,52.543,3.2500,-0.9990,3.2500,52.19,
1,Maze001,52.547,3.2500,-0.9990,3.2500,52.19,
1,Maze001,52.552,3.2500,-0.9990,3.2500,52.19,
1,Maze001,52.555,3.2500,-0.9990,3.2500,52.19,
1,Maze001,52.559,3.2500,-0.9990,3.2500,52.19,
1,Maze001,52.564,3.2500,-0.9990,3.2500,52.19,
1,Maze001,52.568,3.2500,-0.9990,3.2500,52.19,
1,Maze001,52.572,3.2500,-0.9990,3.2500,52.19,
1,Maze001,52.577,3.2500,-0.9990,3.2500,52.19,
1,Maze001,52.581,3.2500,-0.9990,3.2500,52.19,
1,Maze001,52.585,3.2500,-0.9990,3.2500,52.19,
1,Maze001,52.589,3.2500,-0.9990,3.2500,52.19,
1,Maze001,52.593,3.2500,-0.9990,3.2500,52.19,
1,Maze001,52.597,3.2500,-0.9990,3.2500,52.19,
1,Maze001,52.601,3.2500,-0.9990,3.2500,52.19,
1,Maze001,52.605,3.2500,-0.9990,3.2500,52.19,
1,Maze001,52.609,3.2500,-0.9990,3.2500,52.19,
1,Maze001,52.614,3.2500,-0.9990,3.2500,52.19,
1,Maze001,52.618,3.2500,-0.9990,3.2500,52.19,
1,Maze001,52.622,3.2500,-0.9990,3.2500,52.19,
1,Maze001,52.626,3.2500,-0.9990,3.2500,52.19,
1,Maze001,52.630,3.2500,-0.9990,3.2500,52.19,
1,Maze001,52.635,3.2500,-0.9990,3.2500,52.19,
1,Maze001,52.639,3.2500,-0.9990,3.2500,52.19,
1,Maze001,52.643,3.2500,-0.9990,3.2500,52.19,
1,Maze001,52.647,3.2500,-0.9990,3.2500,52.19,
1,Maze001,52.651,3.2500,-0.9990,3.2500,52.19,
1,Maze001,52.656,3.2500,-0.9990,3.2500,52.19,
1,Maze001,52.660,3.2500,-0.9990,3.2500,52.19,
1,Maze001,52.664,3.2500,-0.9990,3.2500,52.19,
1,Maze001,52.668,3.2500,-0.9990,3.2500,52.19,
1,Maze001,52.672,3.2500,-0.9990,3.2500,52.19,
1,Maze001,52.676,3.2500,-0.9990,3.2500,52.19,
1,Maze001,52.681,3.2500,-0.9990,3.2500,52.19,
1,Maze001,52.685,3.2500,-0.9990,3.2500,52.19,
1,Maze001,52.689,3.2500,-0.9990,3.2500,52.19,
1,Maze001,52.693,3.2500,-0.9990,3.2500,52.19,
1,Maze001,52.697,3.2500,-0.9990,3.2500,52.19,
1,Maze001,52.701,3.2500,-0.9990,3.2500,52.19,
1,Maze001,52.705,3.2500,-0.9990,3.2500,52.19,
1,Maze001,52.710,3.2500,-0.9990,3.2500,52.19,
1,Maze001,52.714,3.2500,-0.9990,3.2500,52.19,
1,Maze001,52.718,3.2500,-0.9990,3.2500,52.19,
1,Maze001,52.722,3.2500,-0.9990,3.2500,52.19,
1,Maze001,52.726,3.2500,-0.9990,3.2500,52.19,
1,Maze001,52.730,3.2500,-0.9990,3.2500,52.19,
1,Maze001,52.734,3.2500,-0.9990,3.2500,52.19,
1,Maze001,52.740,3.2500,-0.9990,3.2500,52.19,
1,Maze001,52.743,3.2500,-0.9990,3.2500,52.19,
1,Maze001,52.747,3.2500,-0.9990,3.2500,52.19,
1,Maze001,52.751,3.2500,-0.9990,3.2500,52.19,
1,Maze001,52.755,3.2500,-0.9990,3.2500,52.19,
1,Maze001,52.760,3.2500,-0.9990,3.2500,52.19,
1,Maze001,52.764,3.2500,-0.9990,3.2500,52.19,
1,Maze001,52.768,3.2500,-0.9990,3.2500,52.19,
1,Maze001,52.772,3.2500,-0.9990,3.2500,52.19,
1,Maze001,52.776,3.2500,-0.9990,3.2500,52.19,
1,Maze001,52.781,3.2500,-0.9990,3.2500,52.19,
1,Maze001,52.785,3.2500,-0.9990,3.2500,52.19,
1,Maze001,52.789,3.2500,-0.9990,3.2500,52.19,
1,Maze001,52.793,3.2500,-0.9990,3.2500,52.19,
1,Maze001,52.797,3.2500,-0.9990,3.2500,52.19,
1,Maze001,52.801,3.2500,-0.9990,3.2500,52.19,
1,Maze001,52.806,3.2500,-0.9990,3.2500,52.19,
1,Maze001,52.810,3.2500,-0.9990,3.2500,52.19,
1,Maze001,52.814,3.2500,-0.9990,3.2500,52.19,
1,Maze001,52.818,3.2500,-0.9990,3.2500,52.19,
1,Maze001,52.822,3.2500,-0.9990,3.2500,52.19,
1,Maze001,52.827,3.2500,-0.9990,3.2500,52.19,
1,Maze001,52.830,3.2500,-0.9990,3.2500,52.19,
1,Maze001,52.835,3.2500,-0.9990,3.2500,52.19,
1,Maze001,52.839,3.2500,-0.9990,3.2500,52.19,
1,Maze001,52.843,3.2500,-0.9990,3.2500,52.19,
1,Maze001,52.847,3.2500,-0.9990,3.2500,52.19,
1,Maze001,52.851,3.2500,-0.9990,3.2500,52.19,
1,Maze001,52.855,3.2500,-0.9990,3.2500,52.19,
1,Maze001,52.859,3.2500,-0.9990,3.2500,52.19,
1,Maze001,52.864,3.2500,-0.9990,3.2500,52.19,
1,Maze001,52.868,3.2500,-0.9990,3.2500,52.19,
1,Maze001,52.872,3.2500,-0.9990,3.2500,52.19,
1,Maze001,52.876,3.2500,-0.9990,3.2500,52.19,
1,Maze001,52.880,3.2500,-0.9990,3.2500,52.19,
1,Maze001,52.884,3.2500,-0.9990,3.2500,52.19,
1,Maze001,52.889,3.2500,-0.9990,3.2500,52.19,
1,Maze001,52.893,3.2500,-0.9990,3.2500,52.19,
1,Maze001,52.897,3.2500,-0.9990,3.2500,52.19,
1,Maze001,52.902,3.2500,-0.9990,3.2500,52.19,
1,Maze001,52.905,3.2500,-0.9990,3.2500,52.19,
1,Maze001,52.909,3.2500,-0.9990,3.2500,52.19,
1,Maze001,52.914,3.2500,-0.9990,3.2500,52.19,
1,Maze001,52.918,3.2500,-0.9990,3.2500,52.19,
1,Maze001,52.922,3.2500,-0.9990,3.2500,52.19,
1,Maze001,52.926,3.2500,-0.9990,3.2500,52.19,
1,Maze001,52.931,3.2500,-0.9990,3.2500,52.19,
1,Maze001,52.934,3.2500,-0.9990,3.2500,52.19,
1,Maze001,52.939,3.2500,-0.9990,3.2500,52.19,
1,Maze001,52.943,3.2500,-0.9990,3.2500,52.19,
1,Maze001,52.947,3.2500,-0.9990,3.2500,52.19,
1,Maze001,52.951,3.2500,-0.9990,3.2500,52.19,
1,Maze001,52.955,3.2500,-0.9990,3.2500,52.19,
1,Maze001,52.959,3.2500,-0.9990,3.2500,52.19,
1,Maze001,52.964,3.2500,-0.9990,3.2500,52.19,
1,Maze001,52.968,3.2500,-0.9990,3.2500,52.19,
1,Maze001,52.972,3.2500,-0.9990,3.2500,52.19,
1,Maze001,52.976,3.2500,-0.9990,3.2500,52.19,
1,Maze001,52.980,3.2500,-0.9990,3.2500,52.19,
1,Maze001,52.984,3.2500,-0.9990,3.2500,52.19,
1,Maze001,52.988,3.2500,-0.9990,3.2500,52.19,
1,Maze001,52.993,3.2500,-0.9990,3.2500,52.19,
1,Maze001,52.997,3.2500,-0.9990,3.2500,52.19,
1,Maze001,53.001,3.2500,-0.9990,3.2500,52.19,
1,Maze001,53.005,3.2500,-0.9990,3.2500,52.19,
1,Maze001,53.009,3.2500,-0.9990,3.2500,52.19,
1,Maze001,53.013,3.2500,-0.9990,3.2500,52.19,
1,Maze001,53.018,3.2500,-0.9990,3.2500,52.19,
1,Maze001,53.022,3.2500,-0.9990,3.2500,52.19,
1,Maze001,53.026,3.2500,-0.9990,3.2500,52.19,
1,Maze001,53.030,3.2500,-0.9990,3.2500,52.19,
1,Maze001,53.034,3.2500,-0.9990,3.2500,52.19,
1,Maze001,53.039,3.2500,-0.9990,3.2500,52.19,
1,Maze001,53.043,3.2500,-0.9990,3.2500,52.19,
1,Maze001,53.047,3.2500,-0.9990,3.2500,52.19,
1,Maze001,53.051,3.2500,-0.9990,3.2500,52.19,
1,Maze001,53.056,3.2500,-0.9990,3.2500,52.19,
1,Maze001,53.059,3.2500,-0.9990,3.2500,52.19,
1,Maze001,53.064,3.2500,-0.9990,3.2500,52.19,
1,Maze001,53.068,3.2500,-0.9990,3.2500,52.19,
1,Maze001,53.072,3.2500,-0.9990,3.2500,52.19,
1,Maze001,53.076,3.2500,-0.9990,3.2500,52.19,
1,Maze001,53.080,3.2500,-0.9990,3.2500,52.19,
1,Maze001,53.085,3.2500,-0.9990,3.2500,52.19,
1,Maze001,53.089,3.2500,-0.9990,3.2500,52.19,
1,Maze001,53.094,3.2500,-0.9990,3.2500,52.19,
1,Maze001,53.097,3.2500,-0.9990,3.2500,52.19,
1,Maze001,53.101,3.2500,-0.9990,3.2500,52.19,
1,Maze001,53.105,3.2500,-0.9990,3.2500,52.19,
1,Maze001,53.109,3.2500,-0.9990,3.2500,52.19,
1,Maze001,53.113,3.2500,-0.9990,3.2500,52.19,
1,Maze001,53.118,3.2500,-0.9990,3.2500,52.19,
1,Maze001,53.122,3.2500,-0.9990,3.2500,52.19,
1,Maze001,53.126,3.2500,-0.9990,3.2500,52.19,
1,Maze001,53.130,3.2500,-0.9990,3.2500,52.19,
1,Maze001,53.134,3.2500,-0.9990,3.2500,52.19,
1,Maze001,53.138,3.2500,-0.9990,3.2500,52.19,
1,Maze001,53.143,3.2500,-0.9990,3.2500,52.19,
1,Maze001,53.147,3.2500,-0.9990,3.2500,52.19,
1,Maze001,53.151,3.2500,-0.9990,3.2500,52.19,
1,Maze001,53.155,3.2500,-0.9990,3.2500,52.19,
1,Maze001,53.159,3.2500,-0.9990,3.2500,52.19,
1,Maze001,53.164,3.2500,-0.9990,3.2500,52.19,
1,Maze001,53.168,3.2500,-0.9990,3.2500,52.19,
1,Maze001,53.172,3.2500,-0.9990,3.2500,52.19,
1,Maze001,53.176,3.2500,-0.9990,3.2500,52.19,
1,Maze001,53.180,3.2500,-0.9990,3.2500,52.19,
1,Maze001,53.185,3.2500,-0.9990,3.2500,52.19,
1,Maze001,53.189,3.2500,-0.9990,3.2500,52.19,
1,Maze001,53.193,3.2500,-0.9990,3.2500,52.19,
1,Maze001,53.197,3.2500,-0.9990,3.2500,52.19,
1,Maze001,53.201,3.2500,-0.9990,3.2500,52.19,
1,Maze001,53.205,3.2500,-0.9990,3.2500,52.19,
1,Maze001,53.209,3.2500,-0.9990,3.2500,52.19,
1,Maze001,53.214,3.2500,-0.9990,3.2500,52.19,
1,Maze001,53.218,3.2500,-0.9990,3.2500,52.19,
1,Maze001,53.222,3.2500,-0.9990,3.2500,52.19,
1,Maze001,53.226,3.2500,-0.9990,3.2500,52.19,
1,Maze001,53.231,3.2500,-0.9990,3.2500,52.19,
1,Maze001,53.235,3.2500,-0.9990,3.2500,52.19,
1,Maze001,53.239,3.2500,-0.9990,3.2500,52.19,
1,Maze001,53.243,3.2500,-0.9990,3.2500,52.19,
1,Maze001,53.247,3.2500,-0.9990,3.2500,52.19,
1,Maze001,53.252,3.2500,-0.9990,3.2500,52.19,
1,Maze001,53.256,3.2500,-0.9990,3.2500,52.19,
1,Maze001,53.260,3.2500,-0.9990,3.2500,52.19,
1,Maze001,53.264,3.2500,-0.9990,3.2500,52.19,
1,Maze001,53.268,3.2500,-0.9990,3.2500,52.19,
1,Maze001,53.273,3.2500,-0.9990,3.2500,52.19,
1,Maze001,53.277,3.2500,-0.9990,3.2500,52.19,
1,Maze001,53.280,3.2500,-0.9990,3.2500,52.19,
1,Maze001,53.285,3.2500,-0.9990,3.2500,52.19,
1,Maze001,53.289,3.2500,-0.9990,3.2500,52.19,
1,Maze001,53.293,3.2500,-0.9990,3.2500,52.19,
1,Maze001,53.297,3.2500,-0.9990,3.2500,52.19,
1,Maze001,53.301,3.2500,-0.9990,3.2500,52.19,
1,Maze001,53.305,3.2500,-0.9990,3.2500,52.19,
1,Maze001,53.309,3.2500,-0.9990,3.2500,52.19,
1,Maze001,53.313,3.2500,-0.9990,3.2500,52.19,
1,Maze001,53.318,3.2500,-0.9990,3.2500,52.19,
1,Maze001,53.322,3.2500,-0.9990,3.2500,52.19,
1,Maze001,53.326,3.2500,-0.9990,3.2500,52.19,
1,Maze001,53.330,3.2500,-0.9990,3.2500,52.19,
1,Maze001,53.334,3.2500,-0.9990,3.2500,52.19,
1,Maze001,53.338,3.2500,-0.9990,3.2500,52.19,
1,Maze001,53.343,3.2500,-0.9990,3.2500,52.19,
1,Maze001,53.347,3.2500,-0.9990,3.2500,52.19,
1,Maze001,53.351,3.2500,-0.9990,3.2500,52.19,
1,Maze001,53.355,3.2500,-0.9990,3.2500,52.19,
1,Maze001,53.359,3.2500,-0.9990,3.2500,52.19,
1,Maze001,53.364,3.2500,-0.9990,3.2500,52.19,
1,Maze001,53.368,3.2500,-0.9990,3.2500,52.19,
1,Maze001,53.372,3.2500,-0.9990,3.2500,52.19,
1,Maze001,53.376,3.2500,-0.9990,3.2500,52.19,
1,Maze001,53.381,3.2500,-0.9990,3.2500,52.19,
1,Maze001,53.389,3.2500,-0.9990,3.2500,52.19,
1,Maze001,53.393,3.2500,-0.9990,3.2500,52.19,
1,Maze001,53.397,3.2500,-0.9990,3.2500,52.19,
1,Maze001,53.401,3.2500,-0.9990,3.2500,52.19,
1,Maze001,53.405,3.2500,-0.9990,3.2500,52.19,
1,Maze001,53.409,3.2500,-0.9990,3.2500,52.19,
1,Maze001,53.413,3.2500,-0.9990,3.2500,52.19,
1,Maze001,53.418,3.2500,-0.9990,3.2500,52.19,
1,Maze001,53.422,3.2500,-0.9990,3.2500,52.19,
1,Maze001,53.426,3.2500,-0.9990,3.2500,52.19,
1,Maze001,53.431,3.2500,-0.9990,3.2500,52.19,
1,Maze001,53.435,3.2500,-0.9990,3.2500,52.19,
1,Maze001,53.439,3.2500,-0.9990,3.2500,52.19,
1,Maze001,53.443,3.2500,-0.9990,3.2500,52.19,
1,Maze001,53.447,3.2500,-0.9990,3.2500,52.19,
1,Maze001,53.451,3.2500,-0.9990,3.2500,52.19,
1,Maze001,53.456,3.2500,-0.9990,3.2500,52.19,
1,Maze001,53.459,3.2500,-0.9990,3.2500,52.19,
1,Maze001,53.463,3.2500,-0.9990,3.2500,52.19,
1,Maze001,53.468,3.2500,-0.9990,3.2500,52.19,
1,Maze001,53.472,3.2500,-0.9990,3.2500,52.19,
1,Maze001,53.476,3.2500,-0.9990,3.2500,52.19,
1,Maze001,53.480,3.2500,-0.9990,3.2500,52.19,
1,Maze001,53.484,3.2500,-0.9990,3.2500,52.19,
1,Maze001,53.488,3.2500,-0.9990,3.2500,52.19,
1,Maze001,53.493,3.2500,-0.9990,3.2500,52.19,
1,Maze001,53.497,3.2500,-0.9990,3.2500,52.19,
1,Maze001,53.501,3.2500,-0.9990,3.2500,52.19,
1,Maze001,53.505,3.2500,-0.9990,3.2500,52.19,
1,Maze001,53.509,3.2500,-0.9990,3.2500,52.19,
1,Maze001,53.513,3.2500,-0.9990,3.2500,52.19,
1,Maze001,53.518,3.2500,-0.9990,3.2500,52.19,
1,Maze001,53.522,3.2500,-0.9990,3.2500,52.19,
1,Maze001,53.526,3.2500,-0.9990,3.2500,52.19,
1,Maze001,53.530,3.2500,-0.9990,3.2500,52.19,
1,Maze001,53.534,3.2500,-0.9990,3.2500,52.19,
1,Maze001,53.538,3.2500,-0.9990,3.2500,52.19,
1,Maze001,53.542,3.2500,-0.9990,3.2500,52.19,
1,Maze001,53.547,3.2500,-0.9990,3.2500,52.19,
1,Maze001,53.551,3.2500,-0.9990,3.2500,52.19,
1,Maze001,53.555,3.2500,-0.9990,3.2500,52.19,
1,Maze001,53.559,3.2500,-0.9990,3.2500,52.19,
1,Maze001,53.563,3.2500,-0.9990,3.2500,52.19,
1,Maze001,53.568,3.2500,-0.9990,3.2500,52.19,
1,Maze001,53.572,3.2500,-0.9990,3.2500,52.19,
1,Maze001,53.576,3.2500,-0.9990,3.2500,52.19,
1,Maze001,53.580,3.2500,-0.9990,3.2500,52.19,
1,Maze001,53.585,3.2500,-0.9990,3.2500,52.19,
1,Maze001,53.589,3.2500,-0.9990,3.2500,52.19,
1,Maze001,53.593,3.2500,-0.9990,3.2500,52.19,
1,Maze001,53.597,3.2500,-0.9990,3.2500,52.19,
1,Maze001,53.601,3.2500,-0.9990,3.2500,52.19,
1,Maze001,53.605,3.2500,-0.9990,3.2500,52.19,
1,Maze001,53.609,3.2500,-0.9990,3.2500,52.19,
1,Maze001,53.614,3.2500,-0.9990,3.2500,52.19,
1,Maze001,53.618,3.2500,-0.9990,3.2500,52.19,
1,Maze001,53.622,3.2500,-0.9990,3.2500,52.19,
1,Maze001,53.626,3.2500,-0.9990,3.2500,52.19,
1,Maze001,53.630,3.2500,-0.9990,3.2500,52.19,
1,Maze001,53.634,3.2500,-0.9990,3.2500,52.19,
1,Maze001,53.638,3.2500,-0.9990,3.2500,52.19,
1,Maze001,53.643,3.2500,-0.9990,3.2500,52.19,
1,Maze001,53.647,3.2500,-0.9990,3.2500,52.19,
1,Maze001,53.651,3.2500,-0.9990,3.2500,52.19,
1,Maze001,53.655,3.2500,-0.9990,3.2500,52.19,
1,Maze001,53.659,3.2500,-0.9990,3.2500,52.19,
1,Maze001,53.663,3.2500,-0.9990,3.2500,52.19,
1,Maze001,53.668,3.2500,-0.9990,3.2500,52.19,
1,Maze001,53.672,3.2500,-0.9990,3.2500,52.19,
1,Maze001,53.676,3.2500,-0.9990,3.2500,52.19,
1,Maze001,53.680,3.2500,-0.9990,3.2500,52.19,
1,Maze001,53.684,3.2500,-0.9990,3.2500,52.19,
1,Maze001,53.689,3.2500,-0.9990,3.2500,52.19,
1,Maze001,53.693,3.2500,-0.9990,3.2500,52.19,
1,Maze001,53.697,3.2500,-0.9990,3.2500,52.19,
1,Maze001,53.701,3.2500,-0.9990,3.2500,52.19,
1,Maze001,53.706,3.2500,-0.9990,3.2500,52.19,
1,Maze001,53.709,3.2500,-0.9990,3.2500,52.19,
1,Maze001,53.714,3.2500,-0.9990,3.2500,52.19,
1,Maze001,53.718,3.2500,-0.9990,3.2500,52.19,
1,Maze001,53.722,3.2500,-0.9990,3.2500,52.19,
1,Maze001,53.726,3.2500,-0.9990,3.2500,52.19,
1,Maze001,53.730,3.2500,-0.9990,3.2500,52.19,
1,Maze001,53.734,3.2500,-0.9990,3.2500,52.19,
1,Maze001,53.739,3.2500,-0.9990,3.2500,52.19,
1,Maze001,53.743,3.2500,-0.9990,3.2500,52.19,
1,Maze001,53.747,3.2500,-0.9990,3.2500,52.19,
1,Maze001,53.751,3.2500,-0.9990,3.2500,52.19,
1,Maze001,53.755,3.2500,-0.9990,3.2500,52.19,
1,Maze001,53.759,3.2500,-0.9990,3.2500,52.19,
1,Maze001,53.764,3.2500,-0.9990,3.2500,52.19,
1,Maze001,53.768,3.2500,-0.9990,3.2500,52.19,
1,Maze001,53.772,3.2500,-0.9990,3.2500,52.19,
1,Maze001,53.776,3.2500,-0.9990,3.2500,52.19,
1,Maze001,53.780,3.2500,-0.9990,3.2500,52.19,
1,Maze001,53.784,3.2500,-0.9990,3.2500,52.19,
1,Maze001,53.788,3.2500,-0.9990,3.2500,52.19,
1,Maze001,53.793,3.2500,-0.9990,3.2500,52.19,
1,Maze001,53.797,3.2500,-0.9990,3.2500,52.19,
1,Maze001,53.801,3.2500,-0.9990,3.2500,52.19,
1,Maze001,53.805,3.2500,-0.9990,3.2500,52.19,
1,Maze001,53.809,3.2500,-0.9990,3.2500,52.19,
1,Maze001,53.813,3.2500,-0.9990,3.2500,52.19,
1,Maze001,53.818,3.2500,-0.9990,3.2500,52.19,
1,Maze001,53.822,3.2500,-0.9990,3.2500,52.19,
1,Maze001,53.826,3.2500,-0.9990,3.2500,52.19,
1,Maze001,53.830,3.2500,-0.9990,3.2500,52.19,
1,Maze001,53.834,3.2500,-0.9990,3.2500,52.19,
1,Maze001,53.838,3.2500,-0.9990,3.2500,52.19,
1,Maze001,53.843,3.2500,-0.9990,3.2500,52.19,
1,Maze001,53.847,3.2500,-0.9990,3.2500,52.19,
1,Maze001,53.852,3.2500,-0.9990,3.2500,52.19,
1,Maze001,53.855,3.2500,-0.9990,3.2500,52.19,
1,Maze001,53.860,3.2500,-0.9990,3.2500,52.19,
1,Maze001,53.863,3.2500,-0.9990,3.2500,52.19,
1,Maze001,53.868,3.2500,-0.9990,3.2500,52.19,
1,Maze001,53.872,3.2500,-0.9990,3.2500,52.19,
1,Maze001,53.876,3.2500,-0.9990,3.2500,52.19,
1,Maze001,53.880,3.2500,-0.9990,3.2500,52.19,
1,Maze001,53.884,3.2500,-0.9990,3.2500,52.19,
1,Maze001,53.888,3.2500,-0.9990,3.2500,52.19,
1,Maze001,53.893,3.2500,-0.9990,3.2500,52.19,
1,Maze001,53.897,3.2500,-0.9990,3.2500,52.19,
1,Maze001,53.901,3.2500,-0.9990,3.2500,52.19,
1,Maze001,53.905,3.2500,-0.9990,3.2500,52.19,
1,Maze001,53.910,3.2500,-0.9990,3.2500,52.19,
1,Maze001,53.913,3.2500,-0.9990,3.2500,52.19,
1,Maze001,53.918,3.2500,-0.9990,3.2500,52.19,
1,Maze001,53.922,3.2500,-0.9990,3.2500,52.19,
1,Maze001,53.926,3.2500,-0.9990,3.2500,52.19,
1,Maze001,53.930,3.2500,-0.9990,3.2500,52.19,
1,Maze001,53.934,3.2500,-0.9990,3.2500,52.19,
1,Maze001,53.939,3.2500,-0.9990,3.2500,52.19,
1,Maze001,53.943,3.2500,-0.9990,3.2500,52.19,
1,Maze001,53.947,3.2500,-0.9990,3.2500,52.19,
1,Maze001,53.951,3.2500,-0.9990,3.2500,52.19,
1,Maze001,53.955,3.2500,-0.9990,3.2500,52.19,
1,Maze001,53.959,3.2500,-0.9990,3.2500,52.19,
1,Maze001,53.964,3.2500,-0.9990,3.2500,52.19,
1,Maze001,53.968,3.2500,-0.9990,3.2500,52.19,
1,Maze001,53.972,3.2500,-0.9990,3.2500,52.19,
1,Maze001,53.976,3.2500,-0.9990,3.2500,52.19,
1,Maze001,53.980,3.2500,-0.9990,3.2500,52.19,
1,Maze001,53.984,3.2500,-0.9990,3.2500,52.19,
1,Maze001,53.988,3.2500,-0.9990,3.2500,52.19,
1,Maze001,53.993,3.2500,-0.9990,3.2500,52.19,
1,Maze001,53.997,3.2500,-0.9990,3.2500,52.19,
1,Maze001,54.001,3.2500,-0.9990,3.2500,52.19,
1,Maze001,54.005,3.2500,-0.9990,3.2500,52.19,
1,Maze001,54.009,3.2500,-0.9990,3.2500,52.19,
1,Maze001,54.014,3.2500,-0.9990,3.2500,52.19,
1,Maze001,54.018,3.2500,-0.9990,3.2500,52.19,
1,Maze001,54.022,3.2500,-0.9990,3.2500,52.19,
1,Maze001,54.026,3.2500,-0.9990,3.2500,52.19,
1,Maze001,54.030,3.2500,-0.9990,3.2500,52.19,
1,Maze001,54.034,3.2500,-0.9990,3.2500,52.19,
1,Maze001,54.038,3.2500,-0.9990,3.2500,52.19,
1,Maze001,54.043,3.2500,-0.9990,3.2500,52.19,
1,Maze001,54.047,3.2500,-0.9990,3.2500,52.19,
1,Maze001,54.051,3.2500,-0.9990,3.2500,52.19,
1,Maze001,54.055,3.2500,-0.9990,3.2500,52.19,
1,Maze001,54.059,3.2500,-0.9990,3.2500,52.19,
1,Maze001,54.063,3.2500,-0.9990,3.2500,52.19,
1,Maze001,54.068,3.2500,-0.9990,3.2500,52.19,
1,Maze001,54.072,3.2500,-0.9990,3.2500,52.19,
1,Maze001,54.076,3.2500,-0.9990,3.2500,52.19,
1,Maze001,54.080,3.2500,-0.9990,3.2500,52.19,
1,Maze001,54.084,3.2500,-0.9990,3.2500,52.19,
1,Maze001,54.088,3.2500,-0.9990,3.2500,52.19,
1,Maze001,54.092,3.2500,-0.9990,3.2500,52.19,
1,Maze001,54.097,3.2500,-0.9990,3.2500,52.19,
1,Maze001,54.101,3.2500,-0.9990,3.2500,52.19,
1,Maze001,54.105,3.2500,-0.9990,3.2500,52.19,
1,Maze001,54.109,3.2500,-0.9990,3.2500,52.19,
1,Maze001,54.114,3.2500,-0.9990,3.2500,52.19,
1,Maze001,54.118,3.2500,-0.9990,3.2500,52.19,
1,Maze001,54.122,3.2500,-0.9990,3.2500,52.19,
1,Maze001,54.126,3.2500,-0.9990,3.2500,52.19,
1,Maze001,54.130,3.2500,-0.9990,3.2500,52.19,
1,Maze001,54.134,3.2500,-0.9990,3.2500,52.19,
1,Maze001,54.138,3.2500,-0.9990,3.2500,52.19,
1,Maze001,54.142,3.2500,-0.9990,3.2500,52.19,
1,Maze001,54.147,3.2500,-0.9990,3.2500,52.19,
1,Maze001,54.151,3.2500,-0.9990,3.2500,52.19,
1,Maze001,54.155,3.2500,-0.9990,3.2500,52.19,
1,Maze001,54.160,3.2500,-0.9990,3.2500,52.19,
1,Maze001,54.163,3.2500,-0.9990,3.2500,52.19,
1,Maze001,54.168,3.2500,-0.9990,3.2500,52.19,
1,Maze001,54.172,3.2500,-0.9990,3.2500,52.19,
1,Maze001,54.176,3.2500,-0.9990,3.2500,52.19,
1,Maze001,54.180,3.2500,-0.9990,3.2500,52.19,
1,Maze001,54.184,3.2500,-0.9990,3.2500,52.19,
1,Maze001,54.188,3.2500,-0.9990,3.2500,52.19,
1,Maze001,54.193,3.2500,-0.9990,3.2500,52.19,
1,Maze001,54.197,3.2500,-0.9990,3.2500,52.19,
1,Maze001,54.201,3.2500,-0.9990,3.2500,52.19,
1,Maze001,54.205,3.2500,-0.9990,3.2500,52.19,
1,Maze001,54.210,3.2500,-0.9990,3.2500,52.19,
1,Maze001,54.214,3.2500,-0.9990,3.2500,52.19,
1,Maze001,54.218,3.2500,-0.9990,3.2500,52.19,
1,Maze001,54.222,3.2500,-0.9990,3.2500,52.19,
1,Maze001,54.226,3.2500,-0.9990,3.2500,52.19,
1,Maze001,54.230,3.2500,-0.9990,3.2500,52.19,
1,Maze001,54.234,3.2500,-0.9990,3.2500,52.19,
1,Maze001,54.238,3.2500,-0.9990,3.2500,52.19,
1,Maze001,54.243,3.2500,-0.9990,3.2500,52.19,
1,Maze001,54.247,3.2500,-0.9990,3.2500,52.19,
1,Maze001,54.251,3.2500,-0.9990,3.2500,52.19,
1,Maze001,54.255,3.2500,-0.9990,3.2500,52.19,
1,Maze001,54.259,3.2500,-0.9990,3.2500,52.19,
1,Maze001,54.263,3.2500,-0.9990,3.2500,52.19,
1,Maze001,54.268,3.2500,-0.9990,3.2500,52.19,
1,Maze001,54.272,3.2500,-0.9990,3.2500,52.19,
1,Maze001,54.276,3.2500,-0.9990,3.2500,52.19,
1,Maze001,54.280,3.2500,-0.9990,3.2500,52.19,
1,Maze001,54.284,3.2500,-0.9990,3.2500,52.19,
1,Maze001,54.288,3.2500,-0.9990,3.2500,52.19,
1,Maze001,54.292,3.2500,-0.9990,3.2500,52.19,
1,Maze001,54.297,3.2500,-0.9990,3.2500,52.19,
1,Maze001,54.301,3.2500,-0.9990,3.2500,52.19,
1,Maze001,54.305,3.2500,-0.9990,3.2500,52.19,
1,Maze001,54.309,3.2500,-0.9990,3.2500,52.19,
1,Maze001,54.313,3.2500,-0.9990,3.2500,52.19,
1,Maze001,54.318,3.2500,-0.9990,3.2500,52.19,
1,Maze001,54.322,3.2500,-0.9990,3.2500,52.19,
1,Maze001,54.326,3.2500,-0.9990,3.2500,52.19,
1,Maze001,54.330,3.2500,-0.9990,3.2500,52.19,
1,Maze001,54.334,3.2500,-0.9990,3.2500,52.19,
1,Maze001,54.338,3.2500,-0.9990,3.2500,52.19,
1,Maze001,54.342,3.2500,-0.9990,3.2500,52.19,
1,Maze001,54.347,3.2500,-0.9990,3.2500,52.19,
1,Maze001,54.351,3.2500,-0.9990,3.2500,52.19,
1,Maze001,54.355,3.2500,-0.9990,3.2500,52.19,
1,Maze001,54.359,3.2500,-0.9990,3.2500,52.19,
1,Maze001,54.363,3.2500,-0.9990,3.2500,52.19,
1,Maze001,54.368,3.2500,-0.9990,3.2500,52.19,
1,Maze001,54.372,3.2500,-0.9990,3.2500,52.19,
1,Maze001,54.376,3.2500,-0.9990,3.2500,52.19,
1,Maze001,54.380,3.2500,-0.9990,3.2500,52.19,
1,Maze001,54.384,3.2500,-0.9990,3.2500,52.19,
1,Maze001,54.388,3.2500,-0.9990,3.2500,52.19,
1,Maze001,54.393,3.2500,-0.9990,3.2500,52.19,
1,Maze001,54.397,3.2500,-0.9990,3.2500,52.19,
1,Maze001,54.401,3.2500,-0.9990,3.2500,52.19,
1,Maze001,54.406,3.2500,-0.9990,3.2500,52.19,
1,Maze001,54.409,3.2500,-0.9990,3.2500,52.19,
1,Maze001,54.413,3.2500,-0.9990,3.2500,52.19,
1,Maze001,54.418,3.2500,-0.9990,3.2500,52.19,
1,Maze001,54.422,3.2500,-0.9990,3.2500,52.19,
1,Maze001,54.426,3.2500,-0.9990,3.2500,52.19,
1,Maze001,54.430,3.2500,-0.9990,3.2500,52.19,
1,Maze001,54.435,3.2500,-0.9990,3.2500,52.19,
1,Maze001,54.442,3.2500,-0.9990,3.2500,52.19,
1,Maze001,54.447,3.2500,-0.9990,3.2500,52.19,
1,Maze001,54.451,3.2500,-0.9990,3.2500,52.19,
1,Maze001,54.455,3.2500,-0.9990,3.2500,52.19,
1,Maze001,54.459,3.2500,-0.9990,3.2500,52.19,
1,Maze001,54.463,3.2500,-0.9990,3.2500,52.19,
1,Maze001,54.467,3.2500,-0.9990,3.2500,52.19,
1,Maze001,54.472,3.2500,-0.9990,3.2500,52.19,
1,Maze001,54.476,3.2500,-0.9990,3.2500,52.19,
1,Maze001,54.481,3.2500,-0.9990,3.2500,52.19,
1,Maze001,54.484,3.2500,-0.9990,3.2500,52.19,
1,Maze001,54.488,3.2500,-0.9990,3.2500,52.19,
1,Maze001,54.493,3.2500,-0.9990,3.2500,52.19,
1,Maze001,54.497,3.2500,-0.9990,3.2500,52.19,
1,Maze001,54.501,3.2500,-0.9990,3.2500,52.19,
1,Maze001,54.505,3.2500,-0.9990,3.2500,52.19,
1,Maze001,54.509,3.2500,-0.9990,3.2500,52.19,
1,Maze001,54.513,3.2500,-0.9990,3.2500,52.19,
1,Maze001,54.518,3.2500,-0.9990,3.2500,52.19,
1,Maze001,54.522,3.2500,-0.9990,3.2500,52.19,
1,Maze001,54.526,3.2500,-0.9990,3.2500,52.19,
1,Maze001,54.530,3.2500,-0.9990,3.2500,52.19,
1,Maze001,54.534,3.2500,-0.9990,3.2500,52.19,
1,Maze001,54.538,3.2500,-0.9990,3.2500,52.19,
1,Maze001,54.542,3.2500,-0.9990,3.2500,52.19,
1,Maze001,54.547,3.2500,-0.9990,3.2500,52.19,
1,Maze001,54.551,3.2500,-0.9990,3.2500,52.19,
1,Maze001,54.555,3.2500,-0.9990,3.2500,52.19,
1,Maze001,54.559,3.2500,-0.9990,3.2500,52.19,
1,Maze001,54.563,3.2500,-0.9990,3.2500,52.19,
1,Maze001,54.568,3.2500,-0.9990,3.2500,52.19,
1,Maze001,54.572,3.2500,-0.9990,3.2500,52.19,
1,Maze001,54.576,3.2500,-0.9990,3.2500,52.19,
1,Maze001,54.581,3.2500,-0.9990,3.2500,52.19,
1,Maze001,54.584,3.2500,-0.9990,3.2500,52.19,
1,Maze001,54.588,3.2500,-0.9990,3.2500,52.19,
1,Maze001,54.593,3.2500,-0.9990,3.2500,52.19,
1,Maze001,54.597,3.2500,-0.9990,3.2500,52.19,
1,Maze001,54.601,3.2500,-0.9990,3.2500,52.19,
1,Maze001,54.605,3.2500,-0.9990,3.2500,52.19,
1,Maze001,54.609,3.2500,-0.9990,3.2500,52.19,
1,Maze001,54.613,3.2500,-0.9990,3.2500,52.19,
1,Maze001,54.617,3.2500,-0.9990,3.2500,52.19,
1,Maze001,54.622,3.2500,-0.9990,3.2500,52.19,
1,Maze001,54.626,3.2500,-0.9990,3.2500,52.19,
1,Maze001,54.630,3.2500,-0.9990,3.2500,52.19,
1,Maze001,54.634,3.2500,-0.9990,3.2500,52.19,
1,Maze001,54.638,3.2500,-0.9990,3.2500,52.19,
1,Maze001,54.642,3.2500,-0.9990,3.2500,52.19,
1,Maze001,54.647,3.2500,-0.9990,3.2500,52.19,
1,Maze001,54.651,3.2500,-0.9990,3.2500,52.19,
1,Maze001,54.655,3.2500,-0.9990,3.2500,52.19,
1,Maze001,54.659,3.2500,-0.9990,3.2500,52.19,
1,Maze001,54.663,3.2500,-0.9990,3.2500,52.19,
1,Maze001,54.667,3.2500,-0.9990,3.2500,52.19,
1,Maze001,54.672,3.2500,-0.9990,3.2500,52.19,
1,Maze001,54.676,3.2500,-0.9990,3.2500,52.19,
1,Maze001,54.680,3.2500,-0.9990,3.2500,52.19,
1,Maze001,54.684,3.2500,-0.9990,3.2500,52.19,
1,Maze001,54.689,3.2500,-0.9990,3.2500,52.19,
1,Maze001,54.693,3.2500,-0.9990,3.2500,52.19,
1,Maze001,54.697,3.2500,-0.9990,3.2500,52.19,
1,Maze001,54.701,3.2500,-0.9990,3.2500,52.19,
1,Maze001,54.705,3.2500,-0.9990,3.2500,52.19,
1,Maze001,54.709,3.2500,-0.9990,3.2500,52.19,
1,Maze001,54.714,3.2500,-0.9990,3.2500,52.19,
1,Maze001,54.718,3.2500,-0.9990,3.2500,52.19,
1,Maze001,54.722,3.2500,-0.9990,3.2500,52.19,
1,Maze001,54.726,3.2500,-0.9990,3.2500,52.19,
1,Maze001,54.730,3.2500,-0.9990,3.2500,52.19,
1,Maze001,54.734,3.2500,-0.9990,3.2500,52.19,
1,Maze001,54.739,3.2500,-0.9990,3.2500,52.19,
1,Maze001,54.742,3.2500,-0.9990,3.2500,52.19,
1,Maze001,54.747,3.2500,-0.9990,3.2500,52.19,
1,Maze001,54.751,3.2500,-0.9990,3.2500,52.19,
1,Maze001,54.755,3.2500,-0.9990,3.2500,52.19,
1,Maze001,54.759,3.2500,-0.9990,3.2500,52.19,
1,Maze001,54.763,3.2500,-0.9990,3.2500,52.19,
1,Maze001,54.768,3.2500,-0.9990,3.2500,52.19,
1,Maze001,54.772,3.2500,-0.9990,3.2500,52.19,
1,Maze001,54.776,3.2500,-0.9990,3.2500,52.19,
1,Maze001,54.780,3.2500,-0.9990,3.2500,52.19,
1,Maze001,54.784,3.2500,-0.9990,3.2500,52.19,
1,Maze001,54.788,3.2500,-0.9990,3.2500,52.19,
1,Maze001,54.792,3.2500,-0.9990,3.2500,52.19,
1,Maze001,54.797,3.2500,-0.9990,3.2500,52.19,
1,Maze001,54.801,3.2500,-0.9990,3.2500,52.19,
1,Maze001,54.805,3.2500,-0.9990,3.2500,52.19,
1,Maze001,54.809,3.2500,-0.9990,3.2500,52.19,
1,Maze001,54.813,3.2500,-0.9990,3.2500,52.19,
1,Maze001,54.817,3.2500,-0.9990,3.2500,52.19,
1,Maze001,54.822,3.2500,-0.9990,3.2500,52.19,
1,Maze001,54.826,3.2500,-0.9990,3.2500,52.19,
1,Maze001,54.830,3.2500,-0.9990,3.2500,52.19,
1,Maze001,54.834,3.2500,-0.9990,3.2500,52.19,
1,Maze001,54.838,3.2500,-0.9990,3.2500,52.19,
1,Maze001,54.843,3.2500,-0.9990,3.2500,52.19,
1,Maze001,54.846,3.2500,-0.9990,3.2500,52.19,
1,Maze001,54.851,3.2500,-0.9990,3.2500,52.19,
1,Maze001,54.855,3.2500,-0.9990,3.2500,52.19,
1,Maze001,54.859,3.2500,-0.9990,3.2500,52.19,
1,Maze001,54.863,3.2500,-0.9990,3.2500,52.19,
1,Maze001,54.867,3.2500,-0.9990,3.2500,52.19,
1,Maze001,54.872,3.2500,-0.9990,3.2500,52.19,
1,Maze001,54.876,3.2500,-0.9990,3.2500,52.19,
1,Maze001,54.880,3.2500,-0.9990,3.2500,52.19,
1,Maze001,54.884,3.2500,-0.9990,3.2500,52.19,
1,Maze001,54.888,3.2500,-0.9990,3.2500,52.19,
1,Maze001,54.893,3.2500,-0.9990,3.2500,52.19,
1,Maze001,54.897,3.2500,-0.9990,3.2500,52.19,
1,Maze001,54.901,3.2500,-0.9990,3.2500,52.19,
1,Maze001,54.905,3.2500,-0.9990,3.2500,52.19,
1,Maze001,54.909,3.2500,-0.9990,3.2500,52.19,
1,Maze001,54.913,3.2500,-0.9990,3.2500,52.19,
1,Maze001,54.917,3.2500,-0.9990,3.2500,52.19,
1,Maze001,54.922,3.2500,-0.9990,3.2500,52.19,
1,Maze001,54.926,3.2500,-0.9990,3.2500,52.19,
1,Maze001,54.930,3.2500,-0.9990,3.2500,52.19,
1,Maze001,54.934,3.2500,-0.9990,3.2500,52.19,
1,Maze001,54.938,3.2500,-0.9990,3.2500,52.19,
1,Maze001,54.942,3.2500,-0.9990,3.2500,52.19,
1,Maze001,54.946,3.2500,-0.9990,3.2500,52.19,
1,Maze001,54.951,3.2500,-0.9990,3.2500,52.19,
1,Maze001,54.955,3.2500,-0.9990,3.2500,52.19,
1,Maze001,54.959,3.2500,-0.9990,3.2500,52.19,
1,Maze001,54.963,3.2500,-0.9990,3.2500,52.19,
1,Maze001,54.967,3.2500,-0.9990,3.2500,52.19,
1,Maze001,54.972,3.2500,-0.9990,3.2500,52.19,
1,Maze001,54.976,3.2500,-0.9990,3.2500,52.19,
1,Maze001,54.980,3.2500,-0.9990,3.2500,52.19,
1,Maze001,54.984,3.2500,-0.9990,3.2500,52.19,
1,Maze001,54.988,3.2500,-0.9990,3.2500,52.19,
1,Maze001,54.992,3.2500,-0.9990,3.2500,52.19,
1,Maze001,54.997,3.2500,-0.9990,3.2500,52.19,
1,Maze001,55.001,3.2500,-0.9990,3.2500,52.19,
1,Maze001,55.005,3.2500,-0.9990,3.2500,52.19,
1,Maze001,55.009,3.2500,-0.9990,3.2500,52.19,
1,Maze001,55.014,3.2500,-0.9990,3.2500,52.19,
1,Maze001,55.018,3.2500,-0.9990,3.2500,52.19,
1,Maze001,55.022,3.2500,-0.9990,3.2500,52.19,
1,Maze001,55.026,3.2500,-0.9990,3.2500,52.19,
1,Maze001,55.030,3.2500,-0.9990,3.2500,52.19,
1,Maze001,55.034,3.2500,-0.9990,3.2500,52.19,
1,Maze001,55.038,3.2500,-0.9990,3.2500,52.19,
1,Maze001,55.042,3.2500,-0.9990,3.2500,52.19,
1,Maze001,55.047,3.2500,-0.9990,3.2500,52.19,
1,Maze001,55.051,3.2500,-0.9990,3.2500,52.19,
1,Maze001,55.055,3.2500,-0.9990,3.2500,52.19,
1,Maze001,55.059,3.2500,-0.9990,3.2500,52.19,
1,Maze001,55.064,3.2500,-0.9990,3.2500,52.19,
1,Maze001,55.067,3.2500,-0.9990,3.2500,52.19,
1,Maze001,55.072,3.2500,-0.9990,3.2500,52.19,
1,Maze001,55.076,3.2500,-0.9990,3.2500,52.19,
1,Maze001,55.080,3.2500,-0.9990,3.2500,52.19,
1,Maze001,55.084,3.2500,-0.9990,3.2500,52.19,
1,Maze001,55.088,3.2500,-0.9990,3.2500,52.19,
1,Maze001,55.093,3.2500,-0.9990,3.2500,52.19,
1,Maze001,55.097,3.2500,-0.9990,3.2500,52.19,
1,Maze001,55.101,3.2500,-0.9990,3.2500,52.19,
1,Maze001,55.105,3.2500,-0.9990,3.2500,52.19,
1,Maze001,55.109,3.2500,-0.9990,3.2500,52.19,
1,Maze001,55.113,3.2500,-0.9990,3.2500,52.19,
1,Maze001,55.118,3.2500,-0.9990,3.2500,52.19,
1,Maze001,55.122,3.2500,-0.9990,3.2500,52.19,
1,Maze001,55.126,3.2500,-0.9990,3.2500,52.19,
1,Maze001,55.130,3.2500,-0.9990,3.2500,52.19,
1,Maze001,55.134,3.2500,-0.9990,3.2500,52.19,
1,Maze001,55.138,3.2500,-0.9990,3.2500,52.19,
1,Maze001,55.142,3.2500,-0.9990,3.2500,52.19,
1,Maze001,55.147,3.2500,-0.9990,3.2500,52.19,
1,Maze001,55.151,3.2500,-0.9990,3.2500,52.19,
1,Maze001,55.155,3.2500,-0.9990,3.2500,52.19,
1,Maze001,55.159,3.2500,-0.9990,3.2500,52.19,
1,Maze001,55.163,3.2500,-0.9990,3.2500,52.19,
1,Maze001,55.168,3.2500,-0.9990,3.2500,52.19,
1,Maze001,55.172,3.2500,-0.9990,3.2500,52.19,
1,Maze001,55.176,3.2500,-0.9990,3.2500,52.19,
1,Maze001,55.180,3.2500,-0.9990,3.2500,52.19,
1,Maze001,55.184,3.2500,-0.9990,3.2500,52.19,
1,Maze001,55.188,3.2500,-0.9990,3.2500,52.19,
1,Maze001,55.192,3.2500,-0.9990,3.2500,52.19,
1,Maze001,55.197,3.2500,-0.9990,3.2500,52.19,
1,Maze001,55.201,3.2500,-0.9990,3.2500,52.19,
1,Maze001,55.205,3.2500,-0.9990,3.2500,52.19,
1,Maze001,55.209,3.2500,-0.9990,3.2500,52.19,
1,Maze001,55.214,3.2500,-0.9990,3.2500,52.19,
1,Maze001,55.218,3.2500,-0.9990,3.2500,52.19,
1,Maze001,55.222,3.2500,-0.9990,3.2500,52.19,
1,Maze001,55.226,3.2500,-0.9990,3.2500,52.19,
1,Maze001,55.230,3.2500,-0.9990,3.2500,52.19,
1,Maze001,55.234,3.2500,-0.9990,3.2500,52.19,
1,Maze001,55.238,3.2500,-0.9990,3.2500,52.19,
1,Maze001,55.242,3.2500,-0.9990,3.2500,52.19,
1,Maze001,55.247,3.2500,-0.9990,3.2500,52.19,
1,Maze001,55.251,3.2500,-0.9990,3.2500,52.19,
1,Maze001,55.255,3.2500,-0.9990,3.2500,52.19,
1,Maze001,55.259,3.2500,-0.9990,3.2500,52.19,
1,Maze001,55.263,3.2500,-0.9990,3.2500,52.19,
1,Maze001,55.267,3.2500,-0.9990,3.2500,52.19,
1,Maze001,55.272,3.2500,-0.9990,3.2500,52.19,
1,Maze001,55.276,3.2500,-0.9990,3.2500,52.19,
1,Maze001,55.280,3.2500,-0.9990,3.2500,52.19,
1,Maze001,55.284,3.2500,-0.9990,3.2500,52.19,
1,Maze001,55.288,3.2500,-0.9990,3.2500,52.19,
1,Maze001,55.292,3.2500,-0.9990,3.2500,52.19,
1,Maze001,55.297,3.2500,-0.9990,3.2500,52.19,
1,Maze001,55.301,3.2500,-0.9990,3.2500,52.19,
1,Maze001,55.305,3.2500,-0.9990,3.2500,52.19,
1,Maze001,55.309,3.2500,-0.9990,3.2500,52.19,
1,Maze001,55.313,3.2500,-0.9990,3.2500,52.19,
1,Maze001,55.317,3.2500,-0.9990,3.2500,52.19,
1,Maze001,55.322,3.2500,-0.9990,3.2500,52.19,
1,Maze001,55.326,3.2500,-0.9990,3.2500,52.19,
1,Maze001,55.330,3.2500,-0.9990,3.2500,52.19,
1,Maze001,55.334,3.2500,-0.9990,3.2500,52.19,
1,Maze001,55.338,3.2500,-0.9990,3.2500,52.19,
1,Maze001,55.343,3.2500,-0.9990,3.2500,52.19,
1,Maze001,55.347,3.2500,-0.9990,3.2500,52.19,
1,Maze001,55.351,3.2500,-0.9990,3.2500,52.19,
1,Maze001,55.355,3.2500,-0.9990,3.2500,52.19,
1,Maze001,55.359,3.2500,-0.9990,3.2500,52.19,
1,Maze001,55.363,3.2500,-0.9990,3.2500,52.19,
1,Maze001,55.367,3.2500,-0.9990,3.2500,52.19,
1,Maze001,55.372,3.2500,-0.9990,3.2500,52.19,
1,Maze001,55.376,3.2500,-0.9990,3.2500,52.19,
1,Maze001,55.380,3.2500,-0.9990,3.2500,52.19,
1,Maze001,55.384,3.2500,-0.9990,3.2500,52.19,
1,Maze001,55.388,3.2500,-0.9990,3.2500,52.19,
1,Maze001,55.393,3.2500,-0.9990,3.2500,52.19,
1,Maze001,55.397,3.2500,-0.9990,3.2500,52.19,
1,Maze001,55.401,3.2500,-0.9990,3.2500,52.19,
1,Maze001,55.405,3.2500,-0.9990,3.2500,52.19,
1,Maze001,55.410,3.2500,-0.9990,3.2500,52.19,
1,Maze001,55.414,3.2500,-0.9990,3.2500,52.19,
1,Maze001,55.418,3.2500,-0.9990,3.2500,52.19,
1,Maze001,55.422,3.2500,-0.9990,3.2500,52.19,
1,Maze001,55.426,3.2500,-0.9990,3.2500,52.19,
1,Maze001,55.430,3.2500,-0.9990,3.2500,52.19,
1,Maze001,55.434,3.2500,-0.9990,3.2500,52.19,
1,Maze001,55.438,3.2500,-0.9990,3.2500,52.19,
1,Maze001,55.442,3.2500,-0.9990,3.2500,52.19,
1,Maze001,55.447,3.2500,-0.9990,3.2500,52.19,
1,Maze001,55.451,3.2500,-0.9990,3.2500,52.19,
1,Maze001,55.456,3.2500,-0.9990,3.2500,52.19,
1,Maze001,55.459,3.2500,-0.9990,3.2500,52.19,
1,Maze001,55.463,3.2500,-0.9990,3.2500,52.19,
1,Maze001,55.468,3.2500,-0.9990,3.2500,52.19,
1,Maze001,55.472,3.2500,-0.9990,3.2500,52.19,
1,Maze001,55.476,3.2500,-0.9990,3.2500,52.19,
1,Maze001,55.480,3.2500,-0.9990,3.2500,52.19,
1,Maze001,55.484,3.2500,-0.9990,3.2500,52.19,
1,Maze001,55.488,3.2500,-0.9990,3.2500,52.19,
1,Maze001,55.492,3.2500,-0.9990,3.2500,52.19,
1,Maze001,55.497,3.2500,-0.9990,3.2500,52.19,
1,Maze001,55.501,3.2500,-0.9990,3.2500,52.19,
1,Maze001,55.505,3.2500,-0.9990,3.2500,52.19,
1,Maze001,55.509,3.2500,-0.9990,3.2500,52.19,
1,Maze001,55.513,3.2500,-0.9990,3.2500,52.19,
1,Maze001,55.518,3.2500,-0.9990,3.2500,52.19,
1,Maze001,55.522,3.2500,-0.9990,3.2500,52.19,
1,Maze001,55.526,3.2500,-0.9990,3.2500,52.19,
1,Maze001,55.530,3.2500,-0.9990,3.2500,52.19,
1,Maze001,55.534,3.2500,-0.9990,3.2500,52.19,
1,Maze001,55.538,3.2500,-0.9990,3.2500,52.19,
1,Maze001,55.542,3.2500,-0.9990,3.2500,52.19,
1,Maze001,55.547,3.2500,-0.9990,3.2500,52.19,
1,Maze001,55.551,3.2500,-0.9990,3.2500,52.19,
1,Maze001,55.555,3.2500,-0.9990,3.2500,52.19,
1,Maze001,55.559,3.2500,-0.9990,3.2500,52.19,
1,Maze001,55.563,3.2500,-0.9990,3.2500,52.19,
1,Maze001,55.567,3.2500,-0.9990,3.2500,52.19,
1,Maze001,55.572,3.2500,-0.9990,3.2500,52.19,
1,Maze001,55.576,3.2500,-0.9990,3.2500,52.19,
1,Maze001,55.580,3.2500,-0.9990,3.2500,52.19,
1,Maze001,55.584,3.2500,-0.9990,3.2500,52.19,
1,Maze001,55.588,3.2500,-0.9990,3.2500,52.19,
1,Maze001,55.593,3.2500,-0.9990,3.2500,52.19,
1,Maze001,55.597,3.2500,-0.9990,3.2500,52.19,
1,Maze001,55.601,3.2500,-0.9990,3.2500,52.19,
1,Maze001,55.605,3.2500,-0.9990,3.2500,52.19,
1,Maze001,55.609,3.2500,-0.9990,3.2500,52.19,
1,Maze001,55.613,3.2500,-0.9990,3.2500,52.19,
1,Maze001,55.617,3.2500,-0.9990,3.2500,52.19,
1,Maze001,55.622,3.2500,-0.9990,3.2500,52.19,
1,Maze001,55.626,3.2500,-0.9990,3.2500,52.19,
1,Maze001,55.630,3.2500,-0.9990,3.2500,52.19,
1,Maze001,55.634,3.2500,-0.9990,3.2500,52.19,
1,Maze001,55.639,3.2500,-0.9990,3.2500,52.19,
1,Maze001,55.642,3.2500,-0.9990,3.2500,52.19,
1,Maze001,55.647,3.2500,-0.9990,3.2500,52.19,
1,Maze001,55.651,3.2500,-0.9990,3.2500,52.19,
1,Maze001,55.655,3.2500,-0.9990,3.2500,52.19,
1,Maze001,55.659,3.2500,-0.9990,3.2500,52.19,
1,Maze001,55.663,3.2500,-0.9990,3.2500,52.19,
1,Maze001,55.667,3.2500,-0.9990,3.2500,52.19,
1,Maze001,55.672,3.2500,-0.9990,3.2500,52.19,
1,Maze001,55.676,3.2500,-0.9990,3.2500,52.19,
1,Maze001,55.680,3.2500,-0.9990,3.2500,52.19,
1,Maze001,55.684,3.2500,-0.9990,3.2500,52.19,
1,Maze001,55.688,3.2500,-0.9990,3.2500,52.19,
1,Maze001,55.692,3.2500,-0.9990,3.2500,52.19,
1,Maze001,55.697,3.2500,-0.9990,3.2500,52.19,
1,Maze001,55.701,3.2500,-0.9990,3.2500,52.19,
1,Maze001,55.705,3.2500,-0.9990,3.2500,52.19,
1,Maze001,55.709,3.2500,-0.9990,3.2500,52.19,
1,Maze001,55.713,3.2500,-0.9990,3.2500,52.19,
1,Maze001,55.717,3.2500,-0.9990,3.2500,52.19,
1,Maze001,55.722,3.2500,-0.9990,3.2500,52.19,
1,Maze001,55.726,3.2500,-0.9990,3.2500,52.19,
1,Maze001,55.730,3.2500,-0.9990,3.2500,52.19,
1,Maze001,55.735,3.2500,-0.9990,3.2500,52.19,
1,Maze001,55.738,3.2500,-0.9990,3.2500,52.19,
1,Maze001,55.743,3.2500,-0.9990,3.2500,52.19,
1,Maze001,55.747,3.2500,-0.9990,3.2500,52.19,
1,Maze001,55.751,3.2500,-0.9990,3.2500,52.19,
1,Maze001,55.755,3.2500,-0.9990,3.2500,52.19,
1,Maze001,55.759,3.2500,-0.9990,3.2500,52.19,
1,Maze001,55.763,3.2500,-0.9990,3.2500,52.19,
1,Maze001,55.767,3.2500,-0.9990,3.2500,52.19,
1,Maze001,55.772,3.2500,-0.9990,3.2500,52.19,
1,Maze001,55.776,3.2500,-0.9990,3.2500,52.19,
1,Maze001,55.780,3.2500,-0.9990,3.2500,52.19,
1,Maze001,55.784,3.2500,-0.9990,3.2500,52.19,
1,Maze001,55.788,3.2500,-0.9990,3.2500,52.19,
1,Maze001,55.792,3.2500,-0.9990,3.2500,52.19,
1,Maze001,55.797,3.2500,-0.9990,3.2500,52.19,
1,Maze001,55.801,3.2500,-0.9990,3.2500,52.19,
1,Maze001,55.805,3.2500,-0.9990,3.2500,52.19,
1,Maze001,55.809,3.2500,-0.9990,3.2500,52.19,
1,Maze001,55.813,3.2500,-0.9990,3.2500,52.19,
1,Maze001,55.817,3.2500,-0.9990,3.2500,52.19,
1,Maze001,55.822,3.2500,-0.9990,3.2500,52.19,
1,Maze001,55.826,3.2500,-0.9990,3.2500,52.19,
1,Maze001,55.831,3.2500,-0.9990,3.2500,52.19,
1,Maze001,55.834,3.2500,-0.9990,3.2500,52.19,
1,Maze001,55.839,3.2500,-0.9990,3.2500,52.19,
1,Maze001,55.843,3.2500,-0.9990,3.2500,52.19,
1,Maze001,55.847,3.2500,-0.9990,3.2500,52.19,
1,Maze001,55.851,3.2500,-0.9990,3.2500,52.19,
1,Maze001,55.855,3.2500,-0.9990,3.2500,52.19,
1,Maze001,55.859,3.2500,-0.9990,3.2500,52.19,
1,Maze001,55.863,3.2500,-0.9990,3.2500,52.19,
1,Maze001,55.867,3.2500,-0.9990,3.2500,52.19,
1,Maze001,55.871,3.2500,-0.9990,3.2500,52.19,
1,Maze001,55.876,3.2500,-0.9990,3.2500,52.19,
1,Maze001,55.880,3.2500,-0.9990,3.2500,52.19,
1,Maze001,55.884,3.2500,-0.9990,3.2500,52.19,
1,Maze001,55.889,3.2500,-0.9990,3.2500,52.19,
1,Maze001,55.893,3.2500,-0.9990,3.2500,52.19,
1,Maze001,55.897,3.2500,-0.9990,3.2500,52.19,
1,Maze001,55.901,3.2500,-0.9990,3.2500,52.19,
1,Maze001,55.905,3.2500,-0.9990,3.2500,52.19,
1,Maze001,55.909,3.2500,-0.9990,3.2500,52.19,
1,Maze001,55.913,3.2500,-0.9990,3.2500,52.19,
1,Maze001,55.918,3.2500,-0.9990,3.2500,52.19,
1,Maze001,55.921,3.2500,-0.9990,3.2500,52.19,
1,Maze001,55.926,3.2500,-0.9990,3.2500,52.19,
1,Maze001,55.930,3.2500,-0.9990,3.2500,52.19,
1,Maze001,55.934,3.2500,-0.9990,3.2500,52.19,
1,Maze001,55.939,3.2500,-0.9990,3.2500,52.19,
1,Maze001,55.943,3.2500,-0.9990,3.2500,52.19,
1,Maze001,55.947,3.2500,-0.9990,3.2500,52.19,
1,Maze001,55.951,3.2500,-0.9990,3.2500,52.19,
1,Maze001,55.955,3.2500,-0.9990,3.2500,52.19,
1,Maze001,55.959,3.2500,-0.9990,3.2500,52.19,
1,Maze001,55.963,3.2500,-0.9990,3.2500,52.19,
1,Maze001,55.968,3.2500,-0.9990,3.2500,52.19,
1,Maze001,55.972,3.2500,-0.9990,3.2500,52.19,
1,Maze001,55.976,3.2500,-0.9990,3.2500,52.19,
1,Maze001,55.980,3.2500,-0.9990,3.2500,52.19,
1,Maze001,55.984,3.2500,-0.9990,3.2500,52.19,
1,Maze001,55.988,3.2500,-0.9990,3.2500,52.19,
1,Maze001,55.993,3.2500,-0.9990,3.2500,52.19,
1,Maze001,55.996,3.2500,-0.9990,3.2500,52.19,
1,Maze001,56.000,3.2500,-0.9990,3.2500,52.19,
1,Maze001,56.005,3.2500,-0.9990,3.2500,52.19,
1,Maze001,56.009,3.2500,-0.9990,3.2500,52.19,
1,Maze001,56.013,3.2500,-0.9990,3.2500,52.19,
1,Maze001,56.017,3.2500,-0.9990,3.2500,52.19,
1,Maze001,56.022,3.2500,-0.9990,3.2500,52.19,
1,Maze001,56.026,3.2500,-0.9990,3.2500,52.19,
1,Maze001,56.030,3.2500,-0.9990,3.2500,52.19,
1,Maze001,56.034,3.2500,-0.9990,3.2500,52.19,
1,Maze001,56.038,3.2500,-0.9990,3.2500,52.19,
1,Maze001,56.042,3.2500,-0.9990,3.2500,52.19,
1,Maze001,56.047,3.2500,-0.9990,3.2500,52.19,
1,Maze001,56.051,3.2500,-0.9990,3.2500,52.19,
1,Maze001,56.055,3.2500,-0.9990,3.2500,52.19,
1,Maze001,56.059,3.2500,-0.9990,3.2500,52.19,
1,Maze001,56.063,3.2500,-0.9990,3.2500,52.19,
1,Maze001,56.068,3.2500,-0.9990,3.2500,52.19,
1,Maze001,56.072,3.2500,-0.9990,3.2500,52.19,
1,Maze001,56.076,3.2500,-0.9990,3.2500,52.19,
1,Maze001,56.080,3.2500,-0.9990,3.2500,52.19,
1,Maze001,56.084,3.2500,-0.9990,3.2500,52.19,
1,Maze001,56.088,3.2500,-0.9990,3.2500,52.19,
1,Maze001,56.093,3.2500,-0.9990,3.2500,52.19,
1,Maze001,56.096,3.2500,-0.9990,3.2500,52.19,
1,Maze001,56.101,3.2500,-0.9990,3.2500,52.19,
1,Maze001,56.105,3.2500,-0.9990,3.2500,52.19,
1,Maze001,56.109,3.2500,-0.9990,3.2500,52.19,
1,Maze001,56.113,3.2500,-0.9990,3.2500,52.19,
1,Maze001,56.118,3.2500,-0.9990,3.2500,52.19,
1,Maze001,56.121,3.2500,-0.9990,3.2500,52.19,
1,Maze001,56.126,3.2500,-0.9990,3.2500,52.19,
1,Maze001,56.130,3.2500,-0.9990,3.2500,52.19,
1,Maze001,56.134,3.2500,-0.9990,3.2500,52.19,
1,Maze001,56.138,3.2500,-0.9990,3.2500,52.19,
1,Maze001,56.142,3.2500,-0.9990,3.2500,52.19,
1,Maze001,56.147,3.2500,-0.9990,3.2500,52.19,
1,Maze001,56.151,3.2500,-0.9990,3.2500,52.19,
1,Maze001,56.155,3.2500,-0.9990,3.2500,52.19,
1,Maze001,56.159,3.2500,-0.9990,3.2500,52.19,
1,Maze001,56.163,3.2500,-0.9990,3.2500,52.19,
1,Maze001,56.167,3.2500,-0.9990,3.2500,52.19,
1,Maze001,56.172,3.2500,-0.9990,3.2500,52.19,
1,Maze001,56.176,3.2500,-0.9990,3.2500,52.19,
1,Maze001,56.180,3.2500,-0.9990,3.2500,52.19,
1,Maze001,56.185,3.2500,-0.9990,3.2500,52.19,
1,Maze001,56.189,3.2500,-0.9990,3.2500,52.19,
1,Maze001,56.192,3.2500,-0.9990,3.2500,52.19,
1,Maze001,56.197,3.2500,-0.9990,3.2500,52.19,
1,Maze001,56.201,3.2500,-0.9990,3.2500,52.19,
1,Maze001,56.205,3.2500,-0.9990,3.2500,52.19,
1,Maze001,56.209,3.2500,-0.9990,3.2500,52.19,
1,Maze001,56.213,3.2500,-0.9990,3.2500,52.19,
1,Maze001,56.217,3.2500,-0.9990,3.2500,52.19,
1,Maze001,56.221,3.2500,-0.9990,3.2500,52.19,
1,Maze001,56.226,3.2500,-0.9990,3.2500,52.19,
1,Maze001,56.230,3.2500,-0.9990,3.2500,52.19,
1,Maze001,56.234,3.2500,-0.9990,3.2500,52.19,
1,Maze001,56.238,3.2500,-0.9990,3.2500,52.19,
1,Maze001,56.242,3.2500,-0.9990,3.2500,52.19,
1,Maze001,56.247,3.2500,-0.9990,3.2500,52.19,
1,Maze001,56.251,3.2500,-0.9990,3.2500,52.19,
1,Maze001,56.255,3.2500,-0.9990,3.2500,52.19,
1,Maze001,56.259,3.2500,-0.9990,3.2500,52.19,
1,Maze001,56.264,3.2500,-0.9990,3.2500,52.19,
1,Maze001,56.267,3.2500,-0.9990,3.2500,52.19,
1,Maze001,56.272,3.2500,-0.9990,3.2500,52.19,
1,Maze001,56.276,3.2500,-0.9990,3.2500,52.19,
1,Maze001,56.280,3.2500,-0.9990,3.2500,52.19,
1,Maze001,56.284,3.2500,-0.9990,3.2500,52.19,
1,Maze001,56.288,3.2500,-0.9990,3.2500,52.19,
1,Maze001,56.292,3.2500,-0.9990,3.2500,52.19,
1,Maze001,56.296,3.2500,-0.9990,3.2500,52.19,
1,Maze001,56.301,3.2500,-0.9990,3.2500,52.19,
1,Maze001,56.305,3.2500,-0.9990,3.2500,52.19,
1,Maze001,56.309,3.2500,-0.9990,3.2500,52.19,
1,Maze001,56.313,3.2500,-0.9990,3.2500,52.19,
1,Maze001,56.317,3.2500,-0.9990,3.2500,52.19,
1,Maze001,56.321,3.2500,-0.9990,3.2500,52.19,
1,Maze001,56.326,3.2500,-0.9990,3.2500,52.19,
1,Maze001,56.330,3.2500,-0.9990,3.2500,52.19,
1,Maze001,56.334,3.2500,-0.9990,3.2500,52.19,
1,Maze001,56.338,3.2500,-0.9990,3.2500,52.19,
1,Maze001,56.342,3.2500,-0.9990,3.2500,52.19,
1,Maze001,56.347,3.2500,-0.9990,3.2500,52.19,
1,Maze001,56.351,3.2500,-0.9990,3.2500,52.19,
1,Maze001,56.355,3.2500,-0.9990,3.2500,52.19,
1,Maze001,56.360,3.2500,-0.9990,3.2500,52.19,
1,Maze001,56.363,3.2500,-0.9990,3.2500,52.19,
1,Maze001,56.367,3.2500,-0.9990,3.2500,52.19,
1,Maze001,56.371,3.2500,-0.9990,3.2500,52.19,
1,Maze001,56.376,3.2500,-0.9990,3.2500,52.19,
1,Maze001,56.380,3.2500,-0.9990,3.2500,52.19,
1,Maze001,56.384,3.2500,-0.9990,3.2500,52.19,
1,Maze001,56.388,3.2500,-0.9990,3.2500,52.19,
1,Maze001,56.392,3.2500,-0.9990,3.2500,52.19,
1,Maze001,56.397,3.2500,-0.9990,3.2500,52.19,
1,Maze001,56.401,3.2500,-0.9990,3.2500,52.19,
1,Maze001,56.405,3.2500,-0.9990,3.2500,52.19,
1,Maze001,56.409,3.2500,-0.9990,3.2500,52.19,
1,Maze001,56.413,3.2500,-0.9990,3.2500,52.19,
1,Maze001,56.418,3.2500,-0.9990,3.2500,52.19,
1,Maze001,56.422,3.2500,-0.9990,3.2500,52.19,
1,Maze001,56.426,3.2500,-0.9990,3.2500,52.19,
1,Maze001,56.430,3.2500,-0.9990,3.2500,52.19,
1,Maze001,56.435,3.2500,-0.9990,3.2500,52.19,
1,Maze001,56.438,3.2500,-0.9990,3.2500,52.19,
1,Maze001,56.442,3.2500,-0.9990,3.2500,52.19,
1,Maze001,56.447,3.2500,-0.9990,3.2500,52.19,
1,Maze001,56.451,3.2500,-0.9990,3.2500,52.19,
1,Maze001,56.455,3.2500,-0.9990,3.2500,52.19,
1,Maze001,56.459,3.2500,-0.9990,3.2500,52.19,
1,Maze001,56.463,3.2500,-0.9990,3.2500,52.19,
1,Maze001,56.467,3.2500,-0.9990,3.2500,52.19,
1,Maze001,56.472,3.2500,-0.9990,3.2500,52.19,
1,Maze001,56.476,3.2500,-0.9990,3.2500,52.19,
1,Maze001,56.480,3.2500,-0.9990,3.2500,52.19,
1,Maze001,56.484,3.2500,-0.9990,3.2500,52.19,
1,Maze001,56.488,3.2500,-0.9990,3.2500,52.19,
1,Maze001,56.492,3.2500,-0.9990,3.2500,52.19,
1,Maze001,56.496,3.2500,-0.9990,3.2500,52.19,
1,Maze001,56.501,3.2500,-0.9990,3.2500,52.19,
1,Maze001,56.505,3.2500,-0.9990,3.2500,52.19,
1,Maze001,56.509,3.2500,-0.9990,3.2500,52.19,
1,Maze001,56.513,3.2500,-0.9990,3.2500,52.19,
1,Maze001,56.517,3.2500,-0.9990,3.2500,52.19,
1,Maze001,56.521,3.2500,-0.9990,3.2500,52.19,
1,Maze001,56.526,3.2500,-0.9990,3.2500,52.19,
1,Maze001,56.530,3.2500,-0.9990,3.2500,52.19,
1,Maze001,56.534,3.2500,-0.9990,3.2500,52.19,
1,Maze001,56.538,3.2500,-0.9990,3.2500,52.19,
1,Maze001,56.543,3.2500,-0.9990,3.2500,52.19,
1,Maze001,56.547,3.2500,-0.9990,3.2500,52.19,
1,Maze001,56.551,3.2500,-0.9990,3.2500,52.19,
1,Maze001,56.555,3.2500,-0.9990,3.2500,52.19,
1,Maze001,56.559,3.2500,-0.9990,3.2500,52.19,
1,Maze001,56.563,3.2500,-0.9990,3.2500,52.19,
1,Maze001,56.567,3.2500,-0.9990,3.2500,52.19,
1,Maze001,56.571,3.2500,-0.9990,3.2500,52.19,
1,Maze001,56.576,3.2500,-0.9990,3.2500,52.19,
1,Maze001,56.580,3.2500,-0.9990,3.2500,52.19,
1,Maze001,56.584,3.2500,-0.9990,3.2500,52.19,
1,Maze001,56.588,3.2500,-0.9990,3.2500,52.19,
1,Maze001,56.592,3.2500,-0.9990,3.2500,52.19,
1,Maze001,56.596,3.2500,-0.9990,3.2500,52.19,
1,Maze001,56.601,3.2500,-0.9990,3.2500,52.19,
1,Maze001,56.605,3.2500,-0.9990,3.2500,52.19,
1,Maze001,56.609,3.2500,-0.9990,3.2500,52.19,
1,Maze001,56.613,3.2500,-0.9990,3.2500,52.19,
1,Maze001,56.617,3.2500,-0.9990,3.2500,52.19,
1,Maze001,56.621,3.2500,-0.9990,3.2500,52.19,
1,Maze001,56.626,3.2500,-0.9990,3.2500,52.19,
1,Maze001,56.630,3.2500,-0.9990,3.2500,52.19,
1,Maze001,56.634,3.2500,-0.9990,3.2500,52.19,
1,Maze001,56.638,3.2500,-0.9990,3.2500,52.19,
1,Maze001,56.642,3.2500,-0.9990,3.2500,52.19,
1,Maze001,56.647,3.2500,-0.9990,3.2500,52.19,
1,Maze001,56.651,3.2500,-0.9990,3.2500,52.19,
1,Maze001,56.655,3.2500,-0.9990,3.2500,52.19,
1,Maze001,56.659,3.2500,-0.9990,3.2500,52.19,
1,Maze001,56.663,3.2500,-0.9990,3.2500,52.19,
1,Maze001,56.667,3.2500,-0.9990,3.2500,52.19,
1,Maze001,56.672,3.2500,-0.9990,3.2500,52.19,
1,Maze001,56.676,3.2500,-0.9990,3.2500,52.19,
1,Maze001,56.680,3.2500,-0.9990,3.2500,52.19,
1,Maze001,56.684,3.2500,-0.9990,3.2500,52.19,
1,Maze001,56.688,3.2500,-0.9990,3.2500,52.19,
1,Maze001,56.692,3.2500,-0.9990,3.2500,52.19,
1,Maze001,56.697,3.2500,-0.9990,3.2500,52.19,
1,Maze001,56.701,3.2500,-0.9990,3.2500,52.19,
1,Maze001,56.705,3.2500,-0.9990,3.2500,52.19,
1,Maze001,56.709,3.2500,-0.9990,3.2500,52.19,
1,Maze001,56.713,3.2500,-0.9990,3.2500,52.19,
1,Maze001,56.717,3.2500,-0.9990,3.2500,52.19,
1,Maze001,56.721,3.2500,-0.9990,3.2500,52.19,
1,Maze001,56.726,3.2500,-0.9990,3.2500,52.19,
1,Maze001,56.730,3.2500,-0.9990,3.2500,52.19,
1,Maze001,56.734,3.2500,-0.9990,3.2500,52.19,
1,Maze001,56.738,3.2500,-0.9990,3.2500,52.19,
1,Maze001,56.742,3.2500,-0.9990,3.2500,52.19,
1,Maze001,56.746,3.2500,-0.9990,3.2500,52.19,
1,Maze001,56.751,3.2500,-0.9990,3.2500,52.19,
1,Maze001,56.755,3.2500,-0.9990,3.2500,52.19,
1,Maze001,56.759,3.2500,-0.9990,3.2500,52.19,
1,Maze001,56.763,3.2500,-0.9990,3.2500,52.19,
1,Maze001,56.767,3.2500,-0.9990,3.2500,52.19,
1,Maze001,56.772,3.2500,-0.9990,3.2500,52.19,
1,Maze001,56.776,3.2500,-0.9990,3.2500,52.19,
1,Maze001,56.780,3.2500,-0.9990,3.2500,52.19,
1,Maze001,56.784,3.2500,-0.9990,3.2500,52.19,
1,Maze001,56.788,3.2500,-0.9990,3.2500,52.19,
1,Maze001,56.792,3.2500,-0.9990,3.2500,52.19,
1,Maze001,56.796,3.2500,-0.9990,3.2500,52.19,
1,Maze001,56.801,3.2500,-0.9990,3.2500,52.19,
1,Maze001,56.805,3.2500,-0.9990,3.2500,52.19,
1,Maze001,56.809,3.2500,-0.9990,3.2500,52.19,
1,Maze001,56.813,3.2500,-0.9990,3.2500,52.19,
1,Maze001,56.817,3.2500,-0.9990,3.2500,52.19,
1,Maze001,56.821,3.2500,-0.9990,3.2500,52.19,
1,Maze001,56.826,3.2500,-0.9990,3.2500,52.19,
1,Maze001,56.830,3.2500,-0.9990,3.2500,52.19,
1,Maze001,56.834,3.2500,-0.9990,3.2500,52.19,
1,Maze001,56.838,3.2500,-0.9990,3.2500,52.19,
1,Maze001,56.842,3.2500,-0.9990,3.2500,52.19,
1,Maze001,56.846,3.2500,-0.9990,3.2500,52.19,
1,Maze001,56.851,3.2500,-0.9990,3.2500,52.19,
1,Maze001,56.855,3.2500,-0.9990,3.2500,52.19,
1,Maze001,56.859,3.2500,-0.9990,3.2500,52.19,
1,Maze001,56.863,3.2500,-0.9990,3.2500,52.19,
1,Maze001,56.867,3.2500,-0.9990,3.2500,52.19,
1,Maze001,56.871,3.2500,-0.9990,3.2500,52.19,
1,Maze001,56.876,3.2500,-0.9990,3.2500,52.19,
1,Maze001,56.880,3.2500,-0.9990,3.2500,52.19,
1,Maze001,56.884,3.2500,-0.9990,3.2500,52.19,
1,Maze001,56.888,3.2500,-0.9990,3.2500,52.19,
1,Maze001,56.892,3.2500,-0.9990,3.2500,52.19,
1,Maze001,56.896,3.2500,-0.9990,3.2500,52.19,
1,Maze001,56.900,3.2500,-0.9990,3.2500,52.19,
1,Maze001,56.905,3.2500,-0.9990,3.2500,52.19,
1,Maze001,56.909,3.2500,-0.9990,3.2500,52.19,
1,Maze001,56.913,3.2500,-0.9990,3.2500,52.19,
1,Maze001,56.917,3.2500,-0.9990,3.2500,52.19,
1,Maze001,56.921,3.2500,-0.9990,3.2500,52.19,
1,Maze001,56.926,3.2500,-0.9990,3.2500,52.19,
1,Maze001,56.930,3.2500,-0.9990,3.2500,52.19,
1,Maze001,56.934,3.2500,-0.9990,3.2500,52.19,
1,Maze001,56.938,3.2500,-0.9990,3.2500,52.19,
1,Maze001,56.942,3.2500,-0.9990,3.2500,52.19,
1,Maze001,56.947,3.2500,-0.9990,3.2500,52.19,
1,Maze001,56.951,3.2500,-0.9990,3.2500,52.19,
1,Maze001,56.955,3.2500,-0.9990,3.2500,52.19,
1,Maze001,56.959,3.2500,-0.9990,3.2500,52.19,
1,Maze001,56.963,3.2500,-0.9990,3.2500,52.19,
1,Maze001,56.967,3.2500,-0.9990,3.2500,52.19,
1,Maze001,56.972,3.2500,-0.9990,3.2500,52.19,
1,Maze001,56.975,3.2500,-0.9990,3.2500,52.19,
1,Maze001,56.980,3.2500,-0.9990,3.2500,52.19,
1,Maze001,56.984,3.2500,-0.9990,3.2500,52.19,
1,Maze001,56.988,3.2500,-0.9990,3.2500,52.19,
1,Maze001,56.992,3.2500,-0.9990,3.2500,52.19,
1,Maze001,56.996,3.2500,-0.9990,3.2500,52.19,
1,Maze001,57.001,3.2500,-0.9990,3.2500,52.19,
1,Maze001,57.005,3.2500,-0.9990,3.2500,52.19,
1,Maze001,57.009,3.2500,-0.9990,3.2500,52.19,
1,Maze001,57.013,3.2500,-0.9990,3.2500,52.19,
1,Maze001,57.017,3.2500,-0.9990,3.2500,52.19,
1,Maze001,57.022,3.2500,-0.9990,3.2500,52.19,
1,Maze001,57.026,3.2500,-0.9990,3.2500,52.19,
1,Maze001,57.030,3.2500,-0.9990,3.2500,52.19,
1,Maze001,57.034,3.2500,-0.9990,3.2500,52.19,
1,Maze001,57.038,3.2500,-0.9990,3.2500,52.19,
1,Maze001,57.043,3.2500,-0.9990,3.2500,52.19,
1,Maze001,57.046,3.2500,-0.9990,3.2500,52.19,
1,Maze001,57.051,3.2500,-0.9990,3.2500,52.19,
1,Maze001,57.055,3.2500,-0.9990,3.2500,52.19,
1,Maze001,57.059,3.2500,-0.9990,3.2500,52.19,
1,Maze001,57.063,3.2500,-0.9990,3.2500,52.19,
1,Maze001,57.067,3.2500,-0.9990,3.2500,52.19,
1,Maze001,57.071,3.2500,-0.9990,3.2500,52.19,
1,Maze001,57.076,3.2500,-0.9990,3.2500,52.19,
1,Maze001,57.080,3.2500,-0.9990,3.2500,52.19,
1,Maze001,57.084,3.2500,-0.9990,3.2500,52.19,
1,Maze001,57.089,3.2500,-0.9990,3.2500,52.19,
1,Maze001,57.093,3.2500,-0.9990,3.2500,52.19,
1,Maze001,57.096,3.2500,-0.9990,3.2500,52.19,
1,Maze001,57.101,3.2500,-0.9990,3.2500,52.19,
1,Maze001,57.105,3.2500,-0.9990,3.2500,52.19,
1,Maze001,57.109,3.2500,-0.9990,3.2500,52.19,
1,Maze001,57.113,3.2500,-0.9990,3.2500,52.19,
1,Maze001,57.117,3.2500,-0.9990,3.2500,52.19,
1,Maze001,57.121,3.2500,-0.9990,3.2500,52.19,
1,Maze001,57.125,3.2500,-0.9990,3.2500,52.19,
1,Maze001,57.130,3.2500,-0.9990,3.2500,52.19,
1,Maze001,57.134,3.2500,-0.9990,3.2500,52.19,
1,Maze001,57.138,3.2500,-0.9990,3.2500,52.19,
1,Maze001,57.142,3.2500,-0.9990,3.2500,52.19,
1,Maze001,57.146,3.2500,-0.9990,3.2500,52.19,
1,Maze001,57.151,3.2500,-0.9990,3.2500,52.19,
1,Maze001,57.155,3.2500,-0.9990,3.2500,52.19,
1,Maze001,57.159,3.2500,-0.9990,3.2500,52.19,
1,Maze001,57.163,3.2500,-0.9990,3.2500,52.19,
1,Maze001,57.168,3.2500,-0.9990,3.2500,52.19,
1,Maze001,57.175,3.2500,-0.9990,3.2500,52.19,
1,Maze001,57.180,3.2500,-0.9990,3.2500,52.19,
1,Maze001,57.184,3.2500,-0.9990,3.2500,52.19,
1,Maze001,57.188,3.2500,-0.9990,3.2500,52.19,
1,Maze001,57.192,3.2500,-0.9990,3.2500,52.19,
1,Maze001,57.196,3.2500,-0.9990,3.2500,52.19,
1,Maze001,57.201,3.2500,-0.9990,3.2500,52.19,
1,Maze001,57.205,3.2500,-0.9990,3.2500,52.19,
1,Maze001,57.209,3.2500,-0.9990,3.2500,52.19,
1,Maze001,57.213,3.2500,-0.9990,3.2500,52.19,
1,Maze001,57.218,3.2500,-0.9990,3.2500,52.19,
1,Maze001,57.222,3.2500,-0.9990,3.2500,52.19,
1,Maze001,57.225,3.2500,-0.9990,3.2500,52.19,
1,Maze001,57.230,3.2500,-0.9990,3.2500,52.19,
1,Maze001,57.234,3.2500,-0.9990,3.2500,52.19,
1,Maze001,57.238,3.2500,-0.9990,3.2500,52.19,
1,Maze001,57.242,3.2500,-0.9990,3.2500,52.19,
1,Maze001,57.246,3.2500,-0.9990,3.2500,52.19,
1,Maze001,57.251,3.2500,-0.9990,3.2500,52.19,
1,Maze001,57.255,3.2500,-0.9990,3.2500,52.19,
1,Maze001,57.259,3.2500,-0.9990,3.2500,52.19,
1,Maze001,57.263,3.2500,-0.9990,3.2500,52.19,
1,Maze001,57.267,3.2500,-0.9990,3.2500,52.19,
1,Maze001,57.271,3.2500,-0.9990,3.2500,52.19,
1,Maze001,57.276,3.2500,-0.9990,3.2500,52.19,
1,Maze001,57.280,3.2500,-0.9990,3.2500,52.19,
1,Maze001,57.284,3.2500,-0.9990,3.2500,52.19,
1,Maze001,57.288,3.2500,-0.9990,3.2500,52.19,
1,Maze001,57.293,3.2500,-0.9990,3.2500,52.19,
1,Maze001,57.296,3.2500,-0.9990,3.2500,52.19,
1,Maze001,57.301,3.2500,-0.9990,3.2500,52.19,
1,Maze001,57.305,3.2500,-0.9990,3.2500,52.19,
1,Maze001,57.309,3.2500,-0.9990,3.2500,52.19,
1,Maze001,57.313,3.2500,-0.9990,3.2500,52.19,
1,Maze001,57.317,3.2500,-0.9990,3.2500,52.19,
1,Maze001,57.321,3.2500,-0.9990,3.2500,52.19,
1,Maze001,57.326,3.2500,-0.9990,3.2500,52.19,
1,Maze001,57.330,3.2500,-0.9990,3.2500,52.19,
1,Maze001,57.334,3.2500,-0.9990,3.2500,52.19,
1,Maze001,57.338,3.2500,-0.9990,3.2500,52.19,
1,Maze001,57.342,3.2500,-0.9990,3.2500,52.19,
1,Maze001,57.346,3.2500,-0.9990,3.2500,52.19,
1,Maze001,57.350,3.2500,-0.9990,3.2500,52.19,
1,Maze001,57.355,3.2500,-0.9990,3.2500,52.19,
1,Maze001,57.359,3.2500,-0.9990,3.2500,52.19,
1,Maze001,57.363,3.2500,-0.9990,3.2500,52.19,
1,Maze001,57.367,3.2500,-0.9990,3.2500,52.19,
1,Maze001,57.371,3.2500,-0.9990,3.2500,52.19,
1,Maze001,57.376,3.2500,-0.9990,3.2500,52.19,
1,Maze001,57.380,3.2500,-0.9990,3.2500,52.19,
1,Maze001,57.384,3.2500,-0.9990,3.2500,52.19,
1,Maze001,57.388,3.2500,-0.9990,3.2500,52.19,
1,Maze001,57.392,3.2500,-0.9990,3.2500,52.19,
1,Maze001,57.396,3.2500,-0.9990,3.2500,52.19,
1,Maze001,57.401,3.2500,-0.9990,3.2500,52.19,
1,Maze001,57.405,3.2500,-0.9990,3.2500,52.19,
1,Maze001,57.409,3.2500,-0.9990,3.2500,52.19,
1,Maze001,57.413,3.2500,-0.9990,3.2500,52.19,
1,Maze001,57.417,3.2500,-0.9990,3.2500,52.19,
1,Maze001,57.421,3.2500,-0.9990,3.2500,52.19,
1,Maze001,57.426,3.2500,-0.9990,3.2500,52.19,
1,Maze001,57.430,3.2500,-0.9990,3.2500,52.19,
1,Maze001,57.434,3.2500,-0.9990,3.2500,52.19,
1,Maze001,57.438,3.2500,-0.9990,3.2500,52.19,
1,Maze001,57.442,3.2500,-0.9990,3.2500,52.19,
1,Maze001,57.447,3.2500,-0.9990,3.2500,52.19,
1,Maze001,57.450,3.2500,-0.9990,3.2500,52.19,
1,Maze001,57.455,3.2500,-0.9990,3.2500,52.19,
1,Maze001,57.459,3.2500,-0.9990,3.2500,52.19,
1,Maze001,57.463,3.2500,-0.9990,3.2500,52.19,
1,Maze001,57.467,3.2500,-0.9990,3.2500,52.19,
1,Maze001,57.471,3.2500,-0.9990,3.2500,52.19,
1,Maze001,57.476,3.2500,-0.9990,3.2500,52.19,
1,Maze001,57.480,3.2500,-0.9990,3.2500,52.19,
1,Maze001,57.484,3.2500,-0.9990,3.2500,52.19,
1,Maze001,57.488,3.2500,-0.9990,3.2500,52.19,
1,Maze001,57.492,3.2500,-0.9990,3.2500,52.19,
1,Maze001,57.497,3.2500,-0.9990,3.2500,52.19,
1,Maze001,57.501,3.2500,-0.9990,3.2500,52.19,
1,Maze001,57.505,3.2500,-0.9990,3.2500,52.19,
1,Maze001,57.509,3.2500,-0.9990,3.2500,52.19,
1,Maze001,57.514,3.2500,-0.9990,3.2500,52.19,
1,Maze001,57.517,3.2500,-0.9990,3.2500,52.19,
1,Maze001,57.522,3.2500,-0.9990,3.2500,52.19,
1,Maze001,57.526,3.2500,-0.9990,3.2500,52.19,
1,Maze001,57.530,3.2500,-0.9990,3.2500,52.19,
1,Maze001,57.534,3.2500,-0.9990,3.2500,52.19,
1,Maze001,57.538,3.2500,-0.9990,3.2500,52.19,
1,Maze001,57.542,3.2500,-0.9990,3.2500,52.19,
1,Maze001,57.546,3.2500,-0.9990,3.2500,52.19,
1,Maze001,57.551,3.2500,-0.9990,3.2500,52.19,
1,Maze001,57.555,3.2500,-0.9990,3.2500,52.19,
1,Maze001,57.559,3.2500,-0.9990,3.2500,52.19,
1,Maze001,57.563,3.2500,-0.9990,3.2500,52.19,
1,Maze001,57.568,3.2500,-0.9990,3.2500,52.19,
1,Maze001,57.571,3.2500,-0.9990,3.2500,52.19,
1,Maze001,57.576,3.2500,-0.9990,3.2500,52.19,
1,Maze001,57.580,3.2500,-0.9990,3.2500,52.19,
1,Maze001,57.584,3.2500,-0.9990,3.2500,52.19,
1,Maze001,57.588,3.2500,-0.9990,3.2500,52.19,
1,Maze001,57.592,3.2500,-0.9990,3.2500,52.19,
1,Maze001,57.597,3.2500,-0.9990,3.2500,52.19,
1,Maze001,57.601,3.2500,-0.9990,3.2500,52.19,
1,Maze001,57.605,3.2500,-0.9990,3.2500,52.19,
1,Maze001,57.609,3.2500,-0.9990,3.2500,52.19,
1,Maze001,57.613,3.2500,-0.9990,3.2500,52.19,
1,Maze001,57.617,3.2500,-0.9990,3.2500,52.19,
1,Maze001,57.622,3.2500,-0.9990,3.2500,52.19,
1,Maze001,57.626,3.2500,-0.9990,3.2500,52.19,
1,Maze001,57.630,3.2500,-0.9990,3.2500,52.19,
1,Maze001,57.634,3.2500,-0.9990,3.2500,52.19,
1,Maze001,57.638,3.2500,-0.9990,3.2500,52.19,
1,Maze001,57.642,3.2500,-0.9990,3.2500,52.19,
1,Maze001,57.647,3.2500,-0.9990,3.2500,52.19,
1,Maze001,57.651,3.2500,-0.9990,3.2500,52.19,
1,Maze001,57.655,3.2500,-0.9990,3.2500,52.19,
1,Maze001,57.659,3.2500,-0.9990,3.2500,52.19,
1,Maze001,57.664,3.2500,-0.9990,3.2500,52.19,
1,Maze001,57.668,3.2500,-0.9990,3.2500,52.19,
1,Maze001,57.671,3.2500,-0.9990,3.2500,52.19,
1,Maze001,57.675,3.2500,-0.9990,3.2500,52.19,
1,Maze001,57.680,3.2500,-0.9990,3.2500,52.19,
1,Maze001,57.684,3.2500,-0.9990,3.2500,52.19,
1,Maze001,57.688,3.2500,-0.9990,3.2500,52.19,
1,Maze001,57.692,3.2500,-0.9990,3.2500,52.19,
1,Maze001,57.696,3.2500,-0.9990,3.2500,52.19,
1,Maze001,57.701,3.2500,-0.9990,3.2500,52.19,
1,Maze001,57.705,3.2500,-0.9990,3.2500,52.19,
1,Maze001,57.709,3.2500,-0.9990,3.2500,52.19,
1,Maze001,57.713,3.2500,-0.9990,3.2500,52.19,
1,Maze001,57.717,3.2500,-0.9990,3.2500,52.19,
1,Maze001,57.721,3.2500,-0.9990,3.2500,52.19,
1,Maze001,57.725,3.2500,-0.9990,3.2500,52.19,
1,Maze001,57.730,3.2500,-0.9990,3.2500,52.19,
1,Maze001,57.734,3.2500,-0.9990,3.2500,52.19,
1,Maze001,57.738,3.2500,-0.9990,3.2500,52.19,
1,Maze001,57.742,3.2500,-0.9990,3.2500,52.19,
1,Maze001,57.746,3.2500,-0.9990,3.2500,52.19,
1,Maze001,57.750,3.2500,-0.9990,3.2500,52.19,
1,Maze001,57.755,3.2500,-0.9990,3.2500,52.19,
1,Maze001,57.759,3.2500,-0.9990,3.2500,52.19,
1,Maze001,57.763,3.2500,-0.9990,3.2500,52.19,
1,Maze001,57.768,3.2500,-0.9990,3.2500,52.19,
1,Maze001,57.771,3.2500,-0.9990,3.2500,52.19,
1,Maze001,57.776,3.2500,-0.9990,3.2500,52.19,
1,Maze001,57.780,3.2500,-0.9990,3.2500,52.19,
1,Maze001,57.784,3.2500,-0.9990,3.2500,52.19,
1,Maze001,57.788,3.2500,-0.9990,3.2500,52.19,
1,Maze001,57.792,3.2500,-0.9990,3.2500,52.19,
1,Maze001,57.796,3.2500,-0.9990,3.2500,52.19,
1,Maze001,57.800,3.2500,-0.9990,3.2500,52.19,
1,Maze001,57.805,3.2500,-0.9990,3.2500,52.19,
1,Maze001,57.810,3.2500,-0.9990,3.2500,52.19,
1,Maze001,57.813,3.2500,-0.9990,3.2500,52.19,
1,Maze001,57.817,3.2500,-0.9990,3.2500,52.19,
1,Maze001,57.822,3.2500,-0.9990,3.2500,52.19,
1,Maze001,57.826,3.2500,-0.9990,3.2500,52.19,
1,Maze001,57.830,3.2500,-0.9990,3.2500,52.19,
1,Maze001,57.834,3.2500,-0.9990,3.2500,52.19,
1,Maze001,57.839,3.2500,-0.9990,3.2500,52.19,
1,Maze001,57.843,3.2500,-0.9990,3.2500,52.19,
1,Maze001,57.847,3.2500,-0.9990,3.2500,52.19,
1,Maze001,57.851,3.2500,-0.9990,3.2500,52.19,
1,Maze001,57.855,3.2500,-0.9990,3.2500,52.19,
1,Maze001,57.859,3.2500,-0.9990,3.2500,52.19,
1,Maze001,57.863,3.2500,-0.9990,3.2500,52.19,
1,Maze001,57.868,3.2500,-0.9990,3.2500,52.19,
1,Maze001,57.872,3.2500,-0.9990,3.2500,52.19,
1,Maze001,57.876,3.2500,-0.9990,3.2500,52.19,
1,Maze001,57.880,3.2500,-0.9990,3.2500,52.19,
1,Maze001,57.884,3.2500,-0.9990,3.2500,52.19,
1,Maze001,57.888,3.2500,-0.9990,3.2500,52.19,
1,Maze001,57.892,3.2500,-0.9990,3.2500,52.19,
1,Maze001,57.896,3.2500,-0.9990,3.2500,52.19,
1,Maze001,57.900,3.2500,-0.9990,3.2500,52.19,
1,Maze001,57.905,3.2500,-0.9990,3.2500,52.19,
1,Maze001,57.909,3.2500,-0.9990,3.2500,52.19,
1,Maze001,57.913,3.2500,-0.9990,3.2500,52.19,
1,Maze001,57.917,3.2500,-0.9990,3.2500,52.19,
1,Maze001,57.922,3.2500,-0.9990,3.2500,52.19,
1,Maze001,57.926,3.2500,-0.9990,3.2500,52.19,
1,Maze001,57.930,3.2500,-0.9990,3.2500,52.19,
1,Maze001,57.934,3.2500,-0.9990,3.2500,52.19,
1,Maze001,57.938,3.2500,-0.9990,3.2500,52.19,
1,Maze001,57.942,3.2500,-0.9990,3.2500,52.19,
1,Maze001,57.946,3.2500,-0.9990,3.2500,52.19,
1,Maze001,57.950,3.2500,-0.9990,3.2500,52.19,
1,Maze001,57.955,3.2500,-0.9990,3.2500,52.19,
1,Maze001,57.959,3.2500,-0.9990,3.2500,52.19,
1,Maze001,57.963,3.2500,-0.9990,3.2500,52.19,
1,Maze001,57.967,3.2500,-0.9990,3.2500,52.19,
1,Maze001,57.971,3.2500,-0.9990,3.2500,52.19,
1,Maze001,57.975,3.2500,-0.9990,3.2500,52.19,
1,Maze001,57.980,3.2500,-0.9990,3.2500,52.19,
1,Maze001,57.984,3.2500,-0.9990,3.2500,52.19,
1,Maze001,57.988,3.2500,-0.9990,3.2500,52.19,
1,Maze001,57.992,3.2500,-0.9990,3.2500,52.19,
1,Maze001,57.996,3.2500,-0.9990,3.2500,52.19,
1,Maze001,58.000,3.2500,-0.9990,3.2500,52.19,
1,Maze001,58.005,3.2500,-0.9990,3.2500,52.19,
1,Maze001,58.010,3.2500,-0.9990,3.2500,52.19,
1,Maze001,58.013,3.2500,-0.9990,3.2500,52.19,
1,Maze001,58.017,3.2500,-0.9990,3.2500,52.19,
1,Maze001,58.021,3.2500,-0.9990,3.2500,52.19,
1,Maze001,58.025,3.2500,-0.9990,3.2500,52.19,
1,Maze001,58.030,3.2500,-0.9990,3.2500,52.19,
1,Maze001,58.034,3.2500,-0.9990,3.2500,52.19,
1,Maze001,58.040,3.2500,-0.9990,3.2500,52.19,
1,Maze001,58.044,3.2500,-0.9990,3.2500,52.19,
1,Maze001,58.051,3.2500,-0.9990,3.2500,52.19,
1,Maze001,58.055,3.2500,-0.9990,3.2500,52.19,
1,Maze001,58.059,3.2500,-0.9990,3.2500,52.19,
1,Maze001,58.063,3.2500,-0.9990,3.2500,52.19,
1,Maze001,58.067,3.2500,-0.9990,3.2500,52.19,
1,Maze001,58.071,3.2500,-0.9990,3.2500,52.19,
1,Maze001,58.076,3.2500,-0.9990,3.2500,52.19,
1,Maze001,58.080,3.2500,-0.9990,3.2500,52.19,
1,Maze001,58.084,3.2500,-0.9990,3.2500,52.19,
1,Maze001,58.088,3.2500,-0.9990,3.2500,52.19,
1,Maze001,58.093,3.2500,-0.9990,3.2500,52.19,
1,Maze001,58.096,3.2500,-0.9990,3.2500,52.19,
1,Maze001,58.101,3.2500,-0.9990,3.2500,52.19,
1,Maze001,58.105,3.2500,-0.9990,3.2500,52.19,
1,Maze001,58.109,3.2500,-0.9990,3.2500,52.19,
1,Maze001,58.113,3.2500,-0.9990,3.2500,52.19,
1,Maze001,58.117,3.2500,-0.9990,3.2500,52.19,
1,Maze001,58.121,3.2500,-0.9990,3.2500,52.19,
1,Maze001,58.126,3.2500,-0.9990,3.2500,52.19,
1,Maze001,58.130,3.2500,-0.9990,3.2500,52.19,
1,Maze001,58.134,3.2500,-0.9990,3.2500,52.19,
1,Maze001,58.138,3.2500,-0.9990,3.2500,52.19,
1,Maze001,58.143,3.2500,-0.9990,3.2500,52.19,
1,Maze001,58.146,3.2500,-0.9990,3.2500,52.19,
1,Maze001,58.151,3.2500,-0.9990,3.2500,52.19,
1,Maze001,58.155,3.2500,-0.9990,3.2500,52.19,
1,Maze001,58.159,3.2500,-0.9990,3.2500,52.19,
1,Maze001,58.163,3.2500,-0.9990,3.2500,52.19,
1,Maze001,58.168,3.2500,-0.9990,3.2500,52.19,
1,Maze001,58.171,3.2500,-0.9990,3.2500,52.19,
1,Maze001,58.177,3.2500,-0.9990,3.2500,52.19,
1,Maze001,58.180,3.2500,-0.9990,3.2500,52.19,
1,Maze001,58.184,3.2500,-0.9990,3.2500,52.19,
1,Maze001,58.188,3.2500,-0.9990,3.2500,52.19,
1,Maze001,58.192,3.2500,-0.9990,3.2500,52.19,
1,Maze001,58.196,3.2500,-0.9990,3.2500,52.19,
1,Maze001,58.201,3.2500,-0.9990,3.2500,52.19,
1,Maze001,58.205,3.2500,-0.9990,3.2500,52.19,
1,Maze001,58.209,3.2500,-0.9990,3.2500,52.19,
1,Maze001,58.213,3.2500,-0.9990,3.2500,52.19,
1,Maze001,58.217,3.2500,-0.9990,3.2500,52.19,
1,Maze001,58.221,3.2500,-0.9990,3.2500,52.19,
1,Maze001,58.225,3.2500,-0.9990,3.2500,52.19,
1,Maze001,58.230,3.2500,-0.9990,3.2500,52.19,
1,Maze001,58.234,3.2500,-0.9990,3.2500,52.19,
1,Maze001,58.238,3.2500,-0.9990,3.2500,52.19,
1,Maze001,58.242,3.2500,-0.9990,3.2500,52.19,
1,Maze001,58.247,3.2500,-0.9990,3.2500,52.19,
1,Maze001,58.251,3.2500,-0.9990,3.2500,52.19,
1,Maze001,58.255,3.2500,-0.9990,3.2500,52.19,
1,Maze001,58.259,3.2500,-0.9990,3.2500,52.19,
1,Maze001,58.263,3.2500,-0.9990,3.2500,52.19,
1,Maze001,58.267,3.2500,-0.9990,3.2500,52.19,
1,Maze001,58.271,3.2500,-0.9990,3.2500,52.19,
1,Maze001,58.276,3.2500,-0.9990,3.2500,52.19,
1,Maze001,58.280,3.2500,-0.9990,3.2500,52.19,
1,Maze001,58.284,3.2500,-0.9990,3.2500,52.19,
1,Maze001,58.288,3.2500,-0.9990,3.2500,52.19,
1,Maze001,58.293,3.2500,-0.9990,3.2500,52.19,
1,Maze001,58.297,3.2500,-0.9990,3.2500,52.19,
1,Maze001,58.301,3.2500,-0.9990,3.2500,52.19,
1,Maze001,58.305,3.2500,-0.9990,3.2500,52.19,
1,Maze001,58.309,3.2500,-0.9990,3.2500,52.19,
1,Maze001,58.313,3.2500,-0.9990,3.2500,52.19,
1,Maze001,58.317,3.2500,-0.9990,3.2500,52.19,
1,Maze001,58.321,3.2500,-0.9990,3.2500,52.19,
1,Maze001,58.325,3.2500,-0.9990,3.2500,52.19,
1,Maze001,58.330,3.2500,-0.9990,3.2500,52.19,
1,Maze001,58.334,3.2500,-0.9990,3.2500,52.19,
1,Maze001,58.338,3.2500,-0.9990,3.2500,52.19,
1,Maze001,58.342,3.2500,-0.9990,3.2500,52.19,
1,Maze001,58.346,3.2500,-0.9990,3.2500,52.19,
1,Maze001,58.350,3.2500,-0.9990,3.2500,52.19,
1,Maze001,58.355,3.2500,-0.9990,3.2500,52.19,
1,Maze001,58.359,3.2500,-0.9990,3.2500,52.19,
1,Maze001,58.363,3.2500,-0.9990,3.2500,52.19,
1,Maze001,58.367,3.2500,-0.9990,3.2500,52.19,
1,Maze001,58.371,3.2500,-0.9990,3.2500,52.19,
1,Maze001,58.375,3.2500,-0.9990,3.2500,52.19,
1,Maze001,58.380,3.2500,-0.9990,3.2500,52.19,
1,Maze001,58.384,3.2500,-0.9990,3.2500,52.19,
1,Maze001,58.389,3.2500,-0.9990,3.2500,52.19,
1,Maze001,58.392,3.2500,-0.9990,3.2500,52.19,
1,Maze001,58.396,3.2500,-0.9990,3.2500,52.19,
1,Maze001,58.400,3.2500,-0.9990,3.2500,52.19,
1,Maze001,58.405,3.2500,-0.9990,3.2500,52.19,
1,Maze001,58.409,3.2500,-0.9990,3.2500,52.19,
1,Maze001,58.413,3.2500,-0.9990,3.2500,52.19,
1,Maze001,58.417,3.2500,-0.9990,3.2500,52.19,
1,Maze001,58.421,3.2500,-0.9990,3.2500,52.19,
1,Maze001,58.425,3.2500,-0.9990,3.2500,52.19,
1,Maze001,58.430,3.2500,-0.9990,3.2500,52.19,
1,Maze001,58.434,3.2500,-0.9990,3.2500,52.19,
1,Maze001,58.438,3.2500,-0.9990,3.2500,52.19,
1,Maze001,58.442,3.2500,-0.9990,3.2500,52.19,
1,Maze001,58.446,3.2500,-0.9990,3.2500,52.19,
1,Maze001,58.450,3.2500,-0.9990,3.2500,52.19,
1,Maze001,58.455,3.2500,-0.9990,3.2500,52.19,
1,Maze001,58.459,3.2500,-0.9990,3.2500,52.19,
1,Maze001,58.464,3.2500,-0.9990,3.2500,52.19,
1,Maze001,58.467,3.2500,-0.9990,3.2500,52.19,
1,Maze001,58.471,3.2500,-0.9990,3.2500,52.19,
1,Maze001,58.475,3.2500,-0.9990,3.2500,52.19,
1,Maze001,58.480,3.2500,-0.9990,3.2500,52.19,
1,Maze001,58.484,3.2500,-0.9990,3.2500,52.19,
1,Maze001,58.488,3.2500,-0.9990,3.2500,52.19,
1,Maze001,58.492,3.2500,-0.9990,3.2500,52.19,
1,Maze001,58.496,3.2500,-0.9990,3.2500,52.19,
1,Maze001,58.501,3.2500,-0.9990,3.2500,52.19,
1,Maze001,58.504,3.2500,-0.9990,3.2500,52.19,
1,Maze001,58.509,3.2500,-0.9990,3.2500,52.19,
1,Maze001,58.514,3.2500,-0.9990,3.2500,52.19,
1,Maze001,58.517,3.2500,-0.9990,3.2500,52.19,
1,Maze001,58.522,3.2500,-0.9990,3.2500,52.19,
1,Maze001,58.526,3.2500,-0.9990,3.2500,52.19,
1,Maze001,58.530,3.2500,-0.9990,3.2500,52.19,
1,Maze001,58.534,3.2500,-0.9990,3.2500,52.19,
1,Maze001,58.538,3.2500,-0.9990,3.2500,52.19,
1,Maze001,58.542,3.2500,-0.9990,3.2500,52.19,
1,Maze001,58.546,3.2500,-0.9990,3.2500,52.19,
1,Maze001,58.550,3.2500,-0.9990,3.2500,52.19,
1,Maze001,58.554,3.2500,-0.9990,3.2500,52.19,
1,Maze001,58.559,3.2500,-0.9990,3.2500,52.19,
1,Maze001,58.563,3.2500,-0.9990,3.2500,52.19,
1,Maze001,58.567,3.2500,-0.9990,3.2500,52.19,
1,Maze001,58.571,3.2500,-0.9990,3.2500,52.19,
1,Maze001,58.576,3.2500,-0.9990,3.2500,52.19,
1,Maze001,58.579,3.2500,-0.9990,3.2500,52.19,
1,Maze001,58.584,3.2500,-0.9990,3.2500,52.19,
1,Maze001,58.588,3.2500,-0.9990,3.2500,52.19,
1,Maze001,58.592,3.2500,-0.9990,3.2500,52.19,
1,Maze001,58.596,3.2500,-0.9990,3.2500,52.19,
1,Maze001,58.600,3.2500,-0.9990,3.2500,52.19,
1,Maze001,58.605,3.2500,-0.9990,3.2500,52.19,
1,Maze001,58.609,3.2500,-0.9990,3.2500,52.19,
1,Maze001,58.613,3.2500,-0.9990,3.2500,52.19,
1,Maze001,58.617,3.2500,-0.9990,3.2500,52.19,
1,Maze001,58.621,3.2500,-0.9990,3.2500,52.19,
1,Maze001,58.625,3.2500,-0.9990,3.2500,52.19,
1,Maze001,58.630,3.2500,-0.9990,3.2500,52.19,
1,Maze001,58.634,3.2500,-0.9990,3.2500,52.19,
1,Maze001,58.638,3.2500,-0.9990,3.2500,52.19,
1,Maze001,58.643,3.2500,-0.9990,3.2500,52.19,
1,Maze001,58.647,3.2500,-0.9990,3.2500,52.19,
1,Maze001,58.650,3.2500,-0.9990,3.2500,52.19,
1,Maze001,58.655,3.2500,-0.9990,3.2500,52.19,
1,Maze001,58.659,3.2500,-0.9990,3.2500,52.19,
1,Maze001,58.663,3.2500,-0.9990,3.2500,52.19,
1,Maze001,58.667,3.2500,-0.9990,3.2500,52.19,
1,Maze001,58.671,3.2500,-0.9990,3.2500,52.19,
1,Maze001,58.675,3.2500,-0.9990,3.2500,52.19,
1,Maze001,58.680,3.2500,-0.9990,3.2500,52.19,
1,Maze001,58.684,3.2500,-0.9990,3.2500,52.19,
1,Maze001,58.688,3.2500,-0.9990,3.2500,52.19,
1,Maze001,58.692,3.2500,-0.9990,3.2500,52.19,
1,Maze001,58.696,3.2500,-0.9990,3.2500,52.19,
1,Maze001,58.700,3.2500,-0.9990,3.2500,52.19,
1,Maze001,58.704,3.2500,-0.9990,3.2500,52.19,
1,Maze001,58.708,3.2500,-0.9990,3.2500,52.19,
1,Maze001,58.713,3.2500,-0.9990,3.2500,52.19,
1,Maze001,58.717,3.2500,-0.9990,3.2500,52.19,
1,Maze001,58.721,3.2500,-0.9990,3.2500,52.19,
1,Maze001,58.725,3.2500,-0.9990,3.2500,52.19,
1,Maze001,58.730,3.2500,-0.9990,3.2500,52.19,
1,Maze001,58.734,3.2500,-0.9990,3.2500,52.19,
1,Maze001,58.738,3.2500,-0.9990,3.2500,52.19,
1,Maze001,58.742,3.2500,-0.9990,3.2500,52.19,
1,Maze001,58.746,3.2500,-0.9990,3.2500,52.19,
1,Maze001,58.751,3.2500,-0.9990,3.2500,52.19,
1,Maze001,58.755,3.2500,-0.9990,3.2500,52.19,
1,Maze001,58.759,3.2500,-0.9990,3.2500,52.19,
1,Maze001,58.763,3.2500,-0.9990,3.2500,52.19,
1,Maze001,58.767,3.2500,-0.9990,3.2500,52.19,
1,Maze001,58.772,3.2500,-0.9990,3.2500,52.19,
1,Maze001,58.776,3.2500,-0.9990,3.2500,52.19,
1,Maze001,58.780,3.2500,-0.9990,3.2500,52.19,
1,Maze001,58.784,3.2500,-0.9990,3.2500,52.19,
1,Maze001,58.788,3.2500,-0.9990,3.2500,52.19,
1,Maze001,58.792,3.2500,-0.9990,3.2500,52.19,
1,Maze001,58.797,3.2500,-0.9990,3.2500,52.19,
1,Maze001,58.801,3.2500,-0.9990,3.2500,52.19,
1,Maze001,58.805,3.2500,-0.9990,3.2500,52.19,
1,Maze001,58.809,3.2500,-0.9990,3.2500,52.19,
1,Maze001,58.813,3.2500,-0.9990,3.2500,52.19,
1,Maze001,58.818,3.2500,-0.9990,3.2500,52.19,
1,Maze001,58.822,3.2500,-0.9990,3.2500,52.19,
1,Maze001,58.826,3.2500,-0.9990,3.2500,52.19,
1,Maze001,58.830,3.2500,-0.9990,3.2500,52.19,
1,Maze001,58.834,3.2500,-0.9990,3.2500,52.19,
1,Maze001,58.838,3.2500,-0.9990,3.2500,52.19,
1,Maze001,58.842,3.2500,-0.9990,3.2500,52.19,
1,Maze001,58.846,3.2500,-0.9990,3.2500,52.19,
1,Maze001,58.850,3.2500,-0.9990,3.2500,52.19,
1,Maze001,58.855,3.2500,-0.9990,3.2500,52.19,
1,Maze001,58.859,3.2500,-0.9990,3.2500,52.19,
1,Maze001,58.863,3.2500,-0.9990,3.2500,52.19,
1,Maze001,58.867,3.2500,-0.9990,3.2500,52.19,
1,Maze001,58.872,3.2500,-0.9990,3.2500,52.19,
1,Maze001,58.876,3.2500,-0.9990,3.2500,52.19,
1,Maze001,58.880,3.2500,-0.9990,3.2500,52.19,
1,Maze001,58.884,3.2500,-0.9990,3.2500,52.19,
1,Maze001,58.888,3.2500,-0.9990,3.2500,52.19,
1,Maze001,58.892,3.2500,-0.9990,3.2500,52.19,
1,Maze001,58.896,3.2500,-0.9990,3.2500,52.19,
1,Maze001,58.900,3.2500,-0.9990,3.2500,52.19,
1,Maze001,58.904,3.2500,-0.9990,3.2500,52.19,
1,Maze001,58.909,3.2500,-0.9990,3.2500,52.19,
1,Maze001,58.913,3.2500,-0.9990,3.2500,52.19,
1,Maze001,58.917,3.2500,-0.9990,3.2500,52.19,
1,Maze001,58.922,3.2500,-0.9990,3.2500,52.19,
1,Maze001,58.925,3.2500,-0.9990,3.2500,52.19,
1,Maze001,58.930,3.2500,-0.9990,3.2500,52.19,
1,Maze001,58.934,3.2500,-0.9990,3.2500,52.19,
1,Maze001,58.938,3.2500,-0.9990,3.2500,52.19,
1,Maze001,58.942,3.2500,-0.9990,3.2500,52.19,
1,Maze001,58.946,3.2500,-0.9990,3.2500,52.19,
1,Maze001,58.950,3.2500,-0.9990,3.2500,52.19,
1,Maze001,58.954,3.2500,-0.9990,3.2500,52.19,
1,Maze001,58.958,3.2500,-0.9990,3.2500,52.19,
1,Maze001,58.963,3.2500,-0.9990,3.2500,52.19,
1,Maze001,58.967,3.2500,-0.9990,3.2500,52.19,
1,Maze001,58.971,3.2500,-0.9990,3.2500,52.19,
1,Maze001,58.975,3.2500,-0.9990,3.2500,52.19,
1,Maze001,58.980,3.2500,-0.9990,3.2500,52.19,
1,Maze001,58.984,3.2500,-0.9990,3.2500,52.19,
1,Maze001,58.988,3.2500,-0.9990,3.2500,52.19,
1,Maze001,58.992,3.2500,-0.9990,3.2500,52.19,
1,Maze001,58.996,3.2500,-0.9990,3.2500,52.19,
1,Maze001,59.000,3.2500,-0.9990,3.2500,52.19,
1,Maze001,59.004,3.2500,-0.9990,3.2500,52.19,
1,Maze001,59.009,3.2500,-0.9990,3.2500,52.19,
1,Maze001,59.013,3.2500,-0.9990,3.2500,52.19,
1,Maze001,59.017,3.2500,-0.9990,3.2500,52.19,
1,Maze001,59.021,3.2500,-0.9990,3.2500,52.19,
1,Maze001,59.025,3.2500,-0.9990,3.2500,52.19,
1,Maze001,59.030,3.2500,-0.9990,3.2500,52.19,
1,Maze001,59.034,3.2500,-0.9990,3.2500,52.19,
1,Maze001,59.038,3.2500,-0.9990,3.2500,52.19,
1,Maze001,59.042,3.2500,-0.9990,3.2500,52.19,
1,Maze001,59.046,3.2500,-0.9990,3.2500,52.19,
1,Maze001,59.050,3.2500,-0.9990,3.2500,52.19,
1,Maze001,59.054,3.2500,-0.9990,3.2500,52.19,
1,Maze001,59.059,3.2500,-0.9990,3.2500,52.19,
1,Maze001,59.063,3.2500,-0.9990,3.2500,52.19,
1,Maze001,59.067,3.2500,-0.9990,3.2500,52.19,
1,Maze001,59.071,3.2500,-0.9990,3.2500,52.19,
1,Maze001,59.076,3.2500,-0.9990,3.2500,52.19,
1,Maze001,59.079,3.2500,-0.9990,3.2500,52.19,
1,Maze001,59.084,3.2500,-0.9990,3.2500,52.19,
1,Maze001,59.088,3.2500,-0.9990,3.2500,52.19,
1,Maze001,59.092,3.2500,-0.9990,3.2500,52.19,
1,Maze001,59.096,3.2500,-0.9990,3.2500,52.19,
1,Maze001,59.100,3.2500,-0.9990,3.2500,52.19,
1,Maze001,59.104,3.2500,-0.9990,3.2500,52.19,
1,Maze001,59.109,3.2500,-0.9990,3.2500,52.19,
1,Maze001,59.113,3.2500,-0.9990,3.2500,52.19,
1,Maze001,59.117,3.2500,-0.9990,3.2500,52.19,
1,Maze001,59.121,3.2500,-0.9990,3.2500,52.19,
1,Maze001,59.125,3.2500,-0.9990,3.2500,52.19,
1,Maze001,59.129,3.2500,-0.9990,3.2500,52.19,
1,Maze001,59.134,3.2500,-0.9990,3.2500,52.19,
1,Maze001,59.138,3.2500,-0.9990,3.2500,52.19,
1,Maze001,59.142,3.2500,-0.9990,3.2500,52.19,
1,Maze001,59.146,3.2500,-0.9990,3.2500,52.19,
1,Maze001,59.150,3.2500,-0.9990,3.2500,52.19,
1,Maze001,59.155,3.2500,-0.9990,3.2500,52.19,
1,Maze001,59.159,3.2500,-0.9990,3.2500,52.19,
1,Maze001,59.163,3.2500,-0.9990,3.2500,52.19,
1,Maze001,59.167,3.2500,-0.9990,3.2500,52.19,
1,Maze001,59.171,3.2500,-0.9990,3.2500,52.19,
1,Maze001,59.176,3.2500,-0.9990,3.2500,52.19,
1,Maze001,59.180,3.2500,-0.9990,3.2500,52.19,
1,Maze001,59.184,3.2500,-0.9990,3.2500,52.19,
1,Maze001,59.188,3.2500,-0.9990,3.2500,52.19,
1,Maze001,59.192,3.2500,-0.9990,3.2500,52.19,
1,Maze001,59.196,3.2500,-0.9990,3.2500,52.19,
1,Maze001,59.200,3.2500,-0.9990,3.2500,52.19,
1,Maze001,59.204,3.2500,-0.9990,3.2500,52.19,
1,Maze001,59.209,3.2500,-0.9990,3.2500,52.19,
1,Maze001,59.213,3.2500,-0.9990,3.2500,52.19,
1,Maze001,59.217,3.2500,-0.9990,3.2500,52.19,
1,Maze001,59.221,3.2500,-0.9990,3.2500,52.19,
1,Maze001,59.225,3.2500,-0.9990,3.2500,52.19,
1,Maze001,59.229,3.2500,-0.9990,3.2500,52.19,
1,Maze001,59.234,3.2500,-0.9990,3.2500,52.19,
1,Maze001,59.238,3.2500,-0.9990,3.2500,52.19,
1,Maze001,59.243,3.2500,-0.9990,3.2500,52.19,
1,Maze001,59.247,3.2500,-0.9990,3.2500,52.19,
1,Maze001,59.250,3.2500,-0.9990,3.2500,52.19,
1,Maze001,59.254,3.2500,-0.9990,3.2500,52.19,
1,Maze001,59.259,3.2500,-0.9990,3.2500,52.19,
1,Maze001,59.263,3.2500,-0.9990,3.2500,52.19,
1,Maze001,59.267,3.2500,-0.9990,3.2500,52.19,
1,Maze001,59.271,3.2500,-0.9990,3.2500,52.19,
1,Maze001,59.275,3.2500,-0.9990,3.2500,52.19,
1,Maze001,59.280,3.2500,-0.9990,3.2500,52.19,
1,Maze001,59.284,3.2500,-0.9990,3.2500,52.19,
1,Maze001,59.288,3.2500,-0.9990,3.2500,52.19,
1,Maze001,59.292,3.2500,-0.9990,3.2500,52.19,
1,Maze001,59.296,3.2500,-0.9990,3.2500,52.19,
1,Maze001,59.300,3.2500,-0.9990,3.2500,52.19,
1,Maze001,59.304,3.2500,-0.9990,3.2500,52.19,
1,Maze001,59.309,3.2500,-0.9990,3.2500,52.19,
1,Maze001,59.313,3.2500,-0.9990,3.2500,52.19,
1,Maze001,59.317,3.2500,-0.9990,3.2500,52.19,
1,Maze001,59.321,3.2500,-0.9990,3.2500,52.19,
1,Maze001,59.326,3.2500,-0.9990,3.2500,52.19,
1,Maze001,59.330,3.2500,-0.9990,3.2500,52.19,
1,Maze001,59.334,3.2500,-0.9990,3.2500,52.19,
1,Maze001,59.338,3.2500,-0.9990,3.2500,52.19,
1,Maze001,59.342,3.2500,-0.9990,3.2500,52.19,
1,Maze001,59.347,3.2500,-0.9990,3.2500,52.19,
1,Maze001,59.351,3.2500,-0.9990,3.2500,52.19,
1,Maze001,59.355,3.2500,-0.9990,3.2500,52.19,
1,Maze001,59.360,3.2500,-0.9990,3.2500,52.19,
1,Maze001,59.364,3.2500,-0.9990,3.2500,52.19,
1,Maze001,59.371,3.2500,-0.9990,3.2500,52.19,
1,Maze001,59.375,3.2500,-0.9990,3.2500,52.19,
1,Maze001,59.379,3.2500,-0.9990,3.2500,52.19,
1,Maze001,59.384,3.2500,-0.9990,3.2500,52.19,
1,Maze001,59.388,3.2500,-0.9990,3.2500,52.19,
1,Maze001,59.392,3.2500,-0.9990,3.2500,52.19,
1,Maze001,59.396,3.2500,-0.9990,3.2500,52.19,
1,Maze001,59.400,3.2500,-0.9990,3.2500,52.19,
1,Maze001,59.405,3.2500,-0.9990,3.2500,52.19,
1,Maze001,59.409,3.2500,-0.9990,3.2500,52.19,
1,Maze001,59.413,3.2500,-0.9990,3.2500,52.19,
1,Maze001,59.418,3.2500,-0.9990,3.2500,52.19,
1,Maze001,59.421,3.2500,-0.9990,3.2500,52.19,
1,Maze001,59.425,3.2500,-0.9990,3.2500,52.19,
1,Maze001,59.429,3.2500,-0.9990,3.2500,52.19,
1,Maze001,59.433,3.2500,-0.9990,3.2500,52.19,
1,Maze001,59.438,3.2500,-0.9990,3.2500,52.19,
1,Maze001,59.442,3.2500,-0.9990,3.2500,52.19,
1,Maze001,59.446,3.2500,-0.9990,3.2500,52.19,
1,Maze001,59.450,3.2500,-0.9990,3.2500,52.19,
1,Maze001,59.454,3.2500,-0.9990,3.2500,52.19,
1,Maze001,59.458,3.2500,-0.9990,3.2500,52.19,
1,Maze001,59.463,3.2500,-0.9990,3.2500,52.19,
1,Maze001,59.467,3.2500,-0.9990,3.2500,52.19,
1,Maze001,59.471,3.2500,-0.9990,3.2500,52.19,
1,Maze001,59.476,3.2500,-0.9990,3.2500,52.19,
1,Maze001,59.480,3.2500,-0.9990,3.2500,52.19,
1,Maze001,59.484,3.2500,-0.9990,3.2500,52.19,
1,Maze001,59.488,3.2500,-0.9990,3.2500,52.19,
1,Maze001,59.492,3.2500,-0.9990,3.2500,52.19,
1,Maze001,59.497,3.2500,-0.9990,3.2500,52.19,
1,Maze001,59.500,3.2500,-0.9990,3.2500,52.19,
1,Maze001,59.504,3.2500,-0.9990,3.2500,52.19,
1,Maze001,59.510,3.2500,-0.9990,3.2500,52.19,
1,Maze001,59.514,3.2500,-0.9990,3.2500,52.19,
1,Maze001,59.517,3.2500,-0.9990,3.2500,52.19,
1,Maze001,59.521,3.2500,-0.9990,3.2500,52.19,
1,Maze001,59.525,3.2500,-0.9990,3.2500,52.19,
1,Maze001,59.529,3.2500,-0.9990,3.2500,52.19,
1,Maze001,59.533,3.2500,-0.9990,3.2500,52.19,
1,Maze001,59.538,3.2500,-0.9990,3.2500,52.19,
1,Maze001,59.542,3.2500,-0.9990,3.2500,52.19,
1,Maze001,59.546,3.2500,-0.9990,3.2500,52.19,
1,Maze001,59.550,3.2500,-0.9990,3.2500,52.19,
1,Maze001,59.555,3.2500,-0.9990,3.2500,52.19,
1,Maze001,59.559,3.2500,-0.9990,3.2500,52.19,
1,Maze001,59.563,3.2500,-0.9990,3.2500,52.19,
1,Maze001,59.567,3.2500,-0.9990,3.2500,52.19,
1,Maze001,59.573,3.2500,-0.9990,3.2500,52.19,
1,Maze001,59.576,3.2500,-0.9990,3.2500,52.19,
1,Maze001,59.579,3.2500,-0.9990,3.2500,52.19,
1,Maze001,59.584,3.2500,-0.9990,3.2500,52.19,
1,Maze001,59.588,3.2500,-0.9990,3.2500,52.19,
1,Maze001,59.592,3.2500,-0.9990,3.2500,52.19,
1,Maze001,59.596,3.2500,-0.9990,3.2500,52.19,
1,Maze001,59.601,3.2500,-0.9990,3.2500,52.19,
1,Maze001,59.604,3.2500,-0.9990,3.2500,52.19,
1,Maze001,59.608,3.2500,-0.9990,3.2500,52.19,
1,Maze001,59.613,3.2500,-0.9990,3.2500,52.19,
1,Maze001,59.617,3.2500,-0.9990,3.2500,52.19,
1,Maze001,59.621,3.2500,-0.9990,3.2500,52.19,
1,Maze001,59.626,3.2500,-0.9990,3.2500,52.19,
1,Maze001,59.630,3.2500,-0.9990,3.2500,52.19,
1,Maze001,59.634,3.2500,-0.9990,3.2500,52.19,
1,Maze001,59.638,3.2500,-0.9990,3.2500,52.19,
1,Maze001,59.642,3.2500,-0.9990,3.2500,52.19,
1,Maze001,59.646,3.2500,-0.9990,3.2500,52.19,
1,Maze001,59.651,3.2500,-0.9990,3.2500,52.19,
1,Maze001,59.654,3.2500,-0.9990,3.2500,52.19,
1,Maze001,59.658,3.2500,-0.9990,3.2500,52.19,
1,Maze001,59.663,3.2500,-0.9990,3.2500,52.19,
1,Maze001,59.667,3.2500,-0.9990,3.2500,52.19,
1,Maze001,59.672,3.2500,-0.9990,3.2500,52.19,
1,Maze001,59.675,3.2500,-0.9990,3.2500,52.19,
1,Maze001,59.679,3.2500,-0.9990,3.2500,52.19,
1,Maze001,59.684,3.2500,-0.9990,3.2500,52.19,
1,Maze001,59.688,3.2500,-0.9990,3.2500,52.19,
1,Maze001,59.692,3.2500,-0.9990,3.2500,52.19,
1,Maze001,59.696,3.2500,-0.9990,3.2500,52.19,
1,Maze001,59.700,3.2500,-0.9990,3.2500,52.19,
1,Maze001,59.704,3.2500,-0.9990,3.2500,52.19,
1,Maze001,59.709,3.2500,-0.9990,3.2500,52.19,
1,Maze001,59.714,3.2500,-0.9990,3.2500,52.19,
1,Maze001,59.717,3.2500,-0.9990,3.2500,52.19,
1,Maze001,59.721,3.2500,-0.9990,3.2500,52.19,
1,Maze001,59.725,3.2500,-0.9990,3.2500,52.19,
1,Maze001,59.729,3.2500,-0.9990,3.2500,52.19,
1,Maze001,59.733,3.2500,-0.9990,3.2500,52.19,
1,Maze001,59.738,3.2500,-0.9990,3.2500,52.19,
1,Maze001,59.742,3.2500,-0.9990,3.2500,52.19,
1,Maze001,59.746,3.2500,-0.9990,3.2500,52.19,
1,Maze001,59.750,3.2500,-0.9990,3.2500,52.19,
1,Maze001,59.754,3.2500,-0.9990,3.2500,52.19,
1,Maze001,59.758,3.2500,-0.9990,3.2500,52.19,
1,Maze001,59.763,3.2500,-0.9990,3.2500,52.19,
1,Maze001,59.767,3.2500,-0.9990,3.2500,52.19,
1,Maze001,59.771,3.2500,-0.9990,3.2500,52.19,
1,Maze001,59.775,3.2500,-0.9990,3.2500,52.19,
1,Maze001,59.780,3.2500,-0.9990,3.2500,52.19,
1,Maze001,59.783,3.2500,-0.9990,3.2500,52.19,
1,Maze001,59.788,3.2500,-0.9990,3.2500,52.19,
1,Maze001,59.792,3.2500,-0.9990,3.2500,52.19,
1,Maze001,59.796,3.2500,-0.9990,3.2500,52.19,
1,Maze001,59.800,3.2500,-0.9990,3.2500,52.19,
1,Maze001,59.805,3.2500,-0.9990,3.2500,52.19,
1,Maze001,59.809,3.2500,-0.9990,3.2500,52.19,
1,Maze001,59.813,3.2500,-0.9990,3.2500,52.19,
1,Maze001,59.817,3.2500,-0.9990,3.2500,52.19,
1,Maze001,59.821,3.2500,-0.9990,3.2500,52.19,
1,Maze001,59.825,3.2500,-0.9990,3.2500,52.19,
1,Maze001,59.831,3.2500,-0.9990,3.2500,52.19,
1,Maze001,59.834,3.2500,-0.9990,3.2500,52.19,
1,Maze001,59.838,3.2500,-0.9990,3.2500,52.19,
1,Maze001,59.842,3.2500,-0.9990,3.2500,52.19,
1,Maze001,59.846,3.2500,-0.9990,3.2500,52.19,
1,Maze001,59.850,3.2500,-0.9990,3.2500,52.19,
1,Maze001,59.855,3.2500,-0.9990,3.2500,52.19,
1,Maze001,59.859,3.2500,-0.9990,3.2500,52.19,
1,Maze001,59.863,3.2500,-0.9990,3.2500,52.19,
1,Maze001,59.867,3.2500,-0.9990,3.2500,52.19,
1,Maze001,59.871,3.2500,-0.9990,3.2500,52.19,
1,Maze001,59.875,3.2500,-0.9990,3.2500,52.19,
1,Maze001,59.881,3.2500,-0.9990,3.2500,52.19,
1,Maze001,59.885,3.2500,-0.9990,3.2500,52.19,
1,Maze001,59.888,3.2500,-0.9990,3.2500,52.19,
1,Maze001,59.892,3.2500,-0.9990,3.2500,52.19,
1,Maze001,59.896,3.2500,-0.9990,3.2500,52.19,
1,Maze001,59.900,3.2500,-0.9990,3.2500,52.19,
1,Maze001,59.904,3.2500,-0.9990,3.2500,52.19,
1,Maze001,59.909,3.2500,-0.9990,3.2500,52.19,
1,Maze001,59.913,3.2500,-0.9990,3.2500,52.19,
1,Maze001,59.917,3.2500,-0.9990,3.2500,52.19,
1,Maze001,59.921,3.2500,-0.9990,3.2500,52.19,
1,Maze001,59.925,3.2500,-0.9990,3.2500,52.19,
1,Maze001,59.929,3.2500,-0.9990,3.2500,52.19,
1,Maze001,59.933,3.2500,-0.9990,3.2500,52.19,
1,Maze001,59.938,3.2500,-0.9990,3.2500,52.19,
1,Maze001,59.942,3.2500,-0.9990,3.2500,52.19,
1,Maze001,59.946,3.2500,-0.9990,3.2500,52.19,
1,Maze001,59.950,3.2500,-0.9990,3.2500,52.19,
1,Maze001,59.954,3.2500,-0.9990,3.2500,52.19,
1,Maze001,59.959,3.2500,-0.9990,3.2500,52.19,
1,Maze001,59.963,3.2500,-0.9990,3.2500,52.19,
1,Maze001,59.967,3.2500,-0.9990,3.2500,52.19,
1,Maze001,59.971,3.2500,-0.9990,3.2500,52.19,
1,Maze001,59.975,3.2500,-0.9990,3.2500,52.19,
1,Maze001,59.980,3.2500,-0.9990,3.2500,52.19,
1,Maze001,59.984,3.2500,-0.9990,3.2500,52.19,
1,Maze001,59.988,3.2500,-0.9990,3.2500,52.19,
1,Maze001,59.992,3.2500,-0.9990,3.2500,52.19,
1,Maze001,59.996,3.2500,-0.9990,3.2500,52.19,
1,Maze001,60.000,3.2500,-0.9990,3.2500,52.19,
1,Maze001,60.004,3.2500,-0.9990,3.2500,52.19,
1,Maze001,60.009,3.2500,-0.9990,3.2500,52.19,
1,Maze001,60.013,3.2500,-0.9990,3.2500,52.19,
1,Maze001,60.017,3.2500,-0.9990,3.2500,52.19,
1,Maze001,60.021,3.2500,-0.9990,3.2500,52.19,
1,Maze001,60.025,3.2500,-0.9990,3.2500,52.19,
1,Maze001,60.030,3.2500,-0.9990,3.2500,52.19,
1,Maze001,60.034,3.2500,-0.9990,3.2500,52.19,
1,Maze001,60.038,3.2500,-0.9990,3.2500,52.19,
1,Maze001,60.043,3.2500,-0.9990,3.2500,52.19,
1,Maze001,60.048,3.2500,-0.9990,3.2500,52.19,
1,Maze001,60.051,3.2500,-0.9990,3.2500,52.19,
1,Maze001,60.054,3.2500,-0.9990,3.2500,52.19,
1,Maze001,60.059,3.2500,-0.9990,3.2500,52.19,
1,Maze001,60.063,3.2500,-0.9990,3.2500,52.19,
1,Maze001,60.067,3.2500,-0.9990,3.2500,52.19,
1,Maze001,60.071,3.2500,-0.9990,3.2500,52.19,
1,Maze001,60.075,3.2500,-0.9990,3.2500,52.19,
1,Maze001,60.079,3.2500,-0.9990,3.2500,52.19,
1,Maze001,60.084,3.2500,-0.9990,3.2500,52.19,
1,Maze001,60.088,3.2500,-0.9990,3.2500,52.19,
1,Maze001,60.092,3.2500,-0.9990,3.2500,52.19,
1,Maze001,60.096,3.2500,-0.9990,3.2500,52.19,
1,Maze001,60.100,3.2500,-0.9990,3.2500,52.19,
1,Maze001,60.104,3.2500,-0.9990,3.2500,52.19,
1,Maze001,60.109,3.2500,-0.9990,3.2500,52.19,
1,Maze001,60.113,3.2500,-0.9990,3.2500,52.19,
1,Maze001,60.117,3.2500,-0.9990,3.2500,52.19,
1,Maze001,60.121,3.2500,-0.9990,3.2500,52.19,
1,Maze001,60.125,3.2500,-0.9990,3.2500,52.19,
1,Maze001,60.129,3.2500,-0.9990,3.2500,52.19,
1,Maze001,60.133,3.2500,-0.9990,3.2500,52.19,
1,Maze001,60.138,3.2500,-0.9990,3.2500,52.19,
1,Maze001,60.142,3.2500,-0.9990,3.2500,52.19,
1,Maze001,60.146,3.2500,-0.9990,3.2500,52.19,
1,Maze001,60.150,3.2500,-0.9990,3.2500,52.19,
1,Maze001,60.155,3.2500,-0.9990,3.2500,52.19,
1,Maze001,60.158,3.2500,-0.9990,3.2500,52.19,
1,Maze001,60.163,3.2500,-0.9990,3.2500,52.19,
1,Maze001,60.167,3.2500,-0.9990,3.2500,52.19,
1,Maze001,60.171,3.2500,-0.9990,3.2500,52.19,
1,Maze001,60.175,3.2500,-0.9990,3.2500,52.19,
1,Maze001,60.179,3.2500,-0.9990,3.2500,52.19,
1,Maze001,60.183,3.2500,-0.9990,3.2500,52.19,
1,Maze001,60.188,3.2500,-0.9990,3.2500,52.19,
1,Maze001,60.192,3.2500,-0.9990,3.2500,52.19,
1,Maze001,60.196,3.2500,-0.9990,3.2500,52.19,
1,Maze001,60.200,3.2500,-0.9990,3.2500,52.19,
1,Maze001,60.204,3.2500,-0.9990,3.2500,52.19,
1,Maze001,60.208,3.2500,-0.9990,3.2500,52.19,
1,Maze001,60.213,3.2500,-0.9990,3.2500,52.19,
1,Maze001,60.217,3.2500,-0.9990,3.2500,52.19,
1,Maze001,60.221,3.2500,-0.9990,3.2500,52.19,
1,Maze001,60.225,3.2500,-0.9990,3.2500,52.19,
1,Maze001,60.230,3.2500,-0.9990,3.2500,52.19,
1,Maze001,60.234,3.2500,-0.9990,3.2500,52.19,
1,Maze001,60.238,3.2500,-0.9990,3.2500,52.19,
1,Maze001,60.242,3.2500,-0.9990,3.2500,52.19,
1,Maze001,60.246,3.2500,-0.9990,3.2500,52.19,
1,Maze001,60.250,3.2500,-0.9990,3.2500,52.19,
1,Maze001,60.254,3.2500,-0.9990,3.2500,52.19,
1,Maze001,60.258,3.2500,-0.9990,3.2500,52.19,
1,Maze001,60.263,3.2500,-0.9990,3.2500,52.19,
1,Maze001,60.267,3.2500,-0.9990,3.2500,52.19,
1,Maze001,60.271,3.2500,-0.9990,3.2500,52.19,
1,Maze001,60.275,3.2500,-0.9990,3.2500,52.19,
1,Maze001,60.279,3.2500,-0.9990,3.2500,52.19,
1,Maze001,60.283,3.2500,-0.9990,3.2500,52.19,
1,Maze001,60.288,3.2500,-0.9990,3.2500,52.19,
1,Maze001,60.292,3.2500,-0.9990,3.2500,52.19,
1,Maze001,60.296,3.2500,-0.9990,3.2500,52.19,
1,Maze001,60.300,3.2500,-0.9990,3.2500,52.19,
1,Maze001,60.304,3.2500,-0.9990,3.2500,52.19,
1,Maze001,60.308,3.2500,-0.9990,3.2500,52.19,
1,Maze001,60.313,3.2500,-0.9990,3.2500,52.19,
1,Maze001,60.317,3.2500,-0.9990,3.2500,52.19,
1,Maze001,60.321,3.2500,-0.9990,3.2500,52.19,
1,Maze001,60.326,3.2500,-0.9990,3.2500,52.19,
1,Maze001,60.329,3.2500,-0.9990,3.2500,52.19,
1,Maze001,60.334,3.2500,-0.9990,3.2500,52.19,
1,Maze001,60.338,3.2500,-0.9990,3.2500,52.19,
1,Maze001,60.342,3.2500,-0.9990,3.2500,52.19,
1,Maze001,60.346,3.2500,-0.9990,3.2500,52.19,
1,Maze001,60.351,3.2500,-0.9990,3.2500,52.19,
1,Maze001,60.354,3.2500,-0.9990,3.2500,52.19,
1,Maze001,60.358,3.2500,-0.9990,3.2500,52.19,
1,Maze001,60.363,3.2500,-0.9990,3.2500,52.19,
1,Maze001,60.367,3.2500,-0.9990,3.2500,52.19,
1,Maze001,60.371,3.2500,-0.9990,3.2500,52.19,
1,Maze001,60.375,3.2500,-0.9990,3.2500,52.19,
1,Maze001,60.380,3.2500,-0.9990,3.2500,52.19,
1,Maze001,60.383,3.2500,-0.9990,3.2500,52.19,
1,Maze001,60.388,3.2500,-0.9990,3.2500,52.19,
1,Maze001,60.392,3.2500,-0.9990,3.2500,52.19,
1,Maze001,60.396,3.2500,-0.9990,3.2500,52.19,
1,Maze001,60.400,3.2500,-0.9990,3.2500,52.19,
1,Maze001,60.404,3.2500,-0.9990,3.2500,52.19,
1,Maze001,60.408,3.2500,-0.9990,3.2500,52.19,
1,Maze001,60.412,3.2500,-0.9990,3.2500,52.19,
1,Maze001,60.417,3.2500,-0.9990,3.2500,52.19,
1,Maze001,60.421,3.2500,-0.9990,3.2500,52.19,
1,Maze001,60.425,3.2500,-0.9990,3.2500,52.19,
1,Maze001,60.430,3.2500,-0.9990,3.2500,52.19,
1,Maze001,60.433,3.2500,-0.9990,3.2500,52.19,
1,Maze001,60.438,3.2500,-0.9990,3.2500,52.19,
1,Maze001,60.442,3.2500,-0.9990,3.2500,52.19,
1,Maze001,60.446,3.2500,-0.9990,3.2500,52.19,
1,Maze001,60.450,3.2500,-0.9990,3.2500,52.19,
1,Maze001,60.454,3.2500,-0.9990,3.2500,52.19,
1,Maze001,60.459,3.2500,-0.9990,3.2500,52.19,
1,Maze001,60.463,3.2500,-0.9990,3.2500,52.19,
1,Maze001,60.467,3.2500,-0.9990,3.2500,52.19,
1,Maze001,60.471,3.2500,-0.9990,3.2500,52.19,
1,Maze001,60.475,3.2500,-0.9990,3.2500,52.19,
1,Maze001,60.480,3.2500,-0.9990,3.2500,52.19,
1,Maze001,60.484,3.2500,-0.9990,3.2500,52.19,
1,Maze001,60.488,3.2500,-0.9990,3.2500,52.19,
1,Maze001,60.492,3.2500,-0.9990,3.2500,52.19,
1,Maze001,60.496,3.2500,-0.9990,3.2500,52.19,
1,Maze001,60.500,3.2500,-0.9990,3.2500,52.19,
1,Maze001,60.504,3.2500,-0.9990,3.2500,52.19,
1,Maze001,60.509,3.2500,-0.9990,3.2500,52.19,
1,Maze001,60.513,3.2500,-0.9990,3.2500,52.45,
1,Maze001,60.517,3.2500,-0.9990,3.2500,52.45,
1,Maze001,60.521,3.2500,-0.9990,3.2500,52.97,
1,Maze001,60.526,3.2500,-0.9990,3.2500,53.70,
1,Maze001,60.530,3.2500,-0.9990,3.2500,53.70,
1,Maze001,60.534,3.2500,-0.9990,3.2500,54.48,
1,Maze001,60.538,3.2500,-0.9990,3.2500,54.48,
1,Maze001,60.542,3.2500,-0.9990,3.2500,55.31,
1,Maze001,60.546,3.2500,-0.9990,3.2500,56.61,
1,Maze001,60.551,3.2500,-0.9990,3.2500,56.61,
1,Maze001,60.555,3.2500,-0.9990,3.2500,57.81,
1,Maze001,60.558,3.2500,-0.9990,3.2500,57.81,
1,Maze001,60.563,3.2500,-0.9990,3.2500,57.81,
1,Maze001,60.567,3.2500,-0.9990,3.2500,57.81,
1,Maze001,60.571,3.2500,-0.9990,3.2500,62.08,
1,Maze001,60.575,3.2500,-0.9990,3.2500,63.70,
1,Maze001,60.579,3.2500,-0.9990,3.2500,63.70,
1,Maze001,60.584,3.2500,-0.9990,3.2500,65.52,
1,Maze001,60.588,3.2500,-0.9990,3.2500,65.52,
1,Maze001,60.592,3.2500,-0.9990,3.2500,67.34,
1,Maze001,60.596,3.2500,-0.9990,3.2500,69.53,
1,Maze001,60.600,3.2500,-0.9990,3.2500,69.53,
1,Maze001,60.604,3.2500,-0.9990,3.2500,71.61,
1,Maze001,60.609,3.2500,-0.9990,3.2500,71.61,
1,Maze001,60.613,3.2500,-0.9990,3.2500,73.54,
1,Maze001,60.617,3.2500,-0.9990,3.2500,73.54,
1,Maze001,60.621,3.2500,-0.9990,3.2500,75.78,
1,Maze001,60.625,3.2500,-0.9990,3.2500,77.92,
1,Maze001,60.629,3.2500,-0.9990,3.2500,77.92,
1,Maze001,60.633,3.2500,-0.9990,3.2500,79.90,
1,Maze001,60.638,3.2500,-0.9990,3.2500,79.90,
1,Maze001,60.642,3.2500,-0.9990,3.2500,81.82,
1,Maze001,60.646,3.2500,-0.9990,3.2500,82.97,
1,Maze001,60.650,3.2500,-0.9990,3.2500,82.97,
1,Maze001,60.654,3.2500,-0.9990,3.2500,83.70,
1,Maze001,60.659,3.2500,-0.9990,3.2500,83.70,
1,Maze001,60.663,3.2500,-0.9990,3.2500,84.22,
1,Maze001,60.667,3.2500,-0.9990,3.2500,84.22,
1,Maze001,60.671,3.2500,-0.9990,3.2500,84.43,
1,Maze001,60.675,3.2500,-0.9990,3.2500,84.58,
1,Maze001,60.679,3.2500,-0.9990,3.2500,84.58,
1,Maze001,60.684,3.2500,-0.9990,3.2500,84.64,
1,Maze001,60.688,3.2500,-0.9990,3.2500,84.64,
1,Maze001,60.692,3.2500,-0.9990,3.2500,84.69,
1,Maze001,60.696,3.2500,-0.9990,3.2500,84.69,
1,Maze001,60.700,3.2500,-0.9990,3.2500,84.69,
1,Maze001,60.704,3.2500,-0.9990,3.2500,84.74,
1,Maze001,60.708,3.2500,-0.9990,3.2500,84.74,
1,Maze001,60.713,3.2500,-0.9990,3.2500,84.74,
1,Maze001,60.717,3.2500,-0.9990,3.2500,84.74,
1,Maze001,60.721,3.2500,-0.9990,3.2500,84.74,
1,Maze001,60.726,3.2500,-0.9990,3.2500,84.69,
1,Maze001,60.729,3.2500,-0.9990,3.2500,84.69,
1,Maze001,60.734,3.2500,-0.9990,3.2500,84.58,
1,Maze001,60.737,3.2500,-0.9990,3.2500,84.58,
1,Maze001,60.742,3.2500,-0.9990,3.2500,84.53,
1,Maze001,60.746,3.2500,-0.9990,3.2500,84.43,
1,Maze001,60.750,3.2500,-0.9990,3.2500,84.43,
1,Maze001,60.755,3.2500,-0.9990,3.2500,84.43,
1,Maze001,60.759,3.2500,-0.9990,3.2500,84.43,
1,Maze001,60.763,3.2500,-0.9990,3.2500,84.53,
1,Maze001,60.767,3.2500,-0.9990,3.2500,84.53,
1,Maze001,60.771,3.2500,-0.9990,3.2500,84.74,
1,Maze001,60.775,3.2500,-0.9990,3.2500,84.95,
1,Maze001,60.779,3.2500,-0.9990,3.2500,84.95,
1,Maze001,60.783,3.2500,-0.9990,3.2500,85.31,
1,Maze001,60.788,3.2500,-0.9990,3.2500,85.31,
1,Maze001,60.792,3.2500,-0.9990,3.2500,85.57,
1,Maze001,60.796,3.2500,-0.9990,3.2500,85.94,
1,Maze001,60.800,3.2500,-0.9990,3.2500,85.94,
1,Maze001,60.804,3.2500,-0.9990,3.2500,86.15,
1,Maze001,60.808,3.2500,-0.9990,3.2500,86.15,
1,Maze001,60.813,3.2500,-0.9990,3.2500,86.35,
1,Maze001,60.817,3.2500,-0.9990,3.2500,86.51,
1,Maze001,60.821,3.2500,-0.9990,3.2500,86.51,
1,Maze001,60.825,3.2500,-0.9990,3.2500,86.61,
1,Maze001,60.829,3.2500,-0.9990,3.2500,86.61,
1,Maze001,60.833,3.2500,-0.9990,3.2500,86.72,
1,Maze001,60.838,3.2500,-0.9990,3.2500,86.72,
1,Maze001,60.842,3.2500,-0.9990,3.2500,86.72,
1,Maze001,60.846,3.2500,-0.9990,3.2500,86.72,
1,Maze001,60.850,3.2500,-0.9990,3.2500,86.72,
1,Maze001,60.854,3.2500,-0.9990,3.2500,86.72,
1,Maze001,60.858,3.2500,-0.9990,3.2500,86.72,
1,Maze001,60.863,3.2500,-0.9990,3.2500,86.61,
1,Maze001,60.867,3.2500,-0.9990,3.2500,86.56,
1,Maze001,60.871,3.2500,-0.9990,3.2500,86.56,
1,Maze001,60.875,3.2500,-0.9990,3.2500,86.56,
1,Maze001,60.879,3.2500,-0.9990,3.2500,86.56,
1,Maze001,60.884,3.2500,-0.9990,3.2500,85.68,
1,Maze001,60.887,3.2500,-0.9990,3.2500,85.68,
1,Maze001,60.892,3.2500,-0.9990,3.2500,84.95,
1,Maze001,60.896,3.2500,-0.9990,3.2500,84.01,
1,Maze001,60.900,3.2500,-0.9990,3.2500,84.01,
1,Maze001,60.904,3.2500,-0.9990,3.2500,82.81,
1,Maze001,60.908,3.2500,-0.9990,3.2500,82.81,
1,Maze001,60.913,3.2500,-0.9990,3.2500,80.99,
1,Maze001,60.917,3.2500,-0.9990,3.2500,79.64,
1,Maze001,60.921,3.2500,-0.9990,3.2500,79.64,
1,Maze001,60.925,3.2500,-0.9990,3.2500,78.02,
1,Maze001,60.929,3.2500,-0.9990,3.2500,78.02,
1,Maze001,60.933,3.2500,-0.9990,3.2500,76.09,
1,Maze001,60.938,3.2500,-0.9990,3.2500,74.22,
1,Maze001,60.942,3.2500,-0.9990,3.2500,74.22,
1,Maze001,60.946,3.2500,-0.9990,3.2500,73.07,
1,Maze001,60.950,3.2500,-0.9990,3.2500,73.07,
1,Maze001,60.954,3.2500,-0.9990,3.2500,71.98,
1,Maze001,60.958,3.2500,-0.9990,3.2500,71.98,
1,Maze001,60.963,3.2500,-0.9990,3.2500,70.83,
1,Maze001,60.967,3.2500,-0.9990,3.2500,69.64,
1,Maze001,60.971,3.2500,-0.9990,3.2500,69.64,
1,Maze001,60.975,3.2500,-0.9990,3.2500,68.65,
1,Maze001,60.979,3.2500,-0.9990,3.2500,68.65,
1,Maze001,60.984,3.2500,-0.9990,3.2500,67.86,
1,Maze001,60.988,3.2500,-0.9990,3.2500,67.24,
1,Maze001,60.992,3.2500,-0.9990,3.2500,67.24,
1,Maze001,60.996,3.2500,-0.9990,3.2500,66.82,
1,Maze001,61.000,3.2500,-0.9990,3.2500,66.82,
1,Maze001,61.005,3.2500,-0.9990,3.2500,66.35,
1,Maze001,61.008,3.2500,-0.9990,3.2500,65.94,
1,Maze001,61.013,3.2500,-0.9990,3.2500,65.94,
1,Maze001,61.017,3.2500,-0.9990,3.2500,65.42,
1,Maze001,61.021,3.2500,-0.9990,3.2500,65.42,
1,Maze001,61.025,3.2500,-0.9990,3.2500,65.00,
1,Maze001,61.029,3.2500,-0.9990,3.2500,65.00,
1,Maze001,61.034,3.2500,-0.9990,3.2500,64.64,
1,Maze001,61.038,3.2500,-0.9990,3.2500,64.64,
1,Maze001,61.042,3.2500,-0.9990,3.2500,64.11,
1,Maze001,61.046,3.2500,-0.9990,3.2500,63.75,
1,Maze001,61.051,3.2500,-0.9990,3.2500,63.75,
1,Maze001,61.055,3.2500,-0.9990,3.2500,63.39,
1,Maze001,61.058,3.2500,-0.9990,3.2500,63.02,
1,Maze001,61.063,3.2500,-0.9990,3.2500,63.02,
1,Maze001,61.067,3.2500,-0.9990,3.2500,62.71,
1,Maze001,61.071,3.2500,-0.9990,3.2500,62.71,
1,Maze001,61.075,3.2500,-0.9990,3.2500,62.29,
1,Maze001,61.079,3.2500,-0.9990,3.2500,62.29,
1,Maze001,61.083,3.2500,-0.9990,3.2500,61.88,
1,Maze001,61.088,3.2500,-0.9990,3.2500,61.51,
1,Maze001,61.092,3.2500,-0.9990,3.2500,61.51,
1,Maze001,61.097,3.2500,-0.9990,3.2500,61.04,
1,Maze001,61.100,3.2500,-0.9990,3.2500,61.04,
1,Maze001,61.104,3.2500,-0.9990,3.2500,61.04,
1,Maze001,61.109,3.2500,-0.9990,3.2500,61.04,
1,Maze001,61.113,3.2500,-0.9990,3.2500,60.16,
1,Maze001,61.117,3.2500,-0.9990,3.2500,59.64,
1,Maze001,61.121,3.2500,-0.9990,3.2500,59.64,
1,Maze001,61.125,3.2500,-0.9990,3.2500,59.38,
1,Maze001,61.129,3.2500,-0.9990,3.2500,59.38,
1,Maze001,61.134,3.2500,-0.9990,3.2500,59.38,
1,Maze001,61.138,3.2500,-0.9990,3.2500,58.65,
1,Maze001,61.142,3.2500,-0.9990,3.2500,58.65,
1,Maze001,61.146,3.2500,-0.9990,3.2500,58.49,
1,Maze001,61.150,3.2500,-0.9990,3.2500,58.49,
1,Maze001,61.154,3.2500,-0.9990,3.2500,58.33,
1,Maze001,61.158,3.2500,-0.9990,3.2500,58.28,
1,Maze001,61.163,3.2500,-0.9990,3.2500,58.28,
1,Maze001,61.167,3.2500,-0.9990,3.2500,58.23,
1,Maze001,61.171,3.2500,-0.9990,3.2500,58.23,
1,Maze001,61.175,3.2500,-0.9990,3.2500,58.23,
1,Maze001,61.179,3.2500,-0.9990,3.2500,58.23,
1,Maze001,61.183,3.2500,-0.9990,3.2500,58.23,
1,Maze001,61.188,3.2500,-0.9990,3.2500,58.23,
1,Maze001,61.192,3.2500,-0.9990,3.2500,58.23,
1,Maze001,61.196,3.2500,-0.9990,3.2500,58.23,
1,Maze001,61.200,3.2500,-0.9990,3.2500,58.23,
1,Maze001,61.204,3.2500,-0.9990,3.2500,58.23,
1,Maze001,61.209,3.2500,-0.9990,3.2500,58.23,
1,Maze001,61.213,3.2500,-0.9990,3.2500,58.23,
1,Maze001,61.217,3.2500,-0.9990,3.2500,58.23,
1,Maze001,61.221,3.2500,-0.9990,3.2500,58.23,
1,Maze001,61.226,3.2500,-0.9990,3.2500,58.23,
1,Maze001,61.229,3.2500,-0.9990,3.2500,58.23,
1,Maze001,61.234,3.2500,-0.9990,3.2500,58.23,
1,Maze001,61.238,3.2500,-0.9990,3.2500,58.23,
1,Maze001,61.242,3.2500,-0.9990,3.2500,58.23,
1,Maze001,61.246,3.2500,-0.9990,3.2500,58.23,
1,Maze001,61.250,3.2500,-0.9990,3.2500,58.23,
1,Maze001,61.254,3.2500,-0.9990,3.2500,58.23,
1,Maze001,61.258,3.2500,-0.9990,3.2500,58.23,
1,Maze001,61.262,3.2500,-0.9990,3.2500,58.23,
1,Maze001,61.267,3.2500,-0.9990,3.2500,58.23,
1,Maze001,61.271,3.2500,-0.9990,3.2500,58.23,
1,Maze001,61.275,3.2500,-0.9990,3.2500,58.23,
1,Maze001,61.279,3.2500,-0.9990,3.2500,58.23,
1,Maze001,61.283,3.2500,-0.9990,3.2500,58.23,
1,Maze001,61.287,3.2500,-0.9990,3.2500,58.23,
1,Maze001,61.292,3.2500,-0.9990,3.2500,58.23,
1,Maze001,61.296,3.2500,-0.9990,3.2500,58.23,
1,Maze001,61.300,3.2500,-0.9990,3.2500,58.23,
1,Maze001,61.304,3.2500,-0.9990,3.2500,58.23,
1,Maze001,61.308,3.2500,-0.9990,3.2500,58.23,
1,Maze001,61.312,3.2500,-0.9990,3.2500,58.23,
1,Maze001,61.317,3.2500,-0.9990,3.2500,58.23,
1,Maze001,61.321,3.2500,-0.9990,3.2500,58.23,
1,Maze001,61.325,3.2500,-0.9990,3.2500,58.23,
1,Maze001,61.330,3.2500,-0.9990,3.2500,58.23,
1,Maze001,61.334,3.2500,-0.9990,3.2500,58.23,
1,Maze001,61.337,3.2500,-0.9990,3.2500,58.23,
1,Maze001,61.342,3.2500,-0.9990,3.2500,58.23,
1,Maze001,61.346,3.2500,-0.9990,3.2500,58.23,
1,Maze001,61.351,3.2500,-0.9990,3.2500,58.23,
1,Maze001,61.354,3.2500,-0.9990,3.2500,58.23,
1,Maze001,61.358,3.2500,-0.9990,3.2500,58.23,
1,Maze001,61.363,3.2500,-0.9990,3.2500,58.23,
1,Maze001,61.367,3.2500,-0.9990,3.2500,58.23,
1,Maze001,61.371,3.2500,-0.9990,3.2500,58.23,
1,Maze001,61.375,3.2500,-0.9990,3.2500,58.23,
1,Maze001,61.379,3.2500,-0.9990,3.2500,58.23,
1,Maze001,61.383,3.2500,-0.9990,3.2500,58.23,
1,Maze001,61.387,3.2500,-0.9990,3.2500,58.23,
1,Maze001,61.392,3.2500,-0.9990,3.2500,58.23,
1,Maze001,61.396,3.2500,-0.9990,3.2500,58.23,
1,Maze001,61.400,3.2500,-0.9990,3.2500,58.23,
1,Maze001,61.404,3.2500,-0.9990,3.2500,58.23,
1,Maze001,61.409,3.2500,-0.9990,3.2500,58.23,
1,Maze001,61.412,3.2500,-0.9990,3.2500,58.23,
1,Maze001,61.417,3.2500,-0.9990,3.2500,58.23,
1,Maze001,61.421,3.2500,-0.9990,3.2500,58.23,
1,Maze001,61.425,3.2500,-0.9990,3.2500,58.23,
1,Maze001,61.429,3.2500,-0.9990,3.2500,58.23,
1,Maze001,61.434,3.2500,-0.9990,3.2500,58.23,
1,Maze001,61.438,3.2500,-0.9990,3.2500,58.23,
1,Maze001,61.442,3.2500,-0.9990,3.2500,58.23,
1,Maze001,61.446,3.2500,-0.9990,3.2500,58.23,
1,Maze001,61.450,3.2500,-0.9990,3.2500,58.23,
1,Maze001,61.455,3.2500,-0.9990,3.2500,58.23,
1,Maze001,61.458,3.2500,-0.9990,3.2500,58.23,
1,Maze001,61.462,3.2500,-0.9990,3.2500,58.23,
1,Maze001,61.467,3.2500,-0.9990,3.2500,58.23,
1,Maze001,61.472,3.2500,-0.9990,3.2500,58.23,
1,Maze001,61.475,3.2500,-0.9990,3.2500,58.23,
1,Maze001,61.479,3.2500,-0.9990,3.2500,58.23,
1,Maze001,61.483,3.2500,-0.9990,3.2500,58.23,
1,Maze001,61.488,3.2500,-0.9990,3.2500,58.23,
1,Maze001,61.492,3.2500,-0.9990,3.2500,58.23,
1,Maze001,61.496,3.2500,-0.9990,3.2500,58.23,
1,Maze001,61.500,3.2500,-0.9990,3.2500,58.23,
1,Maze001,61.504,3.2500,-0.9990,3.2500,58.23,
1,Maze001,61.509,3.2500,-0.9990,3.2500,58.23,
1,Maze001,61.513,3.2500,-0.9990,3.2500,58.23,
1,Maze001,61.517,3.2500,-0.9990,3.2500,58.23,
1,Maze001,61.521,3.2500,-0.9990,3.2500,58.23,
1,Maze001,61.525,3.2500,-0.9990,3.2500,58.23,
1,Maze001,61.529,3.2500,-0.9990,3.2500,58.23,
1,Maze001,61.533,3.2500,-0.9990,3.2500,58.23,
1,Maze001,61.538,3.2500,-0.9990,3.2500,58.23,
1,Maze001,61.542,3.2500,-0.9990,3.2500,58.23,
1,Maze001,61.546,3.2500,-0.9990,3.2500,58.23,
1,Maze001,61.550,3.2500,-0.9990,3.2500,58.23,
1,Maze001,61.554,3.2500,-0.9990,3.2500,58.23,
1,Maze001,61.558,3.2500,-0.9990,3.2500,58.23,
1,Maze001,61.563,3.2500,-0.9990,3.2500,58.23,
1,Maze001,61.567,3.2500,-0.9990,3.2500,58.23,
1,Maze001,61.571,3.2500,-0.9990,3.2500,58.23,
1,Maze001,61.575,3.2500,-0.9990,3.2500,58.23,
1,Maze001,61.579,3.2500,-0.9990,3.2500,58.23,
1,Maze001,61.583,3.2500,-0.9990,3.2500,58.23,
1,Maze001,61.587,3.2500,-0.9990,3.2500,58.23,
1,Maze001,61.591,3.2500,-0.9990,3.2500,58.23,
1,Maze001,61.596,3.2500,-0.9990,3.2500,58.23,
1,Maze001,61.600,3.2500,-0.9990,3.2500,58.23,
1,Maze001,61.604,3.2500,-0.9990,3.2500,58.23,
1,Maze001,61.608,3.2500,-0.9990,3.2500,58.23,
1,Maze001,61.612,3.2500,-0.9990,3.2500,58.23,
1,Maze001,61.617,3.2500,-0.9990,3.2500,58.23,
1,Maze001,61.621,3.2500,-0.9990,3.2500,58.23,
1,Maze001,61.625,3.2500,-0.9990,3.2500,58.23,
1,Maze001,61.629,3.2500,-0.9990,3.2500,58.23,
1,Maze001,61.633,3.2500,-0.9990,3.2500,58.23,
1,Maze001,61.637,3.2500,-0.9990,3.2500,58.23,
1,Maze001,61.642,3.2500,-0.9990,3.2500,58.23,
1,Maze001,61.646,3.2500,-0.9990,3.2500,58.23,
1,Maze001,61.650,3.2500,-0.9990,3.2500,58.23,
1,Maze001,61.654,3.2500,-0.9990,3.2500,58.23,
1,Maze001,61.658,3.2500,-0.9990,3.2500,58.23,
1,Maze001,61.663,3.2500,-0.9990,3.2500,58.23,
1,Maze001,61.667,3.2500,-0.9990,3.2500,58.23,
1,Maze001,61.671,3.2500,-0.9990,3.2500,58.23,
1,Maze001,61.675,3.2500,-0.9990,3.2500,58.23,
1,Maze001,61.680,3.2500,-0.9990,3.2500,58.23,
