trial,maze,time_s,x,y,z,angle,event
1,Maze001,0.005,3.2500,-0.9990,3.2500,45.00,
1,Maze001,0.012,3.2500,-0.9990,3.2500,45.00,
1,Maze001,0.016,3.2500,-0.9990,3.2500,45.00,
1,Maze001,0.025,3.2500,-0.9990,3.2500,22.48,
1,Maze001,0.029,3.2500,-0.9990,3.2500,22.48,
1,Maze001,0.032,3.2500,-0.9990,3.2500,22.48,
1,Maze001,0.036,3.2500,-0.9990,3.2500,22.48,
1,Maze001,0.039,3.2500,-0.9990,3.2500,22.48,
1,Maze001,0.046,3.2500,-0.9990,3.2500,22.48,
1,Maze001,0.052,3.2500,-0.9990,3.2500,22.48,
1,Maze001,0.058,3.2500,-0.9990,3.2500,22.48,
1,Maze001,0.065,3.2500,-0.9990,3.2500,22.48,
1,Maze001,0.070,3.2500,-0.9990,3.2500,22.48,
1,Maze001,0.074,3.2500,-0.9990,3.2500,22.48,
1,Maze001,0.082,3.2500,-0.9990,3.2500,22.48,
1,Maze001,0.091,3.2500,-0.9990,3.2500,22.48,
1,Maze001,0.095,3.2500,-0.9990,3.2500,22.48,
1,Maze001,0.098,3.2500,-0.9990,3.2500,22.48,
1,Maze001,0.104,3.2500,-0.9990,3.2500,22.48,
1,Maze001,0.112,3.2500,-0.9990,3.2500,22.48,
1,Maze001,0.120,3.2500,-0.9990,3.2500,22.48,
1,Maze001,0.128,3.2500,-0.9990,3.2500,22.48,
1,Maze001,0.132,3.2500,-0.9990,3.2500,22.48,
1,Maze001,0.141,3.2500,-0.9990,3.2500,22.48,
1,Maze001,0.149,3.2500,-0.9990,3.2500,22.48,
1,Maze001,0.157,3.2500,-0.9990,3.2500,22.48,
1,Maze001,0.162,3.2500,-0.9990,3.2500,22.48,
1,Maze001,0.171,3.2500,-0.9990,3.2500,22.48,
1,Maze001,0.179,3.2500,-0.9990,3.2500,22.48,
1,Maze001,0.187,3.2500,-0.9990,3.2500,22.48,
1,Maze001,0.190,3.2500,-0.9990,3.2500,22.48,
1,Maze001,0.194,3.2500,-0.9990,3.2500,22.48,
1,Maze001,0.200,3.2500,-0.9990,3.2500,22.48,
1,Maze001,0.207,3.2500,-0.9990,3.2500,22.48,
1,Maze001,0.212,3.2500,-0.9990,3.2500,22.48,
1,Maze001,0.216,3.2500,-0.9990,3.2500,22.48,
1,Maze001,0.220,3.2500,-0.9990,3.2500,22.48,
1,Maze001,0.229,3.2500,-0.9990,3.2500,22.48,
1,Maze001,0.232,3.2500,-0.9990,3.2500,22.48,
1,Maze001,0.241,3.2500,-0.9990,3.2500,22.48,
1,Maze001,0.244,3.2500,-0.9990,3.2500,22.48,
1,Maze001,0.248,3.2500,-0.9990,3.2500,22.48,
1,Maze001,0.253,3.2500,-0.9990,3.2500,22.48,
1,Maze001,0.256,3.2500,-0.9990,3.2500,22.48,
1,Maze001,0.262,3.2500,-0.9990,3.2500,22.48,
1,Maze001,0.266,3.2500,-0.9990,3.2500,22.48,
1,Maze001,0.274,3.2500,-0.9990,3.2500,22.48,
1,Maze001,0.283,3.2500,-0.9990,3.2500,22.48,
1,Maze001,0.286,3.2500,-0.9990,3.2500,22.48,
1,Maze001,0.291,3.2500,-0.9990,3.2500,22.48,
1,Maze001,0.299,3.2500,-0.9990,3.2500,22.48,
1,Maze001,0.303,3.2500,-0.9990,3.2500,22.48,
1,Maze001,0.306,3.2500,-0.9990,3.2500,22.48,
1,Maze001,0.312,3.2500,-0.9990,3.2500,22.48,
1,Maze001,0.315,3.2500,-0.9990,3.2500,22.48,
1,Maze001,0.319,3.2500,-0.9990,3.2500,22.48,
1,Maze001,0.325,3.2500,-0.9990,3.2500,22.48,
1,Maze001,0.333,3.2500,-0.9990,3.2500,22.48,
1,Maze001,0.336,3.2500,-0.9990,3.2500,22.48,
1,Maze001,0.339,3.2500,-0.9990,3.2500,22.48,
1,Maze001,0.345,3.2500,-0.9990,3.2500,22.48,
1,Maze001,0.348,3.2500,-0.9990,3.2500,22.48,
1,Maze001,0.354,3.2500,-0.9990,3.2500,22.48,
1,Maze001,0.362,3.2500,-0.9990,3.2500,22.48,
1,Maze001,0.370,3.2500,-0.9990,3.2500,22.48,
1,Maze001,0.378,3.2500,-0.9990,3.2500,22.48,
1,Maze001,0.382,3.2500,-0.9990,3.2500,22.48,
1,Maze001,0.391,3.2500,-0.9990,3.2500,22.48,
1,Maze001,0.399,3.2500,-0.9990,3.2500,22.48,
1,Maze001,0.408,3.2500,-0.9990,3.2500,22.48,
1,Maze001,0.411,3.2500,-0.9990,3.2500,22.48,
1,Maze001,0.416,3.2500,-0.9990,3.2500,22.48,
1,Maze001,0.424,3.2500,-0.9990,3.2500,22.48,
1,Maze001,0.432,3.2500,-0.9990,3.2500,22.48,
1,Maze001,0.436,3.2500,-0.9990,3.2500,22.48,
1,Maze001,0.439,3.2500,-0.9990,3.2500,22.48,
1,Maze001,0.445,3.2500,-0.9990,3.2500,22.48,
1,Maze001,0.449,3.2500,-0.9990,3.2500,22.48,
1,Maze001,0.457,3.2500,-0.9990,3.2500,22.48,
1,Maze001,0.462,3.2500,-0.9990,3.2500,22.48,
1,Maze001,0.471,3.2500,-0.9990,3.2500,22.48,
1,Maze001,0.477,3.2500,-0.9990,3.2500,22.48,
1,Maze001,0.482,3.2500,-0.9990,3.2500,22.48,
1,Maze001,0.491,3.2500,-0.9990,3.2500,22.48,
1,Maze001,0.495,3.2500,-0.9990,3.2500,22.48,
1,Maze001,0.503,3.2500,-0.9990,3.2500,22.48,
1,Maze001,0.512,3.2500,-0.9990,3.2500,22.48,
1,Maze001,0.520,3.2500,-0.9990,3.2500,22.48,
1,Maze001,0.524,3.2500,-0.9990,3.2500,22.48,
1,Maze001,0.527,3.2500,-0.9990,3.2500,22.48,
1,Maze001,0.533,3.2500,-0.9990,3.2500,22.48,
1,Maze001,0.536,3.2500,-0.9990,3.2500,22.48,
1,Maze001,0.541,3.2500,-0.9990,3.2500,22.48,
1,Maze001,0.549,3.2500,-0.9990,3.2500,22.48,
1,Maze001,0.553,3.2500,-0.9990,3.2500,22.48,
1,Maze001,0.562,3.2500,-0.9990,3.2500,22.48,
1,Maze001,0.570,3.2500,-0.9990,3.2500,22.48,
1,Maze001,0.574,3.2500,-0.9990,3.2500,22.48,
1,Maze001,0.577,3.2500,-0.9990,3.2500,22.48,
1,Maze001,0.582,3.2500,-0.9990,3.2500,22.48,
1,Maze001,0.591,3.2500,-0.9990,3.2500,22.48,
1,Maze001,0.599,3.2500,-0.9990,3.2500,22.48,
1,Maze001,0.603,3.2500,-0.9990,3.2500,22.48,
1,Maze001,0.606,3.2500,-0.9990,3.2500,22.48,
1,Maze001,0.612,3.2500,-0.9990,3.2500,22.48,
1,Maze001,0.620,3.2500,-0.9990,3.2500,22.48,
1,Maze001,0.628,3.2500,-0.9990,3.2500,22.48,
1,Maze001,0.632,3.2500,-0.9990,3.2500,22.48,
1,Maze001,0.641,3.2500,-0.9990,3.2500,22.48,
1,Maze001,0.644,3.2500,-0.9990,3.2500,22.48,
1,Maze001,0.648,3.2500,-0.9990,3.2500,22.48,
1,Maze001,0.653,3.2500,-0.9990,3.2500,22.48,
1,Maze001,0.657,3.2500,-0.9990,3.2500,22.48,
1,Maze001,0.665,3.2500,-0.9990,3.2500,22.48,
1,Maze001,0.670,3.2500,-0.9990,3.2500,22.48,
1,Maze001,0.674,3.2500,-0.9990,3.2500,22.48,
1,Maze001,0.677,3.2500,-0.9990,3.2500,22.48,
1,Maze001,0.683,3.2500,-0.9990,3.2500,22.48,
1,Maze001,0.691,3.2500,-0.9990,3.2500,22.48,
1,Maze001,0.699,3.2500,-0.9990,3.2500,22.48,
1,Maze001,0.703,3.2500,-0.9990,3.2500,22.48,
1,Maze001,0.706,3.2500,-0.9990,3.2500,22.48,
1,Maze001,0.712,3.2500,-0.9990,3.2500,22.48,
1,Maze001,0.716,3.2500,-0.9990,3.2500,22.48,
1,Maze001,0.720,3.2500,-0.9990,3.2500,22.48,
1,Maze001,0.724,3.2500,-0.9990,3.2500,22.48,
1,Maze001,0.733,3.2500,-0.9990,3.2500,22.48,
1,Maze001,0.741,3.2500,-0.9990,3.2500,22.48,
1,Maze001,0.749,3.2500,-0.9990,3.2500,22.48,
1,Maze001,0.757,3.2500,-0.9990,3.2500,22.48,
1,Maze001,0.761,3.2500,-0.9990,3.2500,22.48,
1,Maze001,0.764,3.2500,-0.9990,3.2500,22.48,
1,Maze001,0.770,3.2500,-0.9990,3.2500,22.48,
1,Maze001,0.774,3.2500,-0.9990,3.2500,22.48,
1,Maze001,0.777,3.2500,-0.9990,3.2500,22.48,
1,Maze001,0.782,3.2500,-0.9990,3.2500,22.48,
1,Maze001,0.786,3.2500,-0.9990,3.2500,22.48,
1,Maze001,0.790,3.2500,-0.9990,3.2500,22.48,
1,Maze001,0.794,3.2500,-0.9990,3.2500,22.48,
1,Maze001,0.799,3.2500,-0.9990,3.2500,22.48,
1,Maze001,0.806,3.2500,-0.9990,3.2500,22.48,
1,Maze001,0.810,3.2500,-0.9990,3.2500,22.48,
1,Maze001,0.815,3.2500,-0.9990,3.2500,22.48,
1,Maze001,0.819,3.2500,-0.9990,3.2500,22.48,
1,Maze001,0.828,3.2500,-0.9990,3.2500,22.48,
1,Maze001,0.832,3.2500,-0.9990,3.2500,22.48,
1,Maze001,0.837,3.2500,-0.9990,3.2500,22.48,
1,Maze001,0.841,3.2500,-0.9990,3.2500,22.48,
1,Maze001,0.849,3.2500,-0.9990,3.2500,22.48,
1,Maze001,0.853,3.2500,-0.9990,3.2500,22.48,
1,Maze001,0.859,3.2500,-0.9990,3.2500,22.48,
1,Maze001,0.865,3.2500,-0.9990,3.2500,22.48,
1,Maze001,0.869,3.2500,-0.9990,3.2500,22.48,
1,Maze001,0.874,3.2500,-0.9990,3.2500,22.48,
1,Maze001,0.878,3.2500,-0.9990,3.2500,22.48,
1,Maze001,0.886,3.2500,-0.9990,3.2500,22.48,
1,Maze001,0.895,3.2500,-0.9990,3.2500,22.48,
1,Maze001,0.903,3.2500,-0.9990,3.2500,22.48,
1,Maze001,0.907,3.2500,-0.9990,3.2500,22.48,
1,Maze001,0.910,3.2500,-0.9990,3.2500,22.48,
1,Maze001,0.915,3.2500,-0.9990,3.2500,22.48,
1,Maze001,0.920,3.2500,-0.9990,3.2500,22.48,
1,Maze001,0.928,3.2500,-0.9990,3.2500,22.48,
1,Maze001,0.937,3.2500,-0.9990,3.2500,22.48,
1,Maze001,0.945,3.2500,-0.9990,3.2500,22.48,
1,Maze001,0.949,3.2500,-0.9990,3.2500,22.87,
1,Maze001,0.958,3.2500,-0.9990,3.2500,23.56,
1,Maze001,0.963,3.2500,-0.9990,3.2500,24.34,
1,Maze001,0.969,3.2500,-0.9990,3.2500,24.34,
1,Maze001,0.975,3.2500,-0.9990,3.2500,25.00,
1,Maze001,0.980,3.2500,-0.9990,3.2500,25.84,
1,Maze001,0.984,3.2500,-0.9990,3.2500,26.68,
1,Maze001,0.988,3.2500,-0.9990,3.2500,26.68,
1,Maze001,0.994,3.2500,-0.9990,3.2500,27.40,
1,Maze001,0.999,3.2500,-0.9990,3.2500,28.21,
1,Maze001,1.004,3.2500,-0.9990,3.2500,29.14,
1,Maze001,1.007,3.2500,-0.9990,3.2500,29.14,
1,Maze001,1.016,3.2500,-0.9990,3.2500,30.01,
1,Maze001,1.020,3.2500,-0.9990,3.2500,30.73,
1,Maze001,1.025,3.2500,-0.9990,3.2500,31.45,
1,Maze001,1.033,3.2500,-0.9990,3.2500,31.45,
1,Maze001,1.037,3.2500,-0.9990,3.2500,32.38,
1,Maze001,1.042,3.2500,-0.9990,3.2500,33.19,
1,Maze001,1.046,3.2500,-0.9990,3.2500,34.03,
1,Maze001,1.053,3.2500,-0.9990,3.2500,34.03,
1,Maze001,1.057,3.2500,-0.9990,3.2500,34.87,
1,Maze001,1.062,3.2500,-0.9990,3.2500,36.00,
1,Maze001,1.066,3.2500,-0.9990,3.2500,36.00,
1,Maze001,1.070,3.2500,-0.9990,3.2500,36.75,
1,Maze001,1.079,3.2500,-0.9990,3.2500,36.75,
1,Maze001,1.083,3.2500,-0.9990,3.2500,38.97,
1,Maze001,1.087,3.2500,-0.9990,3.2500,38.97,
1,Maze001,1.095,3.2500,-0.9990,3.2500,39.93,
1,Maze001,1.100,3.2500,-0.9990,3.2500,40.71,
1,Maze001,1.104,3.2500,-0.9990,3.2500,41.67,
1,Maze001,1.109,3.2500,-0.9990,3.2500,41.67,
1,Maze001,1.114,3.2500,-0.9990,3.2500,42.63,
1,Maze001,1.119,3.2500,-0.9990,3.2500,43.32,
1,Maze001,1.125,3.2500,-0.9990,3.2500,43.32,
1,Maze001,1.129,3.2500,-0.9990,3.2500,43.89,
1,Maze001,1.137,3.2500,-0.9990,3.2500,44.34,
1,Maze001,1.141,3.2500,-0.9990,3.2500,44.88,
1,Maze001,1.150,3.2500,-0.9990,3.2500,45.33,
1,Maze001,1.153,3.2500,-0.9990,3.2500,45.78,
1,Maze001,1.158,3.2500,-0.9990,3.2500,45.78,
1,Maze001,1.165,3.2500,-0.9990,3.2500,46.11,
1,Maze001,1.171,3.2500,-0.9990,3.2500,46.47,
1,Maze001,1.175,3.2500,-0.9990,3.2500,46.47,
1,Maze001,1.183,3.2500,-0.9990,3.2500,46.68,
1,Maze001,1.187,3.2500,-0.9990,3.2500,46.92,
1,Maze001,1.193,3.2500,-0.9990,3.2500,47.19,
1,Maze001,1.197,3.2500,-0.9990,3.2500,47.34,
1,Maze001,1.204,3.2500,-0.9990,3.2500,47.34,
1,Maze001,1.208,3.2500,-0.9990,3.2500,47.61,
1,Maze001,1.213,3.2500,-0.9990,3.2500,47.91,
1,Maze001,1.217,3.2500,-0.9990,3.2500,48.12,
1,Maze001,1.222,3.2500,-0.9990,3.2500,48.12,
1,Maze001,1.229,3.2500,-0.9990,3.2500,48.39,
1,Maze001,1.234,3.2500,-0.9990,3.2500,48.63,
1,Maze001,1.238,3.2500,-0.9990,3.2500,48.63,
1,Maze001,1.245,3.2500,-0.9990,3.2500,48.81,
1,Maze001,1.254,3.2500,-0.9990,3.2500,49.02,
1,Maze001,1.258,3.2500,-0.9990,3.2500,49.17,
1,Maze001,1.266,3.2500,-0.9990,3.2500,49.44,
1,Maze001,1.271,3.2500,-0.9990,3.2500,49.62,
1,Maze001,1.278,3.2500,-0.9990,3.2500,49.92,
1,Maze001,1.283,3.2500,-0.9990,3.2500,50.13,
1,Maze001,1.287,3.2500,-0.9990,3.2500,50.13,
1,Maze001,1.291,3.2500,-0.9990,3.2500,50.40,
1,Maze001,1.296,3.2500,-0.9990,3.2500,50.67,
1,Maze001,1.300,3.2500,-0.9990,3.2500,50.67,
1,Maze001,1.306,3.2500,-0.9990,3.2500,50.88,
1,Maze001,1.311,3.2500,-0.9990,3.2500,51.12,
1,Maze001,1.317,3.2500,-0.9990,3.2500,51.12,
1,Maze001,1.322,3.2500,-0.9990,3.2500,51.21,
1,Maze001,1.326,3.2500,-0.9990,3.2500,51.21,
1,Maze001,1.333,3.2500,-0.9990,3.2500,51.21,
1,Maze001,1.337,3.2500,-0.9990,3.2500,51.21,
1,Maze001,1.341,3.2500,-0.9990,3.2500,51.21,
1,Maze001,1.346,3.2500,-0.9990,3.2500,51.21,
1,Maze001,1.350,3.2500,-0.9990,3.2500,51.48,
1,Maze001,1.354,3.2500,-0.9990,3.2500,51.48,
1,Maze001,1.361,3.2500,-0.9990,3.2500,51.48,
1,Maze001,1.366,3.2500,-0.9990,3.2500,51.48,
1,Maze001,1.371,3.2500,-0.9990,3.2500,51.48,
1,Maze001,1.376,3.2500,-0.9990,3.2500,51.48,
1,Maze001,1.382,3.2500,-0.9990,3.2500,51.51,
1,Maze001,1.386,3.2500,-0.9990,3.2500,51.51,
1,Maze001,1.396,3.2500,-0.9990,3.2500,51.51,
1,Maze001,1.400,3.2500,-0.9990,3.2500,51.51,
1,Maze001,1.407,3.2500,-0.9990,3.2500,51.51,
1,Maze001,1.412,3.2500,-0.9990,3.2500,51.51,
1,Maze001,1.421,3.2500,-0.9990,3.2500,51.51,
1,Maze001,1.425,3.2500,-0.9990,3.2500,51.51,
1,Maze001,1.433,3.2500,-0.9990,3.2500,51.51,
1,Maze001,1.441,3.2500,-0.9990,3.2500,51.51,
1,Maze001,1.450,3.2500,-0.9990,3.2500,51.51,
1,Maze001,1.458,3.2500,-0.9990,3.2500,51.51,
1,Maze001,1.462,3.2500,-0.9990,3.2500,50.97,
1,Maze001,1.470,3.2500,-0.9990,3.2500,50.73,
1,Maze001,1.474,3.2500,-0.9990,3.2500,50.40,
1,Maze001,1.479,3.2500,-0.9990,3.2500,50.40,
1,Maze001,1.484,3.2500,-0.9990,3.2500,50.10,
1,Maze001,1.488,3.2500,-0.9990,3.2500,49.71,
1,Maze001,1.494,3.2500,-0.9990,3.2500,49.71,
1,Maze001,1.499,3.2500,-0.9990,3.2500,49.17,
1,Maze001,1.508,3.2500,-0.9990,3.2500,49.17,
1,Maze001,1.516,3.2500,-0.9990,3.2500,48.60,
1,Maze001,1.519,3.2500,-0.9990,3.2500,48.60,
1,Maze001,1.528,3.2500,-0.9990,3.2500,48.60,
1,Maze001,1.532,3.2500,-0.9990,3.2500,48.60,
1,Maze001,1.541,3.2500,-0.9990,3.2500,48.60,
1,Maze001,1.549,3.2500,-0.9990,3.2500,48.60,
1,Maze001,1.553,3.2500,-0.9990,3.2500,48.60,
1,Maze001,1.556,3.2500,-0.9990,3.2500,48.60,
1,Maze001,1.562,3.2500,-0.9990,3.2500,48.60,
1,Maze001,1.570,3.2500,-0.9990,3.2500,48.60,
1,Maze001,1.578,3.2500,-0.9990,3.2500,48.60,
1,Maze001,1.583,3.2500,-0.9990,3.2500,48.60,
1,Maze001,1.587,3.2500,-0.9990,3.2500,40.95,
1,Maze001,1.596,3.2500,-0.9990,3.2500,32.47,
1,Maze001,1.600,3.2500,-0.9990,3.2500,31.54,
1,Maze001,1.608,3.2500,-0.9990,3.2500,30.73,
1,Maze001,1.612,3.2500,-0.9990,3.2500,29.80,
1,Maze001,1.616,3.2500,-0.9990,3.2500,28.99,
1,Maze001,1.620,3.2500,-0.9990,3.2500,28.99,
1,Maze001,1.624,3.2500,-0.9990,3.2500,28.18,
1,Maze001,1.629,3.2500,-0.9990,3.2500,28.18,
1,Maze001,1.633,3.2500,-0.9990,3.2500,27.49,
1,Maze001,1.641,3.2500,-0.9990,3.2500,26.89,
1,Maze001,1.649,3.2500,-0.9990,3.2500,26.89,
1,Maze001,1.653,3.2500,-0.9990,3.2500,26.89,
1,Maze001,1.656,3.2500,-0.9990,3.2500,26.89,
1,Maze001,1.662,3.2500,-0.9990,3.2500,26.89,
1,Maze001,1.666,3.2500,-0.9990,3.2500,26.89,
1,Maze001,1.674,3.2500,-0.9990,3.2500,26.89,
1,Maze001,1.678,3.2500,-0.9990,3.2500,24.22,
1,Maze001,1.688,3.2500,-0.9990,3.2500,23.89,
1,Maze001,1.691,3.2500,-0.9990,3.2500,23.68,
1,Maze001,1.699,3.2500,-0.9990,3.2500,23.41,
1,Maze001,1.704,3.2500,-0.9990,3.2500,23.20,
1,Maze001,1.712,3.2500,-0.9990,3.2500,23.20,
1,Maze001,1.716,3.2500,-0.9990,3.2500,22.81,
1,Maze001,1.720,3.2500,-0.9990,3.2500,22.81,
1,Maze001,1.727,3.2500,-0.9990,3.2500,22.63,
1,Maze001,1.740,3.2500,-0.9990,3.2500,22.63,
1,Maze001,1.743,3.2500,-0.9990,3.2500,22.36,
1,Maze001,1.748,3.2500,-0.9990,3.2500,22.36,
1,Maze001,1.755,3.2500,-0.9990,3.2500,22.36,
1,Maze001,1.762,3.2500,-0.9990,3.2500,22.36,
1,Maze001,1.770,3.2500,-0.9990,3.2500,22.36,
1,Maze001,1.778,3.2500,-0.9990,3.2500,22.36,
1,Maze001,1.782,3.2500,-0.9990,3.2500,22.36,
1,Maze001,1.791,3.2500,-0.9990,3.2500,22.36,
1,Maze001,1.799,3.2500,-0.9990,3.2500,22.36,
1,Maze001,1.803,3.2500,-0.9990,3.2500,22.36,
1,Maze001,1.806,3.2500,-0.9990,3.2500,22.36,
1,Maze001,1.812,3.2500,-0.9990,3.2500,22.36,
1,Maze001,1.820,3.2500,-0.9990,3.2500,22.36,
1,Maze001,1.823,3.2500,-0.9990,3.2500,22.36,
1,Maze001,1.828,3.2500,-0.9990,3.2500,22.36,
1,Maze001,1.832,3.2500,-0.9990,3.2500,22.36,
1,Maze001,1.841,3.2500,-0.9990,3.2500,22.36,
1,Maze001,1.849,3.2500,-0.9990,3.2500,22.36,
1,Maze001,1.853,3.2500,-0.9990,3.2500,22.36,
1,Maze001,1.856,3.2500,-0.9990,3.2500,22.36,
1,Maze001,1.861,3.2500,-0.9990,3.2500,22.36,
1,Maze001,1.866,3.2500,-0.9990,3.2500,22.36,
1,Maze001,1.869,3.2500,-0.9990,3.2500,22.36,
1,Maze001,1.874,3.2500,-0.9990,3.2500,22.36,
1,Maze001,1.882,3.2500,-0.9990,3.2500,22.36,
1,Maze001,1.886,3.2500,-0.9990,3.2500,22.36,
1,Maze001,1.895,3.2500,-0.9990,3.2500,22.36,
1,Maze001,1.903,3.2500,-0.9990,3.2500,22.36,
1,Maze001,1.911,3.2500,-0.9990,3.2500,22.36,
1,Maze001,1.915,3.2500,-0.9990,3.2500,22.36,
1,Maze001,1.918,3.2500,-0.9990,3.2500,22.36,
1,Maze001,1.924,3.2500,-0.9990,3.2500,22.36,
1,Maze001,1.928,3.2500,-0.9990,3.2500,22.36,
1,Maze001,1.936,3.2500,-0.9990,3.2500,22.36,
1,Maze001,1.940,3.2500,-0.9990,3.2500,22.36,
1,Maze001,1.945,3.2500,-0.9990,3.2500,22.36,
1,Maze001,1.948,3.2500,-0.9990,3.2500,22.36,
1,Maze001,1.952,3.2500,-0.9990,3.2500,22.36,
1,Maze001,1.958,3.2500,-0.9990,3.2500,22.36,
1,Maze001,1.966,3.2500,-0.9990,3.2500,22.36,
1,Maze001,1.971,3.2500,-0.9990,3.2500,22.36,
1,Maze001,1.974,3.2500,-0.9990,3.2500,22.36,
1,Maze001,1.978,3.2500,-0.9990,3.2500,22.36,
1,Maze001,1.982,3.2500,-0.9990,3.2500,22.36,
1,Maze001,1.991,3.2500,-0.9990,3.2500,22.36,
1,Maze001,1.994,3.2500,-0.9990,3.2500,22.36,
1,Maze001,1.999,3.2500,-0.9990,3.2500,22.36,
1,Maze001,2.007,3.2500,-0.9990,3.2500,22.36,
1,Maze001,2.011,3.2500,-0.9990,3.2500,22.36,
1,Maze001,2.020,3.2500,-0.9990,3.2500,22.36,
1,Maze001,2.024,3.2500,-0.9990,3.2500,22.36,
1,Maze001,2.027,3.2500,-0.9990,3.2500,22.36,
1,Maze001,2.032,3.2500,-0.9990,3.2500,22.36,
1,Maze001,2.041,3.2500,-0.9990,3.2500,22.36,
1,Maze001,2.051,3.2500,-0.9990,3.2500,22.36,
1,Maze001,2.054,3.2500,-0.9990,3.2500,22.36,
1,Maze001,2.061,3.2500,-0.9990,3.2500,22.36,
1,Maze001,2.066,3.2500,-0.9990,3.2500,22.36,
1,Maze001,2.074,3.2500,-0.9990,3.2500,22.36,
1,Maze001,2.078,3.2500,-0.9990,3.2500,22.36,
1,Maze001,2.087,3.2500,-0.9990,3.2500,22.36,
1,Maze001,2.095,3.2500,-0.9990,3.2500,22.36,
1,Maze001,2.099,3.2500,-0.9990,3.2500,22.36,
1,Maze001,2.109,3.2500,-0.9990,3.2500,22.36,
1,Maze001,2.113,3.2500,-0.9990,3.2500,22.36,
1,Maze001,2.120,3.2500,-0.9990,3.2500,22.36,
1,Maze001,2.130,3.2500,-0.9990,3.2500,22.36,
1,Maze001,2.134,3.2500,-0.9990,3.2500,22.36,
1,Maze001,2.141,3.2500,-0.9990,3.2500,22.36,
1,Maze001,2.151,3.2500,-0.9990,3.2500,22.36,
1,Maze001,2.155,3.2500,-0.9990,3.2500,22.36,
1,Maze001,2.158,3.2500,-0.9990,3.2500,22.36,
1,Maze001,2.165,3.2500,-0.9990,3.2500,22.36,
1,Maze001,2.171,3.2500,-0.9990,3.2500,22.36,
1,Maze001,2.174,3.2500,-0.9990,3.2500,22.36,
1,Maze001,2.183,3.2500,-0.9990,3.2500,22.36,
1,Maze001,2.191,3.2500,-0.9990,3.2500,22.36,
1,Maze001,2.199,3.2500,-0.9990,3.2500,22.36,
1,Maze001,2.208,3.2500,-0.9990,3.2500,22.36,
1,Maze001,2.215,3.2500,-0.9990,3.2500,22.36,
1,Maze001,2.220,3.2500,-0.9990,3.2500,22.36,
1,Maze001,2.228,3.2500,-0.9990,3.2500,22.36,
1,Maze001,2.238,3.2500,-0.9990,3.2500,22.36,
1,Maze001,2.241,3.2500,-0.9990,3.2500,22.36,
1,Maze001,2.245,3.2500,-0.9990,3.2500,22.36,
1,Maze001,2.250,3.2500,-0.9990,3.2500,22.36,
1,Maze001,2.254,3.2500,-0.9990,3.2500,22.36,
1,Maze001,2.258,3.2500,-0.9990,3.2500,22.36,
1,Maze001,2.261,3.2500,-0.9990,3.2500,22.36,
1,Maze001,2.270,3.2500,-0.9990,3.2500,22.36,
1,Maze001,2.274,3.2500,-0.9990,3.2500,22.36,
1,Maze001,2.278,3.2500,-0.9990,3.2500,22.36,
1,Maze001,2.287,3.2500,-0.9990,3.2500,22.36,
1,Maze001,2.291,3.2500,-0.9990,3.2500,22.36,
1,Maze001,2.299,3.2500,-0.9990,3.2500,22.36,
1,Maze001,2.308,3.2500,-0.9990,3.2500,22.36,
1,Maze001,2.316,3.2500,-0.9990,3.2500,22.36,
1,Maze001,2.324,3.2500,-0.9990,3.2500,22.36,
1,Maze001,2.328,3.2500,-0.9990,3.2500,22.36,
1,Maze001,2.331,3.2500,-0.9990,3.2500,22.36,
1,Maze001,2.337,3.2500,-0.9990,3.2500,22.36,
1,Maze001,2.341,3.2500,-0.9990,3.2500,22.36,
1,Maze001,2.349,3.2500,-0.9990,3.2500,22.36,
1,Maze001,2.353,3.2500,-0.9990,3.2500,22.36,
1,Maze001,2.357,3.2500,-0.9990,3.2500,22.36,
1,Maze001,2.360,3.2500,-0.9990,3.2500,22.36,
1,Maze001,2.365,3.2500,-0.9990,3.2500,22.36,
1,Maze001,2.370,3.2500,-0.9990,3.2500,22.36,
1,Maze001,2.378,3.2500,-0.9990,3.2500,22.36,
1,Maze001,2.399,3.2500,-0.9990,3.2500,22.36,
1,Maze001,2.403,3.2500,-0.9990,3.2500,22.36,
1,Maze001,2.406,3.2500,-0.9990,3.2500,22.36,
1,Maze001,2.412,3.2500,-0.9990,3.2500,22.36,
1,Maze001,2.420,3.2500,-0.9990,3.2500,22.36,
1,Maze001,2.424,3.2500,-0.9990,3.2500,22.36,
1,Maze001,2.433,3.2500,-0.9990,3.2500,22.36,
1,Maze001,2.440,3.2500,-0.9990,3.2500,22.36,
1,Maze001,2.445,3.2500,-0.9990,3.2500,22.36,
1,Maze001,2.454,3.2500,-0.9990,3.2500,22.36,
1,Maze001,2.457,3.2500,-0.9990,3.2500,22.36,
1,Maze001,2.466,3.2500,-0.9990,3.2500,22.36,
1,Maze001,2.473,3.2500,-0.9990,3.2500,22.36,
1,Maze001,2.478,3.2500,-0.9990,3.2500,22.36,
1,Maze001,2.486,3.2500,-0.9990,3.2500,22.36,
1,Maze001,2.490,3.2500,-0.9990,3.2500,22.36,
1,Maze001,2.494,3.2500,-0.9990,3.2500,22.36,
1,Maze001,2.499,3.2500,-0.9990,3.2500,22.36,
1,Maze001,2.503,3.2500,-0.9990,3.2500,22.36,
1,Maze001,2.512,3.2500,-0.9990,3.2500,22.36,
1,Maze001,2.520,3.2500,-0.9990,3.2500,22.36,
1,Maze001,2.523,3.2500,-0.9990,3.2500,22.36,
1,Maze001,2.527,3.2500,-0.9990,3.2500,22.36,
1,Maze001,2.532,3.2500,-0.9990,3.2500,22.36,
1,Maze001,2.536,3.2500,-0.9990,3.2500,22.36,
1,Maze001,2.546,3.2500,-0.9990,3.2500,22.36,
1,Maze001,2.554,3.2500,-0.9990,3.2500,22.36,
1,Maze001,2.557,3.2500,-0.9990,3.2500,22.36,
1,Maze001,2.566,3.2500,-0.9990,3.2500,22.36,
1,Maze001,2.569,3.2500,-0.9990,3.2500,22.36,
1,Maze001,2.573,3.2500,-0.9990,3.2500,22.36,
1,Maze001,2.579,3.2500,-0.9990,3.2500,22.36,
1,Maze001,2.585,3.2500,-0.9990,3.2500,22.36,
1,Maze001,2.591,3.2500,-0.9990,3.2500,22.36,
1,Maze001,2.594,3.2500,-0.9990,3.2500,22.36,
1,Maze001,2.603,3.2500,-0.9990,3.2500,22.36,
1,Maze001,2.611,3.2500,-0.9990,3.2500,22.36,
1,Maze001,2.620,3.2500,-0.9990,3.2500,22.36,
1,Maze001,2.626,3.2500,-0.9990,3.2500,22.36,
1,Maze001,2.629,3.2500,-0.9990,3.2500,22.36,
1,Maze001,2.636,3.2500,-0.9990,3.2500,22.36,
1,Maze001,2.641,3.2500,-0.9990,3.2500,22.36,
1,Maze001,2.652,3.2500,-0.9990,3.2500,22.36,
1,Maze001,2.656,3.2500,-0.9990,3.2500,22.36,
1,Maze001,2.660,3.2500,-0.9990,3.2500,22.36,
1,Maze001,2.670,3.2500,-0.9990,3.2500,22.36,
1,Maze001,2.675,3.2500,-0.9990,3.2500,22.36,
1,Maze001,2.679,3.2500,-0.9990,3.2500,22.36,
1,Maze001,2.687,3.2500,-0.9990,3.2500,22.36,
1,Maze001,2.691,3.2500,-0.9990,3.2500,22.36,
1,Maze001,2.695,3.2500,-0.9990,3.2500,22.36,
1,Maze001,2.699,3.2500,-0.9990,3.2500,22.36,
1,Maze001,2.708,3.2500,-0.9990,3.2500,22.36,
1,Maze001,2.716,3.2500,-0.9990,3.2500,22.36,
1,Maze001,2.722,3.2500,-0.9990,3.2500,22.36,
1,Maze001,2.726,3.2500,-0.9990,3.2500,22.36,
1,Maze001,2.731,3.2500,-0.9990,3.2500,21.70,
1,Maze001,2.734,3.2500,-0.9990,3.2500,21.49,
1,Maze001,2.740,3.2500,-0.9990,3.2500,21.49,
1,Maze001,2.745,3.2500,-0.9990,3.2500,21.25,
1,Maze001,2.749,3.2500,-0.9990,3.2500,20.89,
1,Maze001,2.753,3.2500,-0.9990,3.2500,20.89,
1,Maze001,2.757,3.2500,-0.9990,3.2500,20.50,
1,Maze001,2.766,3.2500,-0.9990,3.2500,20.50,
1,Maze001,2.774,3.2500,-0.9990,3.2500,20.50,
1,Maze001,2.778,3.2500,-0.9990,3.2500,20.50,
1,Maze001,2.787,3.2500,-0.9990,3.2500,19.57,
1,Maze001,2.791,3.2500,-0.9990,3.2500,17.74,
1,Maze001,2.799,3.2500,-0.9990,3.2500,17.74,
1,Maze001,2.807,3.2500,-0.9990,3.2500,17.74,
1,Maze001,2.811,3.2500,-0.9990,3.2500,17.74,
1,Maze001,2.821,3.2500,-0.9990,3.2500,17.74,
1,Maze001,2.825,3.2500,-0.9990,3.2500,16.00,
1,Maze001,2.833,3.2500,-0.9990,3.2500,13.73,
1,Maze001,2.837,3.2500,-0.9990,3.2500,13.28,
1,Maze001,2.841,3.2500,-0.9990,3.2500,12.74,
1,Maze001,2.845,3.2500,-0.9990,3.2500,12.74,
1,Maze001,2.854,3.2500,-0.9990,3.2500,12.44,
1,Maze001,2.858,3.2500,-0.9990,3.2500,12.08,
1,Maze001,2.863,3.2500,-0.9990,3.2500,11.81,
1,Maze001,2.866,3.2500,-0.9990,3.2500,11.81,
1,Maze001,2.874,3.2500,-0.9990,3.2500,11.81,
1,Maze001,2.878,3.2500,-0.9990,3.2500,11.81,
1,Maze001,2.887,3.2500,-0.9990,3.2500,11.81,
1,Maze001,2.891,3.2500,-0.9990,3.2500,10.67,
1,Maze001,2.895,3.2500,-0.9990,3.2500,10.67,
1,Maze001,2.899,3.2500,-0.9990,3.2500,10.49,
1,Maze001,2.903,3.2500,-0.9990,3.2500,10.37,
1,Maze001,2.908,3.2500,-0.9990,3.2500,10.37,
1,Maze001,2.912,3.2500,-0.9990,3.2500,10.28,
1,Maze001,2.916,3.2500,-0.9990,3.2500,10.28,
1,Maze001,2.924,3.2500,-0.9990,3.2500,10.28,
1,Maze001,2.929,3.2500,-0.9990,3.2500,10.31,
1,Maze001,2.937,3.2500,-0.9990,3.2500,10.37,
1,Maze001,2.945,3.2500,-0.9990,3.2500,10.52,
1,Maze001,2.949,3.2500,-0.9990,3.2500,10.79,
1,Maze001,2.953,3.2500,-0.9990,3.2500,10.79,
1,Maze001,2.957,3.2500,-0.9990,3.2500,10.79,
1,Maze001,2.960,3.2500,-0.9990,3.2500,10.79,
1,Maze001,2.966,3.2500,-0.9990,3.2500,10.79,
1,Maze001,2.970,3.2500,-0.9990,3.2500,11.24,
1,Maze001,2.978,3.2500,-0.9990,3.2500,11.24,
1,Maze001,2.982,3.2500,-0.9990,3.2500,11.24,
1,Maze001,2.988,3.2500,-0.9990,3.2500,11.24,
1,Maze001,2.993,3.2500,-0.9990,3.2500,12.14,
1,Maze001,2.996,3.2500,-0.9990,3.2500,12.20,
1,Maze001,3.003,3.2500,-0.9990,3.2500,12.20,
1,Maze001,3.012,3.2500,-0.9990,3.2500,12.29,
1,Maze001,3.016,3.2500,-0.9990,3.2500,12.32,
1,Maze001,3.020,3.2500,-0.9990,3.2500,12.32,
1,Maze001,3.027,3.2500,-0.9990,3.2500,12.32,
1,Maze001,3.033,3.2500,-0.9990,3.2500,12.32,
1,Maze001,3.040,3.2500,-0.9990,3.2500,12.32,
1,Maze001,3.049,3.2500,-0.9990,3.2500,12.32,
1,Maze001,3.057,3.2500,-0.9990,3.2500,12.32,
1,Maze001,3.061,3.2500,-0.9990,3.2500,12.32,
1,Maze001,3.064,3.2500,-0.9990,3.2500,12.32,
1,Maze001,3.070,3.2500,-0.9990,3.2500,12.32,
1,Maze001,3.074,3.2500,-0.9990,3.2500,12.32,
1,Maze001,3.082,3.2500,-0.9990,3.2500,12.32,
1,Maze001,3.091,3.2500,-0.9990,3.2500,12.32,
1,Maze001,3.094,3.2500,-0.9990,3.2500,13.49,
1,Maze001,3.099,3.2500,-0.9990,3.2500,13.49,
1,Maze001,3.103,3.2500,-0.9990,3.2500,13.49,
1,Maze001,3.115,3.2500,-0.9990,3.2500,14.99,
1,Maze001,3.119,3.2500,-0.9990,3.2500,15.31,
1,Maze001,3.123,3.2500,-0.9990,3.2500,15.31,
1,Maze001,3.128,3.2500,-0.9990,3.2500,15.31,
1,Maze001,3.133,3.2500,-0.9990,3.2500,15.64,
1,Maze001,3.137,3.2500,-0.9990,3.2500,15.64,
1,Maze001,3.141,3.2500,-0.9990,3.2500,15.64,
1,Maze001,3.146,3.2500,-0.9990,3.2500,15.64,
1,Maze001,3.150,3.2500,-0.9990,3.2500,15.79,
1,Maze001,3.155,3.2500,-0.9990,3.2500,16.36,
1,Maze001,3.158,3.2500,-0.9990,3.2500,16.66,
1,Maze001,3.164,3.2500,-0.9990,3.2500,16.66,
1,Maze001,3.169,3.2500,-0.9990,3.2500,16.99,
1,Maze001,3.181,3.2500,-0.9990,3.2500,16.99,
1,Maze001,3.185,3.2500,-0.9990,3.2500,17.29,
1,Maze001,3.189,3.2500,-0.9990,3.2500,18.19,
1,Maze001,3.196,3.2500,-0.9990,3.2500,18.19,
1,Maze001,3.199,3.2500,-0.9990,3.2500,18.58,
1,Maze001,3.208,3.2500,-0.9990,3.2500,18.58,
1,Maze001,3.212,3.2500,-0.9990,3.2500,19.30,
1,Maze001,3.220,3.2500,-0.9990,3.2500,19.30,
1,Maze001,3.228,3.2500,-0.9990,3.2500,19.90,
1,Maze001,3.232,3.2500,-0.9990,3.2500,20.08,
1,Maze001,3.240,3.2500,-0.9990,3.2500,20.08,
1,Maze001,3.248,3.2500,-0.9990,3.2500,20.08,
1,Maze001,3.252,3.2500,-0.9990,3.2500,20.08,
1,Maze001,3.255,3.2500,-0.9990,3.2500,20.08,
1,Maze001,3.264,3.2500,-0.9990,3.2500,20.08,
1,Maze001,3.273,3.2500,-0.9990,3.2500,20.71,
1,Maze001,3.277,3.2500,-0.9990,3.2500,20.74,
1,Maze001,3.282,3.2500,-0.9990,3.2500,20.74,
1,Maze001,3.287,3.2500,-0.9990,3.2500,20.74,
1,Maze001,3.295,3.2500,-0.9990,3.2500,20.74,
1,Maze001,3.299,3.2500,-0.9990,3.2500,20.68,
1,Maze001,3.308,3.2500,-0.9990,3.2500,20.59,
1,Maze001,3.312,3.2500,-0.9990,3.2500,20.44,
1,Maze001,3.320,3.2500,-0.9990,3.2500,20.35,
1,Maze001,3.324,3.2500,-0.9990,3.2500,20.23,
1,Maze001,3.333,3.2500,-0.9990,3.2500,20.23,
1,Maze001,3.336,3.2500,-0.9990,3.2500,20.11,
1,Maze001,3.341,3.2500,-0.9990,3.2500,19.78,
1,Maze001,3.349,3.2500,-0.9990,3.2500,19.63,
1,Maze001,3.353,3.2500,-0.9990,3.2500,19.45,
1,Maze001,3.358,3.2500,-0.9990,3.2500,19.45,
1,Maze001,3.362,3.2500,-0.9990,3.2500,19.24,
1,Maze001,3.365,3.2500,-0.9990,3.2500,19.24,
1,Maze001,3.370,3.2500,-0.9990,3.2500,19.24,
1,Maze001,3.378,3.2500,-0.9990,3.2500,19.24,
1,Maze001,3.381,3.2500,-0.9990,3.2500,19.03,
1,Maze001,3.391,3.2500,-0.9990,3.2500,18.73,
1,Maze001,3.395,3.2500,-0.9990,3.2500,18.67,
1,Maze001,3.403,3.2500,-0.9990,3.2500,18.67,
1,Maze001,3.411,3.2500,-0.9990,3.2500,18.67,
1,Maze001,3.415,3.2500,-0.9990,3.2500,18.64,
1,Maze001,3.425,3.2500,-0.9990,3.2500,18.64,
1,Maze001,3.433,3.2500,-0.9990,3.2500,18.64,
1,Maze001,3.436,3.2500,-0.9990,3.2500,18.91,
1,Maze001,3.445,3.2500,-0.9990,3.2500,18.91,
1,Maze001,3.449,3.2500,-0.9990,3.2500,19.00,
1,Maze001,3.454,3.2500,-0.9990,3.2500,19.00,
1,Maze001,3.458,3.2500,-0.9990,3.2500,19.00,
1,Maze001,3.466,3.2500,-0.9990,3.2500,19.00,
1,Maze001,3.470,3.2500,-0.9990,3.2500,19.21,
1,Maze001,3.477,3.2500,-0.9990,3.2500,19.21,
1,Maze001,3.482,3.2500,-0.9990,3.2500,19.21,
1,Maze001,3.486,3.2500,-0.9990,3.2500,19.21,
1,Maze001,3.491,3.2500,-0.9990,3.2500,19.21,
1,Maze001,3.500,3.2500,-0.9990,3.2500,19.21,
1,Maze001,3.504,3.2500,-0.9990,3.2500,19.81,
1,Maze001,3.512,3.2500,-0.9990,3.2500,19.87,
1,Maze001,3.520,3.2500,-0.9990,3.2500,19.87,
1,Maze001,3.528,3.2500,-0.9990,3.2500,19.87,
1,Maze001,3.532,3.2500,-0.9990,3.2500,19.87,
1,Maze001,3.542,3.2500,-0.9990,3.2500,19.87,
1,Maze001,3.546,3.2500,-0.9990,3.2500,20.23,
1,Maze001,3.553,3.2500,-0.9990,3.2500,20.23,
1,Maze001,3.557,3.2500,-0.9990,3.2500,20.38,
1,Maze001,3.565,3.2500,-0.9990,3.2500,20.38,
1,Maze001,3.573,3.2500,-0.9990,3.2500,20.38,
1,Maze001,3.577,3.2500,-0.9990,3.2500,20.38,
1,Maze001,3.587,3.2500,-0.9990,3.2500,20.38,
1,Maze001,3.592,3.2500,-0.9990,3.2500,20.71,
1,Maze001,3.596,3.2500,-0.9990,3.2500,20.80,
1,Maze001,3.600,3.2500,-0.9990,3.2500,20.95,
1,Maze001,3.608,3.2500,-0.9990,3.2500,20.95,
1,Maze001,3.616,3.2500,-0.9990,3.2500,20.95,
1,Maze001,3.620,3.2500,-0.9990,3.2500,21.16,
1,Maze001,3.624,3.2500,-0.9990,3.2500,21.16,
1,Maze001,3.628,3.2500,-0.9990,3.2500,21.16,
1,Maze001,3.632,3.2500,-0.9990,3.2500,21.16,
1,Maze001,3.636,3.2500,-0.9990,3.2500,21.16,
1,Maze001,3.640,3.2500,-0.9990,3.2500,21.16,
1,Maze001,3.650,3.2500,-0.9990,3.2500,21.16,
1,Maze001,3.654,3.2500,-0.9990,3.2500,22.12,
1,Maze001,3.662,3.2500,-0.9990,3.2500,22.42,
1,Maze001,3.667,3.2500,-0.9990,3.2500,22.69,
1,Maze001,3.671,3.2500,-0.9990,3.2500,22.69,
1,Maze001,3.675,3.2500,-0.9990,3.2500,23.02,
1,Maze001,3.681,3.2500,-0.9990,3.2500,23.26,
1,Maze001,3.685,3.2500,-0.9990,3.2500,23.26,
1,Maze001,3.690,3.2500,-0.9990,3.2500,23.44,
1,Maze001,3.693,3.2500,-0.9990,3.2500,23.44,
1,Maze001,3.699,3.2500,-0.9990,3.2500,23.44,
1,Maze001,3.707,3.2500,-0.9990,3.2500,23.44,
1,Maze001,3.715,3.2500,-0.9990,3.2500,23.44,
1,Maze001,3.719,3.2500,-0.9990,3.2500,23.44,
1,Maze001,3.722,3.2500,-0.9990,3.2500,23.44,
1,Maze001,3.728,3.2500,-0.9990,3.2500,23.44,
1,Maze001,3.732,3.2500,-0.9990,3.2500,23.44,
1,Maze001,3.741,3.2500,-0.9990,3.2500,23.44,
1,Maze001,3.749,3.2500,-0.9990,3.2500,23.44,
1,Maze001,3.752,3.2500,-0.9990,3.2500,23.44,
1,Maze001,3.756,3.2500,-0.9990,3.2500,23.44,
1,Maze001,3.761,3.2500,-0.9990,3.2500,23.44,
1,Maze001,3.765,3.2500,-0.9990,3.2500,23.44,
1,Maze001,3.768,3.2500,-0.9990,3.2500,23.44,
1,Maze001,3.775,3.2500,-0.9990,3.2500,23.44,
1,Maze001,3.778,3.2500,-0.9990,3.2500,23.44,
1,Maze001,3.785,3.2500,-0.9990,3.2500,23.44,
1,Maze001,3.791,3.2500,-0.9990,3.2500,23.44,
1,Maze001,3.799,3.2500,-0.9990,3.2500,23.44,
1,Maze001,3.803,3.2500,-0.9990,3.2500,23.44,
1,Maze001,3.811,3.2500,-0.9990,3.2500,23.44,
1,Maze001,3.815,3.2500,-0.9990,3.2500,23.44,
1,Maze001,3.824,3.2500,-0.9990,3.2500,23.44,
1,Maze001,3.827,3.2500,-0.9990,3.2500,23.44,
1,Maze001,3.831,3.2500,-0.9990,3.2500,23.44,
1,Maze001,3.837,3.2500,-0.9990,3.2500,23.44,
1,Maze001,3.845,3.2500,-0.9990,3.2500,23.44,
1,Maze001,3.848,3.2500,-0.9990,3.2500,23.44,
1,Maze001,3.852,3.2500,-0.9990,3.2500,23.44,
1,Maze001,3.857,3.2500,-0.9990,3.2500,23.44,
1,Maze001,3.861,3.2500,-0.9990,3.2500,23.44,
1,Maze001,3.866,3.2500,-0.9990,3.2500,23.44,
1,Maze001,3.871,3.2500,-0.9990,3.2500,23.44,
1,Maze001,3.878,3.2500,-0.9990,3.2500,23.44,
1,Maze001,3.882,3.2500,-0.9990,3.2500,23.44,
1,Maze001,3.891,3.2500,-0.9990,3.2500,23.44,
1,Maze001,3.895,3.2500,-0.9990,3.2500,23.44,
1,Maze001,3.899,3.2500,-0.9990,3.2500,23.44,
1,Maze001,3.907,3.2500,-0.9990,3.2500,23.44,
1,Maze001,3.911,3.2500,-0.9990,3.2500,23.44,
1,Maze001,3.916,3.2500,-0.9990,3.2500,23.44,
1,Maze001,3.925,3.2500,-0.9990,3.2500,23.44,
1,Maze001,3.928,3.2500,-0.9990,3.2500,23.44,
1,Maze001,3.932,3.2500,-0.9990,3.2500,23.44,
1,Maze001,3.935,3.2500,-0.9990,3.2500,23.44,
1,Maze001,3.940,3.2500,-0.9990,3.2500,23.44,
1,Maze001,3.949,3.2500,-0.9990,3.2500,23.44,
1,Maze001,3.957,3.2500,-0.9990,3.2500,23.44,
1,Maze001,3.961,3.2500,-0.9990,3.2500,23.44,
1,Maze001,3.970,3.2500,-0.9990,3.2500,23.44,
1,Maze001,3.978,3.2500,-0.9990,3.2500,23.44,
1,Maze001,3.986,3.2500,-0.9990,3.2500,23.44,
1,Maze001,3.990,3.2500,-0.9990,3.2500,23.44,
1,Maze001,3.999,3.2500,-0.9990,3.2500,23.44,
1,Maze001,4.003,3.2500,-0.9990,3.2500,23.44,
1,Maze001,4.012,3.2500,-0.9990,3.2500,23.44,
1,Maze001,4.017,3.2500,-0.9990,3.2500,23.35,
1,Maze001,4.021,3.2500,-0.9990,3.2500,23.29,
1,Maze001,4.025,3.2500,-0.9990,3.2500,23.29,
1,Maze001,4.033,3.2500,-0.9990,3.2500,23.29,
1,Maze001,4.037,3.2500,-0.9990,3.2500,23.11,
1,Maze001,4.045,3.2500,-0.9990,3.2500,23.14,
1,Maze001,4.049,3.2500,-0.9990,3.2500,23.23,
1,Maze001,4.053,3.2500,-0.9990,3.2500,23.23,
1,Maze001,4.062,3.2500,-0.9990,3.2500,23.23,
1,Maze001,4.066,3.2500,-0.9990,3.2500,23.71,
1,Maze001,4.070,3.2500,-0.9990,3.2500,23.71,
1,Maze001,4.074,3.2500,-0.9990,3.2500,23.71,
1,Maze001,4.078,3.2500,-0.9990,3.2500,24.43,
1,Maze001,4.083,3.2500,-0.9990,3.2500,24.43,
1,Maze001,4.088,3.2500,-0.9990,3.2500,24.70,
1,Maze001,4.092,3.2500,-0.9990,3.2500,25.03,
1,Maze001,4.101,3.2500,-0.9990,3.2500,25.03,
1,Maze001,4.106,3.2500,-0.9990,3.2500,25.27,
1,Maze001,4.110,3.2500,-0.9990,3.2500,25.81,
1,Maze001,4.116,3.2500,-0.9990,3.2500,25.99,
1,Maze001,4.120,3.2500,-0.9990,3.2500,26.11,
1,Maze001,4.125,3.2500,-0.9990,3.2500,26.11,
1,Maze001,4.131,3.2500,-0.9990,3.2500,26.17,
1,Maze001,4.137,3.2500,-0.9990,3.2500,26.32,
1,Maze001,4.141,3.2500,-0.9990,3.2500,26.32,
1,Maze001,4.150,3.2500,-0.9990,3.2500,26.32,
1,Maze001,4.158,3.2500,-0.9990,3.2500,26.32,
1,Maze001,4.161,3.2500,-0.9990,3.2500,26.32,
1,Maze001,4.170,3.2500,-0.9990,3.2500,26.32,
1,Maze001,4.178,3.2500,-0.9990,3.2500,26.32,
1,Maze001,4.182,3.2500,-0.9990,3.2500,26.32,
1,Maze001,4.187,3.2500,-0.9990,3.2500,26.32,
1,Maze001,4.191,3.2500,-0.9990,3.2500,26.32,
1,Maze001,4.199,3.2500,-0.9990,3.2500,26.32,
1,Maze001,4.203,3.2500,-0.9990,3.2500,26.32,
1,Maze001,4.208,3.2500,-0.9990,3.2500,26.32,
1,Maze001,4.212,3.2500,-0.9990,3.2500,26.32,
1,Maze001,4.220,3.2500,-0.9990,3.2500,26.32,
1,Maze001,4.228,3.2500,-0.9990,3.2500,26.32,
1,Maze001,4.237,3.2500,-0.9990,3.2500,26.32,
1,Maze001,4.245,3.2500,-0.9990,3.2500,26.32,
1,Maze001,4.248,3.2500,-0.9990,3.2500,26.32,
1,Maze001,4.258,3.2500,-0.9990,3.2500,26.32,
1,Maze001,4.261,3.2500,-0.9990,3.2500,26.32,
1,Maze001,4.266,3.2500,-0.9990,3.2500,26.32,
1,Maze001,4.274,3.2500,-0.9990,3.2500,26.32,
1,Maze001,4.278,3.2500,-0.9990,3.2500,26.32,
1,Maze001,4.287,3.2500,-0.9990,3.2500,26.32,
1,Maze001,4.291,3.2500,-0.9990,3.2500,26.32,
1,Maze001,4.295,3.2500,-0.9990,3.2500,26.32,
1,Maze001,4.299,3.2500,-0.9990,3.2500,26.32,
1,Maze001,4.307,3.2500,-0.9990,3.2500,26.32,
1,Maze001,4.312,3.2500,-0.9990,3.2500,26.32,
1,Maze001,4.316,3.2500,-0.9990,3.2500,26.32,
1,Maze001,4.325,3.2500,-0.9990,3.2500,26.32,
1,Maze001,4.329,3.2500,-0.9990,3.2500,26.32,
1,Maze001,4.337,3.2500,-0.9990,3.2500,26.32,
1,Maze001,4.341,3.2500,-0.9990,3.2500,26.32,
1,Maze001,4.348,3.2500,-0.9990,3.2500,26.32,
1,Maze001,4.354,3.2500,-0.9990,3.2500,26.38,
1,Maze001,4.358,3.2500,-0.9990,3.2500,26.50,
1,Maze001,4.362,3.2500,-0.9990,3.2500,26.77,
1,Maze001,4.366,3.2500,-0.9990,3.2500,26.77,
1,Maze001,4.374,3.2500,-0.9990,3.2500,27.22,
1,Maze001,4.379,3.2500,-0.9990,3.2500,27.67,
1,Maze001,4.383,3.2500,-0.9990,3.2500,27.67,
1,Maze001,4.387,3.2500,-0.9990,3.2500,28.15,
1,Maze001,4.391,3.2500,-0.9990,3.2500,28.69,
1,Maze001,4.396,3.2500,-0.9990,3.2500,28.69,
1,Maze001,4.401,3.2500,-0.9990,3.2500,29.44,
1,Maze001,4.405,3.2500,-0.9990,3.2500,30.22,
1,Maze001,4.410,3.2500,-0.9990,3.2500,30.22,
1,Maze001,4.414,3.2500,-0.9990,3.2500,30.91,
1,Maze001,4.420,3.2500,-0.9990,3.2500,30.91,
1,Maze001,4.424,3.2500,-0.9990,3.2500,30.91,
1,Maze001,4.431,3.2500,-0.9990,3.2500,32.68,
1,Maze001,4.437,3.2500,-0.9990,3.2500,33.52,
1,Maze001,4.442,3.2500,-0.9990,3.2500,34.48,
1,Maze001,4.447,3.2500,-0.9990,3.2500,34.48,
1,Maze001,4.453,3.2500,-0.9990,3.2500,35.52,
1,Maze001,4.459,3.2500,-0.9990,3.2500,36.51,
1,Maze001,4.465,3.2500,-0.9990,3.2500,37.50,
1,Maze001,4.470,3.2500,-0.9990,3.2500,38.43,
1,Maze001,4.475,3.2500,-0.9990,3.2500,38.43,
1,Maze001,4.479,3.2500,-0.9990,3.2500,39.36,
1,Maze001,4.485,3.2500,-0.9990,3.2500,40.29,
1,Maze001,4.490,3.2500,-0.9990,3.2500,40.29,
1,Maze001,4.495,3.2500,-0.9990,3.2500,41.07,
1,Maze001,4.500,3.2500,-0.9990,3.2500,41.61,
1,Maze001,4.504,3.2500,-0.9990,3.2500,42.18,
1,Maze001,4.511,3.2500,-0.9990,3.2500,42.18,
1,Maze001,4.515,3.2500,-0.9990,3.2500,42.66,
1,Maze001,4.519,3.2500,-0.9990,3.2500,43.05,
1,Maze001,4.528,3.2500,-0.9990,3.2500,43.05,
1,Maze001,4.533,3.2500,-0.9990,3.2500,43.68,
1,Maze001,4.537,3.2500,-0.9990,3.2500,43.68,
1,Maze001,4.545,3.2500,-0.9990,3.2500,43.89,
1,Maze001,4.550,3.2500,-0.9990,3.2500,44.01,
1,Maze001,4.555,3.2500,-0.9990,3.2500,44.13,
1,Maze001,4.559,3.2500,-0.9990,3.2500,44.13,
1,Maze001,4.565,3.2500,-0.9990,3.2500,44.16,
1,Maze001,4.569,3.2500,-0.9990,3.2500,44.22,
1,Maze001,4.574,3.2500,-0.9990,3.2500,44.22,
1,Maze001,4.578,3.2500,-0.9990,3.2500,44.25,
1,Maze001,4.585,3.2500,-0.9990,3.2500,44.25,
1,Maze001,4.589,3.2500,-0.9990,3.2500,44.25,
1,Maze001,4.594,3.2500,-0.9990,3.2500,44.25,
1,Maze001,4.599,3.2500,-0.9990,3.2500,44.25,
1,Maze001,4.607,3.2500,-0.9990,3.2500,44.25,
1,Maze001,4.611,3.2500,-0.9990,3.2500,44.25,
1,Maze001,4.615,3.2500,-0.9990,3.2500,44.25,
1,Maze001,4.619,3.2500,-0.9990,3.2500,44.25,
1,Maze001,4.624,3.2500,-0.9990,3.2500,44.25,
1,Maze001,4.629,3.2500,-0.9990,3.2500,44.16,
1,Maze001,4.635,3.2500,-0.9990,3.2500,43.89,
1,Maze001,4.641,3.2500,-0.9990,3.2500,43.53,
1,Maze001,4.644,3.2500,-0.9990,3.2500,43.53,
1,Maze001,4.654,3.2500,-0.9990,3.2500,42.99,
1,Maze001,4.658,3.2500,-0.9990,3.2500,42.51,
1,Maze001,4.666,3.2500,-0.9990,3.2500,41.85,
1,Maze001,4.670,3.2500,-0.9990,3.2500,41.07,
1,Maze001,4.675,3.2500,-0.9990,3.2500,40.20,
1,Maze001,4.681,3.2500,-0.9990,3.2500,40.20,
1,Maze001,4.686,3.2500,-0.9990,3.2500,39.45,
1,Maze001,4.690,3.2500,-0.9990,3.2500,38.61,
1,Maze001,4.694,3.2500,-0.9990,3.2500,38.61,
1,Maze001,4.699,3.2500,-0.9990,3.2500,37.71,
1,Maze001,4.703,3.2500,-0.9990,3.2500,36.81,
1,Maze001,4.712,3.2500,-0.9990,3.2500,36.81,
1,Maze001,4.716,3.2500,-0.9990,3.2500,35.91,
1,Maze001,4.721,3.2500,-0.9990,3.2500,34.87,
1,Maze001,4.725,3.2500,-0.9990,3.2500,33.64,
1,Maze001,4.730,3.2500,-0.9990,3.2500,33.64,
1,Maze001,4.737,3.2500,-0.9990,3.2500,32.53,
1,Maze001,4.741,3.2500,-0.9990,3.2500,31.15,
1,Maze001,4.745,3.2500,-0.9990,3.2500,31.15,
1,Maze001,4.749,3.2500,-0.9990,3.2500,29.83,
1,Maze001,4.753,3.2500,-0.9990,3.2500,28.57,
1,Maze001,4.758,3.2500,-0.9990,3.2500,28.57,
1,Maze001,4.765,3.2500,-0.9990,3.2500,27.16,
1,Maze001,4.770,3.2500,-0.9990,3.2500,25.87,
1,Maze001,4.774,3.2500,-0.9990,3.2500,25.87,
1,Maze001,4.783,3.2500,-0.9990,3.2500,24.67,
1,Maze001,4.787,3.2500,-0.9990,3.2500,23.38,
1,Maze001,4.794,3.2500,-0.9990,3.2500,22.30,
1,Maze001,4.799,3.2500,-0.9990,3.2500,21.31,
1,Maze001,4.806,3.2500,-0.9990,3.2500,20.20,
1,Maze001,4.811,3.2500,-0.9990,3.2500,19.15,
1,Maze001,4.815,3.2500,-0.9990,3.2500,19.15,
1,Maze001,4.820,3.2500,-0.9990,3.2500,18.34,
1,Maze001,4.825,3.2500,-0.9990,3.2500,17.62,
1,Maze001,4.833,3.2500,-0.9990,3.2500,17.62,
1,Maze001,4.838,3.2500,-0.9990,3.2500,16.75,
1,Maze001,4.845,3.2500,-0.9990,3.2500,15.94,
1,Maze001,4.849,3.2500,-0.9990,3.2500,14.96,
1,Maze001,4.857,3.2500,-0.9990,3.2500,14.21,
1,Maze001,4.862,3.2500,-0.9990,3.2500,13.25,
1,Maze001,4.870,3.2500,-0.9990,3.2500,13.25,
1,Maze001,4.874,3.2500,-0.9990,3.2500,11.39,
1,Maze001,4.878,3.2500,-0.9990,3.2500,11.39,
1,Maze001,4.887,3.2500,-0.9990,3.2500,10.58,
1,Maze001,4.895,3.2500,-0.9990,3.2500,9.65,
1,Maze001,4.900,3.2500,-0.9990,3.2500,8.63,
1,Maze001,4.905,3.2500,-0.9990,3.2500,7.79,
1,Maze001,4.912,3.2500,-0.9990,3.2500,7.79,
1,Maze001,4.916,3.2500,-0.9990,3.2500,7.22,
1,Maze001,4.924,3.2500,-0.9990,3.2500,6.38,
1,Maze001,4.929,3.2500,-0.9990,3.2500,5.63,
1,Maze001,4.935,3.2500,-0.9990,3.2500,5.00,
1,Maze001,4.939,3.2500,-0.9990,3.2500,4.34,
1,Maze001,4.945,3.2500,-0.9990,3.2500,4.34,
1,Maze001,4.949,3.2500,-0.9990,3.2500,3.86,
1,Maze001,4.958,3.2500,-0.9990,3.2500,3.29,
1,Maze001,4.963,3.2500,-0.9990,3.2500,2.72,
1,Maze001,4.970,3.2500,-0.9990,3.2500,2.24,
1,Maze001,4.979,3.2500,-0.9990,3.2500,1.85,
1,Maze001,4.983,3.2500,-0.9990,3.2500,1.43,
1,Maze001,4.989,3.2500,-0.9990,3.2500,1.43,
1,Maze001,4.994,3.2500,-0.9990,3.2500,1.13,
1,Maze001,4.998,3.2500,-0.9990,3.2500,0.86,
1,Maze001,5.002,3.2500,-0.9990,3.2500,0.71,
1,Maze001,5.006,3.2500,-0.9990,3.2500,0.71,
1,Maze001,5.012,3.2500,-0.9990,3.2500,0.50,
1,Maze001,5.016,3.2500,-0.9990,3.2500,0.44,
1,Maze001,5.024,3.2500,-0.9990,3.2500,0.44,
1,Maze001,5.033,3.2500,-0.9990,3.2500,0.41,
1,Maze001,5.037,3.2500,-0.9990,3.2500,0.38,
1,Maze001,5.041,3.2500,-0.9990,3.2500,0.38,
1,Maze001,5.048,3.2500,-0.9990,3.2500,0.35,
1,Maze001,5.052,3.2500,-0.9990,3.2500,0.26,
1,Maze001,5.056,3.2500,-0.9990,3.2500,0.26,
1,Maze001,5.062,3.2500,-0.9990,3.2500,0.23,
1,Maze001,5.066,3.2500,-0.9990,3.2500,0.23,
1,Maze001,5.074,3.2500,-0.9990,3.2500,0.23,
1,Maze001,5.078,3.2500,-0.9990,3.2500,0.23,
1,Maze001,5.083,3.2500,-0.9990,3.2500,0.20,
1,Maze001,5.087,3.2500,-0.9990,3.2500,0.20,
1,Maze001,5.095,3.2500,-0.9990,3.2500,0.20,
1,Maze001,5.099,3.2500,-0.9990,3.2500,0.20,
1,Maze001,5.104,3.2500,-0.9990,3.2500,0.32,
1,Maze001,5.111,3.2500,-0.9990,3.2500,0.38,
1,Maze001,5.115,3.2500,-0.9990,3.2500,0.38,
1,Maze001,5.119,3.2500,-0.9990,3.2500,0.47,
1,Maze001,5.128,3.2500,-0.9990,3.2500,0.59,
1,Maze001,5.132,3.2500,-0.9990,3.2500,0.65,
1,Maze001,5.137,3.2500,-0.9990,3.2500,0.83,
1,Maze001,5.144,3.2500,-0.9990,3.2500,0.83,
1,Maze001,5.148,3.2500,-0.9990,3.2500,0.95,
1,Maze001,5.153,3.2500,-0.9990,3.2500,1.01,
1,Maze001,5.157,3.2500,-0.9990,3.2500,1.01,
1,Maze001,5.165,3.2500,-0.9990,3.2500,1.16,
1,Maze001,5.169,3.2500,-0.9990,3.2500,1.31,
1,Maze001,5.174,3.2500,-0.9990,3.2500,1.31,
1,Maze001,5.182,3.2500,-0.9990,3.2500,1.34,
1,Maze001,5.186,3.2500,-0.9990,3.2500,1.34,
1,Maze001,5.190,3.2500,-0.9990,3.2500,1.34,
1,Maze001,5.199,3.2500,-0.9990,3.2500,1.34,
1,Maze001,5.203,3.2500,-0.9990,3.2500,1.34,
1,Maze001,5.207,3.2500,-0.9990,3.2500,1.34,
1,Maze001,5.211,3.2500,-0.9990,3.2500,1.34,
1,Maze001,5.219,3.2500,-0.9990,3.2500,1.34,
1,Maze001,5.224,3.2500,-0.9990,3.2500,1.34,
1,Maze001,5.232,3.2500,-0.9990,3.2500,1.34,
1,Maze001,5.240,3.2500,-0.9990,3.2500,1.34,
1,Maze001,5.244,3.2500,-0.9990,3.2500,1.34,
1,Maze001,5.253,3.2500,-0.9990,3.2500,1.34,
1,Maze001,5.257,3.2500,-0.9990,3.2500,1.34,
1,Maze001,5.261,3.2500,-0.9990,3.2500,1.34,
1,Maze001,5.265,3.2500,-0.9990,3.2500,1.34,
1,Maze001,5.274,3.2500,-0.9990,3.2500,1.34,
1,Maze001,5.278,3.2500,-0.9990,3.2500,1.34,
1,Maze001,5.286,3.2500,-0.9990,3.2500,1.34,
1,Maze001,5.295,3.2500,-0.9990,3.2500,1.34,
1,Maze001,5.303,3.2500,-0.9990,3.2500,1.34,
1,Maze001,5.307,3.2500,-0.9990,3.2500,1.34,
1,Maze001,5.310,3.2500,-0.9990,3.2500,1.34,
1,Maze001,5.315,3.2500,-0.9990,3.2500,1.34,
1,Maze001,5.324,3.2500,-0.9990,3.2500,1.34,
1,Maze001,5.332,3.2500,-0.9990,3.2500,1.34,
1,Maze001,5.336,3.2500,-0.9990,3.2500,1.34,
1,Maze001,5.344,3.2500,-0.9990,3.2500,1.34,
1,Maze001,5.353,3.2500,-0.9990,3.2500,1.34,
1,Maze001,5.361,3.2500,-0.9990,3.2500,1.34,
1,Maze001,5.365,3.2500,-0.9990,3.2500,1.34,
1,Maze001,5.368,3.2500,-0.9990,3.2500,1.34,
1,Maze001,5.374,3.2500,-0.9990,3.2500,1.34,
1,Maze001,5.378,3.2500,-0.9990,3.2500,1.34,
1,Maze001,5.383,3.2500,-0.9990,3.2500,1.34,
1,Maze001,5.387,3.2500,-0.9990,3.2500,1.34,
1,Maze001,5.393,3.2500,-0.9990,3.2500,1.34,
1,Maze001,5.399,3.2500,-0.9990,3.2500,1.34,
1,Maze001,5.402,3.2500,-0.9990,3.2500,1.34,
1,Maze001,5.411,3.2500,-0.9990,3.2500,1.34,
1,Maze001,5.419,3.2500,-0.9990,3.2500,1.34,
1,Maze001,5.424,3.2500,-0.9990,3.2500,1.34,
1,Maze001,5.427,3.2500,-0.9990,3.2500,1.34,
1,Maze001,5.431,3.2500,-0.9990,3.2500,1.34,
1,Maze001,5.436,3.2500,-0.9990,3.2500,1.34,
1,Maze001,5.440,3.2500,-0.9990,3.2500,1.34,
1,Maze001,5.449,3.2500,-0.9990,3.2500,1.34,
1,Maze001,5.452,3.2500,-0.9990,3.2500,1.34,
1,Maze001,5.461,3.2500,-0.9990,3.2500,1.34,
1,Maze001,5.470,3.2500,-0.9990,3.2500,1.34,
1,Maze001,5.474,3.2500,-0.9990,3.2500,1.34,
1,Maze001,5.481,3.2500,-0.9990,3.2500,1.34,
1,Maze001,5.486,3.2500,-0.9990,3.2500,1.34,
1,Maze001,5.495,3.2500,-0.9990,3.2500,1.34,
1,Maze001,5.499,3.2500,-0.9990,3.2500,1.34,
1,Maze001,5.507,3.2500,-0.9990,3.2500,1.34,
1,Maze001,5.515,3.2500,-0.9990,3.2500,1.34,
1,Maze001,5.524,3.2500,-0.9990,3.2500,1.34,
1,Maze001,5.528,3.2500,-0.9990,3.2500,1.34,
1,Maze001,5.536,3.2500,-0.9990,3.2500,1.34,
1,Maze001,5.544,3.2500,-0.9990,3.2500,1.34,
1,Maze001,5.548,3.2500,-0.9990,3.2500,1.34,
1,Maze001,5.557,3.2500,-0.9990,3.2500,1.34,
1,Maze001,5.565,3.2500,-0.9990,3.2500,1.34,
1,Maze001,5.569,3.2500,-0.9990,3.2500,1.34,
1,Maze001,5.572,3.2500,-0.9990,3.2500,1.34,
1,Maze001,5.578,3.2500,-0.9990,3.2500,1.34,
1,Maze001,5.586,3.2500,-0.9990,3.2500,1.34,
1,Maze001,5.594,3.2500,-0.9990,3.2500,1.34,
1,Maze001,5.598,3.2500,-0.9990,3.2500,1.34,
1,Maze001,5.601,3.2500,-0.9990,3.2500,1.34,
1,Maze001,5.607,3.2500,-0.9990,3.2500,1.34,
1,Maze001,5.611,3.2500,-0.9990,3.2500,1.34,
1,Maze001,5.619,3.2500,-0.9990,3.2500,1.34,
1,Maze001,5.623,3.2500,-0.9990,3.2500,1.34,
1,Maze001,5.626,3.2500,-0.9990,3.2500,1.34,
1,Maze001,5.632,3.2500,-0.9990,3.2500,1.34,
1,Maze001,5.636,3.2500,-0.9990,3.2500,1.34,
1,Maze001,5.640,3.2500,-0.9990,3.2500,1.34,
1,Maze001,5.644,3.2500,-0.9990,3.2500,1.34,
1,Maze001,5.653,3.2500,-0.9990,3.2500,1.34,
1,Maze001,5.657,3.2500,-0.9990,3.2500,1.34,
1,Maze001,5.665,3.2500,-0.9990,3.2500,1.34,
1,Maze001,5.673,3.2500,-0.9990,3.2500,1.34,
1,Maze001,5.678,3.2500,-0.9990,3.2500,1.34,
1,Maze001,5.686,3.2500,-0.9990,3.2500,1.34,
1,Maze001,5.690,3.2500,-0.9990,3.2500,1.34,
1,Maze001,5.695,3.2500,-0.9990,3.2500,1.10,
1,Maze001,5.699,3.2500,-0.9990,3.2500,1.10,
1,Maze001,5.705,3.2500,-0.9990,3.2500,1.10,
1,Maze001,5.708,3.2500,-0.9990,3.2500,0.62,
1,Maze001,5.715,3.2500,-0.9990,3.2500,0.62,
1,Maze001,5.719,3.2500,-0.9990,3.2500,0.50,
1,Maze001,5.723,3.2500,-0.9990,3.2500,0.38,
1,Maze001,5.728,3.2500,-0.9990,3.2500,0.38,
1,Maze001,5.738,3.2500,-0.9990,3.2500,0.38,
1,Maze001,5.741,3.2500,-0.9990,3.2500,0.38,
1,Maze001,5.748,3.2500,-0.9990,3.2500,0.38,
1,Maze001,5.752,3.2500,-0.9990,3.2500,0.38,
1,Maze001,5.756,3.2500,-0.9990,3.2500,0.38,
1,Maze001,5.761,3.2500,-0.9990,3.2500,0.38,
1,Maze001,5.765,3.2500,-0.9990,3.2500,0.38,
1,Maze001,5.768,3.2500,-0.9990,3.2500,0.38,
1,Maze001,5.774,3.2500,-0.9990,3.2500,0.38,
1,Maze001,5.781,3.2500,-0.9990,3.2500,0.38,
1,Maze001,5.786,3.2500,-0.9990,3.2500,0.38,
1,Maze001,5.791,3.2500,-0.9990,3.2500,0.38,
1,Maze001,5.794,3.2500,-0.9990,3.2500,0.38,
1,Maze001,5.803,3.2500,-0.9990,3.2500,0.38,
1,Maze001,5.807,3.2500,-0.9990,3.2500,0.38,
1,Maze001,5.810,3.2500,-0.9990,3.2500,0.38,
1,Maze001,5.816,3.2500,-0.9990,3.2500,0.38,
1,Maze001,5.819,3.2500,-0.9990,3.2500,0.38,
1,Maze001,5.823,3.2500,-0.9990,3.2500,0.38,
1,Maze001,5.828,3.2500,-0.9990,3.2500,0.38,
1,Maze001,5.832,3.2500,-0.9990,3.2500,0.38,
1,Maze001,5.840,3.2500,-0.9990,3.2500,0.38,
1,Maze001,5.844,3.2500,-0.9990,3.2500,0.38,
1,Maze001,5.849,3.2500,-0.9990,3.2500,0.38,
1,Maze001,5.852,3.2500,-0.9990,3.2500,0.38,
1,Maze001,5.860,3.2500,-0.9990,3.2500,0.38,
1,Maze001,5.864,3.2500,-0.9990,3.2500,0.38,
1,Maze001,5.873,3.2500,-0.9990,3.2500,0.38,
1,Maze001,5.876,3.2500,-0.9990,3.2500,0.38,
1,Maze001,5.882,3.2500,-0.9990,3.2500,0.38,
1,Maze001,5.885,3.2500,-0.9990,3.2500,0.38,
1,Maze001,5.890,3.2500,-0.9990,3.2500,0.38,
1,Maze001,5.897,3.2500,-0.9990,3.2500,0.38,
1,Maze001,5.901,3.2500,-0.9990,3.2500,0.38,
1,Maze001,5.907,3.2500,-0.9990,3.2500,0.38,
1,Maze001,5.910,3.2500,-0.9990,3.2500,0.38,
1,Maze001,5.916,3.2500,-0.9990,3.2500,0.38,
1,Maze001,5.919,3.2500,-0.9990,3.2500,0.38,
1,Maze001,5.925,3.2500,-0.9990,3.2500,0.38,
1,Maze001,5.931,3.2500,-0.9990,3.2500,0.38,
1,Maze001,5.940,3.2500,-0.9990,3.2500,0.38,
1,Maze001,5.943,3.2500,-0.9990,3.2500,0.38,
1,Maze001,5.951,3.2500,-0.9990,3.2500,0.38,
1,Maze001,5.954,3.2500,-0.9990,3.2500,0.38,
1,Maze001,5.961,3.2500,-0.9990,3.2500,0.38,
1,Maze001,5.965,3.2500,-0.9990,3.2500,0.38,
1,Maze001,5.973,3.2500,-0.9990,3.2500,0.38,
1,Maze001,5.977,3.2500,-0.9990,3.2500,0.38,
1,Maze001,5.981,3.2500,-0.9990,3.2500,0.38,
1,Maze001,5.986,3.2500,-0.9990,3.2500,0.38,
1,Maze001,5.994,3.2500,-0.9990,3.2500,0.38,
1,Maze001,5.998,3.2500,-0.9990,3.2500,0.38,
1,Maze001,6.002,3.2500,-0.9990,3.2500,0.38,
1,Maze001,6.007,3.2500,-0.9990,3.2500,0.38,
1,Maze001,6.012,3.2500,-0.9990,3.2500,0.38,
1,Maze001,6.019,3.2500,-0.9990,3.2500,0.38,
1,Maze001,6.023,3.2500,-0.9990,3.2500,0.38,
1,Maze001,6.030,3.2500,-0.9990,3.2500,0.38,
1,Maze001,6.033,3.2500,-0.9990,3.2500,0.38,
1,Maze001,6.039,3.2500,-0.9990,3.2500,0.38,
1,Maze001,6.042,3.2500,-0.9990,3.2500,0.38,
1,Maze001,6.048,3.2500,-0.9990,3.2500,0.38,
1,Maze001,6.053,3.2500,-0.9990,3.2500,0.38,
1,Maze001,6.060,3.2500,-0.9990,3.2500,0.38,
1,Maze001,6.063,3.2500,-0.9990,3.2500,0.38,
1,Maze001,6.069,3.2500,-0.9990,3.2500,0.38,
1,Maze001,6.073,3.2500,-0.9990,3.2500,0.38,
1,Maze001,6.078,3.2500,-0.9990,3.2500,0.38,
1,Maze001,6.086,3.2500,-0.9990,3.2500,0.38,
1,Maze001,6.094,3.2500,-0.9990,3.2500,0.38,
1,Maze001,6.098,3.2500,-0.9990,3.2500,0.38,
1,Maze001,6.107,3.2500,-0.9990,3.2500,0.38,
1,Maze001,6.115,3.2500,-0.9990,3.2500,0.38,
1,Maze001,6.119,3.2500,-0.9990,3.2500,0.38,
1,Maze001,6.122,3.2500,-0.9990,3.2500,0.38,
1,Maze001,6.127,3.2500,-0.9990,3.2500,0.38,
1,Maze001,6.131,3.2500,-0.9990,3.2500,0.38,
1,Maze001,6.135,3.2500,-0.9990,3.2500,0.38,
1,Maze001,6.140,3.2500,-0.9990,3.2500,0.38,
1,Maze001,6.149,3.2500,-0.9990,3.2500,0.38,
1,Maze001,6.152,3.2500,-0.9990,3.2500,0.38,
1,Maze001,6.155,3.2500,-0.9990,3.2500,0.38,
1,Maze001,6.161,3.2500,-0.9990,3.2500,0.38,
1,Maze001,6.165,3.2500,-0.9990,3.2500,0.38,
1,Maze001,6.173,3.2500,-0.9990,3.2500,0.38,
1,Maze001,6.177,3.2500,-0.9990,3.2500,0.38,
1,Maze001,6.182,3.2500,-0.9990,3.2500,0.38,
1,Maze001,6.186,3.2500,-0.9990,3.2500,0.38,
1,Maze001,6.195,3.2500,-0.9990,3.2500,0.38,
1,Maze001,6.201,3.2500,-0.9990,3.2500,0.38,
1,Maze001,6.207,3.2500,-0.9990,3.2500,0.38,
1,Maze001,6.215,3.2500,-0.9990,3.2500,0.38,
1,Maze001,6.219,3.2500,-0.9990,3.2500,0.38,
1,Maze001,6.222,3.2500,-0.9990,3.2500,0.38,
1,Maze001,6.230,3.2500,-0.9990,3.2500,0.38,
1,Maze001,6.234,3.2500,-0.9990,3.2500,0.38,
1,Maze001,6.239,3.2500,-0.9990,3.2500,0.38,
1,Maze001,6.244,3.2500,-0.9990,3.2500,0.38,
1,Maze001,6.253,3.2500,-0.9990,3.2500,0.38,
1,Maze001,6.261,3.2500,-0.9990,3.2500,0.38,
1,Maze001,6.265,3.2500,-0.9990,3.2500,0.38,
1,Maze001,6.274,3.2500,-0.9990,3.2500,0.38,
1,Maze001,6.283,3.2500,-0.9990,3.2500,0.38,
1,Maze001,6.286,3.2500,-0.9990,3.2500,0.38,
1,Maze001,6.288,3.2500,-0.9990,3.2500,0.38,
1,Maze001,6.294,3.2500,-0.9990,3.2500,0.38,
1,Maze001,6.298,3.2500,-0.9990,3.2500,0.38,
1,Maze001,6.302,3.2500,-0.9990,3.2500,0.38,
1,Maze001,6.307,3.2500,-0.9990,3.2500,0.38,
1,Maze001,6.311,3.2500,-0.9990,3.2500,0.38,
1,Maze001,6.315,3.2500,-0.9990,3.2500,0.38,
1,Maze001,6.323,3.2500,-0.9990,3.2500,0.38,
1,Maze001,6.328,3.2500,-0.9990,3.2500,0.38,
1,Maze001,6.332,3.2500,-0.9990,3.2500,0.38,
1,Maze001,6.335,3.2500,-0.9990,3.2500,0.38,
1,Maze001,6.341,3.2500,-0.9990,3.2500,0.38,
1,Maze001,6.344,3.2500,-0.9990,3.2500,0.38,
1,Maze001,6.349,3.2500,-0.9990,3.2500,0.38,
1,Maze001,6.357,3.2500,-0.9990,3.2500,0.38,
1,Maze001,6.364,3.2500,-0.9990,3.2500,0.38,
1,Maze001,6.370,3.2500,-0.9990,3.2500,0.38,
1,Maze001,6.373,3.2500,-0.9990,3.2500,0.38,
1,Maze001,6.377,3.2500,-0.9990,3.2500,0.38,
1,Maze001,6.382,3.2500,-0.9990,3.2500,0.38,
1,Maze001,6.386,3.2500,-0.9990,3.2500,0.38,
1,Maze001,6.391,3.2500,-0.9990,3.2500,0.38,
1,Maze001,6.399,3.2500,-0.9990,3.2500,0.38,
1,Maze001,6.407,3.2500,-0.9990,3.2500,0.38,
1,Maze001,6.415,3.2500,-0.9990,3.2500,0.38,
1,Maze001,6.419,3.2500,-0.9990,3.2500,0.38,
1,Maze001,6.428,3.2500,-0.9990,3.2500,0.38,
1,Maze001,6.436,3.2500,-0.9990,3.2500,0.38,
1,Maze001,6.440,3.2500,-0.9990,3.2500,0.38,
1,Maze001,6.443,3.2500,-0.9990,3.2500,0.38,
1,Maze001,6.448,3.2500,-0.9990,3.2500,0.38,
1,Maze001,6.452,3.2500,-0.9990,3.2500,0.38,
1,Maze001,6.456,3.2500,-0.9990,3.2500,0.38,
1,Maze001,6.461,3.2500,-0.9990,3.2500,0.38,
1,Maze001,6.464,3.2500,-0.9990,3.2500,0.38,
1,Maze001,6.469,3.2500,-0.9990,3.2500,0.38,
1,Maze001,6.474,3.2500,-0.9990,3.2500,0.38,
1,Maze001,6.477,3.2500,-0.9990,3.2500,0.38,
1,Maze001,6.483,3.2500,-0.9990,3.2500,0.38,
1,Maze001,6.489,3.2500,-0.9990,3.2500,0.38,
1,Maze001,6.492,3.2500,-0.9990,3.2500,0.38,
1,Maze001,6.498,3.2500,-0.9990,3.2500,0.38,
1,Maze001,6.503,3.2500,-0.9990,3.2500,0.38,
1,Maze001,6.510,3.2500,-0.9990,3.2500,0.38,
1,Maze001,6.513,3.2500,-0.9990,3.2500,0.38,
1,Maze001,6.519,3.2500,-0.9990,3.2500,0.38,
1,Maze001,6.522,3.2500,-0.9990,3.2500,0.38,
1,Maze001,6.528,3.2500,-0.9990,3.2500,0.38,
1,Maze001,6.532,3.2500,-0.9990,3.2500,0.38,
1,Maze001,6.540,3.2500,-0.9990,3.2500,0.38,
1,Maze001,6.543,3.2500,-0.9990,3.2500,0.38,
1,Maze001,6.549,3.2500,-0.9990,3.2500,0.38,
1,Maze001,6.553,3.2500,-0.9990,3.2500,0.38,
1,Maze001,6.561,3.2500,-0.9990,3.2500,0.38,
1,Maze001,6.564,3.2500,-0.9990,3.2500,0.38,
1,Maze001,6.569,3.2500,-0.9990,3.2500,0.38,
1,Maze001,6.577,3.2500,-0.9990,3.2500,0.38,
1,Maze001,6.586,3.2500,-0.9990,3.2500,0.38,
1,Maze001,6.589,3.2500,-0.9990,3.2500,0.38,
1,Maze001,6.593,3.2500,-0.9990,3.2500,0.38,
1,Maze001,6.598,3.2500,-0.9990,3.2500,0.38,
1,Maze001,6.602,3.2500,-0.9990,3.2500,0.38,
1,Maze001,6.607,3.2500,-0.9990,3.2500,0.38,
1,Maze001,6.611,3.2500,-0.9990,3.2500,0.38,
1,Maze001,6.619,3.2500,-0.9990,3.2500,0.38,
1,Maze001,6.622,3.2500,-0.9990,3.2500,0.38,
1,Maze001,6.628,3.2500,-0.9990,3.2500,0.38,
1,Maze001,6.632,3.2500,-0.9990,3.2500,0.38,
1,Maze001,6.640,3.2500,-0.9990,3.2500,0.38,
1,Maze001,6.643,3.2500,-0.9990,3.2500,0.38,
1,Maze001,6.652,3.2500,-0.9990,3.2500,0.38,
1,Maze001,6.655,3.2500,-0.9990,3.2500,0.38,
1,Maze001,6.661,3.2500,-0.9990,3.2500,0.38,
1,Maze001,6.664,3.2500,-0.9990,3.2500,0.38,
1,Maze001,6.670,3.2500,-0.9990,3.2500,0.38,
1,Maze001,6.673,3.2500,-0.9990,3.2500,0.38,
1,Maze001,6.681,3.2500,-0.9990,3.2500,0.38,
1,Maze001,6.685,3.2500,-0.9990,3.2500,0.38,
1,Maze001,6.688,3.2500,-0.9990,3.2500,0.38,
1,Maze001,6.694,3.2500,-0.9990,3.2500,0.38,
1,Maze001,6.697,3.2500,-0.9990,3.2500,0.38,
1,Maze001,6.703,3.2500,-0.9990,3.2500,0.38,
1,Maze001,6.707,3.2500,-0.9990,3.2500,0.38,
1,Maze001,6.715,3.2500,-0.9990,3.2500,0.38,
1,Maze001,6.718,3.2500,-0.9990,3.2500,0.38,
1,Maze001,6.724,3.2500,-0.9990,3.2500,0.38,
1,Maze001,6.732,3.2500,-0.9990,3.2500,0.38,
1,Maze001,6.740,3.2500,-0.9990,3.2500,0.38,
1,Maze001,6.749,3.2500,-0.9990,3.2500,0.38,
1,Maze001,6.757,3.2500,-0.9990,3.2500,0.38,
1,Maze001,6.765,3.2500,-0.9990,3.2500,0.38,
1,Maze001,6.769,3.2500,-0.9990,3.2500,0.38,
1,Maze001,6.777,3.2500,-0.9990,3.2500,0.38,
1,Maze001,6.781,3.2500,-0.9990,3.2500,0.38,
1,Maze001,6.785,3.2500,-0.9990,3.2500,0.38,
1,Maze001,6.790,3.2500,-0.9990,3.2500,0.38,
1,Maze001,6.794,3.2500,-0.9990,3.2500,0.38,
1,Maze001,6.803,3.2500,-0.9990,3.2500,0.38,
1,Maze001,6.808,3.2500,-0.9990,3.2500,0.38,
1,Maze001,6.811,3.2500,-0.9990,3.2500,0.38,
1,Maze001,6.815,3.2500,-0.9990,3.2500,0.38,
1,Maze001,6.823,3.2500,-0.9990,3.2500,0.38,
1,Maze001,6.828,3.2500,-0.9990,3.2500,0.38,
1,Maze001,6.832,3.2500,-0.9990,3.2500,0.38,
1,Maze001,6.840,3.2500,-0.9990,3.2500,0.38,
1,Maze001,6.844,3.2500,-0.9990,3.2500,0.38,
1,Maze001,6.847,3.2500,-0.9990,3.2500,0.38,
1,Maze001,6.853,3.2500,-0.9990,3.2500,0.38,
1,Maze001,6.861,3.2500,-0.9990,3.2500,0.38,
1,Maze001,6.865,3.2500,-0.9990,3.2500,0.38,
1,Maze001,6.868,3.2500,-0.9990,3.2500,0.38,
1,Maze001,6.873,3.2500,-0.9990,3.2500,0.38,
1,Maze001,6.877,3.2500,-0.9990,3.2500,0.38,
1,Maze001,6.881,3.2500,-0.9990,3.2500,0.38,
1,Maze001,6.886,3.2500,-0.9990,3.2500,0.38,
1,Maze001,6.889,3.2500,-0.9990,3.2500,0.38,
1,Maze001,6.895,3.2500,-0.9990,3.2500,0.38,
1,Maze001,6.901,3.2500,-0.9990,3.2500,0.38,
1,Maze001,6.904,3.2500,-0.9990,3.2500,0.38,
1,Maze001,6.910,3.2500,-0.9990,3.2500,0.38,
1,Maze001,6.915,3.2500,-0.9990,3.2500,0.38,
1,Maze001,6.919,3.2500,-0.9990,3.2500,0.38,
1,Maze001,6.923,3.2500,-0.9990,3.2500,0.38,
1,Maze001,6.931,3.2500,-0.9990,3.2500,0.38,
1,Maze001,6.934,3.2500,-0.9990,3.2500,0.38,
1,Maze001,6.943,3.2500,-0.9990,3.2500,0.38,
1,Maze001,6.946,3.2500,-0.9990,3.2500,0.38,
1,Maze001,6.952,3.2500,-0.9990,3.2500,0.38,
1,Maze001,6.957,3.2500,-0.9990,3.2500,0.38,
1,Maze001,6.966,3.2500,-0.9990,3.2500,0.38,
1,Maze001,6.970,3.2500,-0.9990,3.2500,0.38,
1,Maze001,6.977,3.2500,-0.9990,3.2500,0.38,
1,Maze001,6.981,3.2500,-0.9990,3.2500,0.38,
1,Maze001,6.985,3.2500,-0.9990,3.2500,0.38,
1,Maze001,6.990,3.2500,-0.9990,3.2500,0.38,
1,Maze001,6.993,3.2500,-0.9990,3.2500,0.38,
1,Maze001,6.998,3.2500,-0.9990,3.2500,0.38,
1,Maze001,7.007,3.2500,-0.9990,3.2500,0.38,
1,Maze001,7.010,3.2500,-0.9990,3.2500,0.38,
1,Maze001,7.015,3.2500,-0.9990,3.2500,0.38,
1,Maze001,7.019,3.2500,-0.9990,3.2500,0.38,
1,Maze001,7.023,3.2500,-0.9990,3.2500,0.38,
1,Maze001,7.027,3.2500,-0.9990,3.2500,0.38,
1,Maze001,7.032,3.2500,-0.9990,3.2500,0.38,
1,Maze001,7.040,3.2500,-0.9990,3.2500,0.38,
1,Maze001,7.049,3.2500,-0.9990,3.2500,0.38,
1,Maze001,7.057,3.2500,-0.9990,3.2500,0.38,
1,Maze001,7.060,3.2500,-0.9990,3.2500,0.38,
1,Maze001,7.064,3.2500,-0.9990,3.2500,0.38,
1,Maze001,7.069,3.2500,-0.9990,3.2500,0.38,
1,Maze001,7.073,3.2500,-0.9990,3.2500,0.38,
1,Maze001,7.077,3.2500,-0.9990,3.2500,0.38,
1,Maze001,7.086,3.2500,-0.9990,3.2500,0.38,
1,Maze001,7.090,3.2500,-0.9990,3.2500,0.38,
1,Maze001,7.098,3.2500,-0.9990,3.2500,0.38,
1,Maze001,7.102,3.2500,-0.9990,3.2500,0.38,
1,Maze001,7.107,3.2500,-0.9990,3.2500,0.38,
1,Maze001,7.110,3.2500,-0.9990,3.2500,0.38,
1,Maze001,7.115,3.2500,-0.9990,3.2500,0.38,
1,Maze001,7.123,3.2500,-0.9990,3.2500,0.38,
1,Maze001,7.129,3.2500,-0.9990,3.2500,0.38,
1,Maze001,7.135,3.2500,-0.9990,3.2500,0.38,
1,Maze001,7.139,3.2500,-0.9990,3.2500,0.38,
1,Maze001,7.144,3.2500,-0.9990,3.2500,0.38,
1,Maze001,7.152,3.2500,-0.9990,3.2500,0.38,
1,Maze001,7.155,3.2500,-0.9990,3.2500,0.38,
1,Maze001,7.161,3.2500,-0.9990,3.2500,0.38,
1,Maze001,7.169,3.2500,-0.9990,3.2500,0.38,
1,Maze001,7.174,3.2500,-0.9990,3.2500,0.38,
1,Maze001,7.182,3.2500,-0.9990,3.2500,0.38,
1,Maze001,7.190,3.2500,-0.9990,3.2500,0.38,
1,Maze001,7.198,3.2500,-0.9990,3.2500,0.38,
1,Maze001,7.202,3.2500,-0.9990,3.2500,0.38,
1,Maze001,7.205,3.2500,-0.9990,3.2500,0.38,
1,Maze001,7.211,3.2500,-0.9990,3.2500,0.38,
1,Maze001,7.215,3.2500,-0.9990,3.2500,0.38,
1,Maze001,7.218,3.2500,-0.9990,3.2500,0.38,
1,Maze001,7.223,3.2500,-0.9990,3.2500,0.38,
1,Maze001,7.228,3.2500,-0.9990,3.2500,0.38,
1,Maze001,7.231,3.2500,-0.9990,3.2500,0.38,
1,Maze001,7.240,3.2500,-0.9990,3.2500,0.38,
1,Maze001,7.244,3.2500,-0.9990,3.2500,0.38,
1,Maze001,7.248,3.2500,-0.9990,3.2500,0.38,
1,Maze001,7.253,3.2500,-0.9990,3.2500,0.38,
1,Maze001,7.257,3.2500,-0.9990,3.2500,0.38,
1,Maze001,7.261,3.2500,-0.9990,3.2500,0.38,
1,Maze001,7.269,3.2500,-0.9990,3.2500,0.38,
1,Maze001,7.272,3.2500,-0.9990,3.2500,0.38,
1,Maze001,7.280,3.2500,-0.9990,3.2500,0.38,
1,Maze001,7.284,3.2499,-0.9990,3.2286,0.38,
1,Maze001,7.292,3.2498,-0.9990,3.2153,0.38,
1,Maze001,7.296,3.2651,-0.9990,3.1997,0.38,
1,Maze001,7.303,3.2756,-0.9990,3.1891,0.38,
1,Maze001,7.307,3.2896,-0.9990,3.1749,0.38,
1,Maze001,7.316,3.2974,-0.9990,3.1670,0.38,
1,Maze001,7.321,3.3158,-0.9990,3.1484,0.38,
1,Maze001,7.325,3.3263,-0.9990,3.1377,0.38,
1,Maze001,7.332,3.3353,-0.9990,3.1286,0.38,
1,Maze001,7.340,3.3509,-0.9990,3.1128,0.38,
1,Maze001,7.344,3.3680,-0.9990,3.0955,0.38,
1,Maze001,7.353,3.3770,-0.9990,3.0863,0.38,
1,Maze001,7.357,3.3944,-0.9990,3.0687,0.38,
1,Maze001,7.365,3.4032,-0.9990,3.0598,0.38,
1,Maze001,7.373,3.4207,-0.9990,3.0420,0.38,
1,Maze001,7.377,3.4376,-0.9990,3.0249,0.38,
1,Maze001,7.382,3.4462,-0.9990,3.0162,0.38,
1,Maze001,7.390,3.4553,-0.9990,3.0070,0.38,
1,Maze001,7.394,3.4729,-0.9990,2.9891,0.38,
1,Maze001,7.398,3.4820,-0.9990,2.9799,0.38,
1,Maze001,7.407,3.4910,-0.9990,2.9707,0.38,
1,Maze001,7.415,3.5083,-0.9990,2.9532,0.38,
1,Maze001,7.419,3.5259,-0.9990,2.9354,0.38,
1,Maze001,7.428,3.5346,-0.9990,2.9266,0.38,
1,Maze001,7.432,3.5530,-0.9990,2.9080,0.38,
1,Maze001,7.436,3.5619,-0.9990,2.8989,0.38,
1,Maze001,7.440,3.5702,-0.9990,2.8905,0.38,
1,Maze001,7.444,3.5788,-0.9990,2.8818,0.38,
1,Maze001,7.454,3.5870,-0.9990,2.8735,0.38,
1,Maze001,7.457,3.6067,-0.9990,2.8535,0.38,
1,Maze001,7.465,3.6147,-0.9990,2.8454,0.38,
1,Maze001,7.470,3.6316,-0.9990,2.8282,0.38,
1,Maze001,7.476,3.6410,-0.9990,2.8188,0.38,
1,Maze001,7.482,3.6547,-0.9990,2.8048,0.38,
1,Maze001,7.486,3.6664,-0.9990,2.7930,0.38,
1,Maze001,7.490,3.6747,-0.9990,2.7846,0.38,
1,Maze001,7.498,3.6843,-0.9990,2.7748,0.38,
1,Maze001,7.507,3.7012,-0.9990,2.7578,0.38,
1,Maze001,7.511,3.7185,-0.9990,2.7402,0.38,
1,Maze001,7.520,3.7273,-0.9990,2.7313,0.38,
1,Maze001,7.524,3.7459,-0.9990,2.7125,0.38,
1,Maze001,7.528,3.7548,-0.9990,2.7034,0.38,
1,Maze001,7.535,3.7630,-0.9990,2.6951,0.38,
1,Maze001,7.540,3.7777,-0.9990,2.6802,0.38,
1,Maze001,7.545,3.7895,-0.9990,2.6683,0.38,
1,Maze001,7.551,3.8000,-0.9990,2.6577,0.38,
1,Maze001,7.557,3.8125,-0.9990,2.6449,0.38,
1,Maze001,7.561,3.8244,-0.9990,2.6329,0.38,
1,Maze001,7.565,3.8331,-0.9990,2.6240,0.38,
1,Maze001,7.574,3.8423,-0.9990,2.6147,0.38,
1,Maze001,7.578,3.8600,-0.9990,2.5968,0.38,
1,Maze001,7.582,3.8691,-0.9990,2.5876,0.38,
1,Maze001,7.590,3.8771,-0.9990,2.5795,0.38,
1,Maze001,7.594,3.8945,-0.9990,2.5619,0.38,
1,Maze001,7.598,3.9032,-0.9990,2.5531,0.38,
1,Maze001,7.603,3.9112,-0.9990,2.5449,0.38,
1,Maze001,7.607,3.9209,-0.9990,2.5351,0.38,
1,Maze001,7.611,3.9299,-0.9990,2.5260,0.38,
1,Maze001,7.619,3.9388,-0.9990,2.5169,0.38,
1,Maze001,7.623,3.9565,-0.9990,2.4990,0.38,
1,Maze001,7.627,3.9650,-0.9990,2.4904,0.38,
1,Maze001,7.636,3.9727,-0.9990,2.4826,0.38,
1,Maze001,7.640,3.9912,-0.9990,2.4639,0.38,
1,Maze001,7.649,4.0000,-0.9990,2.4549,0.38,
1,Maze001,7.654,4.0181,-0.9990,2.4366,0.38,
1,Maze001,7.661,4.0287,-0.9990,2.4259,0.38,
1,Maze001,7.665,4.0437,-0.9990,2.4107,0.38,
1,Maze001,7.669,4.0524,-0.9990,2.4018,0.38,
1,Maze001,7.673,4.0611,-0.9990,2.3930,0.38,
1,Maze001,7.682,4.0704,-0.9990,2.3836,0.38,
1,Maze001,7.690,4.0880,-0.9990,2.3657,0.38,
1,Maze001,7.698,4.1051,-0.9990,2.3485,0.38,
1,Maze001,7.702,4.1226,-0.9990,2.3307,0.38,
1,Maze001,7.707,4.1316,-0.9990,2.3216,0.38,
1,Maze001,7.715,4.1404,-0.9990,2.3127,0.38,
1,Maze001,7.725,4.1575,-0.9990,2.2953,0.38,
1,Maze001,7.728,4.1869,-0.9990,2.2951,0.38,
1,Maze001,7.735,4.1986,-0.9990,2.2950,0.38,
1,Maze001,7.740,4.2173,-0.9990,2.2949,0.38,
1,Maze001,7.745,4.2337,-0.9990,2.2948,0.38,
1,Maze001,7.753,4.2472,-0.9990,2.2947,0.38,
1,Maze001,7.756,4.2704,-0.9990,2.2945,0.38,
1,Maze001,7.762,4.2822,-0.9990,2.2944,0.38,
1,Maze001,7.766,4.2822,-0.9990,2.2944,0.38,
1,Maze001,7.773,4.2822,-0.9990,2.2944,0.38,
1,Maze001,7.782,4.2822,-0.9990,2.2944,0.38,
1,Maze001,7.791,4.2822,-0.9990,2.2944,0.38,
1,Maze001,7.798,4.2822,-0.9990,2.2944,0.38,
1,Maze001,7.807,4.2822,-0.9990,2.2944,0.38,
1,Maze001,7.810,4.2822,-0.9990,2.2944,0.38,
1,Maze001,7.814,4.2822,-0.9990,2.2944,0.38,
1,Maze001,7.820,4.2822,-0.9990,2.2944,0.38,
1,Maze001,7.824,4.2651,-0.9990,2.2946,0.38,
1,Maze001,7.828,4.2527,-0.9990,2.2946,0.38,
1,Maze001,7.832,4.2401,-0.9990,2.2947,0.38,
1,Maze001,7.836,4.2280,-0.9990,2.2948,0.38,
1,Maze001,7.843,4.2155,-0.9990,2.2949,0.38,
1,Maze001,7.849,4.1951,-0.9990,2.2950,0.38,
1,Maze001,7.853,4.1782,-0.9990,2.2951,0.38,
1,Maze001,7.860,4.1649,-0.9990,2.2952,0.38,
1,Maze001,7.865,4.1444,-0.9990,2.2954,0.38,
1,Maze001,7.870,4.1305,-0.9990,2.2955,0.38,
1,Maze001,7.874,4.1148,-0.9990,2.2956,0.38,
1,Maze001,7.882,4.1012,-0.9990,2.2957,0.38,
1,Maze001,7.886,4.0798,-0.9990,2.2958,0.38,
1,Maze001,7.895,4.0660,-0.9990,2.2959,0.38,
1,Maze001,7.899,4.0404,-0.9990,2.2961,0.38,
1,Maze001,7.905,4.0272,-0.9990,2.2962,0.38,
1,Maze001,7.911,4.0076,-0.9990,2.2963,0.38,
1,Maze001,7.915,3.9916,-0.9990,2.2964,0.38,
1,Maze001,7.923,3.9791,-0.9990,2.2965,0.38,
1,Maze001,7.934,3.9541,-0.9990,2.2966,0.38,
1,Maze001,7.937,3.9239,-0.9990,2.2968,0.38,
1,Maze001,7.943,3.9115,-0.9990,2.2969,0.38,
1,Maze001,7.948,3.8956,-0.9990,2.2970,0.38,
1,Maze001,7.952,3.8790,-0.9990,2.2971,0.38,
1,Maze001,7.961,3.8675,-0.9990,2.2972,0.38,
1,Maze001,7.969,3.8415,-0.9990,2.2974,0.38,
1,Maze001,7.978,3.8161,-0.9990,2.2976,0.38,
1,Maze001,7.982,3.7902,-0.9990,2.2977,0.38,
1,Maze001,7.986,3.7784,-0.9990,2.2978,0.38,
1,Maze001,7.990,3.7652,-0.9990,2.2979,0.38,
1,Maze001,7.998,3.7536,-0.9990,2.2980,0.38,
1,Maze001,8.002,3.7317,-0.9990,2.2981,0.38,
1,Maze001,8.007,3.7180,-0.9990,2.2982,0.38,
1,Maze001,8.011,3.7034,-0.9990,2.2983,0.38,
1,Maze001,8.019,3.6903,-0.9990,2.2984,0.38,
1,Maze001,8.023,3.6667,-0.9990,2.2986,0.38,
1,Maze001,8.028,3.6534,-0.9990,2.2986,0.38,
1,Maze001,8.036,3.6411,-0.9990,2.2987,0.38,
1,Maze001,8.040,3.6157,-0.9990,2.2989,0.38,
1,Maze001,8.049,3.6030,-0.9990,2.2990,0.38,
1,Maze001,8.053,3.5785,-0.9990,2.2991,0.38,
1,Maze001,8.061,3.5660,-0.9990,2.2992,0.38,
1,Maze001,8.065,3.5415,-0.9990,2.2994,0.38,
1,Maze001,8.071,3.5283,-0.9990,2.2995,0.38,
1,Maze001,8.075,3.5110,-0.9990,2.2996,0.38,
1,Maze001,8.082,3.4986,-0.9990,2.2997,0.38,
1,Maze001,8.088,3.4774,-0.9990,2.2998,0.38,
1,Maze001,8.093,3.4595,-0.9990,2.2999,0.38,
1,Maze001,8.097,3.4455,-0.9990,2.3000,0.38,
1,Maze001,8.103,3.4324,-0.9990,2.3001,0.38,
1,Maze001,8.107,3.4154,-0.9990,2.3002,0.38,
1,Maze001,8.112,3.4017,-0.9990,2.3003,0.38,
1,Maze001,8.117,3.3891,-0.9990,2.3004,0.38,
1,Maze001,8.122,3.3727,-0.9990,2.3005,0.38,
1,Maze001,8.126,3.3589,-0.9990,2.3006,0.38,
1,Maze001,8.132,3.3462,-0.9990,2.3007,0.38,
1,Maze001,8.136,3.3317,-0.9990,2.3008,0.38,
1,Maze001,8.140,3.3167,-0.9990,2.3009,0.38,
1,Maze001,8.148,3.3036,-0.9990,2.3010,0.38,
1,Maze001,8.152,3.2800,-0.9990,2.3011,0.38,
1,Maze001,8.157,3.2680,-0.9990,2.3012,0.38,
1,Maze001,8.165,3.2532,-0.9990,2.3013,0.38,
1,Maze001,8.169,3.2286,-0.9990,2.3015,0.38,
1,Maze001,8.173,3.2176,-0.9990,2.3016,0.38,
1,Maze001,8.182,3.2049,-0.9990,2.3016,0.38,
1,Maze001,8.186,3.1793,-0.9990,2.3018,0.38,
1,Maze001,8.195,3.1655,-0.9990,2.3019,0.38,
1,Maze001,8.199,3.1409,-0.9990,2.3021,0.38,
1,Maze001,8.203,3.1282,-0.9990,2.3022,0.38,
1,Maze001,8.211,3.1159,-0.9990,2.3022,0.38,
1,Maze001,8.216,3.0913,-0.9990,2.3024,0.38,
1,Maze001,8.220,3.0772,-0.9990,2.3025,0.38,
1,Maze001,8.227,3.0645,-0.9990,2.3026,0.38,
1,Maze001,8.236,3.0424,-0.9990,2.3027,0.38,
1,Maze001,8.243,3.0165,-0.9990,2.3029,0.38,
1,Maze001,8.249,2.9957,-0.9990,2.3030,0.38,
1,Maze001,8.253,2.9780,-0.9990,2.3032,0.38,
1,Maze001,8.257,2.9652,-0.9990,2.3032,0.38,
1,Maze001,8.264,2.9520,-0.9990,2.3033,0.38,
1,Maze001,8.269,2.9333,-0.9990,2.3035,0.38,
1,Maze001,8.273,2.9171,-0.9990,2.3036,0.38,
1,Maze001,8.282,2.9045,-0.9990,2.3036,0.38,
1,Maze001,8.287,2.8771,-0.9990,2.3038,0.38,
1,Maze001,8.291,2.8633,-0.9990,2.3039,0.38,
1,Maze001,8.297,2.8518,-0.9990,2.3040,0.38,
1,Maze001,8.302,2.8325,-0.9990,2.3041,0.38,
1,Maze001,8.306,2.8172,-0.9990,2.3042,0.38,
1,Maze001,8.313,2.8050,-0.9990,2.3043,0.38,
1,Maze001,8.317,2.7874,-0.9990,2.3044,0.38,
1,Maze001,8.321,2.7744,-0.9990,2.3045,0.38,
1,Maze001,8.326,2.7604,-0.9990,2.3046,0.38,
1,Maze001,8.330,2.7473,-0.9990,2.3047,0.38,
1,Maze001,8.335,2.7331,-0.9990,2.3048,0.38,
1,Maze001,8.341,2.7184,-0.9990,2.3049,0.38,
1,Maze001,8.345,2.7025,-0.9990,2.3050,0.38,
1,Maze001,8.354,2.6900,-0.9990,2.3051,0.38,
1,Maze001,8.358,2.6637,-0.9990,2.3052,0.38,
1,Maze001,8.365,2.6509,-0.9990,2.3053,0.38,
1,Maze001,8.369,2.6297,-0.9990,2.3055,0.38,
1,Maze001,8.373,2.6177,-0.9990,2.3056,0.38,
1,Maze001,8.377,2.6039,-0.9990,2.3056,0.38,
1,Maze001,8.387,2.5919,-0.9990,2.3057,0.38,
1,Maze001,8.392,2.5626,-0.9990,2.3059,0.38,
1,Maze001,8.396,2.5481,-0.9990,2.3060,0.38,
1,Maze001,8.400,2.5355,-0.9990,2.3061,0.38,
1,Maze001,8.405,2.5228,-0.9990,2.3062,0.38,
1,Maze001,8.411,2.5086,-0.9990,2.3063,0.38,
1,Maze001,8.415,2.4902,-0.9990,2.3064,0.38,
1,Maze001,8.424,2.4780,-0.9990,2.3065,0.38,
1,Maze001,8.428,2.4524,-0.9990,2.3067,0.38,
1,Maze001,8.434,2.4396,-0.9990,2.3067,0.38,
1,Maze001,8.440,2.4207,-0.9990,2.3069,0.38,
1,Maze001,8.443,2.4052,-0.9990,2.3070,0.38,
1,Maze001,8.452,2.3933,-0.9990,2.3071,0.38,
1,Maze001,8.461,2.3675,-0.9990,2.3072,0.38,
1,Maze001,8.469,2.3419,-0.9990,2.3074,0.38,
1,Maze001,8.473,2.3181,-0.9990,2.3076,0.38,
1,Maze001,8.478,2.3059,-0.9990,2.3076,0.38,
1,Maze001,8.481,2.2909,-0.9990,2.3077,0.38,
1,Maze001,8.490,2.2802,-0.9990,2.3078,0.38,
1,Maze001,8.498,2.2551,-0.9990,2.3080,0.38,
1,Maze001,8.502,2.2307,-0.9990,2.3081,0.38,
1,Maze001,8.512,2.2193,-0.9990,2.3082,0.38,
1,Maze001,8.516,2.1887,-0.9990,2.3084,0.38,
1,Maze001,8.523,2.1766,-0.9990,2.3085,0.38,
1,Maze001,8.532,2.1548,-0.9990,2.3086,0.38,
1,Maze001,8.539,2.1295,-0.9990,2.3088,0.38,
1,Maze001,8.544,2.1082,-0.9990,2.3090,0.38,
1,Maze001,8.552,2.0927,-0.9990,2.3091,0.38,
1,Maze001,8.556,2.0675,-0.9990,2.3092,0.38,
1,Maze001,8.559,2.0563,-0.9990,2.3093,0.38,
1,Maze001,8.565,2.0459,-0.9990,2.3094,0.38,
1,Maze001,8.569,2.0292,-0.9990,2.3095,0.38,
1,Maze001,8.577,2.0167,-0.9990,2.3096,0.38,
1,Maze001,8.585,1.9918,-0.9990,2.3097,0.38,
1,Maze001,8.589,1.9681,-0.9990,2.3099,0.38,
1,Maze001,8.599,1.9557,-0.9990,2.3100,0.38,
1,Maze001,8.602,1.9290,-0.9990,2.3102,0.38,
1,Maze001,8.606,1.9162,-0.9990,2.3102,0.38,
1,Maze001,8.611,1.9048,-0.9990,2.3103,0.38,
1,Maze001,8.620,1.8918,-0.9990,2.3104,0.38,
1,Maze001,8.624,1.8645,-0.9990,2.3106,0.38,
1,Maze001,8.634,1.8527,-0.9990,2.3107,0.38,
1,Maze001,8.639,1.8236,-0.9990,2.3109,0.38,
1,Maze001,8.643,1.8076,-0.9990,2.3110,0.38,
1,Maze001,8.648,1.8076,-0.9990,2.3110,0.38,
1,Maze001,8.656,1.8076,-0.9990,2.3110,0.38,
1,Maze001,8.660,1.8076,-0.9990,2.3110,0.38,
1,Maze001,8.663,1.8076,-0.9990,2.3110,0.38,
1,Maze001,8.670,1.8076,-0.9990,2.3110,0.38,
1,Maze001,8.677,1.8076,-0.9990,2.3110,0.38,
1,Maze001,8.685,1.8076,-0.9990,2.3110,0.38,
1,Maze001,8.689,1.8076,-0.9990,2.3110,0.38,
1,Maze001,8.692,1.8076,-0.9990,2.3110,0.38,
1,Maze001,8.700,1.8076,-0.9990,2.3110,0.38,
1,Maze001,8.703,1.8287,-0.9990,2.3108,0.38,
1,Maze001,8.710,1.8393,-0.9990,2.3108,0.38,
1,Maze001,8.719,1.8615,-0.9990,2.3106,0.38,
1,Maze001,8.723,1.8861,-0.9990,2.3104,0.38,
1,Maze001,8.733,1.8981,-0.9990,2.3104,0.38,
1,Maze001,8.740,1.9284,-0.9990,2.3102,0.38,
1,Maze001,8.744,1.9512,-0.9990,2.3100,0.38,
1,Maze001,8.748,1.9621,-0.9990,2.3099,0.38,
1,Maze001,8.753,1.9735,-0.9990,2.3099,0.38,
1,Maze001,8.757,1.9875,-0.9990,2.3098,0.38,
1,Maze001,8.761,2.0014,-0.9990,2.3097,0.38,
1,Maze001,8.769,2.0138,-0.9990,2.3096,0.38,
1,Maze001,8.774,2.0376,-0.9990,2.3094,0.38,
1,Maze001,8.781,2.0529,-0.9990,2.3093,0.38,
1,Maze001,8.790,2.0743,-0.9990,2.3092,0.38,
1,Maze001,8.798,2.1002,-0.9990,2.3090,0.38,
1,Maze001,8.802,2.1239,-0.9990,2.3089,0.38,
1,Maze001,8.811,2.1370,-0.9990,2.3088,0.38,
1,Maze001,8.819,2.1628,-0.9990,2.3086,0.38,
1,Maze001,8.823,2.1875,-0.9990,2.3084,0.38,
1,Maze001,8.828,2.1999,-0.9990,2.3083,0.38,
1,Maze001,8.832,2.2127,-0.9990,2.3083,0.38,
1,Maze001,8.840,2.2248,-0.9990,2.3082,0.38,
1,Maze001,8.849,2.2505,-0.9990,2.3080,0.38,
1,Maze001,8.856,2.2758,-0.9990,2.3078,0.38,
1,Maze001,8.860,2.2990,-0.9990,2.3077,0.38,
1,Maze001,8.869,2.3114,-0.9990,2.3076,0.38,
1,Maze001,8.873,2.3372,-0.9990,2.3074,0.38,
1,Maze001,8.878,2.3493,-0.9990,2.3073,0.38,
1,Maze001,8.886,2.3627,-0.9990,2.3073,0.38,
1,Maze001,8.890,2.3867,-0.9990,2.3071,0.38,
1,Maze001,8.894,2.3997,-0.9990,2.3070,0.38,
1,Maze001,8.898,2.4116,-0.9990,2.3069,0.38,
1,Maze001,8.902,2.4245,-0.9990,2.3068,0.38,
1,Maze001,8.911,2.4376,-0.9990,2.3068,0.38,
1,Maze001,8.915,2.4624,-0.9990,2.3066,0.38,
1,Maze001,8.924,2.4743,-0.9990,2.3065,0.38,
1,Maze001,8.928,2.5014,-0.9990,2.3063,0.38,
1,Maze001,8.936,2.5153,-0.9990,2.3062,0.38,
1,Maze001,8.940,2.5374,-0.9990,2.3061,0.38,
1,Maze001,8.945,2.5504,-0.9990,2.3060,0.38,
1,Maze001,8.949,2.5654,-0.9990,2.3059,0.38,
1,Maze001,8.958,2.5772,-0.9990,2.3058,0.38,
1,Maze001,8.962,2.6019,-0.9990,2.3057,0.38,
1,Maze001,8.970,2.6146,-0.9990,2.3056,0.38,
1,Maze001,8.974,2.6383,-0.9990,2.3054,0.38,
1,Maze001,8.982,2.6511,-0.9990,2.3053,0.38,
1,Maze001,8.990,2.6745,-0.9990,2.3052,0.38,
1,Maze001,8.993,2.6990,-0.9990,2.3050,0.38,
1,Maze001,8.997,2.7102,-0.9990,2.3049,0.38,
1,Maze001,9.003,2.7203,-0.9990,2.3049,0.38,
1,Maze001,9.007,2.7391,-0.9990,2.3047,0.38,
1,Maze001,9.015,2.7522,-0.9990,2.3047,0.38,
1,Maze001,9.023,2.7747,-0.9990,2.3045,0.38,
1,Maze001,9.032,2.7998,-0.9990,2.3043,0.38,
1,Maze001,9.040,2.8247,-0.9990,2.3042,0.38,
1,Maze001,9.043,2.8492,-0.9990,2.3040,0.38,
1,Maze001,9.047,2.8608,-0.9990,2.3039,0.38,
1,Maze001,9.052,2.8705,-0.9990,2.3039,0.38,
1,Maze001,9.060,2.8867,-0.9990,2.3038,0.38,
1,Maze001,9.069,2.9116,-0.9990,2.3036,0.38,
1,Maze001,9.077,2.9370,-0.9990,2.3034,0.38,
1,Maze001,9.081,2.9610,-0.9990,2.3033,0.38,
1,Maze001,9.090,2.9726,-0.9990,2.3032,0.38,
1,Maze001,9.099,3.0003,-0.9990,2.3030,0.38,
1,Maze001,9.102,3.0249,-0.9990,2.3028,0.38,
1,Maze001,9.107,3.0371,-0.9990,2.3028,0.38,
1,Maze001,9.114,3.0501,-0.9990,2.3027,0.38,
1,Maze001,9.118,3.0665,-0.9990,2.3188,0.38,
1,Maze001,9.123,3.0751,-0.9990,2.3273,0.38,
1,Maze001,9.132,3.0849,-0.9990,2.3370,0.38,
1,Maze001,9.135,3.1031,-0.9990,2.3550,0.38,
1,Maze001,9.140,3.1117,-0.9990,2.3635,0.38,
1,Maze001,9.144,3.1212,-0.9990,2.3729,0.38,
1,Maze001,9.153,3.1305,-0.9990,2.3820,0.38,
1,Maze001,9.161,3.1481,-0.9990,2.3994,0.38,
1,Maze001,9.169,3.1656,-0.9990,2.4167,0.38,
1,Maze001,9.177,3.1827,-0.9990,2.4336,0.38,
1,Maze001,9.186,3.2007,-0.9990,2.4513,0.38,
1,Maze001,9.194,3.2187,-0.9990,2.4690,0.38,
1,Maze001,9.203,3.2360,-0.9990,2.4861,0.38,
1,Maze001,9.206,3.2543,-0.9990,2.5041,0.38,
1,Maze001,9.215,3.2636,-0.9990,2.5133,0.38,
1,Maze001,9.219,3.2810,-0.9990,2.5305,0.38,
1,Maze001,9.227,3.2908,-0.9990,2.5402,0.38,
1,Maze001,9.231,3.3064,-0.9990,2.5555,0.38,
1,Maze001,9.240,3.3156,-0.9990,2.5647,0.38,
1,Maze001,9.244,3.3348,-0.9990,2.5836,0.38,
1,Maze001,9.249,3.3436,-0.9990,2.5923,0.38,
1,Maze001,9.254,3.3536,-0.9990,2.6022,0.38,
1,Maze001,9.258,3.3642,-0.9990,2.6127,0.38,
1,Maze001,9.264,3.3731,-0.9990,2.6214,0.38,
1,Maze001,9.269,3.3861,-0.9990,2.6343,0.38,
1,Maze001,9.274,3.3962,-0.9990,2.6442,0.38,
1,Maze001,9.278,3.4130,-0.9990,2.6441,0.38,
1,Maze001,9.285,3.4248,-0.9990,2.6440,0.38,
1,Maze001,9.290,3.4456,-0.9990,2.6439,0.38,
1,Maze001,9.299,3.4594,-0.9990,2.6438,0.38,
1,Maze001,9.302,3.4850,-0.9990,2.6436,0.38,
1,Maze001,9.311,3.4975,-0.9990,2.6436,0.38,
1,Maze001,9.315,3.5220,-0.9990,2.6434,0.38,
1,Maze001,9.319,3.5361,-0.9990,2.6433,0.38,
1,Maze001,9.327,3.5477,-0.9990,2.6432,0.38,
1,Maze001,9.331,3.5477,-0.9990,2.6432,0.38,
1,Maze001,9.336,3.5477,-0.9990,2.6432,0.38,
1,Maze001,9.345,3.5477,-0.9990,2.6432,0.38,
1,Maze001,9.348,3.5477,-0.9990,2.6432,0.38,
1,Maze001,9.357,3.5477,-0.9990,2.6432,0.38,
1,Maze001,9.365,3.5477,-0.9990,2.6432,0.38,
1,Maze001,9.369,3.5477,-0.9990,2.6432,0.38,
1,Maze001,9.372,3.5477,-0.9990,2.6432,0.38,
1,Maze001,9.377,3.5477,-0.9990,2.6432,0.38,
1,Maze001,9.386,3.5477,-0.9990,2.6432,0.38,
1,Maze001,9.394,3.5477,-0.9990,2.6432,0.38,
1,Maze001,9.402,3.5477,-0.9990,2.6432,0.38,
1,Maze001,9.410,3.5477,-0.9990,2.6432,0.38,
1,Maze001,9.414,3.5477,-0.9990,2.6432,0.38,
1,Maze001,9.418,3.5477,-0.9990,2.6432,0.38,
1,Maze001,9.423,3.5477,-0.9990,2.6432,0.38,
1,Maze001,9.427,3.5477,-0.9990,2.6432,0.38,
1,Maze001,9.432,3.5477,-0.9990,2.6432,0.38,
1,Maze001,9.440,3.5477,-0.9990,2.6432,0.38,
1,Maze001,9.448,3.5477,-0.9990,2.6432,0.38,
1,Maze001,9.452,3.5477,-0.9990,2.6432,0.38,
1,Maze001,9.455,3.5477,-0.9990,2.6432,0.38,
1,Maze001,9.461,3.5477,-0.9990,2.6432,0.38,
1,Maze001,9.464,3.5477,-0.9990,2.6432,0.38,
1,Maze001,9.469,3.5477,-0.9990,2.6432,0.38,
1,Maze001,9.477,3.5477,-0.9990,2.6432,0.38,
1,Maze001,9.480,3.5477,-0.9990,2.6432,0.38,
1,Maze001,9.486,3.5477,-0.9990,2.6432,0.38,
1,Maze001,9.489,3.5477,-0.9990,2.6432,0.38,
1,Maze001,9.494,3.5477,-0.9990,2.6432,0.38,
1,Maze001,9.502,3.5477,-0.9990,2.6432,0.38,
1,Maze001,9.511,3.5477,-0.9990,2.6432,0.38,
1,Maze001,9.519,3.5477,-0.9990,2.6432,0.38,
1,Maze001,9.527,3.5477,-0.9990,2.6432,0.38,
1,Maze001,9.536,3.5477,-0.9990,2.6432,0.38,
1,Maze001,9.544,3.5477,-0.9990,2.6432,0.38,
1,Maze001,9.547,3.5477,-0.9990,2.6432,0.38,
1,Maze001,9.551,3.5477,-0.9990,2.6432,0.38,
1,Maze001,9.556,3.5477,-0.9990,2.6432,0.38,
1,Maze001,9.560,3.5477,-0.9990,2.6432,0.38,
1,Maze001,9.563,3.5477,-0.9990,2.6432,0.38,
1,Maze001,9.569,3.5477,-0.9990,2.6432,0.38,
1,Maze001,9.572,3.5477,-0.9990,2.6432,0.38,
1,Maze001,9.577,3.5477,-0.9990,2.6432,0.38,
1,Maze001,9.581,3.5477,-0.9990,2.6432,0.38,
1,Maze001,9.586,3.5477,-0.9990,2.6432,0.38,
1,Maze001,9.589,3.5477,-0.9990,2.6432,0.38,
1,Maze001,9.594,3.5477,-0.9990,2.6432,0.38,
1,Maze001,9.603,3.5477,-0.9990,2.6432,0.38,
1,Maze001,9.609,3.5477,-0.9990,2.6432,0.38,
1,Maze001,9.615,3.5477,-0.9990,2.6432,0.38,
1,Maze001,9.619,3.5477,-0.9990,2.6432,0.38,
1,Maze001,9.623,3.5477,-0.9990,2.6432,0.38,
1,Maze001,9.627,3.5477,-0.9990,2.6432,0.38,
1,Maze001,9.636,3.5477,-0.9990,2.6432,0.38,
1,Maze001,9.640,3.5477,-0.9990,2.6432,0.38,
1,Maze001,9.648,3.5477,-0.9990,2.6432,0.38,
1,Maze001,9.652,3.5477,-0.9990,2.6432,0.38,
1,Maze001,9.655,3.5477,-0.9990,2.6432,0.38,
1,Maze001,9.660,3.5477,-0.9990,2.6432,0.38,
1,Maze001,9.669,3.5477,-0.9990,2.6432,0.38,
1,Maze001,9.673,3.5477,-0.9990,2.6432,0.38,
1,Maze001,9.681,3.5477,-0.9990,2.6432,0.38,
1,Maze001,9.685,3.5477,-0.9990,2.6432,0.38,
1,Maze001,9.690,3.5477,-0.9990,2.6432,0.38,
1,Maze001,9.698,3.5477,-0.9990,2.6432,0.38,
1,Maze001,9.702,3.5477,-0.9990,2.6432,0.38,
1,Maze001,9.705,3.5477,-0.9990,2.6432,0.38,
1,Maze001,9.711,3.5477,-0.9990,2.6432,0.38,
1,Maze001,9.715,3.5477,-0.9990,2.6432,0.38,
1,Maze001,9.723,3.5477,-0.9990,2.6432,0.38,
1,Maze001,9.731,3.5477,-0.9990,2.6432,0.38,
1,Maze001,9.736,3.5477,-0.9990,2.6432,0.38,
1,Maze001,9.744,3.5477,-0.9990,2.6432,0.38,
1,Maze001,9.748,3.5477,-0.9990,2.6432,0.38,
1,Maze001,9.757,3.5477,-0.9990,2.6432,0.38,
1,Maze001,9.766,3.5477,-0.9990,2.6432,0.38,
1,Maze001,9.770,3.5477,-0.9990,2.6432,0.38,
1,Maze001,9.777,3.5477,-0.9990,2.6432,0.38,
1,Maze001,9.786,3.5477,-0.9990,2.6432,0.38,
1,Maze001,9.794,3.5477,-0.9990,2.6432,0.38,
1,Maze001,9.802,3.5477,-0.9990,2.6432,0.38,
1,Maze001,9.806,3.5477,-0.9990,2.6432,0.38,
1,Maze001,9.809,3.5477,-0.9990,2.6432,0.38,
1,Maze001,9.815,3.5477,-0.9990,2.6432,0.38,
1,Maze001,9.820,3.5477,-0.9990,2.6432,0.38,
1,Maze001,9.827,3.5477,-0.9990,2.6432,0.38,
1,Maze001,9.831,3.5477,-0.9990,2.6432,0.38,
1,Maze001,9.835,3.5477,-0.9990,2.6432,0.38,
1,Maze001,9.838,3.5477,-0.9990,2.6432,1.28,
1,Maze001,9.845,3.5477,-0.9990,2.6432,1.28,
1,Maze001,9.853,3.5477,-0.9990,2.6432,1.28,
1,Maze001,9.862,3.5477,-0.9990,2.6432,3.80,
1,Maze001,9.866,3.5477,-0.9990,2.6432,5.24,
1,Maze001,9.873,3.5477,-0.9990,2.6432,5.24,
1,Maze001,9.878,3.5477,-0.9990,2.6432,8.12,
1,Maze001,9.886,3.5477,-0.9990,2.6432,8.12,
1,Maze001,9.890,3.5477,-0.9990,2.6432,9.86,
1,Maze001,9.894,3.5477,-0.9990,2.6432,9.86,
1,Maze001,9.898,3.5477,-0.9990,2.6432,14.18,
1,Maze001,9.907,3.5477,-0.9990,2.6432,14.18,
1,Maze001,9.911,3.5477,-0.9990,2.6432,15.52,
1,Maze001,9.919,3.5477,-0.9990,2.6432,15.52,
1,Maze001,9.927,3.5477,-0.9990,2.6432,15.52,
1,Maze001,9.936,3.5477,-0.9990,2.6432,15.52,
1,Maze001,9.944,3.5477,-0.9990,2.6432,15.52,
1,Maze001,9.948,3.5477,-0.9990,2.6432,15.52,
1,Maze001,9.956,3.5477,-0.9990,2.6432,15.52,
1,Maze001,9.960,3.5477,-0.9990,2.6432,15.52,
1,Maze001,9.963,3.5477,-0.9990,2.6432,15.52,
1,Maze001,9.969,3.5477,-0.9990,2.6432,15.52,
1,Maze001,9.973,3.5477,-0.9990,2.6432,15.52,
1,Maze001,9.982,3.5477,-0.9990,2.6432,15.52,
1,Maze001,9.990,3.5477,-0.9990,2.6432,15.52,
1,Maze001,9.994,3.5477,-0.9990,2.6432,15.52,
1,Maze001,10.003,3.5477,-0.9990,2.6432,15.52,
1,Maze001,10.011,3.5477,-0.9990,2.6432,15.52,
1,Maze001,10.019,3.5477,-0.9990,2.6432,15.52,
1,Maze001,10.027,3.5477,-0.9990,2.6432,15.52,
1,Maze001,10.035,3.5477,-0.9990,2.6432,15.52,
1,Maze001,10.044,3.5477,-0.9990,2.6432,15.52,
1,Maze001,10.052,3.5477,-0.9990,2.6432,15.52,
1,Maze001,10.061,3.5477,-0.9990,2.6432,15.52,
1,Maze001,10.069,3.5477,-0.9990,2.6432,15.52,
1,Maze001,10.077,3.5477,-0.9990,2.6432,15.52,
1,Maze001,10.081,3.5477,-0.9990,2.6432,15.52,
1,Maze001,10.090,3.5477,-0.9990,2.6432,15.52,
1,Maze001,10.098,3.5477,-0.9990,2.6432,15.52,
1,Maze001,10.102,3.5477,-0.9990,2.6432,15.52,
1,Maze001,10.105,3.5477,-0.9990,2.6432,15.52,
1,Maze001,10.111,3.5477,-0.9990,2.6432,15.52,
1,Maze001,10.115,3.5477,-0.9990,2.6432,15.52,
1,Maze001,10.119,3.5477,-0.9990,2.6432,15.52,
1,Maze001,10.123,3.5477,-0.9990,2.6432,15.52,
1,Maze001,10.132,3.5477,-0.9990,2.6432,15.52,
1,Maze001,10.136,3.5477,-0.9990,2.6432,15.52,
1,Maze001,10.144,3.5477,-0.9990,2.6432,15.52,
1,Maze001,10.153,3.5477,-0.9990,2.6432,15.52,
1,Maze001,10.161,3.5477,-0.9990,2.6432,15.52,
1,Maze001,10.169,3.5477,-0.9990,2.6432,15.52,
1,Maze001,10.177,3.5477,-0.9990,2.6432,15.52,
1,Maze001,10.181,3.5477,-0.9990,2.6432,15.52,
1,Maze001,10.184,3.5477,-0.9990,2.6432,15.52,
1,Maze001,10.190,3.5477,-0.9990,2.6432,15.52,
1,Maze001,10.194,3.5477,-0.9990,2.6432,15.52,
1,Maze001,10.202,3.5477,-0.9990,2.6432,15.52,
1,Maze001,10.206,3.5477,-0.9990,2.6432,15.52,
1,Maze001,10.215,3.5477,-0.9990,2.6432,15.52,
1,Maze001,10.223,3.5477,-0.9990,2.6432,15.52,
1,Maze001,10.232,3.5477,-0.9990,2.6432,15.52,
1,Maze001,10.240,3.5477,-0.9990,2.6432,15.52,
1,Maze001,10.248,3.5477,-0.9990,2.6432,15.52,
1,Maze001,10.252,3.5477,-0.9990,2.6432,15.52,
1,Maze001,10.255,3.5477,-0.9990,2.6432,15.52,
1,Maze001,10.261,3.5477,-0.9990,2.6432,15.52,
1,Maze001,10.269,3.5477,-0.9990,2.6432,15.52,
1,Maze001,10.278,3.5477,-0.9990,2.6432,15.52,
1,Maze001,10.282,3.5477,-0.9990,2.6432,15.52,
1,Maze001,10.286,3.5477,-0.9990,2.6432,15.52,
1,Maze001,10.290,3.5477,-0.9990,2.6432,15.52,
1,Maze001,10.298,3.5477,-0.9990,2.6432,15.52,
1,Maze001,10.302,3.5477,-0.9990,2.6432,15.52,
1,Maze001,10.306,3.5477,-0.9990,2.6432,15.52,
1,Maze001,10.315,3.5477,-0.9990,2.6432,15.52,
1,Maze001,10.322,3.5477,-0.9990,2.6432,15.52,
1,Maze001,10.327,3.5477,-0.9990,2.6432,15.52,
1,Maze001,10.336,3.5477,-0.9990,2.6432,15.52,
1,Maze001,10.342,3.5477,-0.9990,2.6432,16.24,
1,Maze001,10.347,3.5477,-0.9990,2.6432,17.02,
1,Maze001,10.351,3.5477,-0.9990,2.6432,17.02,
1,Maze001,10.356,3.5477,-0.9990,2.6432,17.53,
1,Maze001,10.361,3.5477,-0.9990,2.6432,18.28,
1,Maze001,10.365,3.5477,-0.9990,2.6432,18.28,
1,Maze001,10.370,3.5477,-0.9990,2.6432,19.09,
1,Maze001,10.375,3.5477,-0.9990,2.6432,19.84,
1,Maze001,10.380,3.5477,-0.9990,2.6432,19.84,
1,Maze001,10.385,3.5477,-0.9990,2.6432,20.32,
1,Maze001,10.389,3.5477,-0.9990,2.6432,20.74,
1,Maze001,10.395,3.5477,-0.9990,2.6432,20.74,
1,Maze001,10.400,3.5477,-0.9990,2.6432,21.25,
1,Maze001,10.404,3.5477,-0.9990,2.6432,21.76,
1,Maze001,10.411,3.5477,-0.9990,2.6432,21.76,
1,Maze001,10.416,3.5477,-0.9990,2.6432,22.21,
1,Maze001,10.421,3.5477,-0.9990,2.6432,23.02,
1,Maze001,10.428,3.5477,-0.9990,2.6432,23.32,
1,Maze001,10.433,3.5477,-0.9990,2.6432,23.53,
1,Maze001,10.443,3.5477,-0.9990,2.6432,23.53,
1,Maze001,10.447,3.5477,-0.9990,2.6432,23.74,
1,Maze001,10.451,3.5477,-0.9990,2.6432,23.74,
1,Maze001,10.457,3.5477,-0.9990,2.6432,23.74,
1,Maze001,10.461,3.5477,-0.9990,2.6432,23.74,
1,Maze001,10.469,3.5477,-0.9990,2.6432,23.74,
1,Maze001,10.477,3.5477,-0.9990,2.6432,23.74,
1,Maze001,10.486,3.5477,-0.9990,2.6432,23.74,
1,Maze001,10.494,3.5477,-0.9990,2.6432,23.74,
1,Maze001,10.502,3.5477,-0.9990,2.6432,23.74,
1,Maze001,10.506,3.5477,-0.9990,2.6432,23.74,
1,Maze001,10.515,3.5477,-0.9990,2.6432,23.74,
1,Maze001,10.523,3.5477,-0.9990,2.6432,23.74,
1,Maze001,10.531,3.5477,-0.9990,2.6432,23.74,
1,Maze001,10.535,3.5477,-0.9990,2.6432,23.74,
1,Maze001,10.538,3.5477,-0.9990,2.6432,23.74,
1,Maze001,10.544,3.5477,-0.9990,2.6432,23.74,
1,Maze001,10.551,3.5477,-0.9990,2.6432,23.74,
1,Maze001,10.556,3.5477,-0.9990,2.6432,23.74,
1,Maze001,10.560,3.5477,-0.9990,2.6432,23.74,
1,Maze001,10.563,3.5477,-0.9990,2.6432,23.74,
1,Maze001,10.569,3.5477,-0.9990,2.6432,23.74,
1,Maze001,10.573,3.5477,-0.9990,2.6432,23.74,
1,Maze001,10.580,3.5477,-0.9990,2.6432,23.74,
1,Maze001,10.585,3.5477,-0.9990,2.6432,23.74,
1,Maze001,10.594,3.5477,-0.9990,2.6432,23.74,
1,Maze001,10.603,3.5477,-0.9990,2.6432,23.74,
1,Maze001,10.611,3.5477,-0.9990,2.6432,23.74,
1,Maze001,10.620,3.5477,-0.9990,2.6432,23.74,
1,Maze001,10.623,3.5477,-0.9990,2.6432,23.74,
1,Maze001,10.627,3.5477,-0.9990,2.6432,23.74,
1,Maze001,10.631,3.5477,-0.9990,2.6432,23.74,
1,Maze001,10.640,3.5477,-0.9990,2.6432,23.74,
1,Maze001,10.647,3.5477,-0.9990,2.6432,23.74,
1,Maze001,10.652,3.5477,-0.9990,2.6432,23.74,
1,Maze001,10.656,3.5477,-0.9990,2.6432,23.74,
1,Maze001,10.665,3.5477,-0.9990,2.6432,23.74,
1,Maze001,10.673,3.5477,-0.9990,2.6432,23.74,
1,Maze001,10.682,3.5477,-0.9990,2.6432,23.74,
1,Maze001,10.690,3.5477,-0.9990,2.6432,23.74,
1,Maze001,10.698,3.5477,-0.9990,2.6432,23.74,
1,Maze001,10.702,3.5477,-0.9990,2.6432,23.74,
1,Maze001,10.707,3.5477,-0.9990,2.6432,23.74,
1,Maze001,10.715,3.5477,-0.9990,2.6432,23.74,
1,Maze001,10.724,3.5477,-0.9990,2.6432,23.74,
1,Maze001,10.728,3.5477,-0.9990,2.6432,24.01,
1,Maze001,10.732,3.5477,-0.9990,2.6432,24.34,
1,Maze001,10.738,3.5477,-0.9990,2.6432,24.73,
1,Maze001,10.742,3.5477,-0.9990,2.6432,24.73,
1,Maze001,10.749,3.5477,-0.9990,2.6432,25.09,
1,Maze001,10.752,3.5477,-0.9990,2.6432,25.45,
1,Maze001,10.756,3.5477,-0.9990,2.6432,25.45,
1,Maze001,10.761,3.5477,-0.9990,2.6432,25.81,
1,Maze001,10.765,3.5477,-0.9990,2.6432,26.11,
1,Maze001,10.770,3.5477,-0.9990,2.6432,26.11,
1,Maze001,10.775,3.5477,-0.9990,2.6432,26.38,
1,Maze001,10.784,3.5477,-0.9990,2.6432,26.68,
1,Maze001,10.791,3.5477,-0.9990,2.6432,26.89,
1,Maze001,10.796,3.5477,-0.9990,2.6432,26.89,
1,Maze001,10.803,3.5477,-0.9990,2.6432,27.16,
1,Maze001,10.810,3.5477,-0.9990,2.6432,27.16,
1,Maze001,10.813,3.5477,-0.9990,2.6432,27.16,
1,Maze001,10.820,3.5477,-0.9990,2.6432,27.16,
1,Maze001,10.823,3.5477,-0.9990,2.6432,27.16,
1,Maze001,10.830,3.5477,-0.9990,2.6432,27.16,
1,Maze001,10.836,3.5477,-0.9990,2.6432,27.16,
1,Maze001,10.843,3.5477,-0.9990,2.6432,27.16,
1,Maze001,10.846,3.5477,-0.9990,2.6432,27.16,
1,Maze001,10.853,3.5477,-0.9990,2.6432,27.16,
1,Maze001,10.856,3.5477,-0.9990,2.6432,27.16,
1,Maze001,10.866,3.5477,-0.9990,2.6432,27.16,
1,Maze001,10.872,3.5477,-0.9990,2.6432,27.16,
1,Maze001,10.876,3.5477,-0.9990,2.6432,27.16,
1,Maze001,10.883,3.5477,-0.9990,2.6432,27.16,
1,Maze001,10.889,3.5477,-0.9990,2.6432,27.16,
1,Maze001,10.893,3.5477,-0.9990,2.6432,27.16,
1,Maze001,10.902,3.5477,-0.9990,2.6432,27.16,
1,Maze001,10.905,3.5477,-0.9990,2.6432,27.16,
1,Maze001,10.915,3.5477,-0.9990,2.6432,27.16,
1,Maze001,10.918,3.5477,-0.9990,2.6432,27.16,
1,Maze001,10.925,3.5477,-0.9990,2.6432,27.16,
1,Maze001,10.933,3.5477,-0.9990,2.6432,27.16,
1,Maze001,10.939,3.5477,-0.9990,2.6432,27.16,
1,Maze001,10.943,3.5477,-0.9990,2.6432,27.16,
1,Maze001,10.952,3.5477,-0.9990,2.6432,27.16,
1,Maze001,10.956,3.5477,-0.9990,2.6432,27.16,
1,Maze001,10.965,3.5477,-0.9990,2.6432,27.16,
1,Maze001,10.969,3.5477,-0.9990,2.6432,27.16,
1,Maze001,10.975,3.5477,-0.9990,2.6432,27.16,
1,Maze001,10.985,3.5477,-0.9990,2.6432,27.16,
1,Maze001,10.989,3.5477,-0.9990,2.6432,27.16,
1,Maze001,10.994,3.5477,-0.9990,2.6432,27.16,
1,Maze001,10.998,3.5477,-0.9990,2.6432,27.16,
1,Maze001,11.007,3.5477,-0.9990,2.6432,27.16,
1,Maze001,11.011,3.5477,-0.9990,2.6432,27.16,
1,Maze001,11.020,3.5477,-0.9990,2.6432,27.16,
1,Maze001,11.025,3.5477,-0.9990,2.6432,26.80,
1,Maze001,11.029,3.5477,-0.9990,2.6432,26.35,
1,Maze001,11.039,3.5477,-0.9990,2.6432,26.35,
1,Maze001,11.043,3.5477,-0.9990,2.6432,25.48,
1,Maze001,11.049,3.5477,-0.9990,2.6432,25.48,
1,Maze001,11.053,3.5477,-0.9990,2.6432,25.12,
1,Maze001,11.060,3.5477,-0.9990,2.6432,24.88,
1,Maze001,11.065,3.5477,-0.9990,2.6432,24.67,
1,Maze001,11.070,3.5477,-0.9990,2.6432,24.67,
1,Maze001,11.074,3.5477,-0.9990,2.6432,24.55,
1,Maze001,11.080,3.5477,-0.9990,2.6432,24.43,
1,Maze001,11.087,3.5325,-0.9990,2.6502,24.43,
1,Maze001,11.093,3.5117,-0.9990,2.6596,24.43,
1,Maze001,11.097,3.4968,-0.9990,2.6663,24.37,
1,Maze001,11.101,3.4840,-0.9990,2.6722,24.37,
1,Maze001,11.106,3.4730,-0.9990,2.6771,24.37,
1,Maze001,11.111,3.4593,-0.9990,2.6833,24.37,
1,Maze001,11.115,3.4475,-0.9990,2.6887,24.37,
1,Maze001,11.119,3.4349,-0.9990,2.6944,24.37,
1,Maze001,11.128,3.4236,-0.9990,2.6995,24.37,
1,Maze001,11.133,3.4009,-0.9990,2.7098,24.37,
1,Maze001,11.138,3.3866,-0.9990,2.7163,24.40,
1,Maze001,11.143,3.3732,-0.9990,2.7224,24.64,
1,Maze001,11.148,3.3587,-0.9990,2.7290,24.64,
1,Maze001,11.153,3.3466,-0.9990,2.7347,24.91,
1,Maze001,11.157,3.3333,-0.9990,2.7409,25.21,
1,Maze001,11.165,3.3211,-0.9990,2.7467,25.21,
1,Maze001,11.173,3.3005,-0.9990,2.7565,25.51,
1,Maze001,11.178,3.2934,-0.9990,2.7770,25.78,
1,Maze001,11.183,3.2874,-0.9990,2.7943,25.93,
1,Maze001,11.188,3.2823,-0.9990,2.8091,26.02,
1,Maze001,11.193,3.2777,-0.9990,2.8226,26.11,
1,Maze001,11.198,3.2731,-0.9990,2.8359,26.11,
1,Maze001,11.203,3.2684,-0.9990,2.8498,26.17,
1,Maze001,11.207,3.2635,-0.9990,2.8641,26.17,
1,Maze001,11.212,3.2589,-0.9990,2.8777,26.17,
1,Maze001,11.219,3.2541,-0.9990,2.8918,26.17,
1,Maze001,11.224,3.2480,-0.9990,2.9097,26.17,
1,Maze001,11.229,3.2432,-0.9990,2.9238,26.17,
1,Maze001,11.237,3.2385,-0.9990,2.9376,26.17,
1,Maze001,11.242,3.2308,-0.9990,2.9600,26.08,
1,Maze001,11.248,3.2258,-0.9990,2.9745,25.99,
1,Maze001,11.254,3.2197,-0.9990,2.9921,25.90,
1,Maze001,11.258,3.2141,-0.9990,3.0081,25.66,
1,Maze001,11.263,3.2093,-0.9990,3.0216,25.54,
1,Maze001,11.269,3.2048,-0.9990,3.0344,25.54,
1,Maze001,11.274,3.1987,-0.9990,3.0512,25.27,
1,Maze001,11.278,3.1937,-0.9990,3.0651,25.06,
1,Maze001,11.287,3.1889,-0.9990,3.0784,25.06,
1,Maze001,11.294,3.1794,-0.9990,3.1037,24.49,
1,Maze001,11.299,3.1794,-0.9990,3.1037,24.10,
1,Maze001,11.303,3.1794,-0.9990,3.1037,24.10,
1,Maze001,11.313,3.1794,-0.9990,3.1037,23.65,
1,Maze001,11.318,3.1794,-0.9990,3.1037,23.23,
1,Maze001,11.323,3.1794,-0.9990,3.1037,22.84,
1,Maze001,11.328,3.1794,-0.9990,3.1037,22.42,
1,Maze001,11.332,3.1794,-0.9990,3.1037,22.42,
1,Maze001,11.340,3.1794,-0.9990,3.1037,22.03,
1,Maze001,11.345,3.1794,-0.9990,3.1037,21.73,
1,Maze001,11.353,3.1794,-0.9990,3.1037,21.37,
1,Maze001,11.357,3.1794,-0.9990,3.1037,21.16,
1,Maze001,11.365,3.1794,-0.9990,3.1037,21.16,
1,Maze001,11.370,3.1794,-0.9990,3.1037,20.92,
1,Maze001,11.377,3.1794,-0.9990,3.1037,20.92,
1,Maze001,11.387,3.1794,-0.9990,3.1037,20.35,
1,Maze001,11.391,3.1794,-0.9990,3.1037,20.11,
1,Maze001,11.399,3.1794,-0.9990,3.1037,20.11,
1,Maze001,11.403,3.1794,-0.9990,3.1037,19.99,
1,Maze001,11.409,3.1794,-0.9990,3.1037,19.87,
1,Maze001,11.414,3.1794,-0.9990,3.1037,19.81,
1,Maze001,11.418,3.1794,-0.9990,3.1037,19.81,
1,Maze001,11.422,3.1794,-0.9990,3.1037,19.69,
1,Maze001,11.428,3.1794,-0.9990,3.1037,19.51,
1,Maze001,11.435,3.1794,-0.9990,3.1037,19.51,
1,Maze001,11.439,3.1794,-0.9990,3.1037,19.42,
1,Maze001,11.444,3.1794,-0.9990,3.1037,19.21,
1,Maze001,11.448,3.1794,-0.9990,3.1037,19.06,
1,Maze001,11.457,3.1794,-0.9990,3.1037,19.06,
1,Maze001,11.461,3.1794,-0.9990,3.1037,18.85,
1,Maze001,11.469,3.1794,-0.9990,3.1037,18.61,
1,Maze001,11.473,3.1794,-0.9990,3.1037,18.34,
1,Maze001,11.482,3.1794,-0.9990,3.1037,18.07,
1,Maze001,11.486,3.1794,-0.9990,3.1037,17.77,
1,Maze001,11.490,3.1794,-0.9990,3.1037,17.44,
1,Maze001,11.499,3.1794,-0.9990,3.1037,17.44,
1,Maze001,11.503,3.1794,-0.9990,3.1037,17.08,
1,Maze001,11.508,3.1794,-0.9990,3.1037,16.75,
1,Maze001,11.515,3.1794,-0.9990,3.1037,16.45,
1,Maze001,11.519,3.1794,-0.9990,3.1037,15.97,
1,Maze001,11.523,3.1794,-0.9990,3.1037,15.97,
1,Maze001,11.528,3.1794,-0.9990,3.1037,15.61,
1,Maze001,11.537,3.1794,-0.9990,3.1037,15.16,
1,Maze001,11.543,3.1794,-0.9990,3.1037,14.78,
1,Maze001,11.547,3.1794,-0.9990,3.1037,14.42,
1,Maze001,11.552,3.1794,-0.9990,3.1037,14.42,
1,Maze001,11.557,3.1794,-0.9990,3.1037,13.97,
1,Maze001,11.564,3.1794,-0.9990,3.1037,13.52,
1,Maze001,11.568,3.1794,-0.9990,3.1037,13.52,
1,Maze001,11.573,3.1794,-0.9990,3.1037,13.04,
1,Maze001,11.582,3.1794,-0.9990,3.1037,12.59,
1,Maze001,11.586,3.1794,-0.9990,3.1037,12.11,
1,Maze001,11.590,3.1794,-0.9990,3.1037,11.51,
1,Maze001,11.598,3.1794,-0.9990,3.1037,11.51,
1,Maze001,11.602,3.1794,-0.9990,3.1037,11.03,
1,Maze001,11.611,3.1794,-0.9990,3.1037,10.58,
1,Maze001,11.615,3.1651,-0.9990,3.1242,10.19,
1,Maze001,11.619,3.1572,-0.9990,3.1356,10.19,
1,Maze001,11.624,3.1505,-0.9990,3.1453,10.19,
1,Maze001,11.631,3.1428,-0.9990,3.1563,10.19,
1,Maze001,11.636,3.1302,-0.9990,3.1740,9.44,
1,Maze001,11.640,3.1221,-0.9990,3.1854,9.44,
1,Maze001,11.648,3.1143,-0.9990,3.1963,9.44,
1,Maze001,11.653,3.1001,-0.9990,3.2161,9.44,
1,Maze001,11.661,3.0922,-0.9990,3.2271,9.44,
1,Maze001,11.665,3.0786,-0.9990,3.2461,9.44,
1,Maze001,11.669,3.0709,-0.9990,3.2569,9.44,
1,Maze001,11.674,3.0709,-0.9990,3.2680,9.44,
1,Maze001,11.682,3.0709,-0.9990,3.2780,9.44,
1,Maze001,11.686,3.0709,-0.9990,3.2966,9.44,
1,Maze001,11.694,3.0709,-0.9990,3.3088,9.44,
1,Maze001,11.698,3.0709,-0.9990,3.3273,9.44,
1,Maze001,11.706,3.0709,-0.9990,3.3376,9.44,
1,Maze001,11.710,3.0709,-0.9990,3.3576,9.44,
1,Maze001,11.715,3.0709,-0.9990,3.3675,9.44,
1,Maze001,11.723,3.0709,-0.9990,3.3780,9.44,
1,Maze001,11.727,3.0709,-0.9990,3.3984,9.44,
1,Maze001,11.732,3.0709,-0.9990,3.4090,9.44,
1,Maze001,11.737,3.0709,-0.9990,3.4206,9.44,
1,Maze001,11.742,3.0709,-0.9990,3.4325,9.44,
1,Maze001,11.747,3.0709,-0.9990,3.4460,9.44,
1,Maze001,11.752,3.0709,-0.9990,3.4562,9.44,
1,Maze001,11.760,3.0709,-0.9990,3.4687,9.44,
1,Maze001,11.764,3.0709,-0.9990,3.4893,9.44,
1,Maze001,11.768,3.0709,-0.9990,3.5001,9.44,
1,Maze001,11.773,3.0709,-0.9990,3.5098,9.44,
1,Maze001,11.777,3.0709,-0.9990,3.5199,9.44,
1,Maze001,11.785,3.0709,-0.9990,3.5296,9.44,
1,Maze001,11.790,3.0709,-0.9990,3.5507,9.44,
1,Maze001,11.795,3.0709,-0.9990,3.5623,9.44,
1,Maze001,11.799,3.0709,-0.9990,3.5734,9.44,
1,Maze001,11.806,3.0709,-0.9990,3.5841,9.44,
1,Maze001,11.810,3.0709,-0.9990,3.6015,9.44,
1,Maze001,11.815,3.0709,-0.9990,3.6120,9.44,
1,Maze001,11.824,3.0709,-0.9990,3.6220,9.44,
1,Maze001,11.829,3.0709,-0.9990,3.6425,9.44,
1,Maze001,11.833,3.0709,-0.9990,3.6558,9.44,
1,Maze001,11.840,3.0709,-0.9990,3.6663,9.44,
1,Maze001,11.845,3.0709,-0.9990,3.6849,9.44,
1,Maze001,11.853,3.0709,-0.9990,3.6958,9.44,
1,Maze001,11.859,3.0709,-0.9990,3.7141,9.44,
1,Maze001,11.864,3.0709,-0.9990,3.7290,8.87,
1,Maze001,11.869,3.0709,-0.9990,3.7405,7.64,
1,Maze001,11.874,3.0709,-0.9990,3.7546,7.64,
1,Maze001,11.879,3.0709,-0.9990,3.7654,6.56,
1,Maze001,11.884,3.0709,-0.9990,3.7766,4.94,
1,Maze001,11.892,3.0709,-0.9990,3.7891,4.94,
1,Maze001,11.898,3.0709,-0.9990,3.8054,3.17,
1,Maze001,11.903,3.0709,-0.9990,3.8181,-0.67,
1,Maze001,11.907,3.0709,-0.9990,3.8284,-2.83,
1,Maze001,11.912,3.0709,-0.9990,3.8370,-5.07,
1,Maze001,11.917,3.0709,-0.9990,3.8458,-5.07,
1,Maze001,11.922,3.0709,-0.9990,3.8566,-7.20,
1,Maze001,11.927,3.0709,-0.9990,3.8642,-9.54,
1,Maze001,11.933,3.0709,-0.9990,3.8733,-11.88,
1,Maze001,11.940,3.0709,-0.9990,3.8816,-11.88,
1,Maze001,11.944,3.0709,-0.9990,3.8927,-13.86,
1,Maze001,11.949,3.0709,-0.9990,3.8994,-15.81,
1,Maze001,11.953,3.0709,-0.9990,3.9061,-17.37,
1,Maze001,11.961,3.0709,-0.9990,3.9116,-17.37,
1,Maze001,11.965,3.0709,-0.9990,3.9218,-18.84,
1,Maze001,11.971,3.0709,-0.9990,3.9272,-18.84,
1,Maze001,11.978,3.0709,-0.9990,3.9360,-18.84,
1,Maze001,11.982,3.0709,-0.9990,3.9435,-18.84,
1,Maze001,11.991,3.0709,-0.9990,3.9493,-21.75,
1,Maze001,11.997,3.0709,-0.9990,3.9587,-22.23,
1,Maze001,12.002,3.0709,-0.9990,3.9667,-22.65,
1,Maze001,12.006,3.0709,-0.9990,3.9719,-22.95,
1,Maze001,12.010,3.0709,-0.9990,3.9763,-22.95,
1,Maze001,12.015,3.0709,-0.9990,3.9809,-22.95,
1,Maze001,12.019,3.0709,-0.9990,3.9871,-22.95,
1,Maze001,12.026,3.0709,-0.9990,3.9917,-22.95,
1,Maze001,12.031,3.0709,-0.9990,3.9989,-22.95,
1,Maze001,12.035,3.0709,-0.9990,4.0049,-22.95,
1,Maze001,12.045,3.0709,-0.9990,4.0094,-22.95,
1,Maze001,12.049,3.0709,-0.9990,4.0206,-22.95,
1,Maze001,12.055,3.0709,-0.9990,4.0247,-22.95,
1,Maze001,12.060,3.0709,-0.9990,4.0321,-22.95,
1,Maze001,12.068,3.0709,-0.9990,4.0374,-22.95,
1,Maze001,12.072,3.0709,-0.9990,4.0470,-22.95,
1,Maze001,12.083,3.0709,-0.9990,4.0516,-22.95,
1,Maze001,12.086,3.0709,-0.9990,4.0630,-22.95,
1,Maze001,12.093,3.0709,-0.9990,4.0675,-22.95,
1,Maze001,12.097,3.0709,-0.9990,4.0752,-22.95,
1,Maze001,12.106,3.0709,-0.9990,4.0796,-22.95,
1,Maze001,12.114,3.0709,-0.9990,4.0896,-22.95,
1,Maze001,12.122,3.0709,-0.9990,4.0985,-22.95,
1,Maze001,12.126,3.0709,-0.9990,4.1077,-22.95,
1,Maze001,12.130,3.0709,-0.9990,4.1119,-22.95,
1,Maze001,12.135,3.0709,-0.9990,4.1160,-22.95,
1,Maze001,12.143,3.0709,-0.9990,4.1223,-22.95,
1,Maze001,12.147,3.0709,-0.9990,4.1313,-22.95,
1,Maze001,12.157,3.0709,-0.9990,4.1359,-22.95,
1,Maze001,12.161,3.0709,-0.9990,4.1468,-22.95,
1,Maze001,12.169,3.0709,-0.9990,4.1510,-22.95,
1,Maze001,12.177,3.0709,-0.9990,4.1599,-22.95,
1,Maze001,12.180,3.0709,-0.9990,4.1691,-22.95,
1,Maze001,12.184,3.0709,-0.9990,4.1733,-22.95,
1,Maze001,12.189,3.0709,-0.9990,4.1770,-22.95,
1,Maze001,12.194,3.0709,-0.9990,4.1830,-22.95,
1,Maze001,12.198,3.0709,-0.9990,4.1885,-22.95,
1,Maze001,12.203,3.0709,-0.9990,4.1925,-22.95,
1,Maze001,12.211,3.0709,-0.9990,4.1981,-22.95,
1,Maze001,12.216,3.0709,-0.9990,4.2070,-22.95,
1,Maze001,12.221,3.0709,-0.9990,4.2134,-22.95,
1,Maze001,12.227,3.0709,-0.9990,4.2194,-22.95,
1,Maze001,12.237,3.0709,-0.9990,4.2255,-22.95,
1,Maze001,12.241,3.0709,-0.9990,4.2361,-22.95,
1,Maze001,12.244,3.0709,-0.9990,4.2411,-23.82,
1,Maze001,12.251,3.0709,-0.9990,4.2453,-23.82,
1,Maze001,12.255,3.0709,-0.9990,4.2518,-25.10,
1,Maze001,12.260,3.0709,-0.9990,4.2558,-26.87,
1,Maze001,12.265,3.0709,-0.9990,4.2600,-26.87,
1,Maze001,12.273,3.0709,-0.9990,4.2640,-28.52,
1,Maze001,12.277,3.0709,-0.9990,4.2703,-30.44,
1,Maze001,12.281,3.0709,-0.9990,4.2729,-32.33,
1,Maze001,12.285,3.0709,-0.9990,4.2759,-32.33,
1,Maze001,12.294,3.0709,-0.9990,4.2779,-34.46,
1,Maze001,12.298,3.0709,-0.9990,4.2818,-36.44,
1,Maze001,12.302,3.0709,-0.9990,4.2833,-38.51,
1,Maze001,12.306,3.0709,-0.9990,4.2846,-38.51,
1,Maze001,12.311,3.0709,-0.9990,4.2856,-40.40,
1,Maze001,12.316,3.0709,-0.9990,4.2864,-41.93,
1,Maze001,12.320,3.0709,-0.9990,4.2871,-41.93,
1,Maze001,12.326,3.0709,-0.9990,4.2875,-43.31,
1,Maze001,12.331,3.0524,-0.9990,4.2877,-44.42,
1,Maze001,12.340,3.0374,-0.9990,4.2878,-44.42,
1,Maze001,12.348,3.0374,-0.9990,4.2874,-45.94,
1,Maze001,12.352,3.0374,-0.9990,4.2868,-46.42,
1,Maze001,12.362,3.0374,-0.9990,4.2865,-46.42,
1,Maze001,12.365,3.0374,-0.9990,4.2854,-47.08,
1,Maze001,12.374,3.0374,-0.9990,4.2851,-47.08,
1,Maze001,12.377,3.0374,-0.9990,4.2842,-47.08,
1,Maze001,12.383,3.0374,-0.9990,4.2838,-47.08,
1,Maze001,12.386,3.0374,-0.9990,4.2832,-47.08,
1,Maze001,12.392,3.0374,-0.9990,4.2828,-47.08,
1,Maze001,12.397,3.0374,-0.9990,4.2822,-47.08,
1,Maze001,12.406,3.0374,-0.9990,4.2816,-47.08,
1,Maze001,12.410,3.0374,-0.9990,4.2807,-47.08,
1,Maze001,12.419,3.0374,-0.9990,4.2802,-47.08,
1,Maze001,12.423,3.0374,-0.9990,4.2793,-47.08,
1,Maze001,12.431,3.0374,-0.9990,4.2788,-47.08,
1,Maze001,12.438,3.0374,-0.9990,4.2779,-47.08,
1,Maze001,12.443,3.0374,-0.9990,4.2771,-47.08,
1,Maze001,12.451,3.0374,-0.9990,4.2766,-47.08,
1,Maze001,12.456,3.0374,-0.9990,4.2757,-47.08,
1,Maze001,12.460,3.0374,-0.9990,4.2751,-47.08,
1,Maze001,12.464,3.0374,-0.9990,4.2748,-47.08,
1,Maze001,12.467,3.0374,-0.9990,4.2743,-47.08,
1,Maze001,12.473,3.0374,-0.9990,4.2739,-47.08,
1,Maze001,12.481,3.0374,-0.9990,4.2733,-47.08,
1,Maze001,12.484,3.0374,-0.9990,4.2725,-47.08,
1,Maze001,12.494,3.0374,-0.9990,4.2721,-47.08,
1,Maze001,12.497,3.0374,-0.9990,4.2710,-47.08,
1,Maze001,12.506,3.0374,-0.9990,4.2706,-47.08,
1,Maze001,12.514,3.0374,-0.9990,4.2698,-47.08,
1,Maze001,12.518,3.0374,-0.9990,4.2689,-47.08,
1,Maze001,12.521,3.0374,-0.9990,4.2684,-47.08,
1,Maze001,12.527,3.0374,-0.9990,4.2681,-47.08,
1,Maze001,12.532,3.0374,-0.9990,4.2675,-47.08,
1,Maze001,12.537,3.0374,-0.9990,4.2669,-47.08,
1,Maze001,12.541,3.0374,-0.9990,4.2665,-47.08,
1,Maze001,12.548,3.0374,-0.9990,4.2659,-47.08,
1,Maze001,12.551,3.0374,-0.9990,4.2652,-47.08,
1,Maze001,12.554,3.0374,-0.9990,4.2648,-47.08,
1,Maze001,12.560,3.0374,-0.9990,4.2644,-47.08,
1,Maze001,12.569,3.0374,-0.9990,4.2638,-47.08,
1,Maze001,12.577,3.0374,-0.9990,4.2629,-47.08,
1,Maze001,12.584,3.0374,-0.9990,4.2619,-47.08,
1,Maze001,12.589,3.0374,-0.9990,4.2612,-47.08,
1,Maze001,12.597,3.0374,-0.9990,4.2607,-47.08,
1,Maze001,12.607,3.0374,-0.9990,4.2597,-47.08,
1,Maze001,12.610,3.0374,-0.9990,4.2587,-47.08,
1,Maze001,12.618,3.0374,-0.9990,4.2584,-47.08,
1,Maze001,12.622,3.0374,-0.9990,4.2575,-47.08,
1,Maze001,12.632,3.0374,-0.9990,4.2571,-47.08,
1,Maze001,12.635,3.0374,-0.9990,4.2560,-47.08,
1,Maze001,12.639,3.0374,-0.9990,4.2556,-47.08,
1,Maze001,12.649,3.0374,-0.9990,4.2552,-47.08,
1,Maze001,12.652,3.0374,-0.9990,4.2542,-47.08,
1,Maze001,12.655,3.0374,-0.9990,4.2538,-47.08,
1,Maze001,12.659,3.0374,-0.9990,4.2534,-47.08,
1,Maze001,12.665,3.0374,-0.9990,4.2530,-47.08,
1,Maze001,12.674,3.0374,-0.9990,4.2524,-47.08,
1,Maze001,12.677,3.0374,-0.9990,4.2713,-47.08,
1,Maze001,12.680,3.0374,-0.9990,4.2782,-47.08,
1,Maze001,12.684,3.0374,-0.9990,4.2852,-47.08,
1,Maze001,12.690,3.0374,-0.9990,4.2922,-47.08,
1,Maze001,12.694,3.0374,-0.9990,4.2922,-47.08,
1,Maze001,12.702,3.0374,-0.9990,4.2922,-47.08,
1,Maze001,12.710,3.0374,-0.9990,4.2922,-47.08,
1,Maze001,12.718,3.0374,-0.9990,4.2922,-47.08,
1,Maze001,12.722,3.0374,-0.9990,4.2922,-47.08,
1,Maze001,12.731,3.0374,-0.9990,4.2922,-47.08,
1,Maze001,12.735,3.0374,-0.9990,4.2922,-47.08,
1,Maze001,12.738,3.0374,-0.9990,4.2922,-47.08,
1,Maze001,12.743,3.0374,-0.9990,4.2922,-47.08,
1,Maze001,12.752,3.0374,-0.9990,4.2922,-47.08,
1,Maze001,12.760,3.0374,-0.9990,4.2922,-47.08,
1,Maze001,12.764,3.0374,-0.9990,4.2922,-47.08,
1,Maze001,12.767,3.0374,-0.9990,4.2922,-47.08,
1,Maze001,12.772,3.0374,-0.9990,4.2922,-47.08,
1,Maze001,12.775,3.0374,-0.9990,4.2922,-47.08,
1,Maze001,12.781,3.0374,-0.9990,4.2922,-47.08,
1,Maze001,12.789,3.0374,-0.9990,4.2922,-47.08,
1,Maze001,12.793,3.0374,-0.9990,4.2922,-47.08,
1,Maze001,12.796,3.0374,-0.9990,4.2922,-47.08,
1,Maze001,12.804,3.0374,-0.9990,4.2922,-47.08,
1,Maze001,12.807,3.0374,-0.9990,4.3085,-47.08,
1,Maze001,12.813,3.0374,-0.9990,4.3149,-47.08,
1,Maze001,12.818,3.0374,-0.9990,4.3274,-47.08,
1,Maze001,12.826,3.0374,-0.9990,4.3375,-47.08,
1,Maze001,12.830,3.0374,-0.9990,4.3546,-47.08,
1,Maze001,12.833,3.0374,-0.9990,4.3623,-47.08,
1,Maze001,12.839,3.0374,-0.9990,4.3690,-47.08,
1,Maze001,12.847,3.0374,-0.9990,4.3804,-47.08,
1,Maze001,12.851,3.0374,-0.9990,4.3969,-47.08,
1,Maze001,12.860,3.0374,-0.9990,4.4054,-47.08,
1,Maze001,12.864,3.0374,-0.9990,4.4225,-47.08,
1,Maze001,12.873,3.0374,-0.9990,4.4315,-47.08,
1,Maze001,12.881,3.0374,-0.9990,4.4493,-47.08,
1,Maze001,12.889,3.0374,-0.9990,4.4660,-47.08,
1,Maze001,12.893,3.0374,-0.9990,4.4818,-47.08,
1,Maze001,12.902,3.0374,-0.9990,4.4906,-47.08,
1,Maze001,12.910,3.0374,-0.9990,4.5081,-47.08,
1,Maze001,12.914,3.0374,-0.9990,4.5246,-47.08,
1,Maze001,12.923,3.0374,-0.9990,4.5325,-47.08,
1,Maze001,12.931,3.0374,-0.9990,4.5508,-47.08,
1,Maze001,12.939,3.0374,-0.9990,4.5677,-47.08,
1,Maze001,12.943,3.0374,-0.9990,4.5839,-47.08,
1,Maze001,12.952,3.0374,-0.9990,4.5928,-47.08,
1,Maze001,12.955,3.0374,-0.9990,4.6099,-47.08,
1,Maze001,12.964,3.0374,-0.9990,4.6177,-47.08,
1,Maze001,12.972,3.0374,-0.9990,4.6362,-47.08,
1,Maze001,12.981,3.0374,-0.9990,4.6528,-47.08,
1,Maze001,12.985,3.0374,-0.9990,4.6694,-47.08,
1,Maze001,12.993,3.0374,-0.9990,4.6772,-47.08,
1,Maze001,13.001,3.0374,-0.9990,4.6953,-47.08,
1,Maze001,13.006,3.0374,-0.9990,4.7119,-47.08,
1,Maze001,13.014,3.0374,-0.9990,4.7204,-47.08,
1,Maze001,13.018,3.0374,-0.9990,4.7376,-47.08,
1,Maze001,13.026,3.0374,-0.9990,4.7460,-47.08,
1,Maze001,13.030,3.0374,-0.9990,4.7631,-47.08,
1,Maze001,13.039,3.0374,-0.9990,4.7709,-47.08,
1,Maze001,13.043,3.0374,-0.9990,4.7887,-47.08,
1,Maze001,13.046,3.0374,-0.9990,4.7966,-47.08,
1,Maze001,13.052,3.0374,-0.9990,4.8031,-47.08,
1,Maze001,13.060,3.0374,-0.9990,4.8151,-47.08,
1,Maze001,13.063,3.0374,-0.9990,4.8308,-47.08,
1,Maze001,13.067,3.0374,-0.9990,4.8389,-47.08,
1,Maze001,13.072,3.0374,-0.9990,4.8455,-47.08,
1,Maze001,13.075,3.0374,-0.9990,4.8565,-47.08,
1,Maze001,13.081,3.0374,-0.9990,4.8636,-47.08,
1,Maze001,13.085,3.0374,-0.9990,4.8742,-47.08,
1,Maze001,13.093,3.0374,-0.9990,4.8836,-47.08,
1,Maze001,13.101,3.0374,-0.9990,4.8992,-47.08,
1,Maze001,13.105,3.0374,-0.9990,4.9158,-47.08,
1,Maze001,13.108,3.0374,-0.9990,4.9241,-47.08,
1,Maze001,13.114,3.0374,-0.9990,4.9306,-47.08,
1,Maze001,13.118,3.0374,-0.9990,4.9423,-47.08,
1,Maze001,13.122,3.0374,-0.9990,4.9498,-47.08,
1,Maze001,13.131,3.0374,-0.9990,4.9591,-47.08,
1,Maze001,13.134,3.0374,-0.9990,4.9757,-47.08,
1,Maze001,13.137,3.0374,-0.9990,4.9837,-47.08,
1,Maze001,13.144,3.0374,-0.9990,4.9901,-47.08,
1,Maze001,13.152,3.0374,-0.9990,5.0026,-47.08,
1,Maze001,13.155,3.0374,-0.9990,5.0184,-47.08,
1,Maze001,13.164,3.0374,-0.9990,5.0265,-47.08,
1,Maze001,13.168,3.0374,-0.9990,5.0439,-47.08,
1,Maze001,13.171,3.0374,-0.9990,5.0517,-47.08,
1,Maze001,13.177,3.0374,-0.9990,5.0581,-47.08,
1,Maze001,13.185,3.0374,-0.9990,5.0707,-47.08,
1,Maze001,13.188,3.0374,-0.9990,5.0865,-47.08,
1,Maze001,13.197,3.0374,-0.9990,5.0944,-47.08,
1,Maze001,13.201,3.0374,-0.9990,5.1119,-47.08,
1,Maze001,13.204,3.0374,-0.9990,5.1199,-47.08,
1,Maze001,13.210,3.0374,-0.9990,5.1263,-47.08,
1,Maze001,13.218,3.0374,-0.9990,5.1377,-47.08,
1,Maze001,13.222,3.0374,-0.9990,5.1543,-47.08,
1,Maze001,13.225,3.0374,-0.9990,5.1622,-47.08,
1,Maze001,13.231,3.0374,-0.9990,5.1689,-47.08,
1,Maze001,13.239,3.0374,-0.9990,5.1806,-47.08,
1,Maze001,13.247,3.0374,-0.9990,5.1970,-47.08,
1,Maze001,13.251,3.0374,-0.9990,5.2138,-47.08,
1,Maze001,13.254,3.0374,-0.9990,5.2225,-47.08,
1,Maze001,13.260,3.0374,-0.9990,5.2285,-47.08,
1,Maze001,13.264,3.0374,-0.9990,5.2392,-47.08,
1,Maze001,13.268,3.0374,-0.9990,5.2481,-47.08,
1,Maze001,13.276,3.0374,-0.9990,5.2565,-47.08,
1,Maze001,13.280,3.0374,-0.9990,5.2737,-47.08,
1,Maze001,13.285,3.0374,-0.9990,5.2817,-47.08,
1,Maze001,13.293,3.0374,-0.9990,5.2905,-47.08,
1,Maze001,13.303,3.0374,-0.9990,5.3079,-47.08,
1,Maze001,13.307,3.0374,-0.9990,5.3284,-47.08,
1,Maze001,13.314,3.0374,-0.9990,5.3359,-47.08,
1,Maze001,13.322,3.0374,-0.9990,5.3504,-47.08,
1,Maze001,13.326,3.0374,-0.9990,5.3671,-47.08,
1,Maze001,13.335,3.0374,-0.9990,5.3758,-47.08,
1,Maze001,13.343,3.0374,-0.9990,5.3938,-47.08,
1,Maze001,13.347,3.0374,-0.9990,5.4096,-47.08,
1,Maze001,13.357,3.0374,-0.9990,5.4180,-47.08,
1,Maze001,13.360,3.0374,-0.9990,5.4180,-47.08,
1,Maze001,13.364,3.0374,-0.9990,5.4180,-47.08,
1,Maze001,13.368,3.0374,-0.9990,5.4180,-47.08,
1,Maze001,13.371,3.0374,-0.9990,5.4180,-47.08,
1,Maze001,13.377,3.0374,-0.9990,5.4180,-47.08,
1,Maze001,13.385,3.0374,-0.9990,5.4180,-47.08,
1,Maze001,13.394,3.0374,-0.9990,5.4180,-47.08,
1,Maze001,13.401,3.0374,-0.9990,5.4180,-47.08,
1,Maze001,13.405,3.0374,-0.9990,5.4180,-47.08,
1,Maze001,13.408,3.0374,-0.9990,5.4180,-47.08,
1,Maze001,13.414,3.0374,-0.9990,5.4180,-47.08,
1,Maze001,13.422,3.0374,-0.9990,5.4180,-47.08,
1,Maze001,13.430,3.0374,-0.9990,5.4180,-47.08,
1,Maze001,13.434,3.0374,-0.9990,5.4180,-47.08,
1,Maze001,13.437,3.0374,-0.9990,5.4180,-47.08,
1,Maze001,13.443,3.0374,-0.9990,5.4180,-47.08,
1,Maze001,13.451,3.0374,-0.9990,5.4180,-47.08,
1,Maze001,13.459,3.0374,-0.9990,5.4180,-47.08,
1,Maze001,13.464,3.0374,-0.9990,5.4180,-47.08,
1,Maze001,13.467,3.0374,-0.9990,5.4180,-47.08,
1,Maze001,13.472,3.0374,-0.9990,5.4180,-47.08,
1,Maze001,13.475,3.0374,-0.9990,5.4180,-47.08,
1,Maze001,13.481,3.0374,-0.9990,5.4180,-47.08,
1,Maze001,13.489,3.0374,-0.9990,5.4180,-47.08,
1,Maze001,13.493,3.0374,-0.9990,5.4180,-47.08,
1,Maze001,13.496,3.0374,-0.9990,5.4180,-47.08,
1,Maze001,13.502,3.0374,-0.9990,5.4180,-47.08,
1,Maze001,13.506,3.0374,-0.9990,5.4180,-47.08,
1,Maze001,13.510,3.0374,-0.9990,5.4180,-47.08,
1,Maze001,13.514,3.0374,-0.9990,5.4180,-47.08,
1,Maze001,13.522,3.0374,-0.9990,5.4180,-47.08,
1,Maze001,13.526,3.0374,-0.9990,5.4180,-47.08,
1,Maze001,13.534,3.0374,-0.9990,5.4180,-47.08,
1,Maze001,13.539,3.0374,-0.9990,5.4180,-47.08,
1,Maze001,13.547,3.0374,-0.9990,5.4180,-47.08,
1,Maze001,13.551,3.0374,-0.9990,5.4180,-47.08,
1,Maze001,13.554,3.0374,-0.9990,5.4180,-47.08,
1,Maze001,13.560,3.0374,-0.9990,5.4180,-47.08,
1,Maze001,13.568,3.0374,-0.9990,5.4180,-47.08,
1,Maze001,13.576,3.0374,-0.9990,5.4180,-47.08,
1,Maze001,13.581,3.0374,-0.9990,5.4180,-47.08,
1,Maze001,13.589,3.0374,-0.9990,5.4180,-47.08,
1,Maze001,13.593,3.0374,-0.9990,5.4180,-47.08,
1,Maze001,13.596,3.0374,-0.9990,5.4180,-47.08,
1,Maze001,13.602,3.0374,-0.9990,5.4180,-47.08,
1,Maze001,13.609,3.0374,-0.9990,5.4180,-47.08,
1,Maze001,13.613,3.0374,-0.9990,5.4180,-47.08,
1,Maze001,13.617,3.0374,-0.9990,5.4180,-47.08,
1,Maze001,13.622,3.0374,-0.9990,5.4180,-47.08,
1,Maze001,13.625,3.0374,-0.9990,5.4180,-47.08,
1,Maze001,13.631,3.0374,-0.9990,5.4180,-47.08,
1,Maze001,13.639,3.0374,-0.9990,5.4180,-47.08,
1,Maze001,13.643,3.0374,-0.9990,5.4180,-47.08,
1,Maze001,13.647,3.0374,-0.9990,5.4180,-47.08,
1,Maze001,13.652,3.0374,-0.9990,5.4264,-47.08,
1,Maze001,13.660,3.0374,-0.9990,5.4361,-47.08,
1,Maze001,13.668,3.0374,-0.9990,5.4524,-47.08,
1,Maze001,13.672,3.0374,-0.9990,5.4695,-47.08,
1,Maze001,13.675,3.0374,-0.9990,5.4772,-47.08,
1,Maze001,13.681,3.0374,-0.9990,5.4843,-47.08,
1,Maze001,13.689,3.0374,-0.9990,5.4952,-47.08,
1,Maze001,13.697,3.0374,-0.9990,5.5120,-47.08,
1,Maze001,13.701,3.0374,-0.9990,5.5289,-47.08,
1,Maze001,13.704,3.0374,-0.9990,5.5367,-47.08,
1,Maze001,13.709,3.0374,-0.9990,5.5432,-47.08,
1,Maze001,13.720,3.0374,-0.9990,5.5543,-47.08,
1,Maze001,13.726,3.0374,-0.9990,5.5750,-47.08,
1,Maze001,13.730,3.0374,-0.9990,5.5890,-47.08,
1,Maze001,13.739,3.0374,-0.9990,5.5968,-47.08,
1,Maze001,13.742,3.0374,-0.9990,5.6141,-47.08,
1,Maze001,13.746,3.0374,-0.9990,5.6219,-47.08,
1,Maze001,13.752,3.0374,-0.9990,5.6286,-47.08,
1,Maze001,13.760,3.0374,-0.9990,5.6405,-47.08,
1,Maze001,13.763,3.0374,-0.9990,5.6565,-47.08,
1,Maze001,13.767,3.0374,-0.9990,5.6647,-47.08,
1,Maze001,13.772,3.0374,-0.9990,5.6715,-47.08,
1,Maze001,13.776,3.0374,-0.9990,5.6821,-47.08,
1,Maze001,13.779,3.0374,-0.9990,5.6904,-47.08,
1,Maze001,13.785,3.0374,-0.9990,5.6965,-47.08,
1,Maze001,13.792,3.0374,-0.9990,5.7085,-47.08,
1,Maze001,13.798,3.0374,-0.9990,5.7224,-47.08,
1,Maze001,13.805,3.0374,-0.9990,5.7341,-47.08,
1,Maze001,13.809,3.0374,-0.9990,5.7503,-47.08,
1,Maze001,13.818,3.0374,-0.9990,5.7583,-47.08,
1,Maze001,13.826,3.0374,-0.9990,5.7763,-47.08,
1,Maze001,13.831,3.0374,-0.9990,5.7928,-47.08,
1,Maze001,13.840,3.0374,-0.9990,5.8013,-47.08,
1,Maze001,13.846,3.0374,-0.9990,5.8209,-47.08,
1,Maze001,13.851,3.0374,-0.9990,5.8334,-47.08,
1,Maze001,13.860,3.0374,-0.9990,5.8444,-47.08,
1,Maze001,13.863,3.0374,-0.9990,5.8608,-47.08,
1,Maze001,13.872,3.0374,-0.9990,5.8690,-47.08,
1,Maze001,13.876,3.0374,-0.9990,5.8867,-47.08,
1,Maze001,13.885,3.0374,-0.9990,5.8945,-47.08,
1,Maze001,13.893,3.0374,-0.9990,5.9122,-47.08,
1,Maze001,13.897,3.0374,-0.9990,5.9286,-47.08,
1,Maze001,13.900,3.0374,-0.9990,5.9369,-47.08,
1,Maze001,13.905,3.0374,-0.9990,5.9437,-47.08,
1,Maze001,13.909,3.0374,-0.9990,5.9547,-47.08,
1,Maze001,13.914,3.0374,-0.9990,5.9619,-47.08,
1,Maze001,13.918,3.0374,-0.9990,5.9726,-47.08,
1,Maze001,13.922,3.0374,-0.9990,5.9811,-47.08,
1,Maze001,13.926,3.0374,-0.9990,5.9887,-47.08,
1,Maze001,13.935,3.0374,-0.9990,5.9970,-47.08,
1,Maze001,13.943,3.0374,-0.9990,6.0142,-47.08,
1,Maze001,13.951,3.0374,-0.9990,6.0319,-47.08,
1,Maze001,13.955,3.0374,-0.9990,6.0476,-47.08,
1,Maze001,13.958,3.0374,-0.9990,6.0559,-47.08,
1,Maze001,13.964,3.0374,-0.9990,6.0627,-47.08,
1,Maze001,13.968,3.0374,-0.9990,6.0745,-47.08,
1,Maze001,13.973,3.0374,-0.9990,6.0831,-47.08,
1,Maze001,13.980,3.0374,-0.9990,6.0917,-47.08,
1,Maze001,13.985,3.0374,-0.9990,6.1059,-47.08,
1,Maze001,13.993,3.0374,-0.9990,6.1169,-47.08,
1,Maze001,13.997,3.0374,-0.9990,6.1333,-47.08,
1,Maze001,14.000,3.0374,-0.9990,6.1412,-47.08,
1,Maze001,14.007,3.0374,-0.9990,6.1481,-47.08,
1,Maze001,14.010,3.0374,-0.9990,6.1609,-47.08,
1,Maze001,14.019,3.0374,-0.9990,6.1689,-47.08,
1,Maze001,14.023,3.0374,-0.9990,6.1854,-47.08,
1,Maze001,14.027,3.0374,-0.9990,6.1939,-47.08,
1,Maze001,14.035,3.0374,-0.9990,6.2019,-47.08,
1,Maze001,14.039,3.0374,-0.9990,6.2193,-47.08,
1,Maze001,14.043,3.0374,-0.9990,6.2278,-47.08,
1,Maze001,14.052,3.0374,-0.9990,6.2360,-47.08,
1,Maze001,14.056,3.0374,-0.9990,6.2540,-47.08,
1,Maze001,14.065,3.0374,-0.9990,6.2622,-47.08,
1,Maze001,14.069,3.0374,-0.9990,6.2792,-47.08,
1,Maze001,14.076,3.0374,-0.9990,6.2883,-47.08,
1,Maze001,14.081,3.0374,-0.9990,6.3025,-47.08,
1,Maze001,14.089,3.0374,-0.9990,6.3124,-47.08,
1,Maze001,14.098,3.0374,-0.9990,6.3301,-47.08,
1,Maze001,14.106,3.0374,-0.9990,6.3477,-47.08,
1,Maze001,14.110,3.0374,-0.9990,6.3632,-47.08,
1,Maze001,14.118,3.0374,-0.9990,6.3721,-47.08,
1,Maze001,14.126,3.0374,-0.9990,6.3890,-47.08,
1,Maze001,14.134,3.0374,-0.9990,6.4059,-47.08,
1,Maze001,14.138,3.0374,-0.9990,6.4225,-47.08,
1,Maze001,14.148,3.0374,-0.9990,6.4305,-47.08,
1,Maze001,14.152,3.0374,-0.9990,6.4502,-47.08,
1,Maze001,14.155,3.0374,-0.9990,6.4579,-47.08,
1,Maze001,14.159,3.0374,-0.9990,6.4654,-47.08,
1,Maze001,14.163,3.0374,-0.9990,6.4732,-47.08,
1,Maze001,14.168,3.0374,-0.9990,6.4800,-47.08,
1,Maze001,14.177,3.0374,-0.9990,6.4910,-47.08,
1,Maze001,14.185,3.0374,-0.9990,6.5082,-47.08,
1,Maze001,14.189,3.0374,-0.9990,6.5252,-47.08,
1,Maze001,14.193,3.0374,-0.9990,6.5337,-47.08,
1,Maze001,14.197,3.0374,-0.9990,6.5424,-47.08,
1,Maze001,14.207,3.0374,-0.9990,6.5502,-47.08,
1,Maze001,14.210,3.0374,-0.9990,6.5491,-47.08,
1,Maze001,14.214,3.0374,-0.9990,6.5488,-47.08,
1,Maze001,14.218,3.0374,-0.9990,6.5483,-47.08,
1,Maze001,14.221,3.0374,-0.9990,6.5479,-47.08,
1,Maze001,14.226,3.0374,-0.9990,6.5476,-47.08,
1,Maze001,14.231,3.0374,-0.9990,6.5470,-47.08,
1,Maze001,14.239,3.0374,-0.9990,6.5465,-47.08,
1,Maze001,14.248,3.0374,-0.9990,6.5456,-47.08,
1,Maze001,14.256,3.0374,-0.9990,6.5446,-47.08,
1,Maze001,14.259,3.0374,-0.9990,6.5438,-47.08,
1,Maze001,14.262,3.0374,-0.9990,6.5434,-47.08,
1,Maze001,14.268,3.0374,-0.9990,6.5430,-47.08,
1,Maze001,14.276,3.0374,-0.9990,6.5424,-47.08,
1,Maze001,14.284,3.0374,-0.9990,6.5415,-47.08,
1,Maze001,14.288,3.0374,-0.9990,6.5406,-47.08,
1,Maze001,14.291,3.0374,-0.9990,6.5402,-47.08,
1,Maze001,14.297,3.0374,-0.9990,6.5398,-47.08,
1,Maze001,14.306,3.0374,-0.9990,6.5392,-47.08,
1,Maze001,14.314,3.0374,-0.9990,6.5383,-47.08,
1,Maze001,14.318,3.0374,-0.9990,6.5374,-47.08,
1,Maze001,14.321,3.0374,-0.9990,6.5370,-47.08,
1,Maze001,14.326,3.0374,-0.9990,6.5366,-47.08,
1,Maze001,14.330,3.0374,-0.9990,6.5361,-47.08,
1,Maze001,14.335,3.0374,-0.9990,6.5357,-47.08,
1,Maze001,14.339,3.0374,-0.9990,6.5351,-47.08,
1,Maze001,14.342,3.0374,-0.9990,6.5347,-47.08,
1,Maze001,14.348,3.0374,-0.9990,6.5344,-47.08,
1,Maze001,14.351,3.0374,-0.9990,6.5338,-47.08,
1,Maze001,14.361,3.0374,-0.9990,6.5333,-47.08,
1,Maze001,14.364,3.0374,-0.9990,6.5323,-47.11,
1,Maze001,14.368,3.0374,-0.9990,6.5319,-47.11,
1,Maze001,14.372,3.0374,-0.9990,6.5315,-47.11,
1,Maze001,14.381,3.0374,-0.9990,6.5310,-47.11,
1,Maze001,14.390,3.0374,-0.9990,6.5301,-47.11,
1,Maze001,14.393,3.0374,-0.9990,6.5290,-47.14,
1,Maze001,14.397,3.0374,-0.9990,6.5287,-47.14,
1,Maze001,14.406,3.0374,-0.9990,6.5282,-47.17,
1,Maze001,14.411,3.0374,-0.9990,6.5272,-47.17,
1,Maze001,14.415,3.0374,-0.9990,6.5266,-47.23,
1,Maze001,14.421,3.0374,-0.9990,6.5261,-47.23,
1,Maze001,14.427,3.0374,-0.9990,6.5255,-47.32,
1,Maze001,14.431,3.0374,-0.9990,6.5247,-47.41,
1,Maze001,14.435,3.0374,-0.9990,6.5242,-47.41,
1,Maze001,14.439,3.0374,-0.9990,6.5236,-47.50,
1,Maze001,14.443,3.0374,-0.9990,6.5230,-47.71,
1,Maze001,14.447,3.0374,-0.9990,6.5225,-47.71,
1,Maze001,14.456,3.0374,-0.9990,6.5219,-47.86,
1,Maze001,14.460,3.0374,-0.9990,6.5204,-48.13,
1,Maze001,14.469,3.0374,-0.9990,6.5197,-48.43,
1,Maze001,14.473,3.0374,-0.9990,6.5182,-48.43,
1,Maze001,14.482,3.0374,-0.9990,6.5173,-48.73,
1,Maze001,14.486,3.0374,-0.9990,6.5156,-48.97,
1,Maze001,14.490,3.0374,-0.9990,6.5147,-48.97,
1,Maze001,14.495,3.0374,-0.9990,6.5136,-49.51,
1,Maze001,14.498,3.0374,-0.9990,6.5123,-50.35,
1,Maze001,14.505,3.0374,-0.9990,6.5112,-50.65,
1,Maze001,14.512,3.0374,-0.9990,6.5092,-50.95,
1,Maze001,14.515,3.0374,-0.9990,6.5071,-51.37,
1,Maze001,14.522,3.0374,-0.9990,6.5057,-51.37,
1,Maze001,14.527,3.0374,-0.9990,6.5035,-51.82,
1,Maze001,14.532,3.0374,-0.9990,6.5016,-52.33,
1,Maze001,14.536,3.0374,-0.9990,6.4996,-52.75,
1,Maze001,14.540,3.0374,-0.9990,6.4979,-52.75,
1,Maze001,14.551,3.0374,-0.9990,6.4961,-53.26,
1,Maze001,14.555,3.0374,-0.9990,6.4912,-53.98,
1,Maze001,14.561,3.0374,-0.9990,6.4891,-54.82,
1,Maze001,14.564,3.0374,-0.9990,6.4859,-55.66,
1,Maze001,14.569,3.0374,-0.9990,6.4836,-55.66,
1,Maze001,14.573,3.0374,-0.9990,6.4808,-56.71,
1,Maze001,14.577,3.0374,-0.9990,6.4785,-56.71,
1,Maze001,14.585,3.0374,-0.9990,6.4758,-57.73,
1,Maze001,14.589,3.0374,-0.9990,6.4702,-58.66,
1,Maze001,14.598,3.0374,-0.9990,6.4673,-59.59,
1,Maze001,14.607,3.0374,-0.9990,6.4601,-60.37,
1,Maze001,14.610,3.0374,-0.9990,6.4528,-61.21,
1,Maze001,14.614,3.0374,-0.9990,6.4496,-61.90,
1,Maze001,14.618,3.0374,-0.9990,6.4464,-61.90,
1,Maze001,14.627,3.0374,-0.9990,6.4425,-62.68,
1,Maze001,14.635,3.0374,-0.9990,6.4342,-63.46,
1,Maze001,14.638,3.0374,-0.9990,6.4262,-64.06,
1,Maze001,14.642,3.0374,-0.9990,6.4227,-64.63,
1,Maze001,14.647,3.0374,-0.9990,6.4192,-64.63,
1,Maze001,14.652,3.0374,-0.9990,6.4136,-65.13,
1,Maze001,14.659,3.0374,-0.9990,6.4089,-65.13,
1,Maze001,14.664,3.0374,-0.9990,6.4018,-65.64,
1,Maze001,14.673,3.0374,-0.9990,6.3958,-66.09,
1,Maze001,14.676,3.0374,-0.9990,6.3859,-66.45,
1,Maze001,14.681,3.0374,-0.9990,6.3825,-66.45,
1,Maze001,14.689,3.0374,-0.9990,6.3779,-66.45,
1,Maze001,14.697,3.0374,-0.9990,6.3688,-66.45,
1,Maze001,14.701,3.0374,-0.9990,6.3602,-66.45,
1,Maze001,14.704,3.0374,-0.9990,6.3555,-66.45,
1,Maze001,14.709,3.0374,-0.9990,6.3521,-66.45,
1,Maze001,14.712,3.0374,-0.9990,6.3462,-66.45,
1,Maze001,14.718,3.0374,-0.9990,6.3427,-66.45,
1,Maze001,14.726,3.0374,-0.9990,6.3367,-66.45,
1,Maze001,14.731,3.0374,-0.9990,6.3279,-66.45,
1,Maze001,14.739,3.0374,-0.9990,6.3227,-67.11,
1,Maze001,14.743,3.0374,-0.9990,6.3131,-67.11,
1,Maze001,14.746,3.0374,-0.9990,6.3091,-67.11,
1,Maze001,14.752,3.0374,-0.9990,6.3057,-67.11,
1,Maze001,14.760,3.0374,-0.9990,6.2990,-67.11,
1,Maze001,14.769,3.0374,-0.9990,6.2890,-68.52,
1,Maze001,14.774,3.0374,-0.9990,6.2788,-68.52,
1,Maze001,14.782,3.0374,-0.9990,6.2732,-68.52,
1,Maze001,14.785,3.0374,-0.9990,6.2641,-68.52,
1,Maze001,14.789,3.0374,-0.9990,6.2590,-68.52,
1,Maze001,14.793,3.0374,-0.9990,6.2546,-68.52,
1,Maze001,14.801,3.0374,-0.9990,6.2498,-68.52,
1,Maze001,14.811,3.0374,-0.9990,6.2397,-68.52,
1,Maze001,14.814,3.0374,-0.9990,6.2279,-68.52,
1,Maze001,14.818,3.0374,-0.9990,6.2237,-68.52,
1,Maze001,14.822,3.0374,-0.9990,6.2200,-68.52,
1,Maze001,14.825,3.0374,-0.9990,6.2152,-68.52,
1,Maze001,14.831,3.0374,-0.9990,6.2112,-68.52,
1,Maze001,14.839,3.0374,-0.9990,6.2047,-68.52,
1,Maze001,14.848,3.0374,-0.9990,6.1947,-68.52,
1,Maze001,14.854,3.0374,-0.9990,6.1840,-68.52,
1,Maze001,14.860,3.0374,-0.9990,6.1762,-68.52,
1,Maze001,14.869,3.0374,-0.9990,6.1698,-68.52,
1,Maze001,14.876,3.0374,-0.9990,6.1593,-68.52,
1,Maze001,14.881,3.0374,-0.9990,6.1501,-68.52,
1,Maze001,14.886,3.0374,-0.9990,6.1453,-68.52,
1,Maze001,14.889,3.0374,-0.9990,6.1386,-68.52,
1,Maze001,14.893,3.0374,-0.9990,6.1344,-68.52,
1,Maze001,14.902,3.0374,-0.9990,6.1301,-68.52,
1,Maze001,14.910,3.0374,-0.9990,6.1195,-68.52,
1,Maze001,14.913,3.0374,-0.9990,6.1099,-68.52,
1,Maze001,14.923,3.0374,-0.9990,6.1052,-68.52,
1,Maze001,14.926,3.0374,-0.9990,6.0940,-68.52,
1,Maze001,14.935,3.0374,-0.9990,6.0899,-68.52,
1,Maze001,14.943,3.0374,-0.9990,6.0798,-68.52,
1,Maze001,14.947,3.0374,-0.9990,6.0703,-68.52,
1,Maze001,14.951,3.0374,-0.9990,6.0655,-68.52,
1,Maze001,14.957,3.0374,-0.9990,6.0607,-68.52,
1,Maze001,14.961,3.0374,-0.9990,6.0532,-68.52,
1,Maze001,14.968,3.0374,-0.9990,6.0482,-68.52,
1,Maze001,14.973,3.0374,-0.9990,6.0396,-69.00,
1,Maze001,14.982,3.0374,-0.9990,6.0336,-69.63,
1,Maze001,14.987,3.0374,-0.9990,6.0222,-70.59,
1,Maze001,14.992,3.0374,-0.9990,6.0149,-71.67,
1,Maze001,15.000,3.0374,-0.9990,6.0079,-71.67,
1,Maze001,15.003,3.0374,-0.9990,5.9984,-72.72,
1,Maze001,15.010,3.0374,-0.9990,5.9925,-73.86,
1,Maze001,15.014,3.0374,-0.9990,5.9825,-75.00,
1,Maze001,15.022,3.0374,-0.9990,5.9769,-75.00,
1,Maze001,15.032,3.0374,-0.9990,5.9639,-75.00,
1,Maze001,15.035,3.0374,-0.9990,5.9501,-76.11,
1,Maze001,15.040,3.0374,-0.9990,5.9435,-79.35,
1,Maze001,15.045,3.0374,-0.9990,5.9362,-80.25,
1,Maze001,15.048,3.0374,-0.9990,5.9272,-80.25,
1,Maze001,15.056,3.0374,-0.9990,5.9203,-81.03,
1,Maze001,15.065,3.0374,-0.9990,5.9074,-81.03,
1,Maze001,15.068,3.0374,-0.9990,5.8914,-82.14,
1,Maze001,15.077,3.0374,-0.9990,5.8851,-82.14,
1,Maze001,15.081,3.0374,-0.9990,5.8696,-84.18,
1,Maze001,15.085,3.0374,-0.9990,5.8604,-84.63,
1,Maze001,15.089,3.0374,-0.9990,5.8521,-84.63,
1,Maze001,15.097,3.0374,-0.9990,5.8447,-85.01,
1,Maze001,15.100,3.0374,-0.9990,5.8304,-85.31,
1,Maze001,15.104,3.0374,-0.9990,5.8230,-85.31,
1,Maze001,15.110,3.0374,-0.9990,5.8161,-85.31,
1,Maze001,15.114,3.0374,-0.9990,5.8050,-85.31,
1,Maze001,15.122,3.0374,-0.9990,5.7977,-85.31,
1,Maze001,15.130,3.0374,-0.9990,5.7812,-85.31,
1,Maze001,15.137,3.0374,-0.9990,5.7649,-85.58,
1,Maze001,15.141,3.0374,-0.9990,5.7512,-87.17,
1,Maze001,15.146,3.0374,-0.9990,5.7440,-87.17,
1,Maze001,15.151,3.0374,-0.9990,5.7324,-87.17,
1,Maze001,15.160,3.0374,-0.9990,5.7237,-87.86,
1,Maze001,15.165,3.0374,-0.9990,5.7053,-87.86,
1,Maze001,15.168,3.0374,-0.9990,5.6954,-87.86,
1,Maze001,15.172,3.0374,-0.9990,5.6889,-87.86,
1,Maze001,15.184,3.0374,-0.9990,5.6800,-87.86,
1,Maze001,15.188,3.0374,-0.9990,5.6581,-87.86,
1,Maze001,15.193,3.0374,-0.9990,5.6485,-87.86,
1,Maze001,15.201,3.0374,-0.9990,5.6371,-87.86,
1,Maze001,15.209,3.0374,-0.9990,5.6206,-87.86,
1,Maze001,15.213,3.0374,-0.9990,5.6042,-87.86,
1,Maze001,15.216,3.0374,-0.9990,5.5960,-87.86,
1,Maze001,15.222,3.0374,-0.9990,5.5896,-87.86,
1,Maze001,15.230,3.0374,-0.9990,5.5785,-87.86,
1,Maze001,15.240,3.0374,-0.9990,5.5613,-87.86,
1,Maze001,15.243,3.0374,-0.9990,5.5425,-87.86,
1,Maze001,15.252,3.0374,-0.9990,5.5353,-87.86,
1,Maze001,15.255,3.0374,-0.9990,5.5181,-87.86,
1,Maze001,15.264,3.0374,-0.9990,5.5108,-87.86,
1,Maze001,15.273,3.0374,-0.9990,5.4931,-87.86,
1,Maze001,15.277,3.0374,-0.9990,5.4743,-87.86,
1,Maze001,15.285,3.0374,-0.9990,5.4668,-87.86,
1,Maze001,15.288,3.0374,-0.9990,5.4508,-87.86,
1,Maze001,15.299,3.0374,-0.9990,5.4431,-87.86,
1,Maze001,15.302,3.0374,-0.9990,5.4229,-87.86,
1,Maze001,15.305,3.0374,-0.9990,5.4155,-87.86,
1,Maze001,15.311,3.0374,-0.9990,5.4082,-87.86,
1,Maze001,15.315,3.0374,-0.9990,5.3986,-87.86,
1,Maze001,15.321,3.0374,-0.9990,5.3895,-87.86,
1,Maze001,15.326,3.0374,-0.9990,5.3768,-87.86,
1,Maze001,15.336,3.0374,-0.9990,5.3654,-87.86,
1,Maze001,15.339,3.0374,-0.9990,5.3475,-87.86,
1,Maze001,15.347,3.0374,-0.9990,5.3397,-87.86,
1,Maze001,15.354,3.0374,-0.9990,5.3225,-87.86,
1,Maze001,15.359,3.0374,-0.9990,5.3083,-87.86,
1,Maze001,15.368,3.0374,-0.9990,5.2976,-87.86,
1,Maze001,15.372,3.0374,-0.9990,5.2812,-87.86,
1,Maze001,15.383,3.0374,-0.9990,5.2732,-87.86,
1,Maze001,15.386,3.0374,-0.9990,5.2520,-87.86,
1,Maze001,15.389,3.0374,-0.9990,5.2441,-87.86,
1,Maze001,15.393,3.0374,-0.9990,5.2379,-87.86,
1,Maze001,15.396,3.0374,-0.9990,5.2301,-87.86,
1,Maze001,15.402,3.0374,-0.9990,5.2239,-87.86,
1,Maze001,15.408,3.0374,-0.9990,5.2117,-87.86,
1,Maze001,15.414,3.0374,-0.9990,5.1990,-87.86,
1,Maze001,15.417,3.0374,-0.9990,5.1871,-87.86,
1,Maze001,15.422,3.0374,-0.9990,5.1793,-87.86,
1,Maze001,15.427,3.0374,-0.9990,5.1700,-87.98,
1,Maze001,15.431,3.0374,-0.9990,5.1606,-87.98,
1,Maze001,15.435,3.0374,-0.9990,5.1516,-88.16,
1,Maze001,15.439,3.0374,-0.9990,5.1440,-88.16,
1,Maze001,15.454,3.0374,-0.9990,5.1353,-88.37,
1,Maze001,15.458,3.0374,-0.9990,5.1150,-88.64,
1,Maze001,15.461,3.0374,-0.9990,5.0952,-89.33,
1,Maze001,15.467,3.0374,-0.9990,5.0883,-89.33,
1,Maze001,15.472,3.0374,-0.9990,5.0768,-89.48,
1,Maze001,15.481,3.0374,-0.9990,5.0655,-89.66,
1,Maze001,15.488,3.0374,-0.9990,5.0476,-89.72,
1,Maze001,15.494,3.0374,-0.9990,5.0327,-89.81,
1,Maze001,15.500,3.0374,-0.9990,5.0202,-89.81,
1,Maze001,15.504,3.0374,-0.9990,5.0079,-90.02,
1,Maze001,15.508,3.0374,-0.9990,4.9979,-90.02,
1,Maze001,15.514,3.0374,-0.9990,4.9896,-90.05,
1,Maze001,15.522,3.0374,-0.9990,4.9767,-90.05,
1,Maze001,15.529,3.0374,-0.9990,4.9607,-90.05,
1,Maze001,15.535,3.0374,-0.9990,4.9494,-90.17,
1,Maze001,15.539,3.0374,-0.9990,4.9334,-90.38,
1,Maze001,15.543,3.0374,-0.9990,4.9232,-90.62,
1,Maze001,15.547,3.0374,-0.9990,4.9154,-90.65,
1,Maze001,15.552,3.0374,-0.9990,4.9059,-90.65,
1,Maze001,15.557,3.0374,-0.9990,4.8971,-90.71,
1,Maze001,15.560,3.0374,-0.9990,4.8844,-90.71,
1,Maze001,15.563,3.0374,-0.9990,4.8778,-90.71,
1,Maze001,15.568,3.0374,-0.9990,4.8712,-90.71,
1,Maze001,15.578,3.0374,-0.9990,4.8618,-90.77,
1,Maze001,15.581,3.0374,-0.9990,4.8408,-90.77,
1,Maze001,15.589,3.0374,-0.9990,4.8331,-90.77,
1,Maze001,15.598,3.0374,-0.9990,4.8173,-90.77,
1,Maze001,15.604,3.0374,-0.9990,4.7977,-90.77,
1,Maze001,15.609,3.0374,-0.9990,4.7839,-90.77,
1,Maze001,15.612,3.0374,-0.9990,4.7728,-90.77,
1,Maze001,15.618,3.0374,-0.9990,4.7663,-90.77,
1,Maze001,15.626,3.0374,-0.9990,4.7545,-90.77,
1,Maze001,15.630,3.0374,-0.9990,4.7370,-90.77,
1,Maze001,15.633,3.0374,-0.9990,4.7287,-90.77,
1,Maze001,15.639,3.0374,-0.9990,4.7217,-90.77,
1,Maze001,15.649,3.0374,-0.9990,4.7097,-90.77,
1,Maze001,15.652,3.0374,-0.9990,4.6794,-90.77,
1,Maze001,15.659,3.0374,-0.9990,4.6684,-90.77,
1,Maze001,15.663,3.0374,-0.9990,4.6477,-90.77,
1,Maze001,15.673,3.0374,-0.9990,4.6354,-90.77,
1,Maze001,15.680,3.0374,-0.9990,4.6354,-90.77,
1,Maze001,15.684,3.0374,-0.9990,4.6354,-90.77,
1,Maze001,15.687,3.0374,-0.9990,4.6354,-90.77,
1,Maze001,15.693,3.0374,-0.9990,4.6354,-90.77,
1,Maze001,15.696,3.0374,-0.9990,4.6354,-90.77,
1,Maze001,15.700,3.0374,-0.9990,4.6354,-90.77,
1,Maze001,15.705,3.0374,-0.9990,4.6354,-90.77,
1,Maze001,15.708,3.0374,-0.9990,4.6354,-90.77,
1,Maze001,15.713,3.0374,-0.9990,4.6354,-90.77,
1,Maze001,15.717,3.0374,-0.9990,4.6354,-90.77,
1,Maze001,15.721,3.0374,-0.9990,4.6354,-90.77,
1,Maze001,15.726,3.0374,-0.9990,4.6354,-90.77,
1,Maze001,15.730,3.0374,-0.9990,4.6354,-90.77,
1,Maze001,15.734,3.0374,-0.9990,4.6354,-90.77,
1,Maze001,15.739,3.0374,-0.9990,4.6354,-90.77,
1,Maze001,15.747,3.0374,-0.9990,4.6354,-90.77,
1,Maze001,15.750,3.0374,-0.9990,4.6354,-90.77,
1,Maze001,15.754,3.0374,-0.9990,4.6354,-90.77,
1,Maze001,15.759,3.0374,-0.9990,4.6354,-90.77,
1,Maze001,15.763,3.0374,-0.9990,4.6354,-90.77,
1,Maze001,15.766,3.0374,-0.9990,4.6354,-90.77,
1,Maze001,15.772,3.0374,-0.9990,4.6354,-90.77,
1,Maze001,15.780,3.0374,-0.9990,4.6354,-90.77,
1,Maze001,15.784,3.0374,-0.9990,4.6354,-90.77,
1,Maze001,15.787,3.0374,-0.9990,4.6354,-90.77,
1,Maze001,15.793,3.0374,-0.9990,4.6354,-90.77,
1,Maze001,15.797,3.0374,-0.9990,4.6354,-90.77,
1,Maze001,15.800,3.0374,-0.9990,4.6354,-90.77,
1,Maze001,15.805,3.0374,-0.9990,4.6354,-90.77,
1,Maze001,15.808,3.0374,-0.9990,4.6354,-90.77,
1,Maze001,15.813,3.0374,-0.9990,4.6354,-90.77,
1,Maze001,15.817,3.0374,-0.9990,4.6354,-90.77,
1,Maze001,15.820,3.0374,-0.9990,4.6354,-90.77,
1,Maze001,15.826,3.0374,-0.9990,4.6354,-90.77,
1,Maze001,15.830,3.0374,-0.9990,4.6354,-90.77,
1,Maze001,15.833,3.0374,-0.9990,4.6354,-90.77,
1,Maze001,15.839,3.0374,-0.9990,4.6354,-90.77,
1,Maze001,15.841,3.0374,-0.9990,4.6354,-90.77,
1,Maze001,15.847,3.0374,-0.9990,4.6354,-90.77,
1,Maze001,15.851,3.0374,-0.9990,4.6354,-90.77,
1,Maze001,15.854,3.0374,-0.9990,4.6354,-90.77,
1,Maze001,15.859,3.0374,-0.9990,4.6354,-90.77,
1,Maze001,15.863,3.0374,-0.9990,4.6354,-90.77,
1,Maze001,15.866,3.0374,-0.9990,4.6354,-90.77,
1,Maze001,15.872,3.0374,-0.9990,4.6354,-90.77,
1,Maze001,15.875,3.0374,-0.9990,4.6354,-90.77,
1,Maze001,15.880,3.0374,-0.9990,4.6354,-90.77,
1,Maze001,15.889,3.0374,-0.9990,4.6354,-90.77,
1,Maze001,15.897,3.0374,-0.9990,4.6354,-90.77,
1,Maze001,15.901,3.0374,-0.9990,4.6354,-90.77,
1,Maze001,15.904,3.0374,-0.9990,4.6354,-90.77,
1,Maze001,15.909,3.0374,-0.9990,4.6354,-90.77,
1,Maze001,15.913,3.0374,-0.9990,4.6354,-90.77,
1,Maze001,15.916,3.0374,-0.9990,4.6354,-90.77,
1,Maze001,15.922,3.0374,-0.9990,4.6354,-90.77,
1,Maze001,15.926,3.0374,-0.9990,4.6354,-90.77,
1,Maze001,15.929,3.0374,-0.9990,4.6354,-90.77,
1,Maze001,15.934,3.0374,-0.9990,4.6354,-90.77,
1,Maze001,15.938,3.0374,-0.9990,4.6354,-90.77,
1,Maze001,15.942,3.0374,-0.9990,4.6354,-90.77,
1,Maze001,15.947,3.0374,-0.9990,4.6354,-90.77,
1,Maze001,15.950,3.0374,-0.9990,4.6354,-90.77,
1,Maze001,15.955,3.0374,-0.9990,4.6354,-90.77,
1,Maze001,15.960,3.0374,-0.9990,4.6354,-90.77,
1,Maze001,15.968,3.0374,-0.9990,4.6354,-90.77,
1,Maze001,15.972,3.0374,-0.9990,4.6354,-90.77,
1,Maze001,15.975,3.0374,-0.9990,4.6354,-90.77,
1,Maze001,15.980,3.0374,-0.9990,4.6354,-90.77,
1,Maze001,15.984,3.0374,-0.9990,4.6354,-90.77,
1,Maze001,15.987,3.0374,-0.9990,4.6354,-90.77,
1,Maze001,15.993,3.0374,-0.9990,4.6354,-90.77,
1,Maze001,15.996,3.0374,-0.9990,4.6354,-90.77,
1,Maze001,16.001,3.0374,-0.9990,4.6354,-90.77,
1,Maze001,16.004,3.0374,-0.9990,4.6354,-90.77,
1,Maze001,16.009,3.0374,-0.9990,4.6354,-90.77,
1,Maze001,16.012,3.0374,-0.9990,4.6354,-90.77,
1,Maze001,16.018,3.0374,-0.9990,4.6354,-90.77,
1,Maze001,16.022,3.0374,-0.9990,4.6354,-90.77,
1,Maze001,16.027,3.0374,-0.9990,4.6354,-90.77,
1,Maze001,16.035,3.0374,-0.9990,4.6354,-90.77,
1,Maze001,16.043,3.0374,-0.9990,4.6354,-90.77,
1,Maze001,16.047,3.0374,-0.9990,4.6354,-90.77,
1,Maze001,16.050,3.0374,-0.9990,4.6354,-90.77,
1,Maze001,16.056,3.0374,-0.9990,4.6354,-90.77,
1,Maze001,16.064,3.0374,-0.9990,4.6354,-90.77,
1,Maze001,16.066,3.0374,-0.9990,4.6354,-90.77,
1,Maze001,16.072,3.0374,-0.9990,4.6354,-90.77,
1,Maze001,16.076,3.0374,-0.9990,4.6354,-90.77,
1,Maze001,16.079,3.0374,-0.9990,4.6354,-90.77,
1,Maze001,16.085,3.0374,-0.9990,4.6354,-90.77,
1,Maze001,16.093,3.0374,-0.9990,4.6354,-90.77,
1,Maze001,16.096,3.0374,-0.9990,4.6354,-90.77,
1,Maze001,16.100,3.0374,-0.9990,4.6354,-90.77,
1,Maze001,16.105,3.0374,-0.9990,4.6354,-90.77,
1,Maze001,16.109,3.0374,-0.9990,4.6354,-90.77,
1,Maze001,16.112,3.0374,-0.9990,4.6354,-90.77,
1,Maze001,16.118,3.0374,-0.9990,4.6354,-90.77,
1,Maze001,16.121,3.0374,-0.9990,4.6354,-90.77,
1,Maze001,16.125,3.0374,-0.9990,4.6354,-90.77,
1,Maze001,16.130,3.0374,-0.9990,4.6354,-90.77,
1,Maze001,16.134,3.0374,-0.9990,4.6354,-90.77,
1,Maze001,16.137,3.0374,-0.9990,4.6354,-90.77,
1,Maze001,16.143,3.0374,-0.9990,4.6354,-90.77,
1,Maze001,16.151,3.0374,-0.9990,4.6354,-90.77,
1,Maze001,16.159,3.0374,-0.9990,4.6354,-90.77,
1,Maze001,16.163,3.0374,-0.9990,4.6354,-90.77,
1,Maze001,16.166,3.0374,-0.9990,4.6354,-90.77,
1,Maze001,16.172,3.0374,-0.9990,4.6354,-90.77,
1,Maze001,16.175,3.0374,-0.9990,4.6354,-90.77,
1,Maze001,16.182,3.0374,-0.9990,4.6354,-90.77,
1,Maze001,16.184,3.0374,-0.9990,4.6354,-90.77,
1,Maze001,16.188,3.0374,-0.9990,4.6354,-90.77,
1,Maze001,16.192,3.0374,-0.9990,4.6354,-90.77,
1,Maze001,16.197,3.0374,-0.9990,4.6354,-90.77,
1,Maze001,16.201,3.0374,-0.9990,4.6354,-90.77,
1,Maze001,16.204,3.0374,-0.9990,4.6354,-90.77,
1,Maze001,16.210,3.0374,-0.9990,4.6354,-90.77,
1,Maze001,16.213,3.0374,-0.9990,4.6354,-90.77,
1,Maze001,16.217,3.0374,-0.9990,4.6354,-90.77,
1,Maze001,16.222,3.0374,-0.9990,4.6354,-90.77,
1,Maze001,16.226,3.0374,-0.9990,4.6354,-90.77,
1,Maze001,16.230,3.0374,-0.9990,4.6354,-90.77,
1,Maze001,16.234,3.0374,-0.9990,4.6354,-90.77,
1,Maze001,16.237,3.0374,-0.9990,4.6354,-90.77,
1,Maze001,16.243,3.0374,-0.9990,4.6354,-90.77,
1,Maze001,16.247,3.0374,-0.9990,4.6354,-90.77,
1,Maze001,16.251,3.0374,-0.9990,4.6354,-90.77,
1,Maze001,16.255,3.0374,-0.9990,4.6354,-90.77,
1,Maze001,16.258,3.0374,-0.9990,4.6354,-90.77,
1,Maze001,16.264,3.0374,-0.9990,4.6354,-90.77,
1,Maze001,16.266,3.0374,-0.9990,4.6354,-90.77,
1,Maze001,16.272,3.0374,-0.9990,4.6354,-90.77,
1,Maze001,16.276,3.0374,-0.9990,4.6354,-90.77,
1,Maze001,16.280,3.0374,-0.9990,4.6354,-90.77,
1,Maze001,16.284,3.0374,-0.9990,4.6354,-90.77,
1,Maze001,16.287,3.0374,-0.9990,4.6354,-90.77,
1,Maze001,16.293,3.0374,-0.9990,4.6354,-90.77,
1,Maze001,16.295,3.0374,-0.9990,4.6354,-90.77,
1,Maze001,16.301,3.0374,-0.9990,4.6354,-90.77,
1,Maze001,16.306,3.0374,-0.9990,4.6354,-90.77,
1,Maze001,16.309,3.0374,-0.9990,4.6354,-90.77,
1,Maze001,16.313,3.0374,-0.9990,4.6354,-90.77,
1,Maze001,16.319,3.0374,-0.9990,4.6354,-90.77,
1,Maze001,16.326,3.0374,-0.9990,4.6354,-90.77,
1,Maze001,16.329,3.0374,-0.9990,4.6354,-90.77,
1,Maze001,16.334,3.0374,-0.9990,4.6354,-90.77,
1,Maze001,16.338,3.0374,-0.9990,4.6354,-90.77,
1,Maze001,16.341,3.0374,-0.9990,4.6354,-90.77,
1,Maze001,16.347,3.0374,-0.9990,4.6354,-90.77,
1,Maze001,16.350,3.0374,-0.9990,4.6354,-90.77,
1,Maze001,16.357,3.0374,-0.9990,4.6354,-90.77,
1,Maze001,16.364,3.0374,-0.9990,4.6354,-90.77,
1,Maze001,16.367,3.0374,-0.9990,4.6354,-90.77,
1,Maze001,16.370,3.0374,-0.9990,4.6354,-90.77,
1,Maze001,16.376,3.0374,-0.9990,4.6354,-90.77,
1,Maze001,16.380,3.0374,-0.9990,4.6354,-90.77,
1,Maze001,16.383,3.0374,-0.9990,4.6354,-90.77,
1,Maze001,16.389,3.0374,-0.9990,4.6354,-90.77,
1,Maze001,16.398,3.0374,-0.9990,4.6354,-90.77,
1,Maze001,16.401,3.0374,-0.9990,4.6354,-90.77,
1,Maze001,16.404,3.0374,-0.9990,4.6354,-90.77,
1,Maze001,16.410,3.0374,-0.9990,4.6354,-90.77,
1,Maze001,16.413,3.0374,-0.9990,4.6354,-90.77,
1,Maze001,16.417,3.0374,-0.9990,4.6354,-90.77,
1,Maze001,16.422,3.0374,-0.9990,4.6354,-90.77,
1,Maze001,16.426,3.0374,-0.9990,4.6354,-90.77,
1,Maze001,16.431,3.0374,-0.9990,4.6354,-90.77,
1,Maze001,16.434,3.0374,-0.9990,4.6354,-90.77,
1,Maze001,16.437,3.0374,-0.9990,4.6354,-90.77,
1,Maze001,16.443,3.0374,-0.9990,4.6354,-90.77,
1,Maze001,16.445,3.0374,-0.9990,4.6354,-90.77,
1,Maze001,16.451,3.0374,-0.9990,4.6354,-90.77,
1,Maze001,16.454,3.0374,-0.9990,4.6354,-90.77,
1,Maze001,16.460,3.0374,-0.9990,4.6354,-90.77,
1,Maze001,16.467,3.0374,-0.9990,4.6354,-90.77,
1,Maze001,16.472,3.0374,-0.9990,4.6354,-90.77,
1,Maze001,16.475,3.0374,-0.9990,4.6354,-90.77,
1,Maze001,16.480,3.0374,-0.9990,4.6354,-90.77,
1,Maze001,16.484,3.0374,-0.9990,4.6354,-90.77,
1,Maze001,16.487,3.0374,-0.9990,4.6354,-90.77,
1,Maze001,16.494,3.0374,-0.9990,4.6354,-90.77,
1,Maze001,16.501,3.0374,-0.9990,4.6354,-90.77,
1,Maze001,16.510,3.0374,-0.9990,4.6354,-90.77,
1,Maze001,16.513,3.0374,-0.9990,4.6354,-90.77,
1,Maze001,16.516,3.0374,-0.9990,4.6354,-90.77,
1,Maze001,16.522,3.0374,-0.9990,4.6354,-90.77,
1,Maze001,16.526,3.0374,-0.9990,4.6354,-90.77,
1,Maze001,16.529,3.0374,-0.9990,4.6354,-90.77,
1,Maze001,16.535,3.0374,-0.9990,4.6354,-90.77,
1,Maze001,16.544,3.0374,-0.9990,4.6354,-90.77,
1,Maze001,16.551,3.0374,-0.9990,4.6354,-90.77,
1,Maze001,16.555,3.0374,-0.9990,4.6354,-90.77,
1,Maze001,16.558,3.0374,-0.9990,4.6354,-90.77,
1,Maze001,16.564,3.0374,-0.9990,4.6354,-90.77,
1,Maze001,16.566,3.0374,-0.9990,4.6354,-90.77,
1,Maze001,16.572,3.0374,-0.9990,4.6354,-90.77,
1,Maze001,16.581,3.0374,-0.9990,4.6354,-90.77,
1,Maze001,16.584,3.0374,-0.9990,4.6354,-90.77,
1,Maze001,16.587,3.0374,-0.9990,4.6354,-90.77,
1,Maze001,16.593,3.0374,-0.9990,4.6354,-90.77,
1,Maze001,16.595,3.0374,-0.9990,4.6354,-90.77,
1,Maze001,16.601,3.0374,-0.9990,4.6354,-90.77,
1,Maze001,16.605,3.0374,-0.9990,4.6354,-90.77,
1,Maze001,16.608,3.0374,-0.9990,4.6354,-90.77,
1,Maze001,16.613,3.0374,-0.9990,4.6354,-90.77,
1,Maze001,16.618,3.0374,-0.9990,4.6354,-90.77,
1,Maze001,16.628,3.0374,-0.9990,4.6354,-90.77,
1,Maze001,16.634,3.0374,-0.9990,4.6354,-90.77,
1,Maze001,16.639,3.0374,-0.9990,4.6354,-90.77,
1,Maze001,16.647,3.0374,-0.9990,4.6354,-90.77,
1,Maze001,16.651,3.0374,-0.9990,4.6354,-90.77,
1,Maze001,16.655,3.0374,-0.9990,4.6354,-90.77,
1,Maze001,16.659,3.0374,-0.9990,4.6354,-90.77,
1,Maze001,16.662,3.0374,-0.9990,4.6354,-90.77,
1,Maze001,16.667,3.0374,-0.9990,4.6354,-90.77,
1,Maze001,16.672,3.0374,-0.9990,4.6354,-90.77,
1,Maze001,16.675,3.0374,-0.9990,4.6354,-90.77,
1,Maze001,16.680,3.0374,-0.9990,4.6354,-90.77,
1,Maze001,16.683,3.0374,-0.9990,4.6354,-90.77,
1,Maze001,16.689,3.0374,-0.9990,4.6354,-90.77,
1,Maze001,16.692,3.0374,-0.9990,4.6354,-90.77,
1,Maze001,16.697,3.0374,-0.9990,4.6354,-90.77,
1,Maze001,16.701,3.0374,-0.9990,4.6354,-90.77,
1,Maze001,16.704,3.0374,-0.9990,4.6354,-90.77,
1,Maze001,16.709,3.0374,-0.9990,4.6354,-90.77,
1,Maze001,16.713,3.0374,-0.9990,4.6354,-90.77,
1,Maze001,16.716,3.0374,-0.9990,4.6354,-90.77,
1,Maze001,16.722,3.0374,-0.9990,4.6354,-90.77,
1,Maze001,16.726,3.0374,-0.9990,4.6354,-90.77,
1,Maze001,16.729,3.0374,-0.9990,4.6354,-90.77,
1,Maze001,16.734,3.0374,-0.9990,4.6354,-90.77,
1,Maze001,16.738,3.0374,-0.9990,4.6354,-90.77,
1,Maze001,16.741,3.0374,-0.9990,4.6354,-90.77,
1,Maze001,16.747,3.0374,-0.9990,4.6354,-90.77,
1,Maze001,16.749,3.0374,-0.9990,4.6354,-90.77,
1,Maze001,16.756,3.0374,-0.9990,4.6354,-90.77,
1,Maze001,16.759,3.0374,-0.9990,4.6354,-90.77,
1,Maze001,16.762,3.0374,-0.9990,4.6354,-90.77,
1,Maze001,16.768,3.0374,-0.9990,4.6354,-90.77,
1,Maze001,16.771,3.0374,-0.9990,4.6354,-90.77,
1,Maze001,16.775,3.0374,-0.9990,4.6354,-90.77,
1,Maze001,16.781,3.0374,-0.9990,4.6354,-90.77,
1,Maze001,16.788,3.0374,-0.9990,4.6354,-90.77,
1,Maze001,16.792,3.0374,-0.9990,4.6354,-90.77,
1,Maze001,16.795,3.0374,-0.9990,4.6354,-90.77,
1,Maze001,16.801,3.0374,-0.9990,4.6354,-90.77,
1,Maze001,16.805,3.0374,-0.9990,4.6354,-90.77,
1,Maze001,16.808,3.0374,-0.9990,4.6354,-90.77,
1,Maze001,16.814,3.0374,-0.9990,4.6354,-90.77,
1,Maze001,16.817,3.0374,-0.9990,4.6354,-90.77,
1,Maze001,16.822,3.0374,-0.9990,4.6354,-90.77,
1,Maze001,16.826,3.0374,-0.9990,4.6354,-90.77,
1,Maze001,16.829,3.0374,-0.9990,4.6354,-90.77,
1,Maze001,16.834,3.0374,-0.9990,4.6354,-90.77,
1,Maze001,16.838,3.0374,-0.9990,4.6354,-90.77,
1,Maze001,16.843,3.0374,-0.9990,4.6354,-90.77,
1,Maze001,16.851,3.0374,-0.9990,4.6354,-90.77,
1,Maze001,16.855,3.0374,-0.9990,4.6354,-90.77,
1,Maze001,16.858,3.0374,-0.9990,4.6354,-90.77,
1,Maze001,16.864,3.0374,-0.9990,4.6354,-90.77,
1,Maze001,16.867,3.0374,-0.9990,4.6354,-90.77,
1,Maze001,16.871,3.0374,-0.9990,4.6354,-90.77,
1,Maze001,16.876,3.0374,-0.9990,4.6354,-90.77,
1,Maze001,16.879,3.0374,-0.9990,4.6354,-90.77,
1,Maze001,16.884,3.0374,-0.9990,4.6354,-90.77,
1,Maze001,16.888,3.0374,-0.9990,4.6354,-90.77,
1,Maze001,16.892,3.0374,-0.9990,4.6354,-90.77,
1,Maze001,16.897,3.0374,-0.9990,4.6354,-90.77,
1,Maze001,16.905,3.0374,-0.9990,4.6354,-90.77,
1,Maze001,16.913,3.0374,-0.9990,4.6354,-90.77,
1,Maze001,16.917,3.0374,-0.9990,4.6354,-90.77,
1,Maze001,16.921,3.0374,-0.9990,4.6354,-90.77,
1,Maze001,16.926,3.0374,-0.9990,4.6354,-90.77,
1,Maze001,16.930,3.0374,-0.9990,4.6354,-90.77,
1,Maze001,16.933,3.0374,-0.9990,4.6354,-90.77,
1,Maze001,16.939,3.0374,-0.9990,4.6354,-90.77,
1,Maze001,16.941,3.0374,-0.9990,4.6354,-90.77,
1,Maze001,16.947,3.0374,-0.9990,4.6354,-90.77,
1,Maze001,16.949,3.0374,-0.9990,4.6354,-90.77,
1,Maze001,16.955,3.0374,-0.9990,4.6354,-90.77,
1,Maze001,16.959,3.0374,-0.9990,4.6354,-90.77,
1,Maze001,16.963,3.0374,-0.9990,4.6354,-90.77,
1,Maze001,16.968,3.0374,-0.9990,4.6354,-90.77,
1,Maze001,16.976,3.0374,-0.9990,4.6354,-90.77,
1,Maze001,16.980,3.0374,-0.9990,4.6354,-90.77,
1,Maze001,16.983,3.0374,-0.9990,4.6354,-90.77,
1,Maze001,16.988,3.0374,-0.9990,4.6354,-90.77,
1,Maze001,16.992,3.0374,-0.9990,4.6354,-90.77,
1,Maze001,16.995,3.0374,-0.9990,4.6354,-90.77,
1,Maze001,17.001,3.0374,-0.9990,4.6354,-90.77,
1,Maze001,17.009,3.0374,-0.9990,4.6354,-90.77,
1,Maze001,17.013,3.0374,-0.9990,4.6354,-90.77,
1,Maze001,17.016,3.0374,-0.9990,4.6354,-90.77,
1,Maze001,17.022,3.0374,-0.9990,4.6354,-90.77,
1,Maze001,17.025,3.0374,-0.9990,4.6354,-90.77,
1,Maze001,17.029,3.0374,-0.9990,4.6354,-90.77,
1,Maze001,17.034,3.0374,-0.9990,4.6354,-90.77,
1,Maze001,17.037,3.0374,-0.9990,4.6354,-90.77,
1,Maze001,17.042,3.0374,-0.9990,4.6354,-90.77,
1,Maze001,17.046,3.0374,-0.9990,4.6354,-90.77,
1,Maze001,17.050,3.0374,-0.9990,4.6354,-90.77,
1,Maze001,17.055,3.0374,-0.9990,4.6354,-90.77,
1,Maze001,17.059,3.0374,-0.9990,4.6354,-90.77,
1,Maze001,17.062,3.0374,-0.9990,4.6354,-90.77,
1,Maze001,17.068,3.0374,-0.9990,4.6354,-90.77,
1,Maze001,17.076,3.0374,-0.9990,4.6354,-90.77,
1,Maze001,17.081,3.0374,-0.9990,4.6354,-90.77,
1,Maze001,17.088,3.0374,-0.9990,4.6354,-90.77,
1,Maze001,17.092,3.0374,-0.9990,4.6354,-90.77,
1,Maze001,17.095,3.0374,-0.9990,4.6354,-90.77,
1,Maze001,17.101,3.0374,-0.9990,4.6354,-90.77,
1,Maze001,17.104,3.0374,-0.9990,4.6354,-90.77,
1,Maze001,17.110,3.0374,-0.9990,4.6354,-90.77,
1,Maze001,17.117,3.0374,-0.9990,4.6354,-90.77,
1,Maze001,17.121,3.0374,-0.9990,4.6354,-90.77,
1,Maze001,17.124,3.0374,-0.9990,4.6354,-90.77,
1,Maze001,17.130,3.0374,-0.9990,4.6354,-90.77,
1,Maze001,17.133,3.0374,-0.9990,4.6354,-90.77,
1,Maze001,17.138,3.0374,-0.9990,4.6354,-90.77,
1,Maze001,17.142,3.0374,-0.9990,4.6354,-90.77,
1,Maze001,17.145,3.0374,-0.9990,4.6354,-90.77,
1,Maze001,17.151,3.0374,-0.9990,4.6354,-90.77,
1,Maze001,17.155,3.0374,-0.9990,4.6354,-90.77,
1,Maze001,17.158,3.0374,-0.9990,4.6354,-90.77,
1,Maze001,17.163,3.0374,-0.9990,4.6354,-90.77,
1,Maze001,17.167,3.0374,-0.9990,4.6354,-90.77,
1,Maze001,17.171,3.0374,-0.9990,4.6354,-90.77,
1,Maze001,17.176,3.0374,-0.9990,4.6354,-90.77,
1,Maze001,17.180,3.0374,-0.9990,4.6354,-90.77,
1,Maze001,17.183,3.0374,-0.9990,4.6354,-90.77,
1,Maze001,17.189,3.0374,-0.9990,4.6354,-90.77,
1,Maze001,17.197,3.0374,-0.9990,4.6354,-90.77,
1,Maze001,17.199,3.0374,-0.9990,4.6354,-90.77,
1,Maze001,17.205,3.0374,-0.9990,4.6354,-90.77,
1,Maze001,17.208,3.0374,-0.9990,4.6354,-90.77,
1,Maze001,17.213,3.0374,-0.9990,4.6354,-90.77,
1,Maze001,17.216,3.0374,-0.9990,4.6354,-90.77,
1,Maze001,17.222,3.0374,-0.9990,4.6354,-90.77,
1,Maze001,17.226,3.0374,-0.9990,4.6354,-90.77,
1,Maze001,17.229,3.0374,-0.9990,4.6354,-90.77,
1,Maze001,17.234,3.0374,-0.9990,4.6354,-90.77,
1,Maze001,17.242,3.0374,-0.9990,4.6354,-90.77,
1,Maze001,17.246,3.0374,-0.9990,4.6354,-90.77,
1,Maze001,17.250,3.0374,-0.9990,4.6354,-90.77,
1,Maze001,17.255,3.0374,-0.9990,4.6354,-90.77,
1,Maze001,17.258,3.0374,-0.9990,4.6354,-90.77,
1,Maze001,17.263,3.0374,-0.9990,4.6354,-90.77,
1,Maze001,17.267,3.0374,-0.9990,4.6354,-90.77,
1,Maze001,17.270,3.0374,-0.9990,4.6354,-90.77,
1,Maze001,17.276,3.0374,-0.9990,4.6354,-90.77,
1,Maze001,17.279,3.0374,-0.9990,4.6354,-90.77,
2,Maze001,0.005,3.2500,-0.9990,3.2500,45.00,
2,Maze001,0.010,3.2500,-0.9990,3.2500,45.00,
2,Maze001,0.015,3.2500,-0.9990,3.2500,45.00,
2,Maze001,0.019,3.2500,-0.9990,3.2500,46.46,
2,Maze001,0.023,3.2500,-0.9990,3.2500,46.46,
2,Maze001,0.027,3.2500,-0.9990,3.2500,46.46,
2,Maze001,0.031,3.2500,-0.9990,3.2500,46.46,
2,Maze001,0.036,3.2500,-0.9990,3.2500,46.46,
2,Maze001,0.040,3.2500,-0.9990,3.2500,46.46,
2,Maze001,0.044,3.2500,-0.9990,3.2500,46.46,
2,Maze001,0.048,3.2500,-0.9990,3.2500,46.46,
2,Maze001,0.052,3.2500,-0.9990,3.2500,46.46,
2,Maze001,0.057,3.2500,-0.9990,3.2500,46.46,
2,Maze001,0.060,3.2500,-0.9990,3.2500,46.46,
2,Maze001,0.064,3.2500,-0.9990,3.2500,46.46,
2,Maze001,0.069,3.2500,-0.9990,3.2500,46.46,
2,Maze001,0.073,3.2500,-0.9990,3.2500,46.46,
2,Maze001,0.077,3.2500,-0.9990,3.2500,46.46,
2,Maze001,0.081,3.2500,-0.9990,3.2500,46.46,
2,Maze001,0.085,3.2500,-0.9990,3.2500,46.46,
2,Maze001,0.089,3.2500,-0.9990,3.2500,46.46,
2,Maze001,0.094,3.2500,-0.9990,3.2500,46.46,
2,Maze001,0.098,3.2500,-0.9990,3.2500,46.46,
2,Maze001,0.102,3.2500,-0.9990,3.2500,46.46,
2,Maze001,0.106,3.2500,-0.9990,3.2500,46.46,
2,Maze001,0.110,3.2500,-0.9990,3.2500,46.46,
2,Maze001,0.115,3.2500,-0.9990,3.2500,46.46,
2,Maze001,0.118,3.2500,-0.9990,3.2500,46.46,
2,Maze001,0.123,3.2500,-0.9990,3.2500,46.46,
2,Maze001,0.127,3.2500,-0.9990,3.2500,46.46,
2,Maze001,0.131,3.2500,-0.9990,3.2500,46.46,
2,Maze001,0.135,3.2500,-0.9990,3.2500,46.46,
2,Maze001,0.140,3.2500,-0.9990,3.2500,46.46,
2,Maze001,0.144,3.2500,-0.9990,3.2500,46.46,
2,Maze001,0.148,3.2500,-0.9990,3.2500,46.46,
2,Maze001,0.152,3.2500,-0.9990,3.2500,46.46,
2,Maze001,0.156,3.2500,-0.9990,3.2500,46.46,
2,Maze001,0.160,3.2500,-0.9990,3.2500,46.46,
2,Maze001,0.164,3.2500,-0.9990,3.2500,46.46,
2,Maze001,0.169,3.2500,-0.9990,3.2500,46.46,
2,Maze001,0.173,3.2500,-0.9990,3.2500,46.46,
2,Maze001,0.177,3.2500,-0.9990,3.2500,46.46,
2,Maze001,0.181,3.2500,-0.9990,3.2500,46.46,
2,Maze001,0.185,3.2500,-0.9990,3.2500,46.46,
2,Maze001,0.189,3.2500,-0.9990,3.2500,46.46,
2,Maze001,0.194,3.2500,-0.9990,3.2500,46.46,
2,Maze001,0.198,3.2500,-0.9990,3.2500,46.46,
2,Maze001,0.202,3.2500,-0.9990,3.2500,46.46,
2,Maze001,0.206,3.2500,-0.9990,3.2500,46.46,
2,Maze001,0.210,3.2500,-0.9990,3.2500,46.46,
2,Maze001,0.214,3.2500,-0.9990,3.2500,46.46,
2,Maze001,0.219,3.2500,-0.9990,3.2500,46.46,
2,Maze001,0.223,3.2500,-0.9990,3.2500,46.46,
2,Maze001,0.227,3.2500,-0.9990,3.2500,46.46,
2,Maze001,0.231,3.2500,-0.9990,3.2500,46.46,
2,Maze001,0.235,3.2500,-0.9990,3.2500,46.46,
2,Maze001,0.240,3.2500,-0.9990,3.2500,46.46,
2,Maze001,0.244,3.2500,-0.9990,3.2500,46.46,
2,Maze001,0.248,3.2500,-0.9990,3.2500,46.46,
2,Maze001,0.252,3.2500,-0.9990,3.2500,46.46,
2,Maze001,0.256,3.2500,-0.9990,3.2500,46.46,
2,Maze001,0.260,3.2500,-0.9990,3.2500,46.46,
2,Maze001,0.265,3.2500,-0.9990,3.2500,46.46,
2,Maze001,0.269,3.2500,-0.9990,3.2500,46.46,
2,Maze001,0.273,3.2500,-0.9990,3.2500,46.46,
2,Maze001,0.277,3.2500,-0.9990,3.2500,46.46,
2,Maze001,0.281,3.2500,-0.9990,3.2500,46.46,
2,Maze001,0.285,3.2500,-0.9990,3.2500,46.46,
2,Maze001,0.290,3.2500,-0.9990,3.2500,46.46,
2,Maze001,0.294,3.2500,-0.9990,3.2500,46.46,
2,Maze001,0.298,3.2500,-0.9990,3.2500,46.46,
2,Maze001,0.302,3.2500,-0.9990,3.2500,46.46,
2,Maze001,0.306,3.2500,-0.9990,3.2500,46.46,
2,Maze001,0.310,3.2500,-0.9990,3.2500,46.46,
2,Maze001,0.314,3.2500,-0.9990,3.2500,46.46,
2,Maze001,0.319,3.2500,-0.9990,3.2500,46.46,
2,Maze001,0.323,3.2500,-0.9990,3.2500,46.46,
2,Maze001,0.327,3.2500,-0.9990,3.2500,46.46,
2,Maze001,0.331,3.2500,-0.9990,3.2500,46.46,
2,Maze001,0.335,3.2500,-0.9990,3.2500,46.46,
2,Maze001,0.339,3.2500,-0.9990,3.2500,46.46,
2,Maze001,0.344,3.2500,-0.9990,3.2500,46.46,
2,Maze001,0.348,3.2500,-0.9990,3.2500,46.56,
2,Maze001,0.352,3.2500,-0.9990,3.2500,46.56,
2,Maze001,0.357,3.2500,-0.9990,3.2500,46.56,
2,Maze001,0.360,3.2500,-0.9990,3.2500,46.56,
2,Maze001,0.365,3.2500,-0.9990,3.2500,46.56,
2,Maze001,0.369,3.2500,-0.9990,3.2500,46.56,
2,Maze001,0.373,3.2500,-0.9990,3.2500,46.56,
2,Maze001,0.378,3.2500,-0.9990,3.2500,46.56,
2,Maze001,0.381,3.2500,-0.9990,3.2500,46.56,
2,Maze001,0.385,3.2500,-0.9990,3.2500,46.56,
2,Maze001,0.389,3.2500,-0.9990,3.2500,46.56,
2,Maze001,0.394,3.2500,-0.9990,3.2500,46.56,
2,Maze001,0.398,3.2500,-0.9990,3.2500,46.56,
2,Maze001,0.403,3.2500,-0.9990,3.2500,46.56,
2,Maze001,0.407,3.2500,-0.9990,3.2500,46.61,
2,Maze001,0.413,3.2500,-0.9990,3.2500,46.61,
2,Maze001,0.416,3.2500,-0.9990,3.2500,46.72,
2,Maze001,0.423,3.2500,-0.9990,3.2500,46.72,
2,Maze001,0.427,3.2500,-0.9990,3.2500,47.19,
2,Maze001,0.431,3.2500,-0.9990,3.2500,47.60,
2,Maze001,0.435,3.2500,-0.9990,3.2500,47.60,
2,Maze001,0.440,3.2500,-0.9990,3.2500,47.97,
2,Maze001,0.444,3.2500,-0.9990,3.2500,47.97,
2,Maze001,0.448,3.2500,-0.9990,3.2500,48.49,
2,Maze001,0.452,3.2500,-0.9990,3.2500,48.49,
2,Maze001,0.457,3.2500,-0.9990,3.2500,49.01,
2,Maze001,0.460,3.2500,-0.9990,3.2500,49.43,
2,Maze001,0.465,3.2500,-0.9990,3.2500,49.43,
2,Maze001,0.469,3.2500,-0.9990,3.2500,49.84,
2,Maze001,0.473,3.2500,-0.9990,3.2500,49.84,
2,Maze001,0.477,3.2500,-0.9990,3.2500,50.47,
2,Maze001,0.481,3.2500,-0.9990,3.2500,51.04,
2,Maze001,0.485,3.2500,-0.9990,3.2500,51.04,
2,Maze001,0.490,3.2500,-0.9990,3.2500,51.72,
2,Maze001,0.494,3.2500,-0.9990,3.2500,51.72,
2,Maze001,0.498,3.2500,-0.9990,3.2500,52.40,
2,Maze001,0.503,3.2500,-0.9990,3.2500,52.92,
2,Maze001,0.506,3.2500,-0.9990,3.2500,52.92,
2,Maze001,0.510,3.2500,-0.9990,3.2500,53.59,
2,Maze001,0.515,3.2500,-0.9990,3.2500,53.59,
2,Maze001,0.519,3.2500,-0.9990,3.2500,54.48,
2,Maze001,0.523,3.2500,-0.9990,3.2500,54.48,
2,Maze001,0.527,3.2500,-0.9990,3.2500,55.36,
2,Maze001,0.531,3.2500,-0.9990,3.2500,56.15,
2,Maze001,0.535,3.2500,-0.9990,3.2500,56.15,
2,Maze001,0.540,3.2500,-0.9990,3.2500,56.72,
2,Maze001,0.544,3.2500,-0.9990,3.2500,56.72,
2,Maze001,0.548,3.2500,-0.9990,3.2500,57.34,
2,Maze001,0.552,3.2500,-0.9990,3.2500,57.81,
2,Maze001,0.556,3.2500,-0.9990,3.2500,57.81,
2,Maze001,0.561,3.2500,-0.9990,3.2500,57.81,
2,Maze001,0.565,3.2500,-0.9990,3.2500,58.07,
2,Maze001,0.569,3.2500,-0.9990,3.2500,58.33,
2,Maze001,0.573,3.2500,-0.9990,3.2500,58.33,
2,Maze001,0.577,3.2500,-0.9990,3.2500,58.49,
2,Maze001,0.581,3.2500,-0.9990,3.2500,58.59,
2,Maze001,0.586,3.2500,-0.9990,3.2500,58.59,
2,Maze001,0.590,3.2500,-0.9990,3.2500,58.70,
2,Maze001,0.594,3.2500,-0.9990,3.2500,58.70,
2,Maze001,0.598,3.2500,-0.9990,3.2500,58.80,
2,Maze001,0.602,3.2500,-0.9990,3.2500,58.91,
2,Maze001,0.606,3.2500,-0.9990,3.2500,58.91,
2,Maze001,0.610,3.2500,-0.9990,3.2500,58.91,
2,Maze001,0.615,3.2500,-0.9990,3.2500,58.91,
2,Maze001,0.619,3.2500,-0.9990,3.2500,59.01,
2,Maze001,0.623,3.2500,-0.9990,3.2500,59.01,
2,Maze001,0.627,3.2500,-0.9990,3.2500,59.11,
2,Maze001,0.631,3.2500,-0.9990,3.2500,59.27,
2,Maze001,0.636,3.2500,-0.9990,3.2500,59.27,
2,Maze001,0.640,3.2500,-0.9990,3.2500,59.43,
2,Maze001,0.644,3.2500,-0.9990,3.2500,59.43,
2,Maze001,0.649,3.2500,-0.9990,3.2500,59.69,
2,Maze001,0.652,3.2500,-0.9990,3.2500,59.90,
2,Maze001,0.656,3.2500,-0.9990,3.2500,59.90,
2,Maze001,0.660,3.2500,-0.9990,3.2500,59.90,
2,Maze001,0.665,3.2500,-0.9990,3.2500,59.90,
2,Maze001,0.669,3.2500,-0.9990,3.2500,60.57,
2,Maze001,0.673,3.2500,-0.9990,3.2500,60.57,
2,Maze001,0.677,3.2500,-0.9990,3.2500,60.78,
2,Maze001,0.681,3.2500,-0.9990,3.2500,61.15,
2,Maze001,0.685,3.2500,-0.9990,3.2500,61.15,
2,Maze001,0.690,3.2500,-0.9990,3.2500,61.51,
2,Maze001,0.694,3.2500,-0.9990,3.2500,61.51,
2,Maze001,0.698,3.2500,-0.9990,3.2500,61.77,
2,Maze001,0.702,3.2500,-0.9990,3.2500,62.08,
2,Maze001,0.706,3.2500,-0.9990,3.2500,62.08,
2,Maze001,0.710,3.2500,-0.9990,3.2500,62.34,
2,Maze001,0.714,3.2500,-0.9990,3.2500,62.34,
2,Maze001,0.719,3.2500,-0.9990,3.2500,62.50,
2,Maze001,0.723,3.2500,-0.9990,3.2500,62.76,
2,Maze001,0.728,3.2500,-0.9990,3.2500,62.76,
2,Maze001,0.731,3.2500,-0.9990,3.2500,62.76,
2,Maze001,0.736,3.2500,-0.9990,3.2500,62.92,
2,Maze001,0.739,3.2500,-0.9990,3.2500,62.97,
2,Maze001,0.744,3.2500,-0.9990,3.2500,62.97,
2,Maze001,0.748,3.2500,-0.9990,3.2500,63.13,
2,Maze001,0.752,3.2500,-0.9990,3.2500,63.13,
2,Maze001,0.756,3.2500,-0.9990,3.2500,63.18,
2,Maze001,0.760,3.2500,-0.9990,3.2500,63.23,
2,Maze001,0.764,3.2500,-0.9990,3.2500,63.23,
2,Maze001,0.768,3.2500,-0.9990,3.2500,63.23,
2,Maze001,0.773,3.2500,-0.9990,3.2500,63.23,
2,Maze001,0.777,3.2500,-0.9990,3.2500,63.23,
2,Maze001,0.782,3.2500,-0.9990,3.2500,63.28,
2,Maze001,0.785,3.2500,-0.9990,3.2500,63.28,
2,Maze001,0.790,3.2500,-0.9990,3.2500,63.28,
2,Maze001,0.794,3.2500,-0.9990,3.2500,63.28,
2,Maze001,0.798,3.2500,-0.9990,3.2500,63.28,
2,Maze001,0.802,3.2500,-0.9990,3.2500,63.28,
2,Maze001,0.806,3.2500,-0.9990,3.2500,63.28,
2,Maze001,0.810,3.2500,-0.9990,3.2500,63.28,
2,Maze001,0.814,3.2500,-0.9990,3.2500,63.28,
2,Maze001,0.819,3.2500,-0.9990,3.2500,63.28,
2,Maze001,0.823,3.2500,-0.9990,3.2500,63.28,
2,Maze001,0.827,3.2500,-0.9990,3.2500,63.28,
2,Maze001,0.831,3.2500,-0.9990,3.2500,63.28,
2,Maze001,0.835,3.2500,-0.9990,3.2500,63.28,
2,Maze001,0.839,3.2500,-0.9990,3.2500,63.28,
2,Maze001,0.844,3.2500,-0.9990,3.2500,63.28,
2,Maze001,0.848,3.2500,-0.9990,3.2500,63.28,
2,Maze001,0.852,3.2500,-0.9990,3.2500,63.28,
2,Maze001,0.856,3.2500,-0.9990,3.2500,63.28,
2,Maze001,0.860,3.2500,-0.9990,3.2500,63.28,
2,Maze001,0.864,3.2500,-0.9990,3.2500,63.28,
2,Maze001,0.869,3.2500,-0.9990,3.2500,63.28,
2,Maze001,0.873,3.2500,-0.9990,3.2500,63.28,
2,Maze001,0.877,3.2500,-0.9990,3.2500,63.28,
2,Maze001,0.881,3.2500,-0.9990,3.2500,63.28,
2,Maze001,0.885,3.2500,-0.9990,3.2500,63.28,
2,Maze001,0.889,3.2500,-0.9990,3.2500,63.28,
2,Maze001,0.894,3.2500,-0.9990,3.2500,63.28,
2,Maze001,0.898,3.2500,-0.9990,3.2500,63.28,
2,Maze001,0.902,3.2500,-0.9990,3.2500,63.28,
2,Maze001,0.906,3.2500,-0.9990,3.2500,63.28,
2,Maze001,0.911,3.2500,-0.9990,3.2500,63.23,
2,Maze001,0.914,3.2500,-0.9990,3.2500,63.23,
2,Maze001,0.918,3.2500,-0.9990,3.2500,63.23,
2,Maze001,0.922,3.2500,-0.9990,3.2500,63.23,
2,Maze001,0.927,3.2500,-0.9990,3.2500,63.23,
2,Maze001,0.932,3.2500,-0.9990,3.2500,63.23,
2,Maze001,0.936,3.2500,-0.9990,3.2500,63.23,
2,Maze001,0.939,3.2500,-0.9990,3.2500,63.23,
2,Maze001,0.944,3.2500,-0.9990,3.2500,63.23,
2,Maze001,0.948,3.2500,-0.9990,3.2500,63.23,
2,Maze001,0.952,3.2500,-0.9990,3.2500,63.23,
2,Maze001,0.956,3.2500,-0.9990,3.2500,63.23,
2,Maze001,0.960,3.2500,-0.9990,3.2500,63.23,
2,Maze001,0.964,3.2500,-0.9990,3.2500,63.23,
2,Maze001,0.969,3.2500,-0.9990,3.2500,63.23,
2,Maze001,0.973,3.2500,-0.9990,3.2500,63.23,
2,Maze001,0.977,3.2500,-0.9990,3.2500,63.23,
2,Maze001,0.981,3.2500,-0.9990,3.2500,63.23,
2,Maze001,0.985,3.2500,-0.9990,3.2500,63.23,
2,Maze001,0.989,3.2500,-0.9990,3.2500,63.23,
2,Maze001,0.993,3.2500,-0.9990,3.2500,63.23,
2,Maze001,0.998,3.2500,-0.9990,3.2500,63.23,
2,Maze001,1.002,3.2500,-0.9990,3.2500,63.23,
2,Maze001,1.006,3.2500,-0.9990,3.2500,63.23,
2,Maze001,1.010,3.2500,-0.9990,3.2500,63.23,
2,Maze001,1.014,3.2500,-0.9990,3.2500,63.23,
2,Maze001,1.019,3.2500,-0.9990,3.2500,63.23,
2,Maze001,1.023,3.2500,-0.9990,3.2500,63.23,
2,Maze001,1.027,3.2500,-0.9990,3.2500,63.23,
2,Maze001,1.031,3.2500,-0.9990,3.2500,63.23,
2,Maze001,1.035,3.2500,-0.9990,3.2500,63.23,
2,Maze001,1.039,3.2500,-0.9990,3.2500,63.23,
2,Maze001,1.043,3.2500,-0.9990,3.2500,63.23,
2,Maze001,1.049,3.2500,-0.9990,3.2500,63.23,
2,Maze001,1.052,3.2500,-0.9990,3.2500,63.23,
2,Maze001,1.056,3.2500,-0.9990,3.2500,63.23,
2,Maze001,1.060,3.2500,-0.9990,3.2500,63.23,
2,Maze001,1.064,3.2500,-0.9990,3.2500,63.23,
2,Maze001,1.068,3.2500,-0.9990,3.2500,63.23,
2,Maze001,1.072,3.2500,-0.9990,3.2500,63.23,
2,Maze001,1.076,3.2500,-0.9990,3.2500,63.23,
2,Maze001,1.081,3.2500,-0.9990,3.2500,63.23,
2,Maze001,1.085,3.2500,-0.9990,3.2500,63.23,
2,Maze001,1.089,3.2500,-0.9990,3.2500,63.23,
2,Maze001,1.094,3.2500,-0.9990,3.2500,63.23,
2,Maze001,1.097,3.2500,-0.9990,3.2500,63.23,
2,Maze001,1.101,3.2500,-0.9990,3.2500,63.23,
2,Maze001,1.106,3.2500,-0.9990,3.2500,63.23,
2,Maze001,1.110,3.2500,-0.9990,3.2500,63.23,
2,Maze001,1.114,3.2500,-0.9990,3.2500,63.23,
2,Maze001,1.118,3.2500,-0.9990,3.2500,63.23,
2,Maze001,1.122,3.2500,-0.9990,3.2500,63.23,
2,Maze001,1.127,3.2500,-0.9990,3.2500,63.23,
2,Maze001,1.131,3.2500,-0.9990,3.2500,63.23,
2,Maze001,1.135,3.2500,-0.9990,3.2500,63.23,
2,Maze001,1.140,3.2500,-0.9990,3.2500,63.23,
2,Maze001,1.143,3.2500,-0.9990,3.2500,63.23,
2,Maze001,1.148,3.2500,-0.9990,3.2500,63.23,
2,Maze001,1.152,3.2500,-0.9990,3.2500,63.23,
2,Maze001,1.156,3.2500,-0.9990,3.2500,63.23,
2,Maze001,1.160,3.2500,-0.9990,3.2500,63.23,
2,Maze001,1.164,3.2500,-0.9990,3.2500,63.23,
2,Maze001,1.169,3.2500,-0.9990,3.2500,63.23,
2,Maze001,1.172,3.2500,-0.9990,3.2500,63.23,
2,Maze001,1.177,3.2500,-0.9990,3.2500,63.23,
2,Maze001,1.181,3.2500,-0.9990,3.2500,63.23,
2,Maze001,1.185,3.2500,-0.9990,3.2500,63.23,
2,Maze001,1.189,3.2500,-0.9990,3.2500,63.23,
2,Maze001,1.194,3.2500,-0.9990,3.2500,63.23,
2,Maze001,1.197,3.2500,-0.9990,3.2500,63.23,
2,Maze001,1.202,3.2500,-0.9990,3.2500,63.23,
2,Maze001,1.206,3.2500,-0.9990,3.2500,63.23,
2,Maze001,1.210,3.2500,-0.9990,3.2500,63.23,
2,Maze001,1.214,3.2500,-0.9990,3.2500,63.23,
2,Maze001,1.219,3.2500,-0.9990,3.2500,63.23,
2,Maze001,1.222,3.2500,-0.9990,3.2500,63.23,
2,Maze001,1.227,3.2500,-0.9990,3.2500,63.23,
2,Maze001,1.231,3.2500,-0.9990,3.2500,63.23,
2,Maze001,1.235,3.2500,-0.9990,3.2500,63.23,
2,Maze001,1.239,3.2500,-0.9990,3.2500,63.23,
2,Maze001,1.243,3.2500,-0.9990,3.2500,63.23,
2,Maze001,1.248,3.2500,-0.9990,3.2500,63.23,
2,Maze001,1.252,3.2500,-0.9990,3.2500,63.23,
2,Maze001,1.256,3.2500,-0.9990,3.2500,63.23,
2,Maze001,1.260,3.2500,-0.9990,3.2500,63.23,
2,Maze001,1.264,3.2500,-0.9990,3.2500,63.23,
2,Maze001,1.268,3.2500,-0.9990,3.2500,63.23,
2,Maze001,1.273,3.2500,-0.9990,3.2500,63.23,
2,Maze001,1.277,3.2500,-0.9990,3.2500,63.23,
2,Maze001,1.281,3.2500,-0.9990,3.2500,63.23,
2,Maze001,1.285,3.2500,-0.9990,3.2500,63.23,
2,Maze001,1.289,3.2500,-0.9990,3.2500,63.23,
2,Maze001,1.293,3.2500,-0.9990,3.2500,63.23,
2,Maze001,1.297,3.2500,-0.9990,3.2500,63.23,
2,Maze001,1.302,3.2500,-0.9990,3.2500,63.23,
2,Maze001,1.306,3.2500,-0.9990,3.2500,63.23,
2,Maze001,1.310,3.2500,-0.9990,3.2500,63.23,
2,Maze001,1.314,3.2500,-0.9990,3.2500,63.23,
2,Maze001,1.318,3.2500,-0.9990,3.2500,63.23,
2,Maze001,1.323,3.2500,-0.9990,3.2500,63.23,
2,Maze001,1.327,3.2500,-0.9990,3.2500,63.23,
2,Maze001,1.331,3.2500,-0.9990,3.2500,63.23,
2,Maze001,1.335,3.2500,-0.9990,3.2500,63.23,
2,Maze001,1.339,3.2500,-0.9990,3.2500,63.23,
2,Maze001,1.343,3.2500,-0.9990,3.2500,63.23,
2,Maze001,1.347,3.2500,-0.9990,3.2500,63.23,
2,Maze001,1.352,3.2500,-0.9990,3.2500,63.23,
2,Maze001,1.356,3.2500,-0.9990,3.2500,63.23,
2,Maze001,1.360,3.2500,-0.9990,3.2500,63.23,
2,Maze001,1.364,3.2500,-0.9990,3.2500,64.01,
2,Maze001,1.369,3.2500,-0.9990,3.2500,64.01,
2,Maze001,1.373,3.2500,-0.9990,3.2500,65.47,
2,Maze001,1.378,3.2500,-0.9990,3.2500,65.47,
2,Maze001,1.385,3.2500,-0.9990,3.2500,66.72,
2,Maze001,1.390,3.2500,-0.9990,3.2500,66.72,
2,Maze001,1.394,3.2500,-0.9990,3.2500,69.69,
2,Maze001,1.398,3.2500,-0.9990,3.2500,69.69,
2,Maze001,1.402,3.2500,-0.9990,3.2500,71.20,
2,Maze001,1.406,3.2500,-0.9990,3.2500,71.20,
2,Maze001,1.410,3.2500,-0.9990,3.2500,72.40,
2,Maze001,1.414,3.2500,-0.9990,3.2500,73.44,
2,Maze001,1.419,3.2500,-0.9990,3.2500,73.44,
2,Maze001,1.423,3.2500,-0.9990,3.2500,74.58,
2,Maze001,1.427,3.2500,-0.9990,3.2500,74.58,
2,Maze001,1.431,3.2500,-0.9990,3.2500,75.31,
2,Maze001,1.435,3.2500,-0.9990,3.2500,75.99,
2,Maze001,1.440,3.2500,-0.9990,3.2500,75.99,
2,Maze001,1.444,3.2500,-0.9990,3.2500,76.51,
2,Maze001,1.448,3.2500,-0.9990,3.2500,76.51,
2,Maze001,1.452,3.2500,-0.9990,3.2500,76.82,
2,Maze001,1.456,3.2500,-0.9990,3.2500,77.08,
2,Maze001,1.460,3.2500,-0.9990,3.2500,77.08,
2,Maze001,1.464,3.2500,-0.9990,3.2500,77.24,
2,Maze001,1.469,3.2500,-0.9990,3.2500,77.24,
2,Maze001,1.473,3.2500,-0.9990,3.2500,77.29,
2,Maze001,1.477,3.2500,-0.9990,3.2500,77.29,
2,Maze001,1.481,3.2500,-0.9990,3.2500,77.34,
2,Maze001,1.485,3.2500,-0.9990,3.2500,77.40,
2,Maze001,1.489,3.2500,-0.9990,3.2500,77.40,
2,Maze001,1.493,3.2500,-0.9990,3.2500,77.40,
2,Maze001,1.497,3.2500,-0.9990,3.2500,77.40,
2,Maze001,1.502,3.2500,-0.9990,3.2500,77.50,
2,Maze001,1.506,3.2500,-0.9990,3.2500,77.50,
2,Maze001,1.510,3.2500,-0.9990,3.2500,77.50,
2,Maze001,1.514,3.2500,-0.9990,3.2500,77.50,
2,Maze001,1.519,3.2500,-0.9990,3.2500,77.50,
2,Maze001,1.523,3.2500,-0.9990,3.2500,77.50,
2,Maze001,1.527,3.2500,-0.9990,3.2500,77.50,
2,Maze001,1.531,3.2610,-0.9990,3.2430,77.50,
2,Maze001,1.536,3.2699,-0.9990,3.2373,77.50,
2,Maze001,1.543,3.2732,-0.9990,3.2225,77.50,
2,Maze001,1.548,3.2779,-0.9990,3.2011,77.50,
2,Maze001,1.552,3.2809,-0.9990,3.1880,77.50,
2,Maze001,1.556,3.2835,-0.9990,3.1761,77.50,
2,Maze001,1.562,3.2862,-0.9990,3.1638,77.50,
2,Maze001,1.565,3.2862,-0.9990,3.1638,77.50,
2,Maze001,1.572,3.2862,-0.9990,3.1638,77.50,
2,Maze001,1.577,3.2862,-0.9990,3.1638,77.50,
2,Maze001,1.581,3.2862,-0.9990,3.1638,77.50,
2,Maze001,1.585,3.2862,-0.9990,3.1638,77.60,
2,Maze001,1.590,3.2862,-0.9990,3.1638,77.60,
2,Maze001,1.593,3.2862,-0.9990,3.1638,77.71,
2,Maze001,1.598,3.2862,-0.9990,3.1638,77.71,
2,Maze001,1.602,3.2862,-0.9990,3.1638,77.86,
2,Maze001,1.606,3.2862,-0.9990,3.1638,78.07,
2,Maze001,1.610,3.2862,-0.9990,3.1638,78.07,
2,Maze001,1.615,3.2862,-0.9990,3.1638,78.44,
2,Maze001,1.622,3.2862,-0.9990,3.1638,78.44,
2,Maze001,1.627,3.2862,-0.9990,3.1638,79.43,
2,Maze001,1.631,3.2862,-0.9990,3.1638,79.43,
2,Maze001,1.635,3.2862,-0.9990,3.1638,79.95,
2,Maze001,1.640,3.2862,-0.9990,3.1638,79.95,
2,Maze001,1.644,3.2862,-0.9990,3.1638,80.42,
2,Maze001,1.648,3.2862,-0.9990,3.1638,80.94,
2,Maze001,1.652,3.2862,-0.9990,3.1638,80.94,
2,Maze001,1.656,3.2862,-0.9990,3.1638,81.77,
2,Maze001,1.660,3.2862,-0.9990,3.1638,81.77,
2,Maze001,1.664,3.2862,-0.9990,3.1638,81.77,
2,Maze001,1.669,3.2862,-0.9990,3.1638,81.77,
2,Maze001,1.673,3.2862,-0.9990,3.1638,84.48,
2,Maze001,1.677,3.2862,-0.9990,3.1638,84.48,
2,Maze001,1.681,3.2862,-0.9990,3.1638,84.48,
2,Maze001,1.685,3.2862,-0.9990,3.1638,84.48,
2,Maze001,1.689,3.2862,-0.9990,3.1638,84.48,
2,Maze001,1.694,3.2862,-0.9990,3.1638,84.48,
2,Maze001,1.698,3.2862,-0.9990,3.1638,91.04,
2,Maze001,1.702,3.2862,-0.9990,3.1638,91.04,
2,Maze001,1.706,3.2862,-0.9990,3.1638,91.04,
2,Maze001,1.710,3.2862,-0.9990,3.1638,91.04,
2,Maze001,1.714,3.2862,-0.9990,3.1638,91.04,
2,Maze001,1.719,3.2862,-0.9990,3.1638,91.04,
2,Maze001,1.723,3.2862,-0.9990,3.1638,94.17,
2,Maze001,1.726,3.2862,-0.9990,3.1638,94.17,
2,Maze001,1.731,3.2862,-0.9990,3.1638,94.17,
2,Maze001,1.735,3.2862,-0.9990,3.1638,94.17,
2,Maze001,1.740,3.2862,-0.9990,3.1638,94.17,
2,Maze001,1.744,3.2862,-0.9990,3.1638,95.36,
2,Maze001,1.747,3.2862,-0.9990,3.1638,95.36,
2,Maze001,1.752,3.2862,-0.9990,3.1638,95.36,
2,Maze001,1.756,3.2862,-0.9990,3.1638,95.36,
2,Maze001,1.760,3.2862,-0.9990,3.1638,95.36,
2,Maze001,1.764,3.2862,-0.9990,3.1638,95.36,
2,Maze001,1.768,3.2862,-0.9990,3.1638,95.36,
2,Maze001,1.772,3.2862,-0.9990,3.1638,95.36,
2,Maze001,1.777,3.2862,-0.9990,3.1638,95.36,
2,Maze001,1.781,3.2862,-0.9990,3.1638,95.36,
2,Maze001,1.785,3.2862,-0.9990,3.1638,95.36,
2,Maze001,1.789,3.2862,-0.9990,3.1638,95.36,
2,Maze001,1.793,3.2862,-0.9990,3.1638,95.36,
2,Maze001,1.797,3.2862,-0.9990,3.1638,95.36,
2,Maze001,1.802,3.2862,-0.9990,3.1638,95.36,
2,Maze001,1.806,3.2862,-0.9990,3.1638,95.36,
2,Maze001,1.810,3.2862,-0.9990,3.1638,95.36,
2,Maze001,1.814,3.2862,-0.9990,3.1638,95.36,
2,Maze001,1.818,3.2862,-0.9990,3.1638,95.36,
2,Maze001,1.822,3.2862,-0.9990,3.1638,95.36,
2,Maze001,1.827,3.2862,-0.9990,3.1638,95.36,
2,Maze001,1.831,3.2862,-0.9990,3.1638,95.36,
2,Maze001,1.835,3.2862,-0.9990,3.1638,95.36,
2,Maze001,1.839,3.2862,-0.9990,3.1638,95.36,
2,Maze001,1.843,3.2862,-0.9990,3.1638,95.36,
2,Maze001,1.847,3.2862,-0.9990,3.1638,95.36,
2,Maze001,1.852,3.2862,-0.9990,3.1638,95.36,
2,Maze001,1.856,3.2862,-0.9990,3.1638,95.36,
2,Maze001,1.860,3.2862,-0.9990,3.1638,95.36,
2,Maze001,1.864,3.2862,-0.9990,3.1638,95.36,
2,Maze001,1.868,3.2862,-0.9990,3.1638,95.36,
2,Maze001,1.872,3.2862,-0.9990,3.1638,95.36,
2,Maze001,1.877,3.2862,-0.9990,3.1638,95.36,
2,Maze001,1.881,3.2862,-0.9990,3.1638,95.36,
2,Maze001,1.885,3.2862,-0.9990,3.1638,95.36,
2,Maze001,1.889,3.2862,-0.9990,3.1638,95.36,
2,Maze001,1.893,3.2862,-0.9990,3.1638,95.36,
2,Maze001,1.897,3.2862,-0.9990,3.1638,95.36,
2,Maze001,1.902,3.2862,-0.9990,3.1638,95.36,
2,Maze001,1.906,3.2862,-0.9990,3.1638,95.36,
2,Maze001,1.910,3.2862,-0.9990,3.1638,95.36,
2,Maze001,1.914,3.2862,-0.9990,3.1638,95.36,
2,Maze001,1.919,3.2862,-0.9990,3.1638,95.36,
2,Maze001,1.922,3.2876,-0.9990,3.1790,95.36,
2,Maze001,1.927,3.2886,-0.9990,3.1890,95.36,
2,Maze001,1.931,3.2898,-0.9990,3.2017,95.36,
2,Maze001,1.935,3.2909,-0.9990,3.2138,95.36,
2,Maze001,1.939,3.2922,-0.9990,3.2275,95.36,
2,Maze001,1.943,3.2932,-0.9990,3.2385,95.36,
2,Maze001,1.948,3.2944,-0.9990,3.2512,95.36,
2,Maze001,1.952,3.2957,-0.9990,3.2643,95.36,
2,Maze001,1.956,3.2968,-0.9990,3.2760,95.36,
2,Maze001,1.960,3.2980,-0.9990,3.2890,95.36,
2,Maze001,1.964,3.2992,-0.9990,3.3017,95.36,
2,Maze001,1.968,3.3003,-0.9990,3.3135,95.36,
2,Maze001,1.972,3.3015,-0.9990,3.3261,95.36,
2,Maze001,1.977,3.3026,-0.9990,3.3381,95.36,
2,Maze001,1.981,3.3038,-0.9990,3.3508,95.36,
2,Maze001,1.985,3.3049,-0.9990,3.3626,95.36,
2,Maze001,1.990,3.3061,-0.9990,3.3751,95.36,
2,Maze001,1.994,3.3074,-0.9990,3.3897,95.36,
2,Maze001,1.997,3.3085,-0.9990,3.4007,95.36,
2,Maze001,2.002,3.3096,-0.9990,3.4128,95.36,
2,Maze001,2.006,3.3108,-0.9990,3.4255,95.36,
2,Maze001,2.010,3.3120,-0.9990,3.4386,95.36,
2,Maze001,2.015,3.3131,-0.9990,3.4504,95.36,
2,Maze001,2.020,3.3143,-0.9990,3.4632,95.36,
2,Maze001,2.024,3.3143,-0.9990,3.4632,95.36,
2,Maze001,2.027,3.3143,-0.9990,3.4632,95.36,
2,Maze001,2.031,3.3240,-0.9990,3.4623,95.36,
2,Maze001,2.035,3.3376,-0.9990,3.4608,96.20,
2,Maze001,2.040,3.3490,-0.9990,3.4594,97.14,
2,Maze001,2.044,3.3621,-0.9990,3.4577,97.14,
2,Maze001,2.048,3.3739,-0.9990,3.4561,97.97,
2,Maze001,2.052,3.3860,-0.9990,3.4544,97.97,
2,Maze001,2.056,3.3989,-0.9990,3.4523,99.06,
2,Maze001,2.060,3.4109,-0.9990,3.4504,99.06,
2,Maze001,2.064,3.4230,-0.9990,3.4482,100.16,
2,Maze001,2.068,3.4357,-0.9990,3.4456,101.61,
2,Maze001,2.073,3.4465,-0.9990,3.4434,101.61,
2,Maze001,2.077,3.4595,-0.9990,3.4405,102.71,
2,Maze001,2.081,3.4714,-0.9990,3.4378,102.71,
2,Maze001,2.085,3.4835,-0.9990,3.4349,103.54,
2,Maze001,2.089,3.4959,-0.9990,3.4319,103.54,
2,Maze001,2.093,3.5080,-0.9990,3.4288,104.43,
2,Maze001,2.098,3.5201,-0.9990,3.4255,105.26,
2,Maze001,2.102,3.5320,-0.9990,3.4222,105.26,
2,Maze001,2.106,3.5441,-0.9990,3.4187,106.04,
2,Maze001,2.110,3.5567,-0.9990,3.4150,106.61,
2,Maze001,2.114,3.5675,-0.9990,3.4118,106.61,
2,Maze001,2.118,3.5803,-0.9990,3.4079,107.03,
2,Maze001,2.122,3.5920,-0.9990,3.4042,107.03,
2,Maze001,2.126,3.6034,-0.9990,3.4008,107.03,
2,Maze001,2.131,3.6151,-0.9990,3.3972,107.03,
2,Maze001,2.135,3.6277,-0.9990,3.3933,107.03,
2,Maze001,2.139,3.6399,-0.9990,3.3896,107.03,
2,Maze001,2.144,3.6519,-0.9990,3.3859,107.03,
2,Maze001,2.149,3.6650,-0.9990,3.3819,107.03,
2,Maze001,2.152,3.6801,-0.9990,3.3771,107.71,
2,Maze001,2.157,3.6895,-0.9990,3.3741,107.71,
2,Maze001,2.161,3.7011,-0.9990,3.3704,107.71,
2,Maze001,2.168,3.7135,-0.9990,3.3664,107.71,
2,Maze001,2.173,3.7347,-0.9990,3.3596,107.71,
2,Maze001,2.177,3.7472,-0.9990,3.3557,107.71,
2,Maze001,2.181,3.7587,-0.9990,3.3520,107.71,
2,Maze001,2.185,3.7713,-0.9990,3.3480,107.71,
2,Maze001,2.206,3.7831,-0.9990,3.3442,107.71,
2,Maze001,2.210,3.8408,-0.9990,3.3258,107.71,
2,Maze001,2.214,3.8550,-0.9990,3.3210,108.44,
2,Maze001,2.218,3.8661,-0.9990,3.3173,108.44,
2,Maze001,2.222,3.8772,-0.9990,3.3136,108.44,
2,Maze001,2.226,3.8891,-0.9990,3.3097,108.44,
2,Maze001,2.230,3.9005,-0.9990,3.3059,108.44,
2,Maze001,2.235,3.9126,-0.9990,3.3018,108.44,
2,Maze001,2.239,3.9247,-0.9990,3.2978,108.44,
2,Maze001,2.243,3.9367,-0.9990,3.2938,108.44,
2,Maze001,2.247,3.9488,-0.9990,3.2898,108.44,
2,Maze001,2.252,3.9602,-0.9990,3.2860,108.44,
2,Maze001,2.256,3.9719,-0.9990,3.2821,108.44,
2,Maze001,2.260,3.9840,-0.9990,3.2780,108.44,
2,Maze001,2.264,3.9953,-0.9990,3.2742,108.44,
2,Maze001,2.268,4.0072,-0.9990,3.2703,108.44,
2,Maze001,2.272,4.0193,-0.9990,3.2663,108.44,
2,Maze001,2.276,4.0312,-0.9990,3.2623,108.44,
2,Maze001,2.281,4.0431,-0.9990,3.2583,108.44,
2,Maze001,2.285,4.0553,-0.9990,3.2543,108.44,
2,Maze001,2.289,4.0670,-0.9990,3.2504,108.44,
2,Maze001,2.293,4.0800,-0.9990,3.2460,108.44,
2,Maze001,2.298,4.0914,-0.9990,3.2422,108.44,
2,Maze001,2.301,4.1029,-0.9990,3.2384,108.44,
2,Maze001,2.306,4.1145,-0.9990,3.2345,108.44,
2,Maze001,2.310,4.1266,-0.9990,3.2305,108.44,
2,Maze001,2.314,4.1378,-0.9990,3.2267,108.44,
2,Maze001,2.318,4.1502,-0.9990,3.2226,108.44,
2,Maze001,2.322,4.1616,-0.9990,3.2188,108.44,
2,Maze001,2.326,4.1734,-0.9990,3.2149,108.44,
2,Maze001,2.331,4.1852,-0.9990,3.2110,108.44,
2,Maze001,2.335,4.1972,-0.9990,3.2069,108.44,
2,Maze001,2.339,4.2091,-0.9990,3.2030,108.44,
2,Maze001,2.343,4.2204,-0.9990,3.1992,108.44,
2,Maze001,2.347,4.2331,-0.9990,3.1950,108.44,
2,Maze001,2.351,4.2448,-0.9990,3.1911,108.44,
2,Maze001,2.356,4.2561,-0.9990,3.1873,108.44,
2,Maze001,2.361,4.2685,-0.9990,3.1832,108.44,
2,Maze001,2.364,4.2806,-0.9990,3.1791,108.44,
2,Maze001,2.368,4.2921,-0.9990,3.1753,108.44,
2,Maze001,2.372,4.3038,-0.9990,3.1714,108.44,
2,Maze001,2.376,4.3155,-0.9990,3.1675,108.44,
2,Maze001,2.381,4.3273,-0.9990,3.1636,108.44,
2,Maze001,2.385,4.3400,-0.9990,3.1594,108.44,
2,Maze001,2.389,4.3509,-0.9990,3.1557,108.44,
2,Maze001,2.394,4.3632,-0.9990,3.1516,108.44,
2,Maze001,2.397,4.3766,-0.9990,3.1471,108.44,
2,Maze001,2.401,4.3874,-0.9990,3.1435,108.44,
2,Maze001,2.405,4.3986,-0.9990,3.1398,108.44,
2,Maze001,2.410,4.4102,-0.9990,3.1359,108.44,
2,Maze001,2.414,4.4230,-0.9990,3.1317,108.44,
2,Maze001,2.418,4.4346,-0.9990,3.1278,108.44,
2,Maze001,2.422,4.4462,-0.9990,3.1239,108.44,
2,Maze001,2.426,4.4583,-0.9990,3.1199,108.44,
2,Maze001,2.430,4.4698,-0.9990,3.1161,108.44,
2,Maze001,2.434,4.4814,-0.9990,3.1122,108.44,
2,Maze001,2.439,4.4928,-0.9990,3.1084,108.44,
2,Maze001,2.443,4.5052,-0.9990,3.1043,108.44,
2,Maze001,2.447,4.5177,-0.9990,3.1001,108.44,
2,Maze001,2.451,4.5289,-0.9990,3.0964,108.44,
2,Maze001,2.455,4.5405,-0.9990,3.0925,108.44,
2,Maze001,2.460,4.5524,-0.9990,3.0885,108.44,
2,Maze001,2.464,4.5646,-0.9990,3.0845,108.44,
2,Maze001,2.468,4.5764,-0.9990,3.0805,108.44,
2,Maze001,2.473,4.5881,-0.9990,3.0766,108.44,
2,Maze001,2.476,4.6012,-0.9990,3.0723,108.44,
2,Maze001,2.481,4.6124,-0.9990,3.0685,108.44,
2,Maze001,2.485,4.6242,-0.9990,3.0646,108.44,
2,Maze001,2.489,4.6361,-0.9990,3.0606,108.44,
2,Maze001,2.493,4.6480,-0.9990,3.0567,108.44,
2,Maze001,2.497,4.6601,-0.9990,3.0526,108.44,
2,Maze001,2.501,4.6715,-0.9990,3.0488,108.44,
2,Maze001,2.505,4.6830,-0.9990,3.0450,108.44,
2,Maze001,2.510,4.6950,-0.9990,3.0410,108.44,
2,Maze001,2.514,4.7068,-0.9990,3.0370,108.44,
2,Maze001,2.519,4.7191,-0.9990,3.0330,108.44,
2,Maze001,2.524,4.7311,-0.9990,3.0290,108.44,
2,Maze001,2.528,4.7472,-0.9990,3.0236,108.44,
2,Maze001,2.535,4.7578,-0.9990,3.0201,108.44,
2,Maze001,2.539,4.7773,-0.9990,3.0135,108.44,
2,Maze001,2.543,4.7908,-0.9990,3.0091,108.44,
2,Maze001,2.548,4.8020,-0.9990,3.0053,108.44,
2,Maze001,2.552,4.8153,-0.9990,3.0009,108.44,
2,Maze001,2.556,4.8263,-0.9990,2.9972,108.44,
2,Maze001,2.561,4.8382,-0.9990,2.9932,108.44,
2,Maze001,2.564,4.8515,-0.9990,2.9888,108.44,
2,Maze001,2.568,4.8618,-0.9990,2.9854,108.44,
2,Maze001,2.572,4.8740,-0.9990,2.9813,108.44,
2,Maze001,2.576,4.8851,-0.9990,2.9776,108.44,
2,Maze001,2.581,4.8965,-0.9990,2.9738,108.44,
2,Maze001,2.585,4.9087,-0.9990,2.9698,108.44,
2,Maze001,2.589,4.9207,-0.9990,2.9658,108.44,
2,Maze001,2.593,4.9326,-0.9990,2.9618,108.44,
2,Maze001,2.597,4.9446,-0.9990,2.9578,108.44,
2,Maze001,2.601,4.9564,-0.9990,2.9538,108.44,
2,Maze001,2.605,4.9677,-0.9990,2.9501,108.44,
2,Maze001,2.611,4.9793,-0.9990,2.9462,108.44,
2,Maze001,2.618,4.9954,-0.9990,2.9408,108.44,
2,Maze001,2.623,5.0143,-0.9990,2.9346,108.44,
2,Maze001,2.627,5.0289,-0.9990,2.9297,108.44,
2,Maze001,2.631,5.0397,-0.9990,2.9261,108.44,
2,Maze001,2.636,5.0510,-0.9990,2.9223,108.44,
2,Maze001,2.639,5.0664,-0.9990,2.9172,108.44,
2,Maze001,2.644,5.0754,-0.9990,2.9142,108.44,
2,Maze001,2.648,5.0883,-0.9990,2.9099,108.44,
2,Maze001,2.652,5.0995,-0.9990,2.9061,108.44,
2,Maze001,2.656,5.1109,-0.9990,2.9023,108.44,
2,Maze001,2.660,5.1234,-0.9990,2.8982,108.44,
2,Maze001,2.664,5.1348,-0.9990,2.8944,108.44,
2,Maze001,2.668,5.1468,-0.9990,2.8904,108.44,
2,Maze001,2.673,5.1584,-0.9990,2.8865,108.44,
2,Maze001,2.677,5.1704,-0.9990,2.8825,108.44,
2,Maze001,2.681,5.1819,-0.9990,2.8787,108.44,
2,Maze001,2.685,5.1941,-0.9990,2.8746,108.44,
2,Maze001,2.692,5.2059,-0.9990,2.8707,108.44,
2,Maze001,2.695,5.2245,-0.9990,2.8645,108.44,
2,Maze001,2.702,5.2356,-0.9990,2.8608,108.44,
2,Maze001,2.706,5.2539,-0.9990,2.8546,108.44,
2,Maze001,2.710,5.2657,-0.9990,2.8507,108.44,
2,Maze001,2.714,5.2772,-0.9990,2.8469,108.44,
2,Maze001,2.718,5.2883,-0.9990,2.8432,108.44,
2,Maze001,2.724,5.3001,-0.9990,2.8393,108.44,
2,Maze001,2.727,5.3169,-0.9990,2.8337,108.44,
2,Maze001,2.731,5.3266,-0.9990,2.8304,108.44,
2,Maze001,2.735,5.3356,-0.9990,2.8274,108.44,
2,Maze001,2.739,5.3475,-0.9990,2.8235,108.44,
2,Maze001,2.743,5.3593,-0.9990,2.8195,108.44,
2,Maze001,2.748,5.3707,-0.9990,2.8157,108.44,
2,Maze001,2.752,5.3855,-0.9990,2.8108,108.44,
2,Maze001,2.756,5.3973,-0.9990,2.8069,108.44,
2,Maze001,2.760,5.4071,-0.9990,2.8036,108.44,
2,Maze001,2.764,5.4189,-0.9990,2.7997,108.44,
2,Maze001,2.768,5.4305,-0.9990,2.7958,108.44,
2,Maze001,2.772,5.4423,-0.9990,2.7919,108.44,
2,Maze001,2.776,5.4538,-0.9990,2.7880,108.44,
2,Maze001,2.780,5.4654,-0.9990,2.7841,108.44,
2,Maze001,2.784,5.4775,-0.9990,2.7801,108.44,
2,Maze001,2.790,5.4893,-0.9990,2.7762,108.44,
2,Maze001,2.793,5.5046,-0.9990,2.7711,108.44,
2,Maze001,2.798,5.5133,-0.9990,2.7682,108.44,
2,Maze001,2.802,5.5283,-0.9990,2.7632,108.44,
2,Maze001,2.806,5.5384,-0.9990,2.7598,108.44,
2,Maze001,2.810,5.5492,-0.9990,2.7562,108.44,
2,Maze001,2.814,5.5610,-0.9990,2.7523,108.44,
2,Maze001,2.818,5.5724,-0.9990,2.7485,108.44,
2,Maze001,2.822,5.5844,-0.9990,2.7445,108.44,
2,Maze001,2.826,5.5966,-0.9990,2.7404,108.44,
2,Maze001,2.831,5.6080,-0.9990,2.7366,108.44,
2,Maze001,2.835,5.6204,-0.9990,2.7325,108.44,
2,Maze001,2.839,5.6318,-0.9990,2.7287,108.44,
2,Maze001,2.843,5.6440,-0.9990,2.7246,108.44,
2,Maze001,2.848,5.6556,-0.9990,2.7207,108.44,
2,Maze001,2.851,5.6693,-0.9990,2.7162,108.44,
2,Maze001,2.855,5.6793,-0.9990,2.7128,108.44,
2,Maze001,2.860,5.6910,-0.9990,2.7089,108.44,
2,Maze001,2.864,5.7028,-0.9990,2.7050,108.44,
2,Maze001,2.868,5.7145,-0.9990,2.7011,108.44,
2,Maze001,2.872,5.7267,-0.9990,2.6970,108.44,
2,Maze001,2.876,5.7384,-0.9990,2.6931,108.44,
2,Maze001,2.880,5.7504,-0.9990,2.6892,108.44,
2,Maze001,2.884,5.7623,-0.9990,2.6852,108.44,
2,Maze001,2.889,5.7739,-0.9990,2.6813,108.44,
2,Maze001,2.893,5.7856,-0.9990,2.6774,108.44,
2,Maze001,2.897,5.7987,-0.9990,2.6730,108.44,
2,Maze001,2.903,5.8097,-0.9990,2.6694,108.44,
2,Maze001,2.906,5.8273,-0.9990,2.6635,108.44,
2,Maze001,2.910,5.8361,-0.9990,2.6606,108.44,
2,Maze001,2.914,5.8471,-0.9990,2.6569,108.44,
2,Maze001,2.918,5.8580,-0.9990,2.6533,108.44,
2,Maze001,2.923,5.8695,-0.9990,2.6494,108.44,
2,Maze001,2.926,5.8828,-0.9990,2.6450,108.44,
2,Maze001,2.930,5.8926,-0.9990,2.6417,108.44,
2,Maze001,2.935,5.9043,-0.9990,2.6378,108.44,
2,Maze001,2.939,5.9163,-0.9990,2.6338,108.44,
2,Maze001,2.943,5.9285,-0.9990,2.6298,108.44,
2,Maze001,2.947,5.9402,-0.9990,2.6259,108.44,
2,Maze001,2.951,5.9516,-0.9990,2.6221,108.44,
2,Maze001,2.957,5.9641,-0.9990,2.6179,108.44,
2,Maze001,2.960,5.9796,-0.9990,2.6127,108.44,
2,Maze001,2.964,5.9887,-0.9990,2.6097,108.44,
2,Maze001,2.969,6.0005,-0.9990,2.6058,108.44,
2,Maze001,2.977,6.0144,-0.9990,2.6011,108.44,
2,Maze001,2.981,6.0354,-0.9990,2.5941,108.44,
2,Maze001,2.986,6.0476,-0.9990,2.5901,108.44,
2,Maze001,2.990,6.0613,-0.9990,2.5855,108.44,
2,Maze001,2.994,6.0726,-0.9990,2.5817,108.44,
2,Maze001,2.997,6.0834,-0.9990,2.5781,108.44,
2,Maze001,3.002,6.0945,-0.9990,2.5744,108.44,
2,Maze001,3.005,6.1066,-0.9990,2.5704,108.44,
2,Maze001,3.011,6.1179,-0.9990,2.5666,108.44,
2,Maze001,3.014,6.1322,-0.9990,2.5619,108.44,
2,Maze001,3.018,6.1420,-0.9990,2.5586,108.44,
2,Maze001,3.022,6.1544,-0.9990,2.5544,108.44,
2,Maze001,3.026,6.1653,-0.9990,2.5508,108.44,
2,Maze001,3.031,6.1772,-0.9990,2.5469,108.44,
2,Maze001,3.034,6.1897,-0.9990,2.5427,108.44,
2,Maze001,3.039,6.2007,-0.9990,2.5390,108.44,
2,Maze001,3.043,6.2126,-0.9990,2.5350,108.44,
2,Maze001,3.047,6.2245,-0.9990,2.5311,108.44,
2,Maze001,3.052,6.2363,-0.9990,2.5272,108.44,
2,Maze001,3.056,6.2512,-0.9990,2.5222,108.44,
2,Maze001,3.061,6.2614,-0.9990,2.5188,108.44,
2,Maze001,3.064,6.2746,-0.9990,2.5144,108.44,
2,Maze001,3.069,6.2850,-0.9990,2.5109,108.44,
2,Maze001,3.072,6.2973,-0.9990,2.5068,108.44,
2,Maze001,3.076,6.3080,-0.9990,2.5033,108.44,
2,Maze001,3.081,6.3199,-0.9990,2.4993,108.44,
2,Maze001,3.087,6.3316,-0.9990,2.4954,108.44,
2,Maze001,3.090,6.3484,-0.9990,2.4898,108.44,
2,Maze001,3.097,6.3582,-0.9990,2.4865,108.44,
2,Maze001,3.101,6.3783,-0.9990,2.4798,108.44,
2,Maze001,3.106,6.3909,-0.9990,2.4756,108.44,
2,Maze001,3.109,6.4035,-0.9990,2.4714,108.44,
2,Maze001,3.114,6.4139,-0.9990,2.4679,108.44,
2,Maze001,3.118,6.4257,-0.9990,2.4640,108.44,
2,Maze001,3.122,6.4375,-0.9990,2.4601,108.44,
2,Maze001,3.127,6.4497,-0.9990,2.4560,108.44,
2,Maze001,3.131,6.4649,-0.9990,2.4509,108.44,
2,Maze001,3.135,6.4745,-0.9990,2.4477,108.44,
2,Maze001,3.140,6.4857,-0.9990,2.4440,108.44,
2,Maze001,3.143,6.4999,-0.9990,2.4393,108.44,
2,Maze001,3.147,6.5098,-0.9990,2.4360,108.44,
2,Maze001,3.151,6.5207,-0.9990,2.4323,108.44,
2,Maze001,3.155,6.5324,-0.9990,2.4284,108.44,
2,Maze001,3.160,6.5444,-0.9990,2.4244,108.44,
2,Maze001,3.164,6.5583,-0.9990,2.4198,108.44,
2,Maze001,3.169,6.5683,-0.9990,2.4165,108.44,
2,Maze001,3.173,6.5829,-0.9990,2.4116,108.44,
2,Maze001,3.177,6.5938,-0.9990,2.4080,108.44,
2,Maze001,3.180,6.6059,-0.9990,2.4039,108.44,
2,Maze001,3.184,6.6151,-0.9990,2.4009,108.44,
2,Maze001,3.189,6.6276,-0.9990,2.3967,108.44,
2,Maze001,3.193,6.6394,-0.9990,2.3927,108.44,
2,Maze001,3.197,6.6513,-0.9990,2.3888,108.44,
2,Maze001,3.201,6.6629,-0.9990,2.3849,108.44,
2,Maze001,3.205,6.6748,-0.9990,2.3810,108.44,
2,Maze001,3.210,6.6869,-0.9990,2.3769,108.44,
2,Maze001,3.214,6.6988,-0.9990,2.3730,108.44,
2,Maze001,3.219,6.7106,-0.9990,2.3690,108.44,
2,Maze001,3.222,6.7242,-0.9990,2.3645,108.44,
2,Maze001,3.226,6.7346,-0.9990,2.3610,108.44,
2,Maze001,3.230,6.7465,-0.9990,2.3571,108.44,
2,Maze001,3.235,6.7582,-0.9990,2.3532,108.44,
2,Maze001,3.239,6.7715,-0.9990,2.3487,108.44,
2,Maze001,3.244,6.7819,-0.9990,2.3453,108.44,
2,Maze001,3.248,6.7954,-0.9990,2.3408,108.44,
2,Maze001,3.251,6.8080,-0.9990,2.3366,108.44,
2,Maze001,3.255,6.8180,-0.9990,2.3332,108.44,
2,Maze001,3.260,6.8294,-0.9990,2.3294,108.44,
2,Maze001,3.264,6.8437,-0.9990,2.3247,108.44,
2,Maze001,3.268,6.8527,-0.9990,2.3217,108.44,
2,Maze001,3.273,6.8650,-0.9990,2.3176,108.44,
2,Maze001,3.277,6.8803,-0.9990,2.3125,108.44,
2,Maze001,3.281,6.8916,-0.9990,2.3087,108.44,
2,Maze001,3.285,6.9012,-0.9990,2.3055,108.44,
2,Maze001,3.289,6.9134,-0.9990,2.3014,108.44,
2,Maze001,3.293,6.9246,-0.9990,2.2977,108.44,
2,Maze001,3.297,6.9361,-0.9990,2.2939,108.44,
2,Maze001,3.301,6.9481,-0.9990,2.2898,108.44,
2,Maze001,3.305,6.9597,-0.9990,2.2860,108.44,
2,Maze001,3.312,6.9715,-0.9990,2.2820,108.44,
2,Maze001,3.315,6.9888,-0.9990,2.2763,108.44,
2,Maze001,3.322,6.9990,-0.9990,2.2729,108.44,
2,Maze001,3.326,7.0186,-0.9990,2.2663,108.44,
2,Maze001,3.330,7.0312,-0.9990,2.2622,108.44,
2,Maze001,3.334,7.0429,-0.9990,2.2583,108.44,
2,Maze001,3.339,7.0542,-0.9990,2.2545,108.44,
2,Maze001,3.343,7.0663,-0.9990,2.2504,108.44,
2,Maze001,3.347,7.0785,-0.9990,2.2464,108.44,
2,Maze001,3.352,7.0909,-0.9990,2.2423,108.44,
2,Maze001,3.356,7.1043,-0.9990,2.2378,108.44,
2,Maze001,3.360,7.1144,-0.9990,2.2344,108.44,
2,Maze001,3.364,7.1274,-0.9990,2.2301,108.44,
2,Maze001,3.368,7.1374,-0.9990,2.2267,108.44,
2,Maze001,3.372,7.1492,-0.9990,2.2228,108.44,
2,Maze001,3.376,7.1610,-0.9990,2.2189,108.44,
2,Maze001,3.380,7.1730,-0.9990,2.2149,108.44,
2,Maze001,3.385,7.1850,-0.9990,2.2109,108.44,
2,Maze001,3.389,7.1978,-0.9990,2.2066,108.44,
2,Maze001,3.393,7.2085,-0.9990,2.2030,108.44,
2,Maze001,3.398,7.2214,-0.9990,2.1987,108.44,
2,Maze001,3.402,7.2360,-0.9990,2.1939,108.44,
2,Maze001,3.406,7.2465,-0.9990,2.1904,108.44,
2,Maze001,3.410,7.2573,-0.9990,2.1868,108.44,
2,Maze001,3.414,7.2683,-0.9990,2.1831,108.44,
2,Maze001,3.418,7.2799,-0.9990,2.1792,108.44,
2,Maze001,3.422,7.2916,-0.9990,2.1753,108.44,
2,Maze001,3.426,7.3039,-0.9990,2.1712,108.44,
2,Maze001,3.430,7.3150,-0.9990,2.1675,108.44,
2,Maze001,3.434,7.3270,-0.9990,2.1635,108.44,
2,Maze001,3.439,7.3391,-0.9990,2.1595,108.44,
2,Maze001,3.443,7.3508,-0.9990,2.1556,108.44,
2,Maze001,3.447,7.3634,-0.9990,2.1514,108.44,
2,Maze001,3.452,7.3747,-0.9990,2.1476,108.44,
2,Maze001,3.457,7.3866,-0.9990,2.1437,108.44,
2,Maze001,3.460,7.4030,-0.9990,2.1382,108.44,
2,Maze001,3.464,7.4123,-0.9990,2.1351,108.44,
2,Maze001,3.469,7.4227,-0.9990,2.1316,108.44,
2,Maze001,3.472,7.4351,-0.9990,2.1275,108.44,
2,Maze001,3.476,7.4461,-0.9990,2.1238,108.44,
2,Maze001,3.481,7.4576,-0.9990,2.1200,108.44,
2,Maze001,3.485,7.4703,-0.9990,2.1158,108.44,
2,Maze001,3.489,7.4819,-0.9990,2.1119,108.44,
2,Maze001,3.493,7.4931,-0.9990,2.1081,108.44,
2,Maze001,3.499,7.5051,-0.9990,2.1042,108.44,
2,Maze001,3.502,7.5211,-0.9990,2.0988,108.44,
2,Maze001,3.505,7.5306,-0.9990,2.0957,108.44,
2,Maze001,3.511,7.5407,-0.9990,2.0923,108.44,
2,Maze001,3.514,7.5565,-0.9990,2.0870,108.44,
2,Maze001,3.518,7.5660,-0.9990,2.0838,108.44,
2,Maze001,3.522,7.5770,-0.9990,2.0802,108.44,
2,Maze001,3.526,7.5887,-0.9990,2.0763,108.44,
2,Maze001,3.530,7.6001,-0.9990,2.0725,108.44,
2,Maze001,3.534,7.6117,-0.9990,2.0686,108.44,
2,Maze001,3.538,7.6237,-0.9990,2.0646,108.44,
2,Maze001,3.544,7.6348,-0.9990,2.0609,108.44,
2,Maze001,3.547,7.6510,-0.9990,2.0555,108.44,
2,Maze001,3.552,7.6595,-0.9990,2.0527,108.44,
2,Maze001,3.556,7.6739,-0.9990,2.0479,108.44,
2,Maze001,3.560,7.6839,-0.9990,2.0445,108.44,
2,Maze001,3.564,7.6956,-0.9990,2.0407,108.44,
2,Maze001,3.568,7.7074,-0.9990,2.0367,108.44,
2,Maze001,3.573,7.7189,-0.9990,2.0329,108.44,
2,Maze001,3.579,7.7310,-0.9990,2.0288,108.44,
2,Maze001,3.583,7.7500,-0.9990,2.0225,108.44,
2,Maze001,3.589,7.7601,-0.9990,2.0191,108.44,
2,Maze001,3.593,7.7785,-0.9990,2.0130,108.44,
2,Maze001,3.597,7.7899,-0.9990,2.0092,108.44,
2,Maze001,3.601,7.8012,-0.9990,2.0055,108.44,
2,Maze001,3.605,7.8127,-0.9990,2.0016,108.44,
2,Maze001,3.609,7.8251,-0.9990,1.9975,108.44,
2,Maze001,3.613,7.8370,-0.9990,1.9935,108.44,
2,Maze001,3.618,7.8485,-0.9990,1.9897,108.44,
2,Maze001,3.623,7.8607,-0.9990,1.9856,108.44,
2,Maze001,3.626,7.8752,-0.9990,1.9808,108.44,
2,Maze001,3.631,7.8847,-0.9990,1.9776,108.44,
2,Maze001,3.634,7.8981,-0.9990,1.9731,108.44,
2,Maze001,3.639,7.9080,-0.9990,1.9698,108.44,
2,Maze001,3.643,7.9222,-0.9990,1.9651,108.44,
2,Maze001,3.649,7.9322,-0.9990,1.9618,108.44,
2,Maze001,3.652,7.9476,-0.9990,1.9566,108.44,
2,Maze001,3.656,7.9573,-0.9990,1.9534,108.44,
2,Maze001,3.660,7.9685,-0.9990,1.9497,108.44,
2,Maze001,3.664,7.9808,-0.9990,1.9456,108.44,
2,Maze001,3.668,7.9916,-0.9990,1.9420,108.44,
2,Maze001,3.673,8.0033,-0.9990,1.9381,108.44,
2,Maze001,3.676,8.0168,-0.9990,1.9335,108.44,
2,Maze001,3.680,8.0256,-0.9990,1.9306,108.44,
2,Maze001,3.685,8.0389,-0.9990,1.9262,108.44,
2,Maze001,3.689,8.0510,-0.9990,1.9221,108.44,
2,Maze001,3.694,8.0629,-0.9990,1.9182,108.44,
2,Maze001,3.698,8.0775,-0.9990,1.9133,108.44,
2,Maze001,3.701,8.0872,-0.9990,1.9101,108.44,
2,Maze001,3.706,8.0980,-0.9990,1.9065,108.44,
2,Maze001,3.710,8.1098,-0.9990,1.9026,108.44,
2,Maze001,3.714,8.1217,-0.9990,1.8986,108.44,
2,Maze001,3.718,8.1333,-0.9990,1.8947,108.44,
2,Maze001,3.722,8.1454,-0.9990,1.8907,108.44,
2,Maze001,3.727,8.1569,-0.9990,1.8868,108.44,
2,Maze001,3.731,8.1718,-0.9990,1.8819,108.44,
2,Maze001,3.735,8.1814,-0.9990,1.8787,108.44,
2,Maze001,3.739,8.1934,-0.9990,1.8747,108.44,
2,Maze001,3.743,8.2046,-0.9990,1.8710,108.44,
2,Maze001,3.747,8.2163,-0.9990,1.8670,108.44,
2,Maze001,3.751,8.2279,-0.9990,1.8632,108.44,
2,Maze001,3.755,8.2399,-0.9990,1.8592,108.44,
2,Maze001,3.759,8.2516,-0.9990,1.8553,108.44,
2,Maze001,3.764,8.2635,-0.9990,1.8513,108.44,
2,Maze001,3.768,8.2762,-0.9990,1.8471,108.44,
2,Maze001,3.772,8.2876,-0.9990,1.8433,108.44,
2,Maze001,3.776,8.2994,-0.9990,1.8393,108.44,
2,Maze001,3.782,8.3111,-0.9990,1.8355,108.44,
2,Maze001,3.786,8.3269,-0.9990,1.8302,108.44,
2,Maze001,3.789,8.3387,-0.9990,1.8263,108.44,
2,Maze001,3.793,8.3479,-0.9990,1.8232,108.44,
2,Maze001,3.797,8.3593,-0.9990,1.8194,108.44,
2,Maze001,3.801,8.3710,-0.9990,1.8155,108.44,
2,Maze001,3.807,8.3821,-0.9990,1.8118,108.44,
2,Maze001,3.809,8.3981,-0.9990,1.8064,108.44,
2,Maze001,3.814,8.4060,-0.9990,1.8038,108.44,
2,Maze001,3.818,8.4181,-0.9990,1.7998,108.44,
2,Maze001,3.822,8.4294,-0.9990,1.7960,108.44,
2,Maze001,3.826,8.4413,-0.9990,1.7920,108.44,
2,Maze001,3.830,8.4538,-0.9990,1.7879,108.44,
2,Maze001,3.834,8.4651,-0.9990,1.7841,108.44,
2,Maze001,3.839,8.4769,-0.9990,1.7802,108.44,
2,Maze001,3.843,8.4888,-0.9990,1.7762,108.44,
2,Maze001,3.847,8.5007,-0.9990,1.7722,108.44,
2,Maze001,3.851,8.5124,-0.9990,1.7683,108.44,
2,Maze001,3.855,8.5246,-0.9990,1.7643,108.44,
2,Maze001,3.859,8.5366,-0.9990,1.7603,108.44,
2,Maze001,3.864,8.5481,-0.9990,1.7564,108.44,
2,Maze001,3.868,8.5602,-0.9990,1.7524,108.44,
2,Maze001,3.872,8.5726,-0.9990,1.7483,108.44,
2,Maze001,3.876,8.5844,-0.9990,1.7443,108.44,
2,Maze001,3.880,8.5965,-0.9990,1.7403,108.44,
2,Maze001,3.885,8.6075,-0.9990,1.7366,108.44,
2,Maze001,3.889,8.6216,-0.9990,1.7319,108.44,
2,Maze001,3.893,8.6318,-0.9990,1.7285,108.44,
2,Maze001,3.897,8.6436,-0.9990,1.7246,108.44,
2,Maze001,3.902,8.6549,-0.9990,1.7208,108.44,
2,Maze001,3.905,8.6685,-0.9990,1.7163,108.44,
2,Maze001,3.909,8.6785,-0.9990,1.7129,108.44,
2,Maze001,3.914,8.6902,-0.9990,1.7091,108.44,
2,Maze001,3.918,8.7032,-0.9990,1.7047,108.44,
2,Maze001,3.922,8.7147,-0.9990,1.7009,108.44,
2,Maze001,3.926,8.7267,-0.9990,1.6969,108.44,
2,Maze001,3.930,8.7383,-0.9990,1.6930,108.44,
2,Maze001,3.936,8.7498,-0.9990,1.6892,108.44,
2,Maze001,3.939,8.7654,-0.9990,1.6840,108.44,
2,Maze001,3.943,8.7740,-0.9990,1.6811,108.44,
2,Maze001,3.947,8.7855,-0.9990,1.6773,108.44,
2,Maze001,3.951,8.7975,-0.9990,1.6733,108.44,
2,Maze001,3.956,8.8091,-0.9990,1.6694,108.44,
2,Maze001,3.960,8.8233,-0.9990,1.6647,108.44,
2,Maze001,3.965,8.8333,-0.9990,1.6613,108.44,
2,Maze001,3.968,8.8464,-0.9990,1.6570,108.44,
2,Maze001,3.973,8.8575,-0.9990,1.6533,108.44,
2,Maze001,3.976,8.8701,-0.9990,1.6491,108.44,
2,Maze001,3.981,8.8811,-0.9990,1.6454,108.44,
2,Maze001,3.985,8.8935,-0.9990,1.6413,108.44,
2,Maze001,3.989,8.9054,-0.9990,1.6373,108.44,
2,Maze001,3.993,8.9177,-0.9990,1.6332,108.44,
2,Maze001,3.998,8.9275,-0.9990,1.6381,108.44,
2,Maze001,4.001,8.9411,-0.9990,1.6449,108.44,
2,Maze001,4.005,8.9510,-0.9990,1.6416,108.44,
2,Maze001,4.010,8.9620,-0.9990,1.6379,108.44,
2,Maze001,4.014,8.9736,-0.9990,1.6341,108.44,
2,Maze001,4.018,8.9736,-0.9990,1.6341,108.44,
2,Maze001,4.022,8.9736,-0.9990,1.6341,108.44,
2,Maze001,4.026,8.9736,-0.9990,1.6341,108.44,
2,Maze001,4.030,8.9736,-0.9990,1.6341,108.44,
2,Maze001,4.034,8.9736,-0.9990,1.6341,108.44,
2,Maze001,4.038,8.9736,-0.9990,1.6341,108.44,
2,Maze001,4.043,8.9736,-0.9990,1.6341,108.44,
2,Maze001,4.047,8.9736,-0.9990,1.6341,108.44,
2,Maze001,4.051,8.9736,-0.9990,1.6341,108.44,
2,Maze001,4.055,8.9736,-0.9990,1.6341,108.44,
2,Maze001,4.059,8.9736,-0.9990,1.6341,108.44,
2,Maze001,4.064,8.9736,-0.9990,1.6341,108.44,
2,Maze001,4.068,8.9736,-0.9990,1.6341,108.44,
2,Maze001,4.072,8.9736,-0.9990,1.6341,108.44,
2,Maze001,4.076,8.9736,-0.9990,1.6341,108.44,
2,Maze001,4.080,8.9736,-0.9990,1.6341,108.44,
2,Maze001,4.084,8.9736,-0.9990,1.6341,108.44,
2,Maze001,4.089,8.9736,-0.9990,1.6341,108.44,
2,Maze001,4.093,8.9736,-0.9990,1.6341,108.44,
2,Maze001,4.097,8.9736,-0.9990,1.6341,108.44,
2,Maze001,4.101,8.9736,-0.9990,1.6341,108.44,
2,Maze001,4.105,8.9736,-0.9990,1.6341,108.44,
2,Maze001,4.109,8.9736,-0.9990,1.6341,108.44,
2,Maze001,4.113,8.9736,-0.9990,1.6341,108.44,
2,Maze001,4.117,8.9736,-0.9990,1.6341,108.44,
2,Maze001,4.122,8.9736,-0.9990,1.6341,108.44,
2,Maze001,4.126,8.9736,-0.9990,1.6341,108.44,
2,Maze001,4.130,8.9736,-0.9990,1.6341,108.44,
2,Maze001,4.134,8.9736,-0.9990,1.6341,108.44,
2,Maze001,4.139,8.9736,-0.9990,1.6341,108.44,
2,Maze001,4.143,8.9736,-0.9990,1.6341,108.44,
2,Maze001,4.147,8.9736,-0.9990,1.6341,108.44,
2,Maze001,4.151,8.9736,-0.9990,1.6341,108.44,
2,Maze001,4.155,8.9736,-0.9990,1.6341,108.44,
2,Maze001,4.159,8.9736,-0.9990,1.6341,108.44,
2,Maze001,4.163,8.9736,-0.9990,1.6341,108.44,
2,Maze001,4.168,8.9736,-0.9990,1.6341,108.44,
2,Maze001,4.172,8.9736,-0.9990,1.6341,108.44,
2,Maze001,4.176,8.9736,-0.9990,1.6341,108.44,
2,Maze001,4.180,8.9736,-0.9990,1.6341,108.44,
2,Maze001,4.185,8.9736,-0.9990,1.6341,108.44,
2,Maze001,4.189,8.9736,-0.9990,1.6341,108.44,
2,Maze001,4.193,8.9736,-0.9990,1.6341,108.44,
2,Maze001,4.197,8.9736,-0.9990,1.6341,108.44,
2,Maze001,4.201,8.9736,-0.9990,1.6341,108.44,
2,Maze001,4.205,8.9736,-0.9990,1.6341,108.44,
2,Maze001,4.209,8.9736,-0.9990,1.6341,108.44,
2,Maze001,4.214,8.9736,-0.9990,1.6341,108.44,
2,Maze001,4.218,8.9736,-0.9990,1.6341,108.44,
2,Maze001,4.222,8.9736,-0.9990,1.6341,108.44,
2,Maze001,4.226,8.9736,-0.9990,1.6341,108.44,
2,Maze001,4.231,8.9736,-0.9990,1.6341,108.44,
2,Maze001,4.234,8.9736,-0.9990,1.6341,108.44,
2,Maze001,4.238,8.9736,-0.9990,1.6341,108.44,
2,Maze001,4.243,8.9736,-0.9990,1.6341,108.44,
2,Maze001,4.247,8.9736,-0.9990,1.6341,108.44,
2,Maze001,4.251,8.9736,-0.9990,1.6341,108.44,
2,Maze001,4.255,8.9736,-0.9990,1.6341,108.44,
2,Maze001,4.259,8.9736,-0.9990,1.6341,108.44,
2,Maze001,4.263,8.9736,-0.9990,1.6341,108.44,
2,Maze001,4.268,8.9736,-0.9990,1.6341,108.44,
2,Maze001,4.272,8.9736,-0.9990,1.6341,108.44,
2,Maze001,4.276,8.9736,-0.9990,1.6341,108.44,
2,Maze001,4.280,8.9736,-0.9990,1.6341,108.44,
2,Maze001,4.284,8.9736,-0.9990,1.6341,108.44,
2,Maze001,4.288,8.9736,-0.9990,1.6341,108.44,
2,Maze001,4.293,8.9736,-0.9990,1.6341,108.44,
2,Maze001,4.297,8.9736,-0.9990,1.6341,108.44,
2,Maze001,4.301,8.9736,-0.9990,1.6341,108.44,
2,Maze001,4.305,8.9736,-0.9990,1.6341,108.44,
2,Maze001,4.309,8.9736,-0.9990,1.6341,108.44,
2,Maze001,4.313,8.9736,-0.9990,1.6341,108.44,
2,Maze001,4.318,8.9736,-0.9990,1.6341,108.44,
2,Maze001,4.322,8.9736,-0.9990,1.6341,108.44,
2,Maze001,4.326,8.9736,-0.9990,1.6341,108.44,
2,Maze001,4.330,8.9736,-0.9990,1.6341,108.44,
2,Maze001,4.334,8.9736,-0.9990,1.6341,108.44,
2,Maze001,4.339,8.9736,-0.9990,1.6341,108.44,
2,Maze001,4.343,8.9736,-0.9990,1.6341,108.44,
2,Maze001,4.347,8.9736,-0.9990,1.6341,108.44,
2,Maze001,4.351,8.9736,-0.9990,1.6341,108.44,
2,Maze001,4.355,8.9736,-0.9990,1.6341,108.44,
2,Maze001,4.359,8.9736,-0.9990,1.6341,108.44,
2,Maze001,4.363,8.9736,-0.9990,1.6341,108.44,
2,Maze001,4.368,8.9736,-0.9990,1.6341,108.44,
2,Maze001,4.372,8.9736,-0.9990,1.6341,108.44,
2,Maze001,4.376,8.9736,-0.9990,1.6341,108.44,
2,Maze001,4.380,8.9736,-0.9990,1.6341,108.44,
2,Maze001,4.385,8.9736,-0.9990,1.6341,108.44,
2,Maze001,4.389,8.9736,-0.9990,1.6341,108.44,
2,Maze001,4.393,8.9736,-0.9990,1.6341,108.44,
2,Maze001,4.397,8.9736,-0.9990,1.6341,108.44,
2,Maze001,4.401,8.9736,-0.9990,1.6341,108.44,
2,Maze001,4.405,8.9736,-0.9990,1.6341,108.44,
2,Maze001,4.409,8.9736,-0.9990,1.6341,108.44,
2,Maze001,4.414,8.9736,-0.9990,1.6341,108.44,
2,Maze001,4.418,8.9736,-0.9990,1.6341,108.44,
2,Maze001,4.422,8.9736,-0.9990,1.6341,108.44,
2,Maze001,4.426,8.9736,-0.9990,1.6341,108.44,
2,Maze001,4.430,8.9736,-0.9990,1.6341,108.44,
2,Maze001,4.434,8.9736,-0.9990,1.6341,108.44,
2,Maze001,4.438,8.9736,-0.9990,1.6341,108.44,
2,Maze001,4.443,8.9736,-0.9990,1.6341,108.44,
2,Maze001,4.447,8.9736,-0.9990,1.6341,108.44,
2,Maze001,4.451,8.9736,-0.9990,1.6341,108.44,
2,Maze001,4.455,8.9736,-0.9990,1.6341,108.44,
2,Maze001,4.459,8.9736,-0.9990,1.6341,108.44,
2,Maze001,4.464,8.9736,-0.9990,1.6341,108.44,
2,Maze001,4.468,8.9736,-0.9990,1.6341,108.44,
2,Maze001,4.472,8.9736,-0.9990,1.6341,108.44,
2,Maze001,4.476,8.9736,-0.9990,1.6341,108.44,
2,Maze001,4.480,8.9736,-0.9990,1.6341,108.44,
2,Maze001,4.484,8.9736,-0.9990,1.6341,108.44,
2,Maze001,4.488,8.9736,-0.9990,1.6341,108.44,
2,Maze001,4.493,8.9736,-0.9990,1.6341,108.44,
2,Maze001,4.497,8.9736,-0.9990,1.6341,108.44,
2,Maze001,4.501,8.9736,-0.9990,1.6341,108.44,
2,Maze001,4.505,8.9736,-0.9990,1.6341,108.44,
2,Maze001,4.509,8.9736,-0.9990,1.6341,108.44,
2,Maze001,4.513,8.9736,-0.9990,1.6341,108.44,
2,Maze001,4.518,8.9736,-0.9990,1.6341,108.44,
2,Maze001,4.523,8.9736,-0.9990,1.6341,108.44,
2,Maze001,4.526,8.9736,-0.9990,1.6341,108.44,
2,Maze001,4.530,8.9736,-0.9990,1.6341,108.44,
2,Maze001,4.534,8.9736,-0.9990,1.6341,108.44,
2,Maze001,4.540,8.9736,-0.9990,1.6341,108.44,
2,Maze001,4.543,8.9736,-0.9990,1.6341,108.44,
2,Maze001,4.547,8.9736,-0.9990,1.6341,108.44,
2,Maze001,4.551,8.9736,-0.9990,1.6341,108.44,
2,Maze001,4.555,8.9736,-0.9990,1.6341,108.44,
2,Maze001,4.559,8.9736,-0.9990,1.6341,108.44,
2,Maze001,4.564,8.9736,-0.9990,1.6341,108.44,
2,Maze001,4.568,8.9736,-0.9990,1.6341,108.44,
2,Maze001,4.572,8.9736,-0.9990,1.6341,108.44,
2,Maze001,4.576,8.9736,-0.9990,1.6341,108.44,
2,Maze001,4.580,8.9736,-0.9990,1.6341,108.44,
2,Maze001,4.584,8.9736,-0.9990,1.6341,108.44,
2,Maze001,4.588,8.9736,-0.9990,1.6341,108.44,
2,Maze001,4.592,8.9736,-0.9990,1.6341,108.44,
2,Maze001,4.597,8.9736,-0.9990,1.6341,108.44,
2,Maze001,4.601,8.9736,-0.9990,1.6341,108.44,
2,Maze001,4.605,8.9736,-0.9990,1.6341,108.44,
2,Maze001,4.609,8.9736,-0.9990,1.6341,108.44,
2,Maze001,4.614,8.9736,-0.9990,1.6341,108.44,
2,Maze001,4.618,8.9736,-0.9990,1.6341,108.44,
2,Maze001,4.622,8.9736,-0.9990,1.6341,108.44,
2,Maze001,4.626,8.9736,-0.9990,1.6341,108.44,
2,Maze001,4.630,8.9736,-0.9990,1.6341,108.44,
2,Maze001,4.634,8.9736,-0.9990,1.6341,108.44,
2,Maze001,4.639,8.9736,-0.9990,1.6341,108.44,
2,Maze001,4.643,8.9736,-0.9990,1.6341,108.44,
2,Maze001,4.647,8.9736,-0.9990,1.6341,108.44,
2,Maze001,4.651,8.9736,-0.9990,1.6341,108.44,
2,Maze001,4.655,8.9736,-0.9990,1.6341,108.44,
2,Maze001,4.659,8.9736,-0.9990,1.6341,108.44,
2,Maze001,4.664,8.9736,-0.9990,1.6341,108.44,
2,Maze001,4.668,8.9736,-0.9990,1.6341,108.44,
2,Maze001,4.672,8.9736,-0.9990,1.6341,108.44,
2,Maze001,4.676,8.9736,-0.9990,1.6341,108.44,
2,Maze001,4.680,8.9736,-0.9990,1.6341,108.44,
2,Maze001,4.684,8.9736,-0.9990,1.6341,108.44,
2,Maze001,4.688,8.9736,-0.9990,1.6341,108.44,
2,Maze001,4.693,8.9736,-0.9990,1.6341,108.44,
2,Maze001,4.697,8.9736,-0.9990,1.6341,108.44,
2,Maze001,4.701,8.9736,-0.9990,1.6341,108.44,
2,Maze001,4.705,8.9736,-0.9990,1.6341,108.44,
2,Maze001,4.710,8.9736,-0.9990,1.6341,108.44,
2,Maze001,4.713,8.9736,-0.9990,1.6341,108.44,
2,Maze001,4.718,8.9736,-0.9990,1.6341,108.44,
2,Maze001,4.722,8.9736,-0.9990,1.6341,108.44,
2,Maze001,4.726,8.9736,-0.9990,1.6341,108.44,
2,Maze001,4.730,8.9736,-0.9990,1.6341,108.44,
2,Maze001,4.734,8.9736,-0.9990,1.6341,108.44,
2,Maze001,4.738,8.9736,-0.9990,1.6341,108.44,
2,Maze001,4.743,8.9736,-0.9990,1.6341,108.44,
2,Maze001,4.747,8.9736,-0.9990,1.6341,108.44,
2,Maze001,4.751,8.9736,-0.9990,1.6341,108.44,
2,Maze001,4.755,8.9736,-0.9990,1.6341,108.44,
2,Maze001,4.759,8.9736,-0.9990,1.6341,108.44,
2,Maze001,4.763,8.9736,-0.9990,1.6341,108.44,
2,Maze001,4.768,8.9736,-0.9990,1.6341,108.44,
2,Maze001,4.772,8.9736,-0.9990,1.6341,108.44,
2,Maze001,4.776,8.9736,-0.9990,1.6341,108.44,
2,Maze001,4.780,8.9736,-0.9990,1.6341,108.44,
2,Maze001,4.784,8.9736,-0.9990,1.6341,108.44,
2,Maze001,4.789,8.9736,-0.9990,1.6341,108.44,
2,Maze001,4.793,8.9736,-0.9990,1.6341,108.44,
2,Maze001,4.797,8.9736,-0.9990,1.6341,108.44,
2,Maze001,4.801,8.9736,-0.9990,1.6341,108.44,
2,Maze001,4.805,8.9736,-0.9990,1.6341,108.44,
2,Maze001,4.809,8.9736,-0.9990,1.6341,108.44,
2,Maze001,4.813,8.9736,-0.9990,1.6341,108.44,
2,Maze001,4.818,8.9736,-0.9990,1.6341,108.44,
2,Maze001,4.822,8.9736,-0.9990,1.6341,108.44,
2,Maze001,4.826,8.9736,-0.9990,1.6341,108.44,
2,Maze001,4.830,8.9736,-0.9990,1.6341,108.44,
2,Maze001,4.834,8.9736,-0.9990,1.6341,108.44,
2,Maze001,4.839,8.9736,-0.9990,1.6341,108.44,
2,Maze001,4.843,8.9736,-0.9990,1.6341,108.44,
2,Maze001,4.847,8.9736,-0.9990,1.6341,108.44,
2,Maze001,4.851,8.9736,-0.9990,1.6341,108.44,
2,Maze001,4.855,8.9736,-0.9990,1.6341,108.44,
2,Maze001,4.859,8.9736,-0.9990,1.6341,108.44,
2,Maze001,4.863,8.9736,-0.9990,1.6341,108.44,
2,Maze001,4.868,8.9736,-0.9990,1.6341,108.44,
2,Maze001,4.872,8.9736,-0.9990,1.6341,108.44,
2,Maze001,4.876,8.9736,-0.9990,1.6341,108.44,
2,Maze001,4.880,8.9736,-0.9990,1.6341,108.44,
2,Maze001,4.884,8.9736,-0.9990,1.6341,108.44,
2,Maze001,4.888,8.9736,-0.9990,1.6341,108.44,
2,Maze001,4.893,8.9736,-0.9990,1.6341,108.44,
2,Maze001,4.897,8.9736,-0.9990,1.6341,108.44,
2,Maze001,4.901,8.9736,-0.9990,1.6341,108.44,
2,Maze001,4.905,8.9736,-0.9990,1.6341,108.44,
2,Maze001,4.909,8.9736,-0.9990,1.6341,108.44,
2,Maze001,4.913,8.9736,-0.9990,1.6341,108.44,
2,Maze001,4.918,8.9736,-0.9990,1.6341,108.44,
2,Maze001,4.922,8.9736,-0.9990,1.6341,108.44,
2,Maze001,4.926,8.9736,-0.9990,1.6341,108.44,
2,Maze001,4.930,8.9736,-0.9990,1.6341,108.44,
2,Maze001,4.934,8.9736,-0.9990,1.6341,108.44,
2,Maze001,4.939,8.9736,-0.9990,1.6341,108.44,
2,Maze001,4.943,8.9736,-0.9990,1.6341,108.44,
2,Maze001,4.947,8.9736,-0.9990,1.6341,108.44,
2,Maze001,4.951,8.9736,-0.9990,1.6341,108.44,
2,Maze001,4.955,8.9736,-0.9990,1.6341,108.44,
2,Maze001,4.960,8.9736,-0.9990,1.6341,108.44,
2,Maze001,4.963,8.9736,-0.9990,1.6341,108.44,
2,Maze001,4.968,8.9736,-0.9990,1.6341,108.44,
2,Maze001,4.972,8.9736,-0.9990,1.6341,108.44,
2,Maze001,4.976,8.9736,-0.9990,1.6341,108.44,
2,Maze001,4.980,8.9736,-0.9990,1.6341,108.44,
2,Maze001,4.984,8.9736,-0.9990,1.6341,108.44,
2,Maze001,4.988,8.9736,-0.9990,1.6341,108.44,
2,Maze001,4.993,8.9736,-0.9990,1.6341,108.44,
2,Maze001,4.997,8.9736,-0.9990,1.6341,108.44,
2,Maze001,5.001,8.9736,-0.9990,1.6341,108.44,
2,Maze001,5.005,8.9736,-0.9990,1.6341,108.44,
2,Maze001,5.010,8.9736,-0.9990,1.6341,108.44,
2,Maze001,5.013,8.9736,-0.9990,1.6341,108.44,
2,Maze001,5.018,8.9736,-0.9990,1.6341,108.44,
2,Maze001,5.022,8.9736,-0.9990,1.6341,108.44,
2,Maze001,5.026,8.9736,-0.9990,1.6341,108.44,
2,Maze001,5.030,8.9736,-0.9990,1.6341,108.44,
2,Maze001,5.035,8.9736,-0.9990,1.6341,108.44,
2,Maze001,5.039,8.9736,-0.9990,1.6341,108.44,
2,Maze001,5.043,8.9736,-0.9990,1.6341,108.44,
2,Maze001,5.047,8.9736,-0.9990,1.6341,108.44,
2,Maze001,5.051,8.9736,-0.9990,1.6341,108.44,
2,Maze001,5.055,8.9736,-0.9990,1.6341,108.44,
2,Maze001,5.059,8.9736,-0.9990,1.6341,108.44,
2,Maze001,5.063,8.9736,-0.9990,1.6341,108.44,
2,Maze001,5.067,8.9736,-0.9990,1.6341,108.44,
2,Maze001,5.072,8.9736,-0.9990,1.6341,108.44,
2,Maze001,5.076,8.9736,-0.9990,1.6341,108.44,
2,Maze001,5.080,8.9736,-0.9990,1.6341,108.44,
2,Maze001,5.085,8.9736,-0.9990,1.6341,108.44,
2,Maze001,5.089,8.9736,-0.9990,1.6341,108.44,
2,Maze001,5.093,8.9736,-0.9990,1.6341,108.44,
2,Maze001,5.097,8.9736,-0.9990,1.6341,108.44,
2,Maze001,5.102,8.9736,-0.9990,1.6341,108.44,
2,Maze001,5.105,8.9736,-0.9990,1.6341,108.44,
2,Maze001,5.109,8.9736,-0.9990,1.6341,108.44,
2,Maze001,5.113,8.9736,-0.9990,1.6341,108.44,
2,Maze001,5.118,8.9736,-0.9990,1.6341,108.44,
2,Maze001,5.122,8.9736,-0.9990,1.6341,108.44,
2,Maze001,5.126,8.9736,-0.9990,1.6341,108.44,
2,Maze001,5.130,8.9736,-0.9990,1.6341,108.44,
2,Maze001,5.134,8.9736,-0.9990,1.6341,108.44,
2,Maze001,5.139,8.9736,-0.9990,1.6341,108.44,
2,Maze001,5.142,8.9736,-0.9990,1.6341,108.44,
2,Maze001,5.147,8.9736,-0.9990,1.6341,108.44,
2,Maze001,5.151,8.9736,-0.9990,1.6341,108.44,
2,Maze001,5.155,8.9736,-0.9990,1.6341,108.44,
2,Maze001,5.159,8.9736,-0.9990,1.6341,108.44,
2,Maze001,5.164,8.9736,-0.9990,1.6341,108.44,
2,Maze001,5.168,8.9736,-0.9990,1.6341,108.44,
2,Maze001,5.172,8.9736,-0.9990,1.6341,108.44,
2,Maze001,5.176,8.9736,-0.9990,1.6341,108.44,
2,Maze001,5.180,8.9736,-0.9990,1.6341,108.44,
2,Maze001,5.184,8.9736,-0.9990,1.6341,108.44,
2,Maze001,5.188,8.9736,-0.9990,1.6341,108.44,
2,Maze001,5.193,8.9736,-0.9990,1.6341,108.44,
2,Maze001,5.197,8.9736,-0.9990,1.6341,108.44,
2,Maze001,5.201,8.9736,-0.9990,1.6341,108.44,
2,Maze001,5.205,8.9736,-0.9990,1.6341,108.44,
2,Maze001,5.209,8.9736,-0.9990,1.6341,108.44,
2,Maze001,5.214,8.9736,-0.9990,1.6341,108.44,
2,Maze001,5.218,8.9736,-0.9990,1.6341,108.44,
2,Maze001,5.222,8.9736,-0.9990,1.6341,108.44,
2,Maze001,5.226,8.9736,-0.9990,1.6341,108.44,
2,Maze001,5.230,8.9736,-0.9990,1.6341,108.44,
2,Maze001,5.234,8.9736,-0.9990,1.6341,108.44,
2,Maze001,5.238,8.9736,-0.9990,1.6341,108.44,
2,Maze001,5.243,8.9736,-0.9990,1.6341,108.44,
2,Maze001,5.247,8.9736,-0.9990,1.6341,108.44,
2,Maze001,5.251,8.9736,-0.9990,1.6341,108.44,
2,Maze001,5.255,8.9736,-0.9990,1.6341,108.44,
2,Maze001,5.259,8.9736,-0.9990,1.6341,108.44,
2,Maze001,5.263,8.9736,-0.9990,1.6341,108.44,
2,Maze001,5.267,8.9736,-0.9990,1.6341,108.44,
2,Maze001,5.272,8.9736,-0.9990,1.6341,108.44,
2,Maze001,5.276,8.9736,-0.9990,1.6341,108.44,
2,Maze001,5.280,8.9736,-0.9990,1.6341,108.44,
2,Maze001,5.284,8.9736,-0.9990,1.6341,108.44,
2,Maze001,5.288,8.9736,-0.9990,1.6341,108.44,
2,Maze001,5.293,8.9736,-0.9990,1.6341,108.44,
2,Maze001,5.297,8.9736,-0.9990,1.6341,108.44,
2,Maze001,5.301,8.9736,-0.9990,1.6341,108.44,
2,Maze001,5.305,8.9736,-0.9990,1.6341,108.44,
2,Maze001,5.309,8.9736,-0.9990,1.6341,108.44,
2,Maze001,5.313,8.9736,-0.9990,1.6341,108.44,
2,Maze001,5.318,8.9736,-0.9990,1.6341,108.44,
2,Maze001,5.322,8.9736,-0.9990,1.6341,108.44,
2,Maze001,5.326,8.9736,-0.9990,1.6341,108.44,
2,Maze001,5.330,8.9736,-0.9990,1.6341,108.44,
2,Maze001,5.334,8.9736,-0.9990,1.6341,108.44,
2,Maze001,5.338,8.9736,-0.9990,1.6341,108.44,
2,Maze001,5.343,8.9736,-0.9990,1.6341,108.44,
2,Maze001,5.347,8.9736,-0.9990,1.6341,108.44,
2,Maze001,5.351,8.9736,-0.9990,1.6341,108.44,
2,Maze001,5.355,8.9736,-0.9990,1.6341,108.44,
2,Maze001,5.359,8.9736,-0.9990,1.6341,108.44,
2,Maze001,5.363,8.9736,-0.9990,1.6341,108.44,
2,Maze001,5.368,8.9736,-0.9990,1.6341,108.44,
2,Maze001,5.372,8.9736,-0.9990,1.6341,108.44,
2,Maze001,5.376,8.9736,-0.9990,1.6341,108.44,
2,Maze001,5.380,8.9736,-0.9990,1.6341,108.44,
2,Maze001,5.384,8.9736,-0.9990,1.6341,108.44,
2,Maze001,5.388,8.9736,-0.9990,1.6341,108.44,
2,Maze001,5.393,8.9736,-0.9990,1.6341,108.44,
2,Maze001,5.397,8.9736,-0.9990,1.6341,108.44,
2,Maze001,5.401,8.9736,-0.9990,1.6341,108.44,
2,Maze001,5.405,8.9736,-0.9990,1.6341,108.44,
2,Maze001,5.409,8.9736,-0.9990,1.6341,108.44,
2,Maze001,5.414,8.9736,-0.9990,1.6341,108.44,
2,Maze001,5.418,8.9736,-0.9990,1.6341,108.44,
2,Maze001,5.422,8.9736,-0.9990,1.6341,108.44,
2,Maze001,5.426,8.9736,-0.9990,1.6341,108.44,
2,Maze001,5.430,8.9736,-0.9990,1.6341,108.44,
2,Maze001,5.434,8.9736,-0.9990,1.6341,108.44,
2,Maze001,5.438,8.9736,-0.9990,1.6341,108.44,
2,Maze001,5.443,8.9736,-0.9990,1.6341,108.44,
2,Maze001,5.447,8.9736,-0.9990,1.6341,108.44,
2,Maze001,5.451,8.9736,-0.9990,1.6341,108.44,
2,Maze001,5.455,8.9736,-0.9990,1.6341,108.44,
2,Maze001,5.459,8.9736,-0.9990,1.6341,108.44,
2,Maze001,5.463,8.9736,-0.9990,1.6341,108.44,
2,Maze001,5.467,8.9736,-0.9990,1.6341,108.44,
2,Maze001,5.472,8.9736,-0.9990,1.6341,108.44,
2,Maze001,5.476,8.9736,-0.9990,1.6341,108.44,
2,Maze001,5.480,8.9736,-0.9990,1.6341,108.44,
2,Maze001,5.484,8.9736,-0.9990,1.6341,108.44,
2,Maze001,5.488,8.9736,-0.9990,1.6341,108.44,
2,Maze001,5.493,8.9736,-0.9990,1.6341,108.44,
2,Maze001,5.497,8.9736,-0.9990,1.6341,108.44,
2,Maze001,5.501,8.9736,-0.9990,1.6341,108.44,
2,Maze001,5.505,8.9736,-0.9990,1.6341,108.44,
2,Maze001,5.509,8.9736,-0.9990,1.6341,108.44,
2,Maze001,5.513,8.9736,-0.9990,1.6341,108.44,
2,Maze001,5.518,8.9736,-0.9990,1.6341,108.44,
2,Maze001,5.522,8.9736,-0.9990,1.6341,108.44,
2,Maze001,5.526,8.9736,-0.9990,1.6341,108.44,
2,Maze001,5.530,8.9736,-0.9990,1.6341,108.44,
2,Maze001,5.534,8.9736,-0.9990,1.6341,108.44,
2,Maze001,5.539,8.9736,-0.9990,1.6341,108.44,
2,Maze001,5.543,8.9736,-0.9990,1.6341,108.44,
2,Maze001,5.547,8.9736,-0.9990,1.6341,108.44,
2,Maze001,5.551,8.9736,-0.9990,1.6341,108.44,
2,Maze001,5.555,8.9736,-0.9990,1.6341,108.44,
2,Maze001,5.559,8.9736,-0.9990,1.6341,108.44,
2,Maze001,5.563,8.9736,-0.9990,1.6341,108.44,
2,Maze001,5.567,8.9736,-0.9990,1.6341,108.44,
2,Maze001,5.572,8.9736,-0.9990,1.6341,108.44,
2,Maze001,5.576,8.9736,-0.9990,1.6341,108.44,
2,Maze001,5.580,8.9736,-0.9990,1.6341,108.44,
2,Maze001,5.585,8.9736,-0.9990,1.6341,108.44,
2,Maze001,5.588,8.9736,-0.9990,1.6341,108.44,
2,Maze001,5.593,8.9736,-0.9990,1.6341,108.44,
2,Maze001,5.597,8.9736,-0.9990,1.6341,108.44,
2,Maze001,5.601,8.9736,-0.9990,1.6341,108.44,
2,Maze001,5.605,8.9736,-0.9990,1.6341,108.44,
2,Maze001,5.609,8.9736,-0.9990,1.6341,108.44,
2,Maze001,5.613,8.9736,-0.9990,1.6341,108.44,
2,Maze001,5.618,8.9736,-0.9990,1.6341,108.44,
2,Maze001,5.622,8.9736,-0.9990,1.6341,108.44,
2,Maze001,5.626,8.9736,-0.9990,1.6341,108.44,
2,Maze001,5.630,8.9736,-0.9990,1.6341,108.44,
2,Maze001,5.634,8.9736,-0.9990,1.6341,108.44,
2,Maze001,5.638,8.9736,-0.9990,1.6341,108.44,
2,Maze001,5.643,8.9736,-0.9990,1.6341,108.44,
2,Maze001,5.647,8.9736,-0.9990,1.6341,108.44,
2,Maze001,5.651,8.9736,-0.9990,1.6341,108.44,
2,Maze001,5.655,8.9736,-0.9990,1.6341,108.44,
2,Maze001,5.659,8.9736,-0.9990,1.6341,108.44,
2,Maze001,5.664,8.9736,-0.9990,1.6341,108.44,
2,Maze001,5.668,8.9736,-0.9990,1.6341,108.44,
2,Maze001,5.672,8.9736,-0.9990,1.6341,108.44,
2,Maze001,5.676,8.9736,-0.9990,1.6341,108.44,
2,Maze001,5.680,8.9736,-0.9990,1.6341,108.44,
2,Maze001,5.684,8.9736,-0.9990,1.6341,108.44,
2,Maze001,5.688,8.9736,-0.9990,1.6341,108.44,
2,Maze001,5.692,8.9736,-0.9990,1.6341,108.44,
2,Maze001,5.697,8.9736,-0.9990,1.6341,108.44,
2,Maze001,5.701,8.9736,-0.9990,1.6341,108.44,
2,Maze001,5.705,8.9736,-0.9990,1.6341,108.44,
2,Maze001,5.710,8.9736,-0.9990,1.6341,108.44,
2,Maze001,5.714,8.9736,-0.9990,1.6341,108.44,
2,Maze001,5.718,8.9736,-0.9990,1.6341,108.44,
2,Maze001,5.722,8.9736,-0.9990,1.6341,108.44,
2,Maze001,5.726,8.9736,-0.9990,1.6341,108.44,
2,Maze001,5.730,8.9736,-0.9990,1.6341,108.44,
2,Maze001,5.734,8.9736,-0.9990,1.6341,108.44,
2,Maze001,5.738,8.9736,-0.9990,1.6341,108.44,
2,Maze001,5.743,8.9736,-0.9990,1.6341,108.44,
2,Maze001,5.747,8.9736,-0.9990,1.6341,108.44,
2,Maze001,5.751,8.9736,-0.9990,1.6341,108.44,
2,Maze001,5.755,8.9736,-0.9990,1.6341,108.44,
2,Maze001,5.759,8.9736,-0.9990,1.6341,108.44,
2,Maze001,5.763,8.9736,-0.9990,1.6341,108.44,
2,Maze001,5.767,8.9736,-0.9990,1.6341,108.44,
2,Maze001,5.772,8.9736,-0.9990,1.6341,108.44,
2,Maze001,5.776,8.9736,-0.9990,1.6341,108.44,
2,Maze001,5.780,8.9736,-0.9990,1.6341,108.44,
2,Maze001,5.784,8.9736,-0.9990,1.6341,108.44,
2,Maze001,5.789,8.9736,-0.9990,1.6341,108.44,
2,Maze001,5.792,8.9736,-0.9990,1.6341,108.44,
2,Maze001,5.797,8.9736,-0.9990,1.6341,108.44,
2,Maze001,5.801,8.9736,-0.9990,1.6341,108.44,
2,Maze001,5.805,8.9736,-0.9990,1.6341,108.44,
2,Maze001,5.809,8.9736,-0.9990,1.6341,108.44,
2,Maze001,5.813,8.9736,-0.9990,1.6341,108.44,
2,Maze001,5.817,8.9736,-0.9990,1.6341,108.44,
2,Maze001,5.821,8.9736,-0.9990,1.6341,108.44,
2,Maze001,5.826,8.9736,-0.9990,1.6341,108.44,
2,Maze001,5.830,8.9736,-0.9990,1.6341,108.44,
2,Maze001,5.834,8.9736,-0.9990,1.6341,108.44,
2,Maze001,5.838,8.9736,-0.9990,1.6341,108.44,
2,Maze001,5.843,8.9736,-0.9990,1.6341,108.44,
2,Maze001,5.846,8.9736,-0.9990,1.6341,108.44,
2,Maze001,5.851,8.9736,-0.9990,1.6341,108.44,
2,Maze001,5.855,8.9736,-0.9990,1.6341,108.44,
2,Maze001,5.859,8.9736,-0.9990,1.6341,108.44,
2,Maze001,5.863,8.9736,-0.9990,1.6341,108.44,
2,Maze001,5.867,8.9736,-0.9990,1.6341,108.44,
2,Maze001,5.872,8.9736,-0.9990,1.6341,108.44,
2,Maze001,5.876,8.9736,-0.9990,1.6341,108.44,
2,Maze001,5.880,8.9736,-0.9990,1.6341,108.44,
2,Maze001,5.884,8.9736,-0.9990,1.6341,108.44,
2,Maze001,5.888,8.9736,-0.9990,1.6341,108.44,
2,Maze001,5.893,8.9736,-0.9990,1.6341,108.44,
2,Maze001,5.897,8.9736,-0.9990,1.6341,108.44,
2,Maze001,5.901,8.9736,-0.9990,1.6341,108.44,
2,Maze001,5.905,8.9736,-0.9990,1.6341,108.44,
2,Maze001,5.909,8.9736,-0.9990,1.6341,108.44,
2,Maze001,5.913,8.9736,-0.9990,1.6341,108.44,
2,Maze001,5.917,8.9736,-0.9990,1.6341,108.44,
2,Maze001,5.922,8.9736,-0.9990,1.6341,108.44,
2,Maze001,5.926,8.9736,-0.9990,1.6341,108.44,
2,Maze001,5.930,8.9736,-0.9990,1.6341,108.44,
2,Maze001,5.934,8.9736,-0.9990,1.6341,108.44,
2,Maze001,5.939,8.9736,-0.9990,1.6341,108.44,
2,Maze001,5.942,8.9736,-0.9990,1.6341,108.44,
2,Maze001,5.948,8.9736,-0.9990,1.6341,108.44,
2,Maze001,5.951,8.9736,-0.9990,1.6341,108.44,
2,Maze001,5.955,8.9736,-0.9990,1.6341,108.44,
2,Maze001,5.960,8.9736,-0.9990,1.6341,108.44,
2,Maze001,5.963,8.9736,-0.9990,1.6341,108.44,
2,Maze001,5.967,8.9736,-0.9990,1.6341,108.44,
2,Maze001,5.972,8.9736,-0.9990,1.6341,108.44,
2,Maze001,5.976,8.9736,-0.9990,1.6341,108.44,
2,Maze001,5.980,8.9736,-0.9990,1.6341,108.44,
2,Maze001,5.984,8.9736,-0.9990,1.6341,108.44,
2,Maze001,5.989,8.9736,-0.9990,1.6341,108.44,
2,Maze001,5.992,8.9736,-0.9990,1.6341,108.44,
2,Maze001,5.996,8.9736,-0.9990,1.6341,108.44,
2,Maze001,6.001,8.9736,-0.9990,1.6341,108.44,
2,Maze001,6.005,8.9736,-0.9990,1.6341,108.44,
2,Maze001,6.009,8.9736,-0.9990,1.6341,108.44,
2,Maze001,6.014,8.9736,-0.9990,1.6341,108.44,
2,Maze001,6.018,8.9736,-0.9990,1.6341,108.44,
2,Maze001,6.022,8.9736,-0.9990,1.6341,108.44,
2,Maze001,6.026,8.9736,-0.9990,1.6341,108.44,
2,Maze001,6.030,8.9736,-0.9990,1.6341,108.44,
2,Maze001,6.034,8.9736,-0.9990,1.6341,108.44,
2,Maze001,6.039,8.9736,-0.9990,1.6341,108.44,
2,Maze001,6.043,8.9736,-0.9990,1.6341,108.44,
2,Maze001,6.047,8.9736,-0.9990,1.6341,108.44,
2,Maze001,6.051,8.9736,-0.9990,1.6341,108.44,
2,Maze001,6.055,8.9736,-0.9990,1.6341,108.44,
2,Maze001,6.059,8.9736,-0.9990,1.6341,108.44,
2,Maze001,6.063,8.9736,-0.9990,1.6341,108.44,
2,Maze001,6.067,8.9736,-0.9990,1.6341,108.44,
2,Maze001,6.072,8.9736,-0.9990,1.6341,108.44,
2,Maze001,6.076,8.9736,-0.9990,1.6341,108.44,
2,Maze001,6.080,8.9736,-0.9990,1.6341,108.44,
2,Maze001,6.084,8.9736,-0.9990,1.6341,108.44,
2,Maze001,6.089,8.9736,-0.9990,1.6341,108.44,
2,Maze001,6.093,8.9736,-0.9990,1.6341,108.44,
2,Maze001,6.097,8.9736,-0.9990,1.6341,108.44,
2,Maze001,6.101,8.9736,-0.9990,1.6341,108.44,
2,Maze001,6.105,8.9736,-0.9990,1.6341,108.44,
2,Maze001,6.109,8.9736,-0.9990,1.6341,108.44,
2,Maze001,6.113,8.9736,-0.9990,1.6341,108.44,
2,Maze001,6.117,8.9736,-0.9990,1.6341,108.44,
2,Maze001,6.122,8.9736,-0.9990,1.6341,108.44,
2,Maze001,6.126,8.9736,-0.9990,1.6341,108.44,
2,Maze001,6.130,8.9736,-0.9990,1.6341,108.44,
2,Maze001,6.134,8.9736,-0.9990,1.6341,108.44,
2,Maze001,6.139,8.9736,-0.9990,1.6341,108.44,
2,Maze001,6.143,8.9736,-0.9990,1.6341,108.44,
2,Maze001,6.147,8.9736,-0.9990,1.6341,108.44,
2,Maze001,6.151,8.9736,-0.9990,1.6341,108.44,
2,Maze001,6.155,8.9736,-0.9990,1.6341,108.44,
2,Maze001,6.159,8.9736,-0.9990,1.6341,108.44,
2,Maze001,6.163,8.9736,-0.9990,1.6341,108.44,
2,Maze001,6.167,8.9736,-0.9990,1.6341,108.44,
2,Maze001,6.172,8.9736,-0.9990,1.6341,108.44,
2,Maze001,6.176,8.9736,-0.9990,1.6341,108.44,
2,Maze001,6.180,8.9736,-0.9990,1.6341,108.44,
2,Maze001,6.184,8.9736,-0.9990,1.6341,108.44,
2,Maze001,6.188,8.9736,-0.9990,1.6341,108.44,
2,Maze001,6.193,8.9736,-0.9990,1.6341,108.44,
2,Maze001,6.197,8.9736,-0.9990,1.6341,108.44,
2,Maze001,6.201,8.9736,-0.9990,1.6341,108.44,
2,Maze001,6.205,8.9736,-0.9990,1.6341,108.44,
2,Maze001,6.209,8.9736,-0.9990,1.6341,108.44,
2,Maze001,6.213,8.9736,-0.9990,1.6341,108.44,
2,Maze001,6.217,8.9736,-0.9990,1.6341,108.44,
2,Maze001,6.222,8.9736,-0.9990,1.6341,108.44,
2,Maze001,6.226,8.9736,-0.9990,1.6341,108.44,
2,Maze001,6.230,8.9736,-0.9990,1.6341,108.44,
2,Maze001,6.234,8.9736,-0.9990,1.6341,108.44,
2,Maze001,6.238,8.9736,-0.9990,1.6341,108.44,
2,Maze001,6.243,8.9736,-0.9990,1.6341,108.44,
2,Maze001,6.247,8.9736,-0.9990,1.6341,108.44,
2,Maze001,6.251,8.9736,-0.9990,1.6341,108.44,
2,Maze001,6.255,8.9736,-0.9990,1.6341,108.44,
2,Maze001,6.259,8.9736,-0.9990,1.6341,108.44,
2,Maze001,6.263,8.9736,-0.9990,1.6341,108.44,
2,Maze001,6.267,8.9736,-0.9990,1.6341,108.44,
2,Maze001,6.272,8.9736,-0.9990,1.6341,108.44,
2,Maze001,6.276,8.9736,-0.9990,1.6341,108.44,
2,Maze001,6.280,8.9736,-0.9990,1.6341,108.44,
2,Maze001,6.284,8.9736,-0.9990,1.6341,108.44,
2,Maze001,6.288,8.9736,-0.9990,1.6341,108.44,
2,Maze001,6.293,8.9736,-0.9990,1.6341,108.44,
2,Maze001,6.297,8.9736,-0.9990,1.6341,108.44,
2,Maze001,6.301,8.9736,-0.9990,1.6341,108.44,
2,Maze001,6.305,8.9736,-0.9990,1.6341,108.44,
2,Maze001,6.309,8.9736,-0.9990,1.6341,108.44,
2,Maze001,6.313,8.9736,-0.9990,1.6341,108.44,
2,Maze001,6.317,8.9736,-0.9990,1.6341,108.44,
2,Maze001,6.322,8.9736,-0.9990,1.6341,108.44,
2,Maze001,6.326,8.9736,-0.9990,1.6341,108.44,
2,Maze001,6.330,8.9736,-0.9990,1.6341,108.44,
2,Maze001,6.334,8.9736,-0.9990,1.6341,108.44,
2,Maze001,6.338,8.9736,-0.9990,1.6341,108.44,
2,Maze001,6.342,8.9736,-0.9990,1.6341,108.44,
2,Maze001,6.347,8.9736,-0.9990,1.6341,108.44,
2,Maze001,6.351,8.9736,-0.9990,1.6341,108.44,
2,Maze001,6.355,8.9736,-0.9990,1.6341,108.44,
2,Maze001,6.359,8.9736,-0.9990,1.6341,108.44,
2,Maze001,6.363,8.9736,-0.9990,1.6341,108.44,
2,Maze001,6.368,8.9736,-0.9990,1.6341,108.44,
2,Maze001,6.372,8.9736,-0.9990,1.6341,108.44,
2,Maze001,6.376,8.9736,-0.9990,1.6341,108.44,
2,Maze001,6.380,8.9736,-0.9990,1.6341,108.44,
2,Maze001,6.384,8.9736,-0.9990,1.6341,108.44,
2,Maze001,6.388,8.9736,-0.9990,1.6341,108.44,
2,Maze001,6.393,8.9736,-0.9990,1.6341,108.44,
2,Maze001,6.397,8.9736,-0.9990,1.6341,108.44,
2,Maze001,6.401,8.9736,-0.9990,1.6341,108.44,
2,Maze001,6.405,8.9736,-0.9990,1.6341,108.44,
2,Maze001,6.409,8.9736,-0.9990,1.6341,108.44,
2,Maze001,6.413,8.9736,-0.9990,1.6341,108.44,
2,Maze001,6.418,8.9736,-0.9990,1.6341,108.44,
2,Maze001,6.422,8.9736,-0.9990,1.6341,108.44,
2,Maze001,6.426,8.9736,-0.9990,1.6341,108.44,
2,Maze001,6.430,8.9736,-0.9990,1.6341,108.44,
2,Maze001,6.434,8.9736,-0.9990,1.6341,108.44,
2,Maze001,6.438,8.9736,-0.9990,1.6341,108.44,
2,Maze001,6.442,8.9736,-0.9990,1.6341,108.44,
2,Maze001,6.447,8.9736,-0.9990,1.6341,108.44,
2,Maze001,6.451,8.9736,-0.9990,1.6341,108.44,
2,Maze001,6.455,8.9736,-0.9990,1.6341,108.44,
2,Maze001,6.459,8.9736,-0.9990,1.6341,108.44,
2,Maze001,6.463,8.9736,-0.9990,1.6341,108.44,
2,Maze001,6.467,8.9736,-0.9990,1.6341,108.44,
2,Maze001,6.471,8.9736,-0.9990,1.6341,108.44,
2,Maze001,6.476,8.9736,-0.9990,1.6341,108.44,
2,Maze001,6.480,8.9736,-0.9990,1.6341,108.44,
2,Maze001,6.484,8.9736,-0.9990,1.6341,108.44,
2,Maze001,6.488,8.9736,-0.9990,1.6341,108.44,
2,Maze001,6.492,8.9736,-0.9990,1.6341,108.44,
2,Maze001,6.497,8.9736,-0.9990,1.6341,108.44,
2,Maze001,6.501,8.9736,-0.9990,1.6341,108.44,
2,Maze001,6.505,8.9736,-0.9990,1.6341,108.44,
2,Maze001,6.509,8.9736,-0.9990,1.6341,108.44,
2,Maze001,6.513,8.9736,-0.9990,1.6341,108.44,
2,Maze001,6.518,8.9736,-0.9990,1.6341,108.44,
2,Maze001,6.522,8.9736,-0.9990,1.6341,108.44,
2,Maze001,6.526,8.9736,-0.9990,1.6341,108.44,
2,Maze001,6.530,8.9736,-0.9990,1.6341,108.44,
2,Maze001,6.534,8.9736,-0.9990,1.6341,108.44,
2,Maze001,6.538,8.9736,-0.9990,1.6341,108.44,
2,Maze001,6.542,8.9736,-0.9990,1.6341,108.44,
2,Maze001,6.546,8.9736,-0.9990,1.6341,108.44,
2,Maze001,6.551,8.9736,-0.9990,1.6341,108.44,
2,Maze001,6.556,8.9736,-0.9990,1.6341,108.44,
2,Maze001,6.559,8.9736,-0.9990,1.6341,108.44,
2,Maze001,6.563,8.9736,-0.9990,1.6341,108.44,
2,Maze001,6.567,8.9736,-0.9990,1.6341,108.44,
2,Maze001,6.572,8.9736,-0.9990,1.6341,108.44,
2,Maze001,6.576,8.9736,-0.9990,1.6341,108.44,
2,Maze001,6.580,8.9736,-0.9990,1.6341,108.44,
2,Maze001,6.584,8.9736,-0.9990,1.6341,108.44,
2,Maze001,6.588,8.9736,-0.9990,1.6341,108.44,
2,Maze001,6.593,8.9736,-0.9990,1.6341,108.44,
2,Maze001,6.597,8.9736,-0.9990,1.6341,108.44,
2,Maze001,6.601,8.9736,-0.9990,1.6341,108.44,
2,Maze001,6.605,8.9736,-0.9990,1.6341,108.44,
2,Maze001,6.609,8.9736,-0.9990,1.6341,108.44,
2,Maze001,6.613,8.9736,-0.9990,1.6341,108.44,
2,Maze001,6.618,8.9736,-0.9990,1.6341,108.44,
2,Maze001,6.622,8.9736,-0.9990,1.6341,108.44,
2,Maze001,6.626,8.9736,-0.9990,1.6341,108.44,
2,Maze001,6.630,8.9736,-0.9990,1.6341,108.44,
2,Maze001,6.634,8.9736,-0.9990,1.6341,108.44,
2,Maze001,6.638,8.9736,-0.9990,1.6341,108.44,
2,Maze001,6.642,8.9736,-0.9990,1.6341,108.44,
2,Maze001,6.647,8.9736,-0.9990,1.6341,108.44,
2,Maze001,6.651,8.9736,-0.9990,1.6341,108.44,
2,Maze001,6.655,8.9736,-0.9990,1.6341,108.44,
2,Maze001,6.659,8.9736,-0.9990,1.6341,108.44,
2,Maze001,6.664,8.9736,-0.9990,1.6341,108.44,
2,Maze001,6.668,8.9736,-0.9990,1.6341,108.44,
2,Maze001,6.671,8.9736,-0.9990,1.6341,108.44,
2,Maze001,6.676,8.9736,-0.9990,1.6341,108.44,
2,Maze001,6.680,8.9736,-0.9990,1.6341,108.44,
2,Maze001,6.684,8.9736,-0.9990,1.6341,108.44,
2,Maze001,6.689,8.9736,-0.9990,1.6341,108.44,
2,Maze001,6.693,8.9736,-0.9990,1.6341,108.44,
2,Maze001,6.697,8.9736,-0.9990,1.6341,108.44,
2,Maze001,6.701,8.9736,-0.9990,1.6341,108.44,
2,Maze001,6.705,8.9736,-0.9990,1.6341,108.44,
2,Maze001,6.709,8.9736,-0.9990,1.6341,108.44,
2,Maze001,6.713,8.9736,-0.9990,1.6341,108.44,
2,Maze001,6.717,8.9736,-0.9990,1.6341,108.44,
2,Maze001,6.722,8.9736,-0.9990,1.6341,108.44,
2,Maze001,6.726,8.9736,-0.9990,1.6341,108.44,
2,Maze001,6.730,8.9736,-0.9990,1.6341,108.44,
2,Maze001,6.734,8.9736,-0.9990,1.6341,108.44,
2,Maze001,6.738,8.9736,-0.9990,1.6341,108.44,
2,Maze001,6.742,8.9736,-0.9990,1.6341,108.44,
2,Maze001,6.747,8.9736,-0.9990,1.6341,108.44,
2,Maze001,6.751,8.9736,-0.9990,1.6341,108.44,
2,Maze001,6.755,8.9736,-0.9990,1.6341,108.44,
2,Maze001,6.759,8.9736,-0.9990,1.6341,108.44,
2,Maze001,6.763,8.9736,-0.9990,1.6341,108.44,
2,Maze001,6.767,8.9736,-0.9990,1.6341,108.44,
2,Maze001,6.772,8.9736,-0.9990,1.6341,108.44,
2,Maze001,6.776,8.9736,-0.9990,1.6341,108.44,
2,Maze001,6.780,8.9736,-0.9990,1.6341,108.44,
2,Maze001,6.784,8.9736,-0.9990,1.6341,108.44,
2,Maze001,6.788,8.9736,-0.9990,1.6341,108.44,
2,Maze001,6.792,8.9736,-0.9990,1.6341,108.44,
2,Maze001,6.797,8.9736,-0.9990,1.6341,108.44,
2,Maze001,6.801,8.9736,-0.9990,1.6341,108.44,
2,Maze001,6.805,8.9736,-0.9990,1.6341,108.44,
2,Maze001,6.809,8.9736,-0.9990,1.6341,108.44,
2,Maze001,6.813,8.9736,-0.9990,1.6341,108.44,
2,Maze001,6.817,8.9736,-0.9990,1.6341,108.44,
2,Maze001,6.822,8.9736,-0.9990,1.6341,108.44,
2,Maze001,6.826,8.9736,-0.9990,1.6341,108.44,
2,Maze001,6.830,8.9736,-0.9990,1.6341,108.44,
2,Maze001,6.834,8.9736,-0.9990,1.6341,108.44,
2,Maze001,6.838,8.9736,-0.9990,1.6341,108.44,
2,Maze001,6.843,8.9736,-0.9990,1.6341,108.44,
2,Maze001,6.846,8.9736,-0.9990,1.6341,108.44,
2,Maze001,6.851,8.9736,-0.9990,1.6341,108.44,
2,Maze001,6.855,8.9736,-0.9990,1.6341,108.44,
2,Maze001,6.859,8.9736,-0.9990,1.6341,108.44,
2,Maze001,6.863,8.9736,-0.9990,1.6341,108.44,
2,Maze001,6.867,8.9736,-0.9990,1.6341,108.44,
2,Maze001,6.871,8.9736,-0.9990,1.6341,108.44,
2,Maze001,6.876,8.9736,-0.9990,1.6341,108.44,
2,Maze001,6.880,8.9736,-0.9990,1.6341,108.44,
2,Maze001,6.884,8.9736,-0.9990,1.6341,108.44,
2,Maze001,6.888,8.9736,-0.9990,1.6341,108.44,
2,Maze001,6.893,8.9736,-0.9990,1.6341,108.44,
2,Maze001,6.897,8.9736,-0.9990,1.6341,108.44,
2,Maze001,6.901,8.9736,-0.9990,1.6341,108.44,
2,Maze001,6.905,8.9736,-0.9990,1.6341,108.44,
2,Maze001,6.909,8.9736,-0.9990,1.6341,108.44,
2,Maze001,6.913,8.9736,-0.9990,1.6341,108.44,
2,Maze001,6.917,8.9736,-0.9990,1.6341,108.44,
2,Maze001,6.921,8.9736,-0.9990,1.6341,108.44,
2,Maze001,6.926,8.9736,-0.9990,1.6341,108.44,
2,Maze001,6.930,8.9736,-0.9990,1.6341,108.44,
2,Maze001,6.934,8.9736,-0.9990,1.6341,108.44,
2,Maze001,6.938,8.9736,-0.9990,1.6341,108.44,
2,Maze001,6.943,8.9736,-0.9990,1.6341,108.44,
2,Maze001,6.946,8.9736,-0.9990,1.6341,108.44,
2,Maze001,6.951,8.9736,-0.9990,1.6341,108.44,
2,Maze001,6.955,8.9736,-0.9990,1.6341,108.44,
2,Maze001,6.959,8.9736,-0.9990,1.6341,108.44,
2,Maze001,6.963,8.9736,-0.9990,1.6341,108.44,
2,Maze001,6.967,8.9736,-0.9990,1.6341,108.44,
2,Maze001,6.971,8.9736,-0.9990,1.6341,108.44,
2,Maze001,6.976,8.9736,-0.9990,1.6341,108.44,
2,Maze001,6.980,8.9736,-0.9990,1.6341,108.44,
2,Maze001,6.984,8.9736,-0.9990,1.6341,108.44,
2,Maze001,6.988,8.9736,-0.9990,1.6341,108.44,
2,Maze001,6.992,8.9736,-0.9990,1.6341,108.44,
2,Maze001,6.996,8.9736,-0.9990,1.6341,108.44,
2,Maze001,7.001,8.9736,-0.9990,1.6341,108.44,
2,Maze001,7.005,8.9736,-0.9990,1.6341,108.44,
2,Maze001,7.009,8.9736,-0.9990,1.6341,108.44,
2,Maze001,7.013,8.9736,-0.9990,1.6341,108.44,
2,Maze001,7.017,8.9736,-0.9990,1.6341,108.44,
2,Maze001,7.022,8.9736,-0.9990,1.6341,108.44,
2,Maze001,7.026,8.9736,-0.9990,1.6341,108.44,
2,Maze001,7.030,8.9736,-0.9990,1.6341,108.44,
2,Maze001,7.034,8.9736,-0.9990,1.6341,108.44,
2,Maze001,7.038,8.9736,-0.9990,1.6341,108.44,
2,Maze001,7.043,8.9736,-0.9990,1.6341,108.44,
2,Maze001,7.046,8.9736,-0.9990,1.6341,108.44,
2,Maze001,7.051,8.9736,-0.9990,1.6341,108.44,
2,Maze001,7.055,8.9736,-0.9990,1.6341,108.44,
2,Maze001,7.059,8.9736,-0.9990,1.6341,108.44,
2,Maze001,7.063,8.9736,-0.9990,1.6341,108.44,
2,Maze001,7.067,8.9736,-0.9990,1.6341,108.44,
2,Maze001,7.071,8.9736,-0.9990,1.6341,108.44,
2,Maze001,7.076,8.9736,-0.9990,1.6341,108.44,
2,Maze001,7.080,8.9736,-0.9990,1.6341,108.44,
2,Maze001,7.084,8.9736,-0.9990,1.6341,108.44,
2,Maze001,7.088,8.9736,-0.9990,1.6341,108.44,
2,Maze001,7.092,8.9736,-0.9990,1.6341,108.44,
2,Maze001,7.097,8.9736,-0.9990,1.6341,108.44,
2,Maze001,7.101,8.9736,-0.9990,1.6341,108.44,
2,Maze001,7.105,8.9736,-0.9990,1.6341,108.44,
2,Maze001,7.109,8.9736,-0.9990,1.6341,108.44,
2,Maze001,7.113,8.9736,-0.9990,1.6341,108.44,
2,Maze001,7.117,8.9736,-0.9990,1.6341,108.44,
2,Maze001,7.121,8.9736,-0.9990,1.6341,108.44,
2,Maze001,7.126,8.9736,-0.9990,1.6341,108.44,
2,Maze001,7.130,8.9736,-0.9990,1.6341,108.44,
2,Maze001,7.134,8.9736,-0.9990,1.6341,108.44,
2,Maze001,7.138,8.9736,-0.9990,1.6341,108.44,
2,Maze001,7.143,8.9736,-0.9990,1.6341,108.44,
2,Maze001,7.147,8.9736,-0.9990,1.6341,108.44,
2,Maze001,7.151,8.9736,-0.9990,1.6341,108.44,
2,Maze001,7.155,8.9736,-0.9990,1.6341,108.44,
2,Maze001,7.159,8.9736,-0.9990,1.6341,108.44,
2,Maze001,7.163,8.9736,-0.9990,1.6341,108.44,
2,Maze001,7.167,8.9736,-0.9990,1.6341,108.44,
2,Maze001,7.171,8.9736,-0.9990,1.6341,108.44,
2,Maze001,7.176,8.9736,-0.9990,1.6341,108.44,
2,Maze001,7.180,8.9736,-0.9990,1.6341,108.44,
2,Maze001,7.184,8.9736,-0.9990,1.6341,108.44,
2,Maze001,7.188,8.9736,-0.9990,1.6341,108.44,
2,Maze001,7.193,8.9736,-0.9990,1.6341,108.44,
2,Maze001,7.197,8.9736,-0.9990,1.6341,108.44,
2,Maze001,7.201,8.9736,-0.9990,1.6341,108.44,
2,Maze001,7.205,8.9736,-0.9990,1.6341,108.44,
2,Maze001,7.209,8.9736,-0.9990,1.6341,108.44,
2,Maze001,7.213,8.9736,-0.9990,1.6341,108.44,
2,Maze001,7.217,8.9736,-0.9990,1.6341,108.44,
2,Maze001,7.221,8.9736,-0.9990,1.6341,108.44,
2,Maze001,7.226,8.9736,-0.9990,1.6341,108.44,
2,Maze001,7.230,8.9736,-0.9990,1.6341,108.44,
2,Maze001,7.234,8.9736,-0.9990,1.6341,108.44,
2,Maze001,7.238,8.9736,-0.9990,1.6341,108.44,
2,Maze001,7.242,8.9736,-0.9990,1.6341,108.44,
2,Maze001,7.246,8.9736,-0.9990,1.6341,108.44,
2,Maze001,7.250,8.9736,-0.9990,1.6341,108.44,
2,Maze001,7.255,8.9736,-0.9990,1.6341,108.44,
2,Maze001,7.259,8.9736,-0.9990,1.6341,108.44,
2,Maze001,7.263,8.9736,-0.9990,1.6341,108.44,
2,Maze001,7.267,8.9736,-0.9990,1.6341,108.44,
2,Maze001,7.272,8.9736,-0.9990,1.6341,108.44,
2,Maze001,7.276,8.9736,-0.9990,1.6341,108.44,
2,Maze001,7.280,8.9736,-0.9990,1.6341,108.44,
2,Maze001,7.284,8.9736,-0.9990,1.6341,108.44,
2,Maze001,7.288,8.9736,-0.9990,1.6341,108.44,
2,Maze001,7.292,8.9736,-0.9990,1.6341,108.44,
2,Maze001,7.297,8.9736,-0.9990,1.6341,108.44,
2,Maze001,7.301,8.9736,-0.9990,1.6341,108.44,
2,Maze001,7.305,8.9736,-0.9990,1.6341,108.44,
2,Maze001,7.309,8.9736,-0.9990,1.6341,108.44,
2,Maze001,7.313,8.9736,-0.9990,1.6341,108.44,
2,Maze001,7.317,8.9736,-0.9990,1.6341,108.44,
2,Maze001,7.321,8.9736,-0.9990,1.6341,108.44,
2,Maze001,7.326,8.9736,-0.9990,1.6341,108.44,
2,Maze001,7.330,8.9736,-0.9990,1.6341,108.44,
2,Maze001,7.334,8.9736,-0.9990,1.6341,108.44,
2,Maze001,7.338,8.9736,-0.9990,1.6341,108.44,
2,Maze001,7.342,8.9736,-0.9990,1.6341,108.44,
2,Maze001,7.347,8.9736,-0.9990,1.6341,108.44,
2,Maze001,7.351,8.9736,-0.9990,1.6341,108.44,
2,Maze001,7.355,8.9736,-0.9990,1.6341,108.44,
2,Maze001,7.359,8.9736,-0.9990,1.6341,108.44,
2,Maze001,7.363,8.9736,-0.9990,1.6341,108.44,
2,Maze001,7.367,8.9736,-0.9990,1.6341,108.44,
2,Maze001,7.371,8.9736,-0.9990,1.6341,108.44,
2,Maze001,7.376,8.9736,-0.9990,1.6341,108.44,
2,Maze001,7.380,8.9736,-0.9990,1.6341,108.44,
2,Maze001,7.384,8.9736,-0.9990,1.6341,108.44,
2,Maze001,7.388,8.9736,-0.9990,1.6341,108.44,
2,Maze001,7.392,8.9736,-0.9990,1.6341,108.44,
2,Maze001,7.397,8.9736,-0.9990,1.6341,108.44,
2,Maze001,7.401,8.9736,-0.9990,1.6341,108.44,
2,Maze001,7.405,8.9736,-0.9990,1.6341,108.44,
2,Maze001,7.409,8.9736,-0.9990,1.6341,108.44,
2,Maze001,7.413,8.9736,-0.9990,1.6341,108.44,
2,Maze001,7.417,8.9736,-0.9990,1.6341,108.44,
2,Maze001,7.422,8.9736,-0.9990,1.6341,108.44,
2,Maze001,7.425,8.9736,-0.9990,1.6341,108.44,
2,Maze001,7.430,8.9736,-0.9990,1.6341,108.44,
2,Maze001,7.434,8.9736,-0.9990,1.6341,108.44,
2,Maze001,7.438,8.9736,-0.9990,1.6341,108.44,
2,Maze001,7.442,8.9736,-0.9990,1.6341,108.44,
2,Maze001,7.446,8.9736,-0.9990,1.6341,108.44,
2,Maze001,7.451,8.9736,-0.9990,1.6341,108.44,
2,Maze001,7.455,8.9736,-0.9990,1.6341,108.44,
2,Maze001,7.459,8.9736,-0.9990,1.6341,108.44,
2,Maze001,7.463,8.9736,-0.9990,1.6341,108.44,
2,Maze001,7.467,8.9736,-0.9990,1.6341,108.44,
2,Maze001,7.471,8.9736,-0.9990,1.6341,108.44,
2,Maze001,7.476,8.9736,-0.9990,1.6341,108.44,
2,Maze001,7.480,8.9736,-0.9990,1.6341,108.44,
2,Maze001,7.484,8.9736,-0.9990,1.6341,108.44,
2,Maze001,7.488,8.9736,-0.9990,1.6341,108.44,
2,Maze001,7.492,8.9736,-0.9990,1.6341,108.44,
2,Maze001,7.496,8.9736,-0.9990,1.6341,108.44,
2,Maze001,7.501,8.9736,-0.9990,1.6341,108.44,
2,Maze001,7.505,8.9736,-0.9990,1.6341,108.44,
2,Maze001,7.509,8.9736,-0.9990,1.6341,108.44,
2,Maze001,7.513,8.9736,-0.9990,1.6341,108.44,
2,Maze001,7.517,8.9736,-0.9990,1.6341,108.44,
2,Maze001,7.521,8.9736,-0.9990,1.6341,108.44,
2,Maze001,7.525,8.9736,-0.9990,1.6341,108.44,
2,Maze001,7.530,8.9736,-0.9990,1.6341,108.44,
2,Maze001,7.534,8.9736,-0.9990,1.6341,108.44,
2,Maze001,7.538,8.9736,-0.9990,1.6341,108.44,
2,Maze001,7.542,8.9736,-0.9990,1.6341,108.44,
2,Maze001,7.546,8.9736,-0.9990,1.6341,108.44,
2,Maze001,7.551,8.9736,-0.9990,1.6341,108.44,
2,Maze001,7.555,8.9736,-0.9990,1.6341,108.44,
2,Maze001,7.559,8.9736,-0.9990,1.6341,108.44,
2,Maze001,7.563,8.9736,-0.9990,1.6341,108.44,
2,Maze001,7.567,8.9736,-0.9990,1.6341,108.44,
2,Maze001,7.572,8.9736,-0.9990,1.6341,108.44,
2,Maze001,7.576,8.9736,-0.9990,1.6341,108.44,
2,Maze001,7.580,8.9736,-0.9990,1.6341,108.44,
2,Maze001,7.584,8.9736,-0.9990,1.6341,108.44,
2,Maze001,7.588,8.9736,-0.9990,1.6341,108.44,
2,Maze001,7.592,8.9736,-0.9990,1.6341,108.44,
2,Maze001,7.596,8.9736,-0.9990,1.6341,108.44,
2,Maze001,7.601,8.9736,-0.9990,1.6341,108.44,
2,Maze001,7.605,8.9736,-0.9990,1.6341,108.44,
2,Maze001,7.609,8.9736,-0.9990,1.6341,108.44,
2,Maze001,7.613,8.9736,-0.9990,1.6341,108.44,
2,Maze001,7.618,8.9736,-0.9990,1.6341,108.44,
2,Maze001,7.621,8.9736,-0.9990,1.6341,108.44,
2,Maze001,7.626,8.9736,-0.9990,1.6341,108.44,
2,Maze001,7.630,8.9736,-0.9990,1.6341,108.44,
2,Maze001,7.634,8.9736,-0.9990,1.6341,108.44,
2,Maze001,7.638,8.9736,-0.9990,1.6341,108.44,
2,Maze001,7.642,8.9736,-0.9990,1.6341,108.44,
2,Maze001,7.647,8.9736,-0.9990,1.6341,108.44,
2,Maze001,7.650,8.9736,-0.9990,1.6341,108.44,
2,Maze001,7.655,8.9736,-0.9990,1.6341,108.44,
2,Maze001,7.659,8.9736,-0.9990,1.6341,108.44,
2,Maze001,7.664,8.9736,-0.9990,1.6341,108.44,
2,Maze001,7.667,8.9736,-0.9990,1.6341,108.44,
2,Maze001,7.671,8.9736,-0.9990,1.6341,108.44,
2,Maze001,7.676,8.9736,-0.9990,1.6341,108.44,
2,Maze001,7.680,8.9736,-0.9990,1.6341,108.44,
2,Maze001,7.684,8.9736,-0.9990,1.6341,108.44,
2,Maze001,7.688,8.9736,-0.9990,1.6341,108.44,
2,Maze001,7.692,8.9736,-0.9990,1.6341,108.44,
2,Maze001,7.697,8.9736,-0.9990,1.6341,108.44,
2,Maze001,7.701,8.9736,-0.9990,1.6341,108.44,
2,Maze001,7.705,8.9736,-0.9990,1.6341,108.44,
2,Maze001,7.709,8.9736,-0.9990,1.6341,108.44,
2,Maze001,7.713,8.9736,-0.9990,1.6341,108.44,
2,Maze001,7.717,8.9736,-0.9990,1.6341,108.44,
2,Maze001,7.721,8.9736,-0.9990,1.6341,108.44,
2,Maze001,7.726,8.9736,-0.9990,1.6341,108.44,
2,Maze001,7.730,8.9736,-0.9990,1.6341,108.44,
2,Maze001,7.734,8.9736,-0.9990,1.6341,108.44,
2,Maze001,7.738,8.9736,-0.9990,1.6341,108.44,
2,Maze001,7.742,8.9736,-0.9990,1.6341,108.44,
2,Maze001,7.746,8.9736,-0.9990,1.6341,108.44,
2,Maze001,7.750,8.9736,-0.9990,1.6341,108.44,
2,Maze001,7.755,8.9736,-0.9990,1.6341,108.44,
2,Maze001,7.759,8.9736,-0.9990,1.6341,108.44,
2,Maze001,7.763,8.9736,-0.9990,1.6341,108.44,
2,Maze001,7.767,8.9736,-0.9990,1.6341,108.44,
2,Maze001,7.772,8.9736,-0.9990,1.6341,108.44,
2,Maze001,7.776,8.9736,-0.9990,1.6341,108.44,
2,Maze001,7.780,8.9736,-0.9990,1.6341,108.44,
2,Maze001,7.784,8.9736,-0.9990,1.6341,108.44,
2,Maze001,7.788,8.9736,-0.9990,1.6341,108.44,
2,Maze001,7.792,8.9736,-0.9990,1.6341,108.44,
2,Maze001,7.796,8.9736,-0.9990,1.6341,108.44,
2,Maze001,7.801,8.9736,-0.9990,1.6341,108.44,
2,Maze001,7.805,8.9736,-0.9990,1.6341,108.44,
2,Maze001,7.809,8.9736,-0.9990,1.6341,108.44,
2,Maze001,7.813,8.9736,-0.9990,1.6341,108.44,
2,Maze001,7.817,8.9736,-0.9990,1.6341,108.44,
2,Maze001,7.821,8.9736,-0.9990,1.6341,108.44,
2,Maze001,7.825,8.9736,-0.9990,1.6341,108.44,
2,Maze001,7.830,8.9736,-0.9990,1.6341,108.44,
2,Maze001,7.834,8.9736,-0.9990,1.6341,108.44,
2,Maze001,7.838,8.9736,-0.9990,1.6341,108.44,
2,Maze001,7.842,8.9736,-0.9990,1.6341,108.44,
2,Maze001,7.846,8.9736,-0.9990,1.6341,108.44,
2,Maze001,7.851,8.9736,-0.9990,1.6341,108.44,
2,Maze001,7.855,8.9736,-0.9990,1.6341,108.44,
2,Maze001,7.859,8.9736,-0.9990,1.6341,108.44,
2,Maze001,7.863,8.9736,-0.9990,1.6341,108.44,
2,Maze001,7.868,8.9736,-0.9990,1.6341,108.44,
2,Maze001,7.872,8.9736,-0.9990,1.6341,108.44,
2,Maze001,7.876,8.9736,-0.9990,1.6341,108.44,
2,Maze001,7.880,8.9736,-0.9990,1.6341,108.44,
2,Maze001,7.885,8.9736,-0.9990,1.6341,108.44,
2,Maze001,7.889,8.9736,-0.9990,1.6341,108.44,
2,Maze001,7.893,8.9736,-0.9990,1.6341,108.44,
2,Maze001,7.897,8.9736,-0.9990,1.6341,108.44,
2,Maze001,7.901,8.9736,-0.9990,1.6341,108.44,
2,Maze001,7.905,8.9736,-0.9990,1.6341,108.44,
2,Maze001,7.909,8.9736,-0.9990,1.6341,108.44,
2,Maze001,7.913,8.9736,-0.9990,1.6341,108.44,
2,Maze001,7.917,8.9736,-0.9990,1.6341,108.44,
2,Maze001,7.921,8.9736,-0.9990,1.6341,108.44,
2,Maze001,7.926,8.9736,-0.9990,1.6341,108.44,
2,Maze001,7.930,8.9736,-0.9990,1.6341,108.44,
2,Maze001,7.934,8.9736,-0.9990,1.6341,108.44,
2,Maze001,7.938,8.9736,-0.9990,1.6341,108.44,
2,Maze001,7.942,8.9736,-0.9990,1.6341,108.44,
2,Maze001,7.946,8.9736,-0.9990,1.6341,108.44,
2,Maze001,7.951,8.9736,-0.9990,1.6341,108.44,
2,Maze001,7.955,8.9736,-0.9990,1.6341,108.44,
2,Maze001,7.960,8.9736,-0.9990,1.6341,108.44,
2,Maze001,7.963,8.9736,-0.9990,1.6341,108.44,
2,Maze001,7.967,8.9736,-0.9990,1.6341,108.44,
2,Maze001,7.971,8.9736,-0.9990,1.6341,108.44,
2,Maze001,7.976,8.9736,-0.9990,1.6341,108.44,
2,Maze001,7.980,8.9736,-0.9990,1.6341,108.44,
2,Maze001,7.984,8.9736,-0.9990,1.6341,108.44,
2,Maze001,7.988,8.9736,-0.9990,1.6341,108.44,
2,Maze001,7.992,8.9736,-0.9990,1.6341,108.44,
2,Maze001,7.996,8.9736,-0.9990,1.6341,108.44,
2,Maze001,8.000,8.9736,-0.9990,1.6341,108.44,
2,Maze001,8.005,8.9736,-0.9990,1.6341,108.44,
2,Maze001,8.009,8.9736,-0.9990,1.6341,108.44,
2,Maze001,8.013,8.9736,-0.9990,1.6341,108.44,
2,Maze001,8.017,8.9736,-0.9990,1.6341,108.44,
2,Maze001,8.021,8.9736,-0.9990,1.6341,108.44,
2,Maze001,8.026,8.9736,-0.9990,1.6341,108.44,
2,Maze001,8.029,8.9736,-0.9990,1.6341,108.44,
2,Maze001,8.034,8.9736,-0.9990,1.6341,108.44,
2,Maze001,8.038,8.9736,-0.9990,1.6341,108.44,
2,Maze001,8.042,8.9736,-0.9990,1.6341,108.44,
2,Maze001,8.046,8.9736,-0.9990,1.6341,108.44,
2,Maze001,8.051,8.9736,-0.9990,1.6341,108.44,
2,Maze001,8.055,8.9736,-0.9990,1.6341,108.44,
2,Maze001,8.059,8.9736,-0.9990,1.6341,108.44,
2,Maze001,8.063,8.9736,-0.9990,1.6341,108.44,
2,Maze001,8.067,8.9736,-0.9990,1.6341,108.44,
2,Maze001,8.071,8.9736,-0.9990,1.6341,108.44,
2,Maze001,8.075,8.9736,-0.9990,1.6341,108.44,
2,Maze001,8.080,8.9736,-0.9990,1.6341,108.44,
2,Maze001,8.084,8.9736,-0.9990,1.6341,108.44,
2,Maze001,8.088,8.9736,-0.9990,1.6341,108.44,
2,Maze001,8.092,8.9736,-0.9990,1.6341,108.44,
2,Maze001,8.096,8.9736,-0.9990,1.6341,108.44,
2,Maze001,8.101,8.9736,-0.9990,1.6341,108.44,
2,Maze001,8.105,8.9736,-0.9990,1.6341,108.44,
2,Maze001,8.109,8.9736,-0.9990,1.6341,108.44,
2,Maze001,8.113,8.9736,-0.9990,1.6341,108.44,
2,Maze001,8.117,8.9736,-0.9990,1.6341,108.44,
2,Maze001,8.121,8.9736,-0.9990,1.6341,108.44,
2,Maze001,8.125,8.9736,-0.9990,1.6341,108.44,
2,Maze001,8.130,8.9736,-0.9990,1.6341,108.44,
2,Maze001,8.135,8.9736,-0.9990,1.6341,108.44,
2,Maze001,8.139,8.9736,-0.9990,1.6341,108.44,
2,Maze001,8.142,8.9736,-0.9990,1.6341,108.44,
2,Maze001,8.146,8.9736,-0.9990,1.6341,108.44,
2,Maze001,8.151,8.9736,-0.9990,1.6341,108.44,
2,Maze001,8.155,8.9736,-0.9990,1.6341,108.44,
2,Maze001,8.159,8.9736,-0.9990,1.6341,108.44,
2,Maze001,8.163,8.9736,-0.9990,1.6341,108.44,
2,Maze001,8.167,8.9736,-0.9990,1.6341,108.44,
2,Maze001,8.172,8.9736,-0.9990,1.6341,108.44,
2,Maze001,8.176,8.9736,-0.9990,1.6341,108.44,
2,Maze001,8.180,8.9736,-0.9990,1.6341,108.44,
2,Maze001,8.184,8.9736,-0.9990,1.6341,108.44,
2,Maze001,8.188,8.9736,-0.9990,1.6341,108.44,
2,Maze001,8.192,8.9736,-0.9990,1.6341,108.44,
2,Maze001,8.196,8.9736,-0.9990,1.6341,108.44,
2,Maze001,8.200,8.9736,-0.9990,1.6341,108.44,
2,Maze001,8.204,8.9736,-0.9990,1.6341,108.44,
2,Maze001,8.209,8.9736,-0.9990,1.6341,108.44,
2,Maze001,8.213,8.9736,-0.9990,1.6341,108.44,
2,Maze001,8.217,8.9736,-0.9990,1.6341,108.44,
2,Maze001,8.221,8.9736,-0.9990,1.6341,108.44,
2,Maze001,8.225,8.9736,-0.9990,1.6341,108.44,
2,Maze001,8.230,8.9736,-0.9990,1.6341,108.44,
2,Maze001,8.234,8.9736,-0.9990,1.6341,108.44,
2,Maze001,8.238,8.9736,-0.9990,1.6341,108.44,
2,Maze001,8.242,8.9736,-0.9990,1.6341,108.44,
2,Maze001,8.246,8.9736,-0.9990,1.6341,108.44,
2,Maze001,8.250,8.9736,-0.9990,1.6341,108.44,
2,Maze001,8.255,8.9736,-0.9990,1.6341,108.44,
2,Maze001,8.259,8.9736,-0.9990,1.6341,108.44,
2,Maze001,8.263,8.9736,-0.9990,1.6341,108.44,
2,Maze001,8.267,8.9736,-0.9990,1.6341,108.44,
2,Maze001,8.271,8.9736,-0.9990,1.6341,108.44,
2,Maze001,8.276,8.9736,-0.9990,1.6341,108.44,
2,Maze001,8.280,8.9736,-0.9990,1.6341,108.44,
2,Maze001,8.284,8.9736,-0.9990,1.6341,108.44,
2,Maze001,8.289,8.9736,-0.9990,1.6341,108.44,
2,Maze001,8.292,8.9736,-0.9990,1.6341,108.44,
2,Maze001,8.296,8.9736,-0.9990,1.6341,108.44,
2,Maze001,8.300,8.9736,-0.9990,1.6341,108.44,
2,Maze001,8.305,8.9736,-0.9990,1.6341,108.44,
2,Maze001,8.309,8.9736,-0.9990,1.6341,108.44,
2,Maze001,8.313,8.9736,-0.9990,1.6341,108.44,
2,Maze001,8.317,8.9736,-0.9990,1.6341,108.44,
2,Maze001,8.321,8.9736,-0.9990,1.6341,108.44,
2,Maze001,8.325,8.9736,-0.9990,1.6341,108.44,
2,Maze001,8.330,8.9736,-0.9990,1.6341,108.44,
2,Maze001,8.334,8.9736,-0.9990,1.6341,108.44,
2,Maze001,8.338,8.9736,-0.9990,1.6341,108.44,
2,Maze001,8.342,8.9736,-0.9990,1.6341,108.44,
2,Maze001,8.346,8.9736,-0.9990,1.6341,108.44,
2,Maze001,8.351,8.9736,-0.9990,1.6341,108.44,
2,Maze001,8.355,8.9736,-0.9990,1.6341,108.44,
2,Maze001,8.359,8.9736,-0.9990,1.6341,108.44,
2,Maze001,8.363,8.9736,-0.9990,1.6341,108.44,
2,Maze001,8.367,8.9736,-0.9990,1.6341,108.44,
2,Maze001,8.371,8.9736,-0.9990,1.6341,108.44,
2,Maze001,8.375,8.9736,-0.9990,1.6341,108.44,
2,Maze001,8.380,8.9736,-0.9990,1.6341,108.44,
2,Maze001,8.384,8.9736,-0.9990,1.6341,108.44,
2,Maze001,8.388,8.9736,-0.9990,1.6341,108.44,
2,Maze001,8.392,8.9736,-0.9990,1.6341,108.44,
2,Maze001,8.396,8.9736,-0.9990,1.6341,108.44,
2,Maze001,8.400,8.9736,-0.9990,1.6341,108.44,
2,Maze001,8.405,8.9736,-0.9990,1.6341,108.44,
2,Maze001,8.409,8.9736,-0.9990,1.6341,108.44,
2,Maze001,8.413,8.9736,-0.9990,1.6341,108.44,
2,Maze001,8.417,8.9736,-0.9990,1.6341,108.44,
2,Maze001,8.421,8.9736,-0.9990,1.6341,108.44,
2,Maze001,8.425,8.9736,-0.9990,1.6341,108.44,
2,Maze001,8.430,8.9736,-0.9990,1.6341,108.44,
2,Maze001,8.434,8.9736,-0.9990,1.6341,108.44,
2,Maze001,8.438,8.9736,-0.9990,1.6341,108.44,
2,Maze001,8.443,8.9736,-0.9990,1.6341,108.44,
2,Maze001,8.447,8.9736,-0.9990,1.6341,108.44,
2,Maze001,8.451,8.9736,-0.9990,1.6341,108.44,
2,Maze001,8.455,8.9736,-0.9990,1.6341,108.44,
2,Maze001,8.459,8.9736,-0.9990,1.6341,108.44,
2,Maze001,8.463,8.9736,-0.9990,1.6341,108.44,
2,Maze001,8.467,8.9736,-0.9990,1.6341,108.44,
2,Maze001,8.471,8.9736,-0.9990,1.6341,108.44,
2,Maze001,8.476,8.9736,-0.9990,1.6341,108.44,
2,Maze001,8.480,8.9736,-0.9990,1.6341,108.44,
2,Maze001,8.484,8.9736,-0.9990,1.6341,108.44,
2,Maze001,8.488,8.9736,-0.9990,1.6341,108.44,
2,Maze001,8.492,8.9736,-0.9990,1.6341,108.44,
2,Maze001,8.496,8.9736,-0.9990,1.6341,108.44,
2,Maze001,8.501,8.9736,-0.9990,1.6341,108.44,
2,Maze001,8.505,8.9736,-0.9990,1.6341,108.44,
2,Maze001,8.509,8.9736,-0.9990,1.6341,108.44,
2,Maze001,8.513,8.9736,-0.9990,1.6341,108.44,
2,Maze001,8.517,8.9736,-0.9990,1.6341,108.44,
2,Maze001,8.522,8.9736,-0.9990,1.6341,108.44,
2,Maze001,8.526,8.9736,-0.9990,1.6341,108.44,
2,Maze001,8.530,8.9736,-0.9990,1.6341,108.44,
2,Maze001,8.534,8.9736,-0.9990,1.6341,108.44,
2,Maze001,8.538,8.9736,-0.9990,1.6341,108.44,
2,Maze001,8.543,8.9736,-0.9990,1.6341,108.44,
2,Maze001,8.547,8.9736,-0.9990,1.6341,108.44,
2,Maze001,8.551,8.9736,-0.9990,1.6341,108.44,
2,Maze001,8.555,8.9736,-0.9990,1.6341,108.44,
2,Maze001,8.559,8.9736,-0.9990,1.6341,108.44,
2,Maze001,8.563,8.9736,-0.9990,1.6341,108.44,
2,Maze001,8.567,8.9736,-0.9990,1.6341,108.44,
2,Maze001,8.572,8.9736,-0.9990,1.6341,108.44,
2,Maze001,8.576,8.9736,-0.9990,1.6341,108.44,
2,Maze001,8.580,8.9736,-0.9990,1.6341,108.44,
2,Maze001,8.584,8.9736,-0.9990,1.6341,108.44,
2,Maze001,8.588,8.9736,-0.9990,1.6341,108.44,
2,Maze001,8.592,8.9736,-0.9990,1.6341,108.44,
2,Maze001,8.596,8.9736,-0.9990,1.6341,108.44,
2,Maze001,8.601,8.9736,-0.9990,1.6341,108.44,
2,Maze001,8.605,8.9736,-0.9990,1.6341,108.44,
2,Maze001,8.609,8.9736,-0.9990,1.6341,108.44,
2,Maze001,8.613,8.9736,-0.9990,1.6341,108.44,
2,Maze001,8.617,8.9736,-0.9990,1.6341,108.44,
2,Maze001,8.621,8.9736,-0.9990,1.6341,108.44,
2,Maze001,8.625,8.9736,-0.9990,1.6341,108.44,
2,Maze001,8.630,8.9736,-0.9990,1.6341,108.44,
2,Maze001,8.634,8.9736,-0.9990,1.6341,108.44,
2,Maze001,8.638,8.9736,-0.9990,1.6341,108.44,
2,Maze001,8.642,8.9736,-0.9990,1.6341,108.44,
2,Maze001,8.647,8.9736,-0.9990,1.6341,108.44,
2,Maze001,8.651,8.9736,-0.9990,1.6341,108.44,
2,Maze001,8.655,8.9736,-0.9990,1.6341,108.44,
2,Maze001,8.659,8.9736,-0.9990,1.6341,108.44,
2,Maze001,8.663,8.9736,-0.9990,1.6341,108.44,
2,Maze001,8.667,8.9736,-0.9990,1.6341,108.44,
2,Maze001,8.671,8.9736,-0.9990,1.6341,108.44,
2,Maze001,8.675,8.9736,-0.9990,1.6341,108.44,
2,Maze001,8.680,8.9736,-0.9990,1.6341,108.44,
2,Maze001,8.684,8.9736,-0.9990,1.6341,108.44,
2,Maze001,8.689,8.9736,-0.9990,1.6341,108.44,
2,Maze001,8.692,8.9736,-0.9990,1.6341,108.44,
2,Maze001,8.696,8.9736,-0.9990,1.6341,108.44,
2,Maze001,8.700,8.9736,-0.9990,1.6341,108.44,
2,Maze001,8.705,8.9736,-0.9990,1.6341,108.44,
2,Maze001,8.709,8.9736,-0.9990,1.6341,108.44,
2,Maze001,8.713,8.9736,-0.9990,1.6341,108.44,
2,Maze001,8.717,8.9736,-0.9990,1.6341,108.44,
2,Maze001,8.721,8.9736,-0.9990,1.6341,108.44,
2,Maze001,8.725,8.9736,-0.9990,1.6341,108.44,
2,Maze001,8.729,8.9736,-0.9990,1.6341,108.44,
2,Maze001,8.734,8.9736,-0.9990,1.6341,108.44,
2,Maze001,8.738,8.9736,-0.9990,1.6341,108.44,
2,Maze001,8.742,8.9736,-0.9990,1.6341,108.44,
2,Maze001,8.746,8.9736,-0.9990,1.6341,108.44,
2,Maze001,8.750,8.9736,-0.9990,1.6341,108.44,
2,Maze001,8.755,8.9736,-0.9990,1.6341,108.44,
2,Maze001,8.759,8.9736,-0.9990,1.6341,108.44,
2,Maze001,8.763,8.9736,-0.9990,1.6341,108.44,
2,Maze001,8.767,8.9736,-0.9990,1.6341,108.44,
2,Maze001,8.772,8.9736,-0.9990,1.6341,108.44,
2,Maze001,8.775,8.9736,-0.9990,1.6341,108.44,
2,Maze001,8.780,8.9736,-0.9990,1.6341,108.44,
2,Maze001,8.784,8.9736,-0.9990,1.6341,108.44,
2,Maze001,8.788,8.9736,-0.9990,1.6341,108.44,
2,Maze001,8.792,8.9736,-0.9990,1.6341,108.44,
2,Maze001,8.796,8.9736,-0.9990,1.6341,108.44,
2,Maze001,8.800,8.9736,-0.9990,1.6341,108.44,
2,Maze001,8.805,8.9736,-0.9990,1.6341,108.44,
2,Maze001,8.809,8.9736,-0.9990,1.6341,108.44,
2,Maze001,8.813,8.9736,-0.9990,1.6341,108.44,
2,Maze001,8.817,8.9736,-0.9990,1.6341,108.44,
2,Maze001,8.821,8.9736,-0.9990,1.6341,108.44,
2,Maze001,8.825,8.9736,-0.9990,1.6341,108.44,
2,Maze001,8.830,8.9736,-0.9990,1.6341,108.44,
2,Maze001,8.834,8.9736,-0.9990,1.6341,108.44,
2,Maze001,8.838,8.9736,-0.9990,1.6341,108.44,
2,Maze001,8.842,8.9736,-0.9990,1.6341,108.44,
2,Maze001,8.846,8.9736,-0.9990,1.6341,108.44,
2,Maze001,8.851,8.9736,-0.9990,1.6341,108.44,
2,Maze001,8.855,8.9736,-0.9990,1.6341,108.44,
2,Maze001,8.859,8.9736,-0.9990,1.6341,108.44,
2,Maze001,8.863,8.9736,-0.9990,1.6341,108.44,
2,Maze001,8.867,8.9736,-0.9990,1.6341,108.44,
2,Maze001,8.871,8.9736,-0.9990,1.6341,108.44,
2,Maze001,8.876,8.9736,-0.9990,1.6341,108.44,
2,Maze001,8.880,8.9736,-0.9990,1.6341,108.44,
2,Maze001,8.884,8.9736,-0.9990,1.6341,108.44,
2,Maze001,8.888,8.9736,-0.9990,1.6341,108.44,
2,Maze001,8.892,8.9736,-0.9990,1.6341,108.44,
2,Maze001,8.896,8.9736,-0.9990,1.6341,108.44,
2,Maze001,8.900,8.9736,-0.9990,1.6341,108.44,
2,Maze001,8.905,8.9736,-0.9990,1.6341,108.44,
2,Maze001,8.909,8.9736,-0.9990,1.6341,108.44,
2,Maze001,8.913,8.9736,-0.9990,1.6341,108.44,
2,Maze001,8.917,8.9736,-0.9990,1.6341,108.44,
2,Maze001,8.921,8.9736,-0.9990,1.6341,108.44,
2,Maze001,8.926,8.9736,-0.9990,1.6341,108.44,
2,Maze001,8.930,8.9736,-0.9990,1.6341,108.44,
2,Maze001,8.934,8.9736,-0.9990,1.6341,108.44,
2,Maze001,8.938,8.9736,-0.9990,1.6341,108.44,
2,Maze001,8.942,8.9736,-0.9990,1.6341,108.44,
2,Maze001,8.946,8.9736,-0.9990,1.6341,108.44,
2,Maze001,8.950,8.9736,-0.9990,1.6341,108.44,
2,Maze001,8.955,8.9736,-0.9990,1.6341,108.44,
2,Maze001,8.959,8.9736,-0.9990,1.6341,108.44,
2,Maze001,8.963,8.9736,-0.9990,1.6341,108.44,
2,Maze001,8.967,8.9736,-0.9990,1.6341,108.44,
2,Maze001,8.971,8.9736,-0.9990,1.6341,108.44,
2,Maze001,8.975,8.9736,-0.9990,1.6341,108.44,
2,Maze001,8.979,8.9736,-0.9990,1.6341,108.44,
2,Maze001,8.984,8.9736,-0.9990,1.6341,108.44,
2,Maze001,8.988,8.9736,-0.9990,1.6341,108.44,
2,Maze001,8.992,8.9736,-0.9990,1.6341,108.44,
2,Maze001,8.996,8.9736,-0.9990,1.6341,108.44,
2,Maze001,9.000,8.9736,-0.9990,1.6341,108.44,
2,Maze001,9.004,8.9736,-0.9990,1.6341,108.44,
2,Maze001,9.009,8.9736,-0.9990,1.6341,108.44,
2,Maze001,9.013,8.9736,-0.9990,1.6341,108.44,
2,Maze001,9.018,8.9736,-0.9990,1.6341,108.44,
2,Maze001,9.022,8.9736,-0.9990,1.6341,108.44,
2,Maze001,9.025,8.9736,-0.9990,1.6341,108.44,
2,Maze001,9.030,8.9736,-0.9990,1.6341,108.44,
2,Maze001,9.034,8.9736,-0.9990,1.6341,108.44,
2,Maze001,9.038,8.9736,-0.9990,1.6341,108.44,
2,Maze001,9.042,8.9736,-0.9990,1.6341,108.44,
2,Maze001,9.046,8.9736,-0.9990,1.6341,108.44,
2,Maze001,9.050,8.9736,-0.9990,1.6341,108.44,
2,Maze001,9.055,8.9736,-0.9990,1.6341,108.44,
2,Maze001,9.059,8.9736,-0.9990,1.6341,108.44,
2,Maze001,9.063,8.9736,-0.9990,1.6341,108.44,
2,Maze001,9.067,8.9736,-0.9990,1.6341,108.44,
2,Maze001,9.071,8.9736,-0.9990,1.6341,108.44,
2,Maze001,9.075,8.9736,-0.9990,1.6341,108.44,
2,Maze001,9.080,8.9736,-0.9990,1.6341,108.44,
2,Maze001,9.084,8.9736,-0.9990,1.6341,108.44,
2,Maze001,9.088,8.9736,-0.9990,1.6341,108.44,
2,Maze001,9.092,8.9736,-0.9990,1.6341,108.44,
2,Maze001,9.096,8.9736,-0.9990,1.6341,108.44,
2,Maze001,9.101,8.9736,-0.9990,1.6341,108.44,
2,Maze001,9.105,8.9736,-0.9990,1.6341,108.44,
2,Maze001,9.109,8.9736,-0.9990,1.6341,108.44,
2,Maze001,9.113,8.9736,-0.9990,1.6341,108.44,
2,Maze001,9.117,8.9736,-0.9990,1.6341,108.44,
2,Maze001,9.121,8.9736,-0.9990,1.6341,108.44,
2,Maze001,9.126,8.9736,-0.9990,1.6341,108.44,
2,Maze001,9.130,8.9736,-0.9990,1.6341,108.44,
2,Maze001,9.134,8.9736,-0.9990,1.6341,108.44,
2,Maze001,9.138,8.9736,-0.9990,1.6341,108.44,
2,Maze001,9.142,8.9736,-0.9990,1.6341,108.44,
2,Maze001,9.146,8.9736,-0.9990,1.6341,108.44,
2,Maze001,9.150,8.9736,-0.9990,1.6341,108.44,
2,Maze001,9.155,8.9736,-0.9990,1.6341,108.44,
2,Maze001,9.159,8.9736,-0.9990,1.6341,108.44,
2,Maze001,9.163,8.9736,-0.9990,1.6341,108.44,
2,Maze001,9.168,8.9736,-0.9990,1.6341,108.44,
2,Maze001,9.171,8.9736,-0.9990,1.6341,108.44,
2,Maze001,9.176,8.9736,-0.9990,1.6341,108.44,
2,Maze001,9.180,8.9736,-0.9990,1.6341,108.44,
2,Maze001,9.184,8.9736,-0.9990,1.6341,108.44,
2,Maze001,9.188,8.9736,-0.9990,1.6341,108.44,
2,Maze001,9.192,8.9736,-0.9990,1.6341,108.44,
2,Maze001,9.196,8.9736,-0.9990,1.6341,108.44,
2,Maze001,9.200,8.9736,-0.9990,1.6341,108.44,
2,Maze001,9.205,8.9736,-0.9990,1.6341,108.44,
2,Maze001,9.209,8.9736,-0.9990,1.6341,108.44,
2,Maze001,9.213,8.9736,-0.9990,1.6341,108.44,
2,Maze001,9.217,8.9736,-0.9990,1.6341,108.44,
2,Maze001,9.221,8.9736,-0.9990,1.6341,108.44,
2,Maze001,9.225,8.9736,-0.9990,1.6341,108.44,
2,Maze001,9.229,8.9736,-0.9990,1.6341,108.44,
2,Maze001,9.234,8.9736,-0.9990,1.6341,108.44,
2,Maze001,9.238,8.9736,-0.9990,1.6341,108.44,
2,Maze001,9.242,8.9736,-0.9990,1.6341,108.44,
2,Maze001,9.246,8.9736,-0.9990,1.6341,108.44,
2,Maze001,9.250,8.9736,-0.9990,1.6341,108.44,
2,Maze001,9.254,8.9736,-0.9990,1.6341,108.44,
2,Maze001,9.259,8.9736,-0.9990,1.6341,108.44,
2,Maze001,9.263,8.9736,-0.9990,1.6341,108.44,
2,Maze001,9.267,8.9736,-0.9990,1.6341,108.44,
2,Maze001,9.271,8.9736,-0.9990,1.6341,108.44,
2,Maze001,9.275,8.9736,-0.9990,1.6341,108.44,
2,Maze001,9.279,8.9736,-0.9990,1.6341,108.44,
2,Maze001,9.284,8.9736,-0.9990,1.6341,108.44,
2,Maze001,9.288,8.9736,-0.9990,1.6341,108.44,
2,Maze001,9.292,8.9736,-0.9990,1.6341,108.44,
2,Maze001,9.296,8.9736,-0.9990,1.6341,108.44,
2,Maze001,9.300,8.9736,-0.9990,1.6341,108.44,
2,Maze001,9.304,8.9736,-0.9990,1.6341,108.44,
2,Maze001,9.308,8.9736,-0.9990,1.6341,108.44,
2,Maze001,9.313,8.9736,-0.9990,1.6341,108.44,
2,Maze001,9.317,8.9736,-0.9990,1.6341,108.44,
2,Maze001,9.321,8.9736,-0.9990,1.6341,108.44,
2,Maze001,9.325,8.9736,-0.9990,1.6341,108.44,
2,Maze001,9.329,8.9736,-0.9990,1.6341,108.44,
2,Maze001,9.333,8.9736,-0.9990,1.6341,108.44,
2,Maze001,9.338,8.9736,-0.9990,1.6341,108.44,
2,Maze001,9.342,8.9736,-0.9990,1.6341,108.44,
2,Maze001,9.346,8.9736,-0.9990,1.6341,108.44,
2,Maze001,9.350,8.9736,-0.9990,1.6341,108.44,
2,Maze001,9.354,8.9736,-0.9990,1.6341,108.44,
2,Maze001,9.359,8.9736,-0.9990,1.6341,108.44,
2,Maze001,9.363,8.9736,-0.9990,1.6341,108.44,
2,Maze001,9.367,8.9736,-0.9990,1.6341,108.44,
2,Maze001,9.371,8.9736,-0.9990,1.6341,108.44,
2,Maze001,9.375,8.9736,-0.9990,1.6341,108.44,
2,Maze001,9.380,8.9736,-0.9990,1.6341,108.44,
2,Maze001,9.384,8.9736,-0.9990,1.6341,108.44,
2,Maze001,9.388,8.9736,-0.9990,1.6341,108.44,
2,Maze001,9.392,8.9736,-0.9990,1.6341,108.44,
2,Maze001,9.396,8.9736,-0.9990,1.6341,108.44,
2,Maze001,9.401,8.9736,-0.9990,1.6341,108.44,
2,Maze001,9.405,8.9736,-0.9990,1.6341,108.44,
2,Maze001,9.409,8.9736,-0.9990,1.6341,108.44,
2,Maze001,9.413,8.9736,-0.9990,1.6341,108.44,
2,Maze001,9.417,8.9736,-0.9990,1.6341,108.44,
2,Maze001,9.421,8.9736,-0.9990,1.6341,108.44,
2,Maze001,9.425,8.9736,-0.9990,1.6341,108.44,
2,Maze001,9.429,8.9736,-0.9990,1.6341,108.44,
2,Maze001,9.434,8.9736,-0.9990,1.6341,108.44,
2,Maze001,9.438,8.9736,-0.9990,1.6341,108.44,
2,Maze001,9.442,8.9736,-0.9990,1.6341,108.44,
2,Maze001,9.446,8.9736,-0.9990,1.6341,108.44,
2,Maze001,9.450,8.9736,-0.9990,1.6341,108.44,
2,Maze001,9.454,8.9736,-0.9990,1.6341,108.44,
2,Maze001,9.459,8.9736,-0.9990,1.6341,108.44,
2,Maze001,9.463,8.9736,-0.9990,1.6341,108.44,
2,Maze001,9.468,8.9736,-0.9990,1.6341,108.44,
2,Maze001,9.471,8.9736,-0.9990,1.6341,108.44,
2,Maze001,9.475,8.9736,-0.9990,1.6341,108.44,
2,Maze001,9.479,8.9736,-0.9990,1.6341,108.44,
2,Maze001,9.484,8.9736,-0.9990,1.6341,108.44,
2,Maze001,9.488,8.9736,-0.9990,1.6341,108.44,
2,Maze001,9.492,8.9736,-0.9990,1.6341,108.44,
2,Maze001,9.496,8.9736,-0.9990,1.6341,108.44,
2,Maze001,9.500,8.9736,-0.9990,1.6341,108.44,
2,Maze001,9.504,8.9736,-0.9990,1.6341,108.44,
2,Maze001,9.509,8.9736,-0.9990,1.6341,108.44,
2,Maze001,9.513,8.9736,-0.9990,1.6341,108.44,
2,Maze001,9.517,8.9736,-0.9990,1.6341,108.44,
2,Maze001,9.521,8.9736,-0.9990,1.6341,108.44,
2,Maze001,9.525,8.9736,-0.9990,1.6341,108.44,
2,Maze001,9.529,8.9736,-0.9990,1.6341,108.44,
2,Maze001,9.534,8.9736,-0.9990,1.6341,108.44,
2,Maze001,9.538,8.9736,-0.9990,1.6341,108.44,
2,Maze001,9.542,8.9736,-0.9990,1.6341,108.44,
2,Maze001,9.546,8.9736,-0.9990,1.6341,108.44,
2,Maze001,9.550,8.9736,-0.9990,1.6341,108.44,
2,Maze001,9.555,8.9736,-0.9990,1.6341,108.44,
2,Maze001,9.559,8.9736,-0.9990,1.6341,108.44,
2,Maze001,9.564,8.9736,-0.9990,1.6341,108.44,
2,Maze001,9.567,8.9736,-0.9990,1.6341,108.44,
2,Maze001,9.571,8.9736,-0.9990,1.6341,108.44,
2,Maze001,9.575,8.9736,-0.9990,1.6341,108.44,
2,Maze001,9.579,8.9736,-0.9990,1.6341,108.44,
2,Maze001,9.584,8.9736,-0.9990,1.6341,108.44,
2,Maze001,9.588,8.9736,-0.9990,1.6341,108.44,
2,Maze001,9.592,8.9736,-0.9990,1.6341,108.44,
2,Maze001,9.596,8.9736,-0.9990,1.6341,108.44,
2,Maze001,9.600,8.9736,-0.9990,1.6341,108.44,
2,Maze001,9.604,8.9736,-0.9990,1.6341,108.44,
2,Maze001,9.609,8.9736,-0.9990,1.6341,108.44,
2,Maze001,9.613,8.9736,-0.9990,1.6341,108.44,
2,Maze001,9.617,8.9736,-0.9990,1.6341,108.44,
2,Maze001,9.621,8.9736,-0.9990,1.6341,108.44,
2,Maze001,9.626,8.9736,-0.9990,1.6341,108.44,
2,Maze001,9.629,8.9736,-0.9990,1.6341,108.44,
2,Maze001,9.634,8.9736,-0.9990,1.6341,108.44,
2,Maze001,9.638,8.9736,-0.9990,1.6341,108.44,
2,Maze001,9.642,8.9736,-0.9990,1.6341,108.44,
2,Maze001,9.646,8.9736,-0.9990,1.6341,108.44,
2,Maze001,9.650,8.9736,-0.9990,1.6341,108.44,
2,Maze001,9.655,8.9736,-0.9990,1.6341,108.44,
2,Maze001,9.659,8.9736,-0.9990,1.6341,108.44,
2,Maze001,9.663,8.9736,-0.9990,1.6341,108.44,
2,Maze001,9.667,8.9736,-0.9990,1.6341,108.44,
2,Maze001,9.674,8.9736,-0.9990,1.6341,108.44,
2,Maze001,9.676,8.9736,-0.9990,1.6341,108.44,
2,Maze001,9.679,8.9736,-0.9990,1.6341,108.44,
2,Maze001,9.684,8.9736,-0.9990,1.6341,108.44,
2,Maze001,9.688,8.9736,-0.9990,1.6341,108.44,
2,Maze001,9.692,8.9736,-0.9990,1.6341,108.44,
2,Maze001,9.696,8.9736,-0.9990,1.6341,108.44,
2,Maze001,9.700,8.9736,-0.9990,1.6341,108.44,
2,Maze001,9.705,8.9736,-0.9990,1.6341,108.44,
2,Maze001,9.709,8.9736,-0.9990,1.6341,108.44,
2,Maze001,9.713,8.9736,-0.9990,1.6341,108.44,
2,Maze001,9.717,8.9736,-0.9990,1.6341,108.44,
2,Maze001,9.722,8.9736,-0.9990,1.6341,108.44,
2,Maze001,9.726,8.9736,-0.9990,1.6341,108.44,
2,Maze001,9.730,8.9736,-0.9990,1.6341,108.44,
2,Maze001,9.734,8.9736,-0.9990,1.6341,108.44,
2,Maze001,9.738,8.9736,-0.9990,1.6341,108.44,
2,Maze001,9.742,8.9736,-0.9990,1.6341,108.44,
2,Maze001,9.746,8.9736,-0.9990,1.6341,108.44,
2,Maze001,9.750,8.9736,-0.9990,1.6341,108.44,
2,Maze001,9.754,8.9736,-0.9990,1.6341,108.44,
2,Maze001,9.759,8.9736,-0.9990,1.6341,108.44,
2,Maze001,9.763,8.9736,-0.9990,1.6341,108.44,
2,Maze001,9.767,8.9736,-0.9990,1.6341,108.44,
2,Maze001,9.771,8.9736,-0.9990,1.6341,108.44,
2,Maze001,9.775,8.9736,-0.9990,1.6341,108.44,
2,Maze001,9.779,8.9736,-0.9990,1.6341,108.44,
2,Maze001,9.784,8.9736,-0.9990,1.6341,108.44,
2,Maze001,9.788,8.9736,-0.9990,1.6341,108.44,
2,Maze001,9.792,8.9736,-0.9990,1.6341,108.44,
2,Maze001,9.796,8.9736,-0.9990,1.6341,108.44,
2,Maze001,9.800,8.9736,-0.9990,1.6341,108.44,
2,Maze001,9.804,8.9736,-0.9990,1.6341,108.44,
2,Maze001,9.809,8.9736,-0.9990,1.6341,108.44,
2,Maze001,9.813,8.9736,-0.9990,1.6341,108.44,
2,Maze001,9.817,8.9736,-0.9990,1.6341,108.44,
2,Maze001,9.821,8.9736,-0.9990,1.6341,108.44,
2,Maze001,9.825,8.9736,-0.9990,1.6341,108.44,
2,Maze001,9.829,8.9736,-0.9990,1.6341,108.44,
2,Maze001,9.834,8.9736,-0.9990,1.6341,108.44,
2,Maze001,9.838,8.9736,-0.9990,1.6341,108.44,
2,Maze001,9.842,8.9736,-0.9990,1.6341,108.44,
2,Maze001,9.846,8.9736,-0.9990,1.6341,108.44,
2,Maze001,9.850,8.9736,-0.9990,1.6341,108.44,
2,Maze001,9.854,8.9736,-0.9990,1.6341,108.44,
2,Maze001,9.858,8.9736,-0.9990,1.6341,108.44,
2,Maze001,9.863,8.9736,-0.9990,1.6341,108.44,
2,Maze001,9.867,8.9736,-0.9990,1.6341,108.44,
2,Maze001,9.871,8.9736,-0.9990,1.6341,108.44,
2,Maze001,9.875,8.9736,-0.9990,1.6341,108.44,
2,Maze001,9.880,8.9736,-0.9990,1.6341,108.44,
2,Maze001,9.884,8.9736,-0.9990,1.6341,108.44,
2,Maze001,9.888,8.9736,-0.9990,1.6341,108.44,
2,Maze001,9.892,8.9736,-0.9990,1.6341,108.44,
2,Maze001,9.896,8.9736,-0.9990,1.6341,108.44,
2,Maze001,9.900,8.9736,-0.9990,1.6341,108.44,
2,Maze001,9.904,8.9736,-0.9990,1.6341,108.44,
2,Maze001,9.908,8.9736,-0.9990,1.6341,108.44,
2,Maze001,9.913,8.9736,-0.9990,1.6341,108.44,
2,Maze001,9.917,8.9736,-0.9990,1.6341,108.44,
2,Maze001,9.921,8.9736,-0.9990,1.6341,108.44,
2,Maze001,9.925,8.9736,-0.9990,1.6341,108.44,
2,Maze001,9.929,8.9736,-0.9990,1.6341,108.44,
2,Maze001,9.934,8.9736,-0.9990,1.6341,108.44,
2,Maze001,9.938,8.9736,-0.9990,1.6341,108.44,
2,Maze001,9.942,8.9736,-0.9990,1.6341,108.44,
2,Maze001,9.946,8.9736,-0.9990,1.6341,108.44,
2,Maze001,9.950,8.9736,-0.9990,1.6341,108.44,
2,Maze001,9.954,8.9736,-0.9990,1.6341,108.44,
2,Maze001,9.959,8.9736,-0.9990,1.6341,108.44,
2,Maze001,9.963,8.9736,-0.9990,1.6341,108.44,
2,Maze001,9.967,8.9736,-0.9990,1.6341,108.44,
2,Maze001,9.971,8.9736,-0.9990,1.6341,108.44,
2,Maze001,9.975,8.9736,-0.9990,1.6341,108.44,
2,Maze001,9.979,8.9736,-0.9990,1.6341,108.44,
2,Maze001,9.983,8.9736,-0.9990,1.6341,108.44,
2,Maze001,9.988,8.9736,-0.9990,1.6341,108.44,
2,Maze001,9.992,8.9736,-0.9990,1.6341,108.44,
2,Maze001,9.996,8.9736,-0.9990,1.6341,108.44,
2,Maze001,10.000,8.9736,-0.9990,1.6341,108.44,
2,Maze001,10.004,8.9736,-0.9990,1.6341,108.44,
2,Maze001,10.008,8.9736,-0.9990,1.6341,108.44,
2,Maze001,10.013,8.9736,-0.9990,1.6341,108.44,
2,Maze001,10.017,8.9736,-0.9990,1.6341,108.44,
2,Maze001,10.021,8.9736,-0.9990,1.6341,108.44,
2,Maze001,10.025,8.9736,-0.9990,1.6341,108.44,
2,Maze001,10.030,8.9736,-0.9990,1.6341,108.44,
2,Maze001,10.034,8.9736,-0.9990,1.6341,108.44,
2,Maze001,10.038,8.9736,-0.9990,1.6341,108.44,
2,Maze001,10.042,8.9736,-0.9990,1.6341,108.44,
2,Maze001,10.047,8.9736,-0.9990,1.6341,108.44,
2,Maze001,10.050,8.9736,-0.9990,1.6341,108.44,
2,Maze001,10.054,8.9736,-0.9990,1.6341,108.44,
2,Maze001,10.058,8.9736,-0.9990,1.6341,108.44,
2,Maze001,10.063,8.9736,-0.9990,1.6341,108.44,
2,Maze001,10.067,8.9736,-0.9990,1.6341,108.44,
2,Maze001,10.071,8.9736,-0.9990,1.6341,108.44,
2,Maze001,10.075,8.9736,-0.9990,1.6341,108.44,
2,Maze001,10.079,8.9736,-0.9990,1.6341,108.44,
2,Maze001,10.084,8.9736,-0.9990,1.6341,108.44,
2,Maze001,10.088,8.9736,-0.9990,1.6341,108.44,
2,Maze001,10.092,8.9736,-0.9990,1.6341,108.44,
2,Maze001,10.096,8.9736,-0.9990,1.6341,108.44,
2,Maze001,10.100,8.9736,-0.9990,1.6341,108.44,
2,Maze001,10.104,8.9736,-0.9990,1.6341,108.44,
2,Maze001,10.109,8.9736,-0.9990,1.6341,108.44,
2,Maze001,10.113,8.9736,-0.9990,1.6341,108.44,
2,Maze001,10.117,8.9736,-0.9990,1.6341,108.44,
2,Maze001,10.121,8.9736,-0.9990,1.6341,108.44,
2,Maze001,10.125,8.9736,-0.9990,1.6341,108.44,
2,Maze001,10.129,8.9736,-0.9990,1.6341,108.44,
2,Maze001,10.133,8.9736,-0.9990,1.6341,108.44,
2,Maze001,10.138,8.9736,-0.9990,1.6341,108.44,
2,Maze001,10.142,8.9736,-0.9990,1.6341,108.44,
2,Maze001,10.146,8.9736,-0.9990,1.6341,108.44,
2,Maze001,10.150,8.9736,-0.9990,1.6341,108.44,
2,Maze001,10.155,8.9736,-0.9990,1.6341,108.44,
2,Maze001,10.159,8.9736,-0.9990,1.6341,108.44,
2,Maze001,10.163,8.9736,-0.9990,1.6341,108.44,
2,Maze001,10.167,8.9736,-0.9990,1.6341,108.44,
2,Maze001,10.171,8.9736,-0.9990,1.6341,108.44,
2,Maze001,10.175,8.9736,-0.9990,1.6341,108.44,
2,Maze001,10.179,8.9736,-0.9990,1.6341,108.44,
2,Maze001,10.184,8.9736,-0.9990,1.6341,108.44,
2,Maze001,10.188,8.9736,-0.9990,1.6341,108.44,
2,Maze001,10.192,8.9736,-0.9990,1.6341,108.44,
2,Maze001,10.196,8.9736,-0.9990,1.6341,108.44,
2,Maze001,10.201,8.9736,-0.9990,1.6341,108.44,
2,Maze001,10.205,8.9736,-0.9990,1.6341,108.44,
2,Maze001,10.208,8.9736,-0.9990,1.6341,108.44,
2,Maze001,10.213,8.9736,-0.9990,1.6341,108.44,
2,Maze001,10.217,8.9736,-0.9990,1.6341,108.44,
2,Maze001,10.221,8.9736,-0.9990,1.6341,108.44,
2,Maze001,10.225,8.9736,-0.9990,1.6341,108.44,
2,Maze001,10.229,8.9736,-0.9990,1.6341,108.44,
2,Maze001,10.233,8.9736,-0.9990,1.6341,108.44,
2,Maze001,10.238,8.9736,-0.9990,1.6341,108.44,
2,Maze001,10.242,8.9736,-0.9990,1.6341,108.44,
2,Maze001,10.246,8.9736,-0.9990,1.6341,108.44,
2,Maze001,10.250,8.9736,-0.9990,1.6341,108.44,
2,Maze001,10.255,8.9736,-0.9990,1.6341,108.44,
2,Maze001,10.259,8.9736,-0.9990,1.6341,108.44,
2,Maze001,10.263,8.9736,-0.9990,1.6341,108.44,
2,Maze001,10.267,8.9736,-0.9990,1.6341,108.44,
2,Maze001,10.271,8.9736,-0.9990,1.6341,108.44,
2,Maze001,10.275,8.9736,-0.9990,1.6341,108.44,
2,Maze001,10.279,8.9736,-0.9990,1.6341,108.44,
2,Maze001,10.284,8.9736,-0.9990,1.6341,108.44,
2,Maze001,10.288,8.9736,-0.9990,1.6341,108.44,
2,Maze001,10.292,8.9736,-0.9990,1.6341,108.44,
2,Maze001,10.296,8.9736,-0.9990,1.6341,108.44,
2,Maze001,10.300,8.9736,-0.9990,1.6341,108.44,
2,Maze001,10.304,8.9736,-0.9990,1.6341,108.44,
2,Maze001,10.309,8.9736,-0.9990,1.6341,108.44,
2,Maze001,10.313,8.9736,-0.9990,1.6341,108.44,
2,Maze001,10.317,8.9736,-0.9990,1.6341,108.44,
2,Maze001,10.321,8.9736,-0.9990,1.6341,108.44,
2,Maze001,10.325,8.9736,-0.9990,1.6341,108.44,
2,Maze001,10.329,8.9736,-0.9990,1.6341,108.44,
2,Maze001,10.333,8.9736,-0.9990,1.6341,108.44,
2,Maze001,10.338,8.9736,-0.9990,1.6341,108.44,
2,Maze001,10.342,8.9736,-0.9990,1.6341,108.44,
2,Maze001,10.346,8.9736,-0.9990,1.6341,108.44,
2,Maze001,10.350,8.9736,-0.9990,1.6341,108.44,
2,Maze001,10.354,8.9736,-0.9990,1.6341,108.44,
2,Maze001,10.359,8.9736,-0.9990,1.6341,108.44,
2,Maze001,10.363,8.9736,-0.9990,1.6341,108.44,
2,Maze001,10.367,8.9736,-0.9990,1.6341,108.44,
2,Maze001,10.371,8.9736,-0.9990,1.6341,108.44,
2,Maze001,10.375,8.9736,-0.9990,1.6341,108.44,
2,Maze001,10.379,8.9736,-0.9990,1.6341,108.44,
2,Maze001,10.383,8.9736,-0.9990,1.6341,108.44,
2,Maze001,10.388,8.9736,-0.9990,1.6341,108.44,
2,Maze001,10.392,8.9736,-0.9990,1.6341,108.44,
2,Maze001,10.396,8.9736,-0.9990,1.6341,108.44,
2,Maze001,10.400,8.9736,-0.9990,1.6341,108.44,
2,Maze001,10.404,8.9736,-0.9990,1.6341,108.44,
2,Maze001,10.409,8.9736,-0.9990,1.6341,108.44,
2,Maze001,10.413,8.9736,-0.9990,1.6341,108.44,
2,Maze001,10.417,8.9736,-0.9990,1.6341,108.44,
2,Maze001,10.421,8.9736,-0.9990,1.6341,108.44,
2,Maze001,10.425,8.9736,-0.9990,1.6341,108.44,
2,Maze001,10.429,8.9736,-0.9990,1.6341,108.44,
2,Maze001,10.434,8.9736,-0.9990,1.6341,108.44,
2,Maze001,10.438,8.9736,-0.9990,1.6341,108.44,
2,Maze001,10.442,8.9736,-0.9990,1.6341,108.44,
2,Maze001,10.446,8.9736,-0.9990,1.6341,108.44,
2,Maze001,10.450,8.9736,-0.9990,1.6341,108.44,
2,Maze001,10.454,8.9736,-0.9990,1.6341,108.44,
2,Maze001,10.458,8.9736,-0.9990,1.6341,108.44,
2,Maze001,10.463,8.9736,-0.9990,1.6341,108.44,
2,Maze001,10.467,8.9736,-0.9990,1.6341,108.44,
2,Maze001,10.471,8.9736,-0.9990,1.6341,108.44,
2,Maze001,10.475,8.9736,-0.9990,1.6341,108.44,
2,Maze001,10.480,8.9736,-0.9990,1.6341,108.44,
2,Maze001,10.484,8.9736,-0.9990,1.6341,108.44,
2,Maze001,10.488,8.9736,-0.9990,1.6341,108.44,
2,Maze001,10.492,8.9736,-0.9990,1.6341,108.44,
2,Maze001,10.496,8.9736,-0.9990,1.6341,108.44,
2,Maze001,10.500,8.9736,-0.9990,1.6341,108.44,
2,Maze001,10.504,8.9736,-0.9990,1.6341,108.44,
2,Maze001,10.508,8.9736,-0.9990,1.6341,108.44,
2,Maze001,10.513,8.9736,-0.9990,1.6341,108.44,
2,Maze001,10.517,8.9736,-0.9990,1.6341,108.44,
2,Maze001,10.521,8.9736,-0.9990,1.6341,108.44,
2,Maze001,10.525,8.9736,-0.9990,1.6341,108.44,
2,Maze001,10.530,8.9736,-0.9990,1.6341,108.44,
2,Maze001,10.533,8.9736,-0.9990,1.6341,108.44,
2,Maze001,10.538,8.9736,-0.9990,1.6341,108.44,
2,Maze001,10.542,8.9736,-0.9990,1.6341,108.44,
2,Maze001,10.546,8.9736,-0.9990,1.6341,108.44,
2,Maze001,10.550,8.9736,-0.9990,1.6341,108.44,
2,Maze001,10.554,8.9736,-0.9990,1.6341,108.44,
2,Maze001,10.558,8.9736,-0.9990,1.6341,108.44,
2,Maze001,10.563,8.9736,-0.9990,1.6341,108.44,
2,Maze001,10.567,8.9736,-0.9990,1.6341,108.44,
2,Maze001,10.571,8.9736,-0.9990,1.6341,108.44,
2,Maze001,10.575,8.9736,-0.9990,1.6341,108.44,
2,Maze001,10.579,8.9736,-0.9990,1.6341,108.44,
2,Maze001,10.583,8.9736,-0.9990,1.6341,108.44,
2,Maze001,10.588,8.9736,-0.9990,1.6341,108.44,
2,Maze001,10.592,8.9736,-0.9990,1.6341,108.44,
2,Maze001,10.596,8.9736,-0.9990,1.6341,108.44,
2,Maze001,10.600,8.9736,-0.9990,1.6341,108.44,
2,Maze001,10.604,8.9736,-0.9990,1.6341,108.44,
2,Maze001,10.608,8.9736,-0.9990,1.6341,108.44,
2,Maze001,10.613,8.9736,-0.9990,1.6341,108.44,
2,Maze001,10.617,8.9736,-0.9990,1.6341,108.44,
2,Maze001,10.621,8.9736,-0.9990,1.6341,108.44,
2,Maze001,10.625,8.9736,-0.9990,1.6341,108.44,
2,Maze001,10.629,8.9736,-0.9990,1.6341,108.44,
2,Maze001,10.633,8.9736,-0.9990,1.6341,108.44,
2,Maze001,10.638,8.9736,-0.9990,1.6341,108.44,
2,Maze001,10.642,8.9736,-0.9990,1.6341,108.44,
2,Maze001,10.646,8.9736,-0.9990,1.6341,108.44,
2,Maze001,10.650,8.9736,-0.9990,1.6341,108.44,
2,Maze001,10.654,8.9736,-0.9990,1.6341,108.44,
2,Maze001,10.658,8.9736,-0.9990,1.6341,108.44,
2,Maze001,10.662,8.9736,-0.9990,1.6341,108.44,
2,Maze001,10.667,8.9736,-0.9990,1.6341,108.44,
2,Maze001,10.671,8.9736,-0.9990,1.6341,108.44,
2,Maze001,10.675,8.9736,-0.9990,1.6341,108.44,
2,Maze001,10.679,8.9736,-0.9990,1.6341,108.44,
2,Maze001,10.683,8.9736,-0.9990,1.6341,108.44,
2,Maze001,10.688,8.9736,-0.9990,1.6341,108.44,
2,Maze001,10.692,8.9736,-0.9990,1.6341,108.44,
2,Maze001,10.696,8.9736,-0.9990,1.6341,108.44,
2,Maze001,10.700,8.9736,-0.9990,1.6341,108.44,
2,Maze001,10.704,8.9736,-0.9990,1.6341,108.44,
2,Maze001,10.709,8.9736,-0.9990,1.6341,108.44,
2,Maze001,10.713,8.9736,-0.9990,1.6341,108.44,
2,Maze001,10.717,8.9736,-0.9990,1.6341,108.44,
2,Maze001,10.721,8.9736,-0.9990,1.6341,108.44,
2,Maze001,10.725,8.9736,-0.9990,1.6341,108.44,
2,Maze001,10.729,8.9736,-0.9990,1.6341,108.44,
2,Maze001,10.734,8.9736,-0.9990,1.6341,108.44,
2,Maze001,10.738,8.9736,-0.9990,1.6341,108.44,
2,Maze001,10.742,8.9736,-0.9990,1.6341,108.44,
2,Maze001,10.746,8.9736,-0.9990,1.6341,108.44,
2,Maze001,10.750,8.9736,-0.9990,1.6341,108.44,
2,Maze001,10.755,8.9736,-0.9990,1.6341,108.44,
2,Maze001,10.759,8.9736,-0.9990,1.6341,108.44,
2,Maze001,10.764,8.9736,-0.9990,1.6341,108.44,
2,Maze001,10.767,8.9736,-0.9990,1.6341,108.44,
2,Maze001,10.771,8.9736,-0.9990,1.6341,108.44,
2,Maze001,10.775,8.9736,-0.9990,1.6341,108.44,
2,Maze001,10.780,8.9736,-0.9990,1.6341,108.44,
2,Maze001,10.784,8.9736,-0.9990,1.6341,108.44,
2,Maze001,10.788,8.9736,-0.9990,1.6341,108.44,
2,Maze001,10.792,8.9736,-0.9990,1.6341,108.44,
2,Maze001,10.796,8.9736,-0.9990,1.6341,108.44,
2,Maze001,10.800,8.9736,-0.9990,1.6341,108.44,
2,Maze001,10.804,8.9736,-0.9990,1.6341,108.44,
2,Maze001,10.808,8.9736,-0.9990,1.6341,108.44,
2,Maze001,10.813,8.9736,-0.9990,1.6341,108.44,
2,Maze001,10.817,8.9736,-0.9990,1.6341,108.44,
2,Maze001,10.821,8.9736,-0.9990,1.6341,108.44,
2,Maze001,10.825,8.9736,-0.9990,1.6341,108.44,
2,Maze001,10.830,8.9736,-0.9990,1.6341,108.44,
2,Maze001,10.834,8.9736,-0.9990,1.6341,108.44,
2,Maze001,10.838,8.9736,-0.9990,1.6341,108.44,
2,Maze001,10.842,8.9736,-0.9990,1.6341,108.44,
2,Maze001,10.846,8.9736,-0.9990,1.6341,108.44,
2,Maze001,10.850,8.9736,-0.9990,1.6341,108.44,
2,Maze001,10.854,8.9736,-0.9990,1.6341,108.44,
2,Maze001,10.859,8.9736,-0.9990,1.6341,108.44,
2,Maze001,10.863,8.9736,-0.9990,1.6341,108.44,
2,Maze001,10.867,8.9736,-0.9990,1.6341,108.44,
2,Maze001,10.871,8.9736,-0.9990,1.6341,108.44,
2,Maze001,10.875,8.9736,-0.9990,1.6341,108.44,
2,Maze001,10.879,8.9736,-0.9990,1.6341,108.44,
2,Maze001,10.883,8.9736,-0.9990,1.6341,108.44,
2,Maze001,10.888,8.9736,-0.9990,1.6341,108.44,
2,Maze001,10.892,8.9736,-0.9990,1.6341,108.44,
2,Maze001,10.896,8.9736,-0.9990,1.6341,108.44,
2,Maze001,10.900,8.9736,-0.9990,1.6341,108.44,
2,Maze001,10.904,8.9736,-0.9990,1.6341,108.44,
2,Maze001,10.909,8.9736,-0.9990,1.6341,108.44,
2,Maze001,10.913,8.9736,-0.9990,1.6341,108.44,
2,Maze001,10.917,8.9736,-0.9990,1.6341,108.44,
2,Maze001,10.921,8.9736,-0.9990,1.6341,108.44,
2,Maze001,10.925,8.9736,-0.9990,1.6341,108.44,
2,Maze001,10.929,8.9736,-0.9990,1.6341,108.44,
2,Maze001,10.933,8.9736,-0.9990,1.6341,108.44,
2,Maze001,10.938,8.9736,-0.9990,1.6341,108.44,
2,Maze001,10.942,8.9736,-0.9990,1.6341,108.44,
2,Maze001,10.946,8.9736,-0.9990,1.6341,108.44,
2,Maze001,10.950,8.9736,-0.9990,1.6341,108.44,
2,Maze001,10.954,8.9736,-0.9990,1.6341,108.44,
2,Maze001,10.958,8.9736,-0.9990,1.6341,108.44,
2,Maze001,10.963,8.9736,-0.9990,1.6341,108.44,
2,Maze001,10.967,8.9736,-0.9990,1.6341,108.44,
2,Maze001,10.971,8.9736,-0.9990,1.6341,108.44,
2,Maze001,10.975,8.9736,-0.9990,1.6341,108.44,
2,Maze001,10.979,8.9736,-0.9990,1.6341,108.44,
2,Maze001,10.984,8.9736,-0.9990,1.6341,108.44,
2,Maze001,10.988,8.9736,-0.9990,1.6341,108.44,
2,Maze001,10.992,8.9736,-0.9990,1.6341,108.44,
2,Maze001,10.996,8.9736,-0.9990,1.6341,108.44,
2,Maze001,11.000,8.9736,-0.9990,1.6341,108.44,
2,Maze001,11.004,8.9736,-0.9990,1.6341,108.44,
2,Maze001,11.008,8.9736,-0.9990,1.6341,108.44,
2,Maze001,11.013,8.9736,-0.9990,1.6341,108.44,
2,Maze001,11.017,8.9736,-0.9990,1.6341,108.44,
2,Maze001,11.021,8.9736,-0.9990,1.6341,108.44,
2,Maze001,11.025,8.9736,-0.9990,1.6341,108.44,
2,Maze001,11.029,8.9736,-0.9990,1.6341,108.44,
2,Maze001,11.033,8.9736,-0.9990,1.6341,108.44,
2,Maze001,11.038,8.9736,-0.9990,1.6341,108.44,
2,Maze001,11.042,8.9736,-0.9990,1.6341,108.44,
2,Maze001,11.046,8.9736,-0.9990,1.6341,108.44,
2,Maze001,11.050,8.9736,-0.9990,1.6341,108.44,
2,Maze001,11.054,8.9736,-0.9990,1.6341,108.44,
2,Maze001,11.059,8.9736,-0.9990,1.6341,108.44,
2,Maze001,11.063,8.9736,-0.9990,1.6341,108.44,
2,Maze001,11.067,8.9736,-0.9990,1.6341,108.44,
2,Maze001,11.071,8.9736,-0.9990,1.6341,108.44,
2,Maze001,11.075,8.9736,-0.9990,1.6341,108.44,
2,Maze001,11.079,8.9736,-0.9990,1.6341,108.44,
2,Maze001,11.084,8.9736,-0.9990,1.6341,108.44,
2,Maze001,11.088,8.9736,-0.9990,1.6341,108.44,
2,Maze001,11.092,8.9736,-0.9990,1.6341,108.44,
2,Maze001,11.096,8.9736,-0.9990,1.6341,108.44,
2,Maze001,11.100,8.9736,-0.9990,1.6341,108.44,
2,Maze001,11.105,8.9736,-0.9990,1.6341,108.44,
2,Maze001,11.109,8.9736,-0.9990,1.6341,108.44,
2,Maze001,11.113,8.9736,-0.9990,1.6341,108.44,
2,Maze001,11.117,8.9736,-0.9990,1.6341,108.44,
2,Maze001,11.121,8.9736,-0.9990,1.6341,108.44,
2,Maze001,11.125,8.9736,-0.9990,1.6341,108.44,
2,Maze001,11.129,8.9736,-0.9990,1.6341,108.44,
2,Maze001,11.133,8.9736,-0.9990,1.6341,108.44,
2,Maze001,11.138,8.9736,-0.9990,1.6341,108.44,
2,Maze001,11.142,8.9736,-0.9990,1.6341,108.44,
2,Maze001,11.146,8.9736,-0.9990,1.6341,108.44,
2,Maze001,11.151,8.9736,-0.9990,1.6341,108.44,
2,Maze001,11.154,8.9736,-0.9990,1.6341,108.44,
2,Maze001,11.159,8.9736,-0.9990,1.6341,108.44,
2,Maze001,11.163,8.9736,-0.9990,1.6341,108.44,
2,Maze001,11.167,8.9736,-0.9990,1.6341,108.44,
2,Maze001,11.171,8.9736,-0.9990,1.6341,108.44,
2,Maze001,11.175,8.9736,-0.9990,1.6341,108.44,
2,Maze001,11.179,8.9736,-0.9990,1.6341,108.44,
2,Maze001,11.183,8.9736,-0.9990,1.6341,108.44,
2,Maze001,11.188,8.9736,-0.9990,1.6341,108.44,
2,Maze001,11.192,8.9736,-0.9990,1.6341,108.44,
2,Maze001,11.196,8.9736,-0.9990,1.6341,108.44,
2,Maze001,11.200,8.9736,-0.9990,1.6341,108.44,
2,Maze001,11.204,8.9736,-0.9990,1.6341,108.44,
2,Maze001,11.209,8.9736,-0.9990,1.6341,108.44,
2,Maze001,11.213,8.9736,-0.9990,1.6341,108.44,
2,Maze001,11.217,8.9736,-0.9990,1.6341,108.44,
2,Maze001,11.221,8.9736,-0.9990,1.6341,108.44,
2,Maze001,11.225,8.9736,-0.9990,1.6341,108.44,
2,Maze001,11.229,8.9736,-0.9990,1.6341,108.44,
2,Maze001,11.233,8.9736,-0.9990,1.6341,108.44,
2,Maze001,11.238,8.9736,-0.9990,1.6341,108.44,
2,Maze001,11.242,8.9736,-0.9990,1.6341,108.44,
2,Maze001,11.246,8.9736,-0.9990,1.6341,108.44,
2,Maze001,11.250,8.9736,-0.9990,1.6341,108.44,
2,Maze001,11.254,8.9736,-0.9990,1.6341,108.44,
2,Maze001,11.258,8.9736,-0.9990,1.6341,108.44,
2,Maze001,11.263,8.9736,-0.9990,1.6341,108.44,
2,Maze001,11.267,8.9736,-0.9990,1.6341,108.44,
2,Maze001,11.271,8.9736,-0.9990,1.6341,108.44,
2,Maze001,11.275,8.9736,-0.9990,1.6341,108.44,
2,Maze001,11.279,8.9736,-0.9990,1.6341,108.44,
2,Maze001,11.284,8.9736,-0.9990,1.6341,108.44,
2,Maze001,11.288,8.9736,-0.9990,1.6341,108.44,
2,Maze001,11.292,8.9736,-0.9990,1.6341,108.44,
2,Maze001,11.296,8.9736,-0.9990,1.6341,108.44,
2,Maze001,11.300,8.9736,-0.9990,1.6341,108.44,
2,Maze001,11.304,8.9736,-0.9990,1.6341,108.44,
2,Maze001,11.308,8.9736,-0.9990,1.6341,108.44,
2,Maze001,11.313,8.9736,-0.9990,1.6341,108.44,
2,Maze001,11.317,8.9736,-0.9990,1.6341,108.44,
2,Maze001,11.321,8.9736,-0.9990,1.6341,108.44,
2,Maze001,11.325,8.9736,-0.9990,1.6341,108.44,
2,Maze001,11.329,8.9736,-0.9990,1.6341,108.44,
2,Maze001,11.333,8.9736,-0.9990,1.6341,108.44,
2,Maze001,11.338,8.9736,-0.9990,1.6341,108.44,
2,Maze001,11.342,8.9736,-0.9990,1.6341,108.44,
2,Maze001,11.346,8.9736,-0.9990,1.6341,108.44,
2,Maze001,11.350,8.9736,-0.9990,1.6341,108.44,
2,Maze001,11.354,8.9736,-0.9990,1.6341,108.44,
2,Maze001,11.358,8.9736,-0.9990,1.6341,108.44,
2,Maze001,11.363,8.9736,-0.9990,1.6341,108.44,
2,Maze001,11.367,8.9736,-0.9990,1.6341,108.44,
2,Maze001,11.371,8.9736,-0.9990,1.6341,108.44,
2,Maze001,11.375,8.9736,-0.9990,1.6341,108.44,
2,Maze001,11.379,8.9736,-0.9990,1.6341,108.44,
2,Maze001,11.383,8.9736,-0.9990,1.6341,108.44,
2,Maze001,11.388,8.9736,-0.9990,1.6341,108.44,
2,Maze001,11.392,8.9736,-0.9990,1.6341,108.44,
2,Maze001,11.396,8.9736,-0.9990,1.6341,108.44,
2,Maze001,11.400,8.9736,-0.9990,1.6341,108.44,
2,Maze001,11.404,8.9736,-0.9990,1.6341,108.44,
2,Maze001,11.409,8.9736,-0.9990,1.6341,108.44,
2,Maze001,11.413,8.9736,-0.9990,1.6341,108.44,
2,Maze001,11.417,8.9736,-0.9990,1.6341,108.44,
2,Maze001,11.421,8.9736,-0.9990,1.6341,108.44,
2,Maze001,11.425,8.9736,-0.9990,1.6341,108.44,
2,Maze001,11.429,8.9736,-0.9990,1.6341,108.44,
2,Maze001,11.433,8.9736,-0.9990,1.6341,108.44,
2,Maze001,11.437,8.9736,-0.9990,1.6341,108.44,
2,Maze001,11.442,8.9736,-0.9990,1.6341,108.44,
2,Maze001,11.446,8.9736,-0.9990,1.6341,108.44,
2,Maze001,11.450,8.9736,-0.9990,1.6341,108.44,
2,Maze001,11.454,8.9736,-0.9990,1.6341,108.44,
2,Maze001,11.458,8.9736,-0.9990,1.6341,108.44,
2,Maze001,11.463,8.9736,-0.9990,1.6341,108.44,
2,Maze001,11.467,8.9736,-0.9990,1.6341,108.44,
2,Maze001,11.471,8.9736,-0.9990,1.6341,108.44,
2,Maze001,11.475,8.9736,-0.9990,1.6341,108.44,
2,Maze001,11.479,8.9736,-0.9990,1.6341,108.44,
2,Maze001,11.484,8.9736,-0.9990,1.6341,108.44,
2,Maze001,11.488,8.9736,-0.9990,1.6341,108.44,
2,Maze001,11.492,8.9736,-0.9990,1.6341,108.44,
2,Maze001,11.496,8.9736,-0.9990,1.6341,108.44,
2,Maze001,11.500,8.9736,-0.9990,1.6341,108.44,
2,Maze001,11.504,8.9736,-0.9990,1.6341,108.44,
2,Maze001,11.508,8.9736,-0.9990,1.6341,108.44,
2,Maze001,11.513,8.9736,-0.9990,1.6341,108.44,
2,Maze001,11.517,8.9736,-0.9990,1.6341,108.44,
2,Maze001,11.521,8.9736,-0.9990,1.6341,108.44,
2,Maze001,11.525,8.9736,-0.9990,1.6341,108.44,
2,Maze001,11.529,8.9736,-0.9990,1.6341,108.44,
2,Maze001,11.534,8.9736,-0.9990,1.6341,108.44,
2,Maze001,11.538,8.9736,-0.9990,1.6341,108.44,
2,Maze001,11.542,8.9736,-0.9990,1.6341,108.44,
2,Maze001,11.546,8.9736,-0.9990,1.6341,108.44,
2,Maze001,11.550,8.9736,-0.9990,1.6341,108.44,
2,Maze001,11.554,8.9736,-0.9990,1.6341,108.44,
2,Maze001,11.558,8.9736,-0.9990,1.6341,108.44,
2,Maze001,11.562,8.9736,-0.9990,1.6341,108.44,
2,Maze001,11.567,8.9736,-0.9990,1.6341,108.44,
2,Maze001,11.571,8.9736,-0.9990,1.6341,108.44,
2,Maze001,11.575,8.9736,-0.9990,1.6341,108.44,
2,Maze001,11.579,8.9736,-0.9990,1.6341,108.44,
2,Maze001,11.583,8.9736,-0.9990,1.6341,108.44,
2,Maze001,11.588,8.9736,-0.9990,1.6341,108.44,
2,Maze001,11.592,8.9736,-0.9990,1.6341,108.44,
2,Maze001,11.596,8.9736,-0.9990,1.6341,108.44,
2,Maze001,11.600,8.9736,-0.9990,1.6341,108.44,
2,Maze001,11.604,8.9736,-0.9990,1.6341,108.44,
2,Maze001,11.608,8.9736,-0.9990,1.6341,108.44,
2,Maze001,11.612,8.9736,-0.9990,1.6341,108.44,
2,Maze001,11.616,8.9736,-0.9990,1.6341,108.44,
2,Maze001,11.621,8.9736,-0.9990,1.6341,108.44,
2,Maze001,11.625,8.9736,-0.9990,1.6341,108.44,
2,Maze001,11.629,8.9736,-0.9990,1.6341,108.44,
2,Maze001,11.633,8.9736,-0.9990,1.6341,108.44,
2,Maze001,11.638,8.9736,-0.9990,1.6341,108.44,
2,Maze001,11.642,8.9736,-0.9990,1.6341,108.44,
2,Maze001,11.646,8.9736,-0.9990,1.6341,108.44,
2,Maze001,11.650,8.9736,-0.9990,1.6341,108.44,
2,Maze001,11.655,8.9736,-0.9990,1.6341,108.44,
2,Maze001,11.659,8.9736,-0.9990,1.6341,108.44,
2,Maze001,11.663,8.9736,-0.9990,1.6341,108.44,
2,Maze001,11.667,8.9736,-0.9990,1.6341,108.44,
2,Maze001,11.671,8.9736,-0.9990,1.6341,108.44,
2,Maze001,11.675,8.9736,-0.9990,1.6341,108.44,
2,Maze001,11.679,8.9736,-0.9990,1.6341,108.44,
2,Maze001,11.684,8.9736,-0.9990,1.6341,108.44,
2,Maze001,11.688,8.9736,-0.9990,1.6341,108.44,
2,Maze001,11.692,8.9736,-0.9990,1.6341,108.44,
2,Maze001,11.696,8.9736,-0.9990,1.6341,108.44,
2,Maze001,11.700,8.9736,-0.9990,1.6341,108.44,
2,Maze001,11.704,8.9736,-0.9990,1.6341,108.44,
2,Maze001,11.709,8.9736,-0.9990,1.6341,108.44,
2,Maze001,11.713,8.9736,-0.9990,1.6341,108.44,
2,Maze001,11.717,8.9736,-0.9990,1.6341,108.44,
2,Maze001,11.721,8.9736,-0.9990,1.6341,108.44,
2,Maze001,11.725,8.9736,-0.9990,1.6341,108.44,
2,Maze001,11.730,8.9736,-0.9990,1.6341,108.44,
2,Maze001,11.733,8.9736,-0.9990,1.6341,108.44,
2,Maze001,11.738,8.9736,-0.9990,1.6341,108.44,
2,Maze001,11.742,8.9736,-0.9990,1.6341,108.44,
2,Maze001,11.746,8.9736,-0.9990,1.6341,108.44,
2,Maze001,11.751,8.9736,-0.9990,1.6341,108.44,
2,Maze001,11.755,8.9736,-0.9990,1.6341,108.44,
2,Maze001,11.759,8.9736,-0.9990,1.6341,108.44,
2,Maze001,11.763,8.9736,-0.9990,1.6341,108.44,
2,Maze001,11.767,8.9736,-0.9990,1.6341,108.44,
2,Maze001,11.771,8.9736,-0.9990,1.6341,108.44,
2,Maze001,11.775,8.9736,-0.9990,1.6341,108.44,
2,Maze001,11.781,8.9736,-0.9990,1.6341,108.44,
2,Maze001,11.784,8.9736,-0.9990,1.6341,108.44,
2,Maze001,11.788,8.9736,-0.9990,1.6341,108.44,
2,Maze001,11.792,8.9736,-0.9990,1.6341,108.44,
2,Maze001,11.796,8.9736,-0.9990,1.6341,108.44,
2,Maze001,11.800,8.9736,-0.9990,1.6341,108.44,
2,Maze001,11.804,8.9736,-0.9990,1.6341,108.44,
2,Maze001,11.808,8.9736,-0.9990,1.6341,108.44,
2,Maze001,11.812,8.9736,-0.9990,1.6341,108.44,
2,Maze001,11.816,8.9736,-0.9990,1.6341,108.44,
2,Maze001,11.821,8.9736,-0.9990,1.6341,108.44,
2,Maze001,11.825,8.9736,-0.9990,1.6341,108.44,
2,Maze001,11.829,8.9736,-0.9990,1.6341,108.44,
2,Maze001,11.833,8.9736,-0.9990,1.6341,108.44,
2,Maze001,11.838,8.9736,-0.9990,1.6341,108.44,
2,Maze001,11.842,8.9736,-0.9990,1.6341,108.44,
2,Maze001,11.846,8.9736,-0.9990,1.6341,108.44,
2,Maze001,11.850,8.9736,-0.9990,1.6341,108.44,
2,Maze001,11.854,8.9736,-0.9990,1.6341,108.44,
2,Maze001,11.858,8.9736,-0.9990,1.6341,108.44,
2,Maze001,11.863,8.9736,-0.9990,1.6341,108.44,
2,Maze001,11.867,8.9736,-0.9990,1.6341,108.44,
2,Maze001,11.871,8.9736,-0.9990,1.6341,108.44,
2,Maze001,11.875,8.9736,-0.9990,1.6341,108.44,
2,Maze001,11.879,8.9736,-0.9990,1.6341,108.44,
2,Maze001,11.883,8.9736,-0.9990,1.6341,108.44,
2,Maze001,11.889,8.9736,-0.9990,1.6341,108.44,
2,Maze001,11.892,8.9736,-0.9990,1.6341,108.44,
2,Maze001,11.896,8.9736,-0.9990,1.6341,108.44,
2,Maze001,11.900,8.9736,-0.9990,1.6341,108.44,
2,Maze001,11.904,8.9736,-0.9990,1.6341,108.44,
2,Maze001,11.908,8.9736,-0.9990,1.6341,108.44,
2,Maze001,11.913,8.9736,-0.9990,1.6341,108.44,
2,Maze001,11.917,8.9736,-0.9990,1.6341,108.44,
2,Maze001,11.921,8.9736,-0.9990,1.6341,108.44,
2,Maze001,11.925,8.9736,-0.9990,1.6341,108.44,
2,Maze001,11.929,8.9736,-0.9990,1.6341,108.44,
2,Maze001,11.933,8.9736,-0.9990,1.6341,108.44,
2,Maze001,11.938,8.9736,-0.9990,1.6341,108.44,
2,Maze001,11.942,8.9736,-0.9990,1.6341,108.44,
2,Maze001,11.946,8.9736,-0.9990,1.6341,108.44,
2,Maze001,11.950,8.9736,-0.9990,1.6341,108.44,
2,Maze001,11.954,8.9736,-0.9990,1.6341,108.44,
2,Maze001,11.958,8.9736,-0.9990,1.6341,108.44,
2,Maze001,11.962,8.9736,-0.9990,1.6341,108.44,
2,Maze001,11.967,8.9736,-0.9990,1.6341,108.44,
2,Maze001,11.971,8.9736,-0.9990,1.6341,108.44,
2,Maze001,11.975,8.9736,-0.9990,1.6341,108.44,
2,Maze001,11.979,8.9736,-0.9990,1.6341,108.44,
2,Maze001,11.983,8.9736,-0.9990,1.6341,108.44,
2,Maze001,11.987,8.9736,-0.9990,1.6341,108.44,
2,Maze001,11.992,8.9736,-0.9990,1.6341,108.44,
2,Maze001,11.996,8.9736,-0.9990,1.6341,108.44,
2,Maze001,12.000,8.9736,-0.9990,1.6341,108.44,
2,Maze001,12.004,8.9736,-0.9990,1.6341,108.44,
2,Maze001,12.009,8.9736,-0.9990,1.6341,108.44,
2,Maze001,12.013,8.9736,-0.9990,1.6341,108.44,
2,Maze001,12.017,8.9736,-0.9990,1.6341,108.44,
2,Maze001,12.021,8.9736,-0.9990,1.6341,108.44,
2,Maze001,12.025,8.9736,-0.9990,1.6341,108.44,
2,Maze001,12.029,8.9736,-0.9990,1.6341,108.44,
2,Maze001,12.033,8.9736,-0.9990,1.6341,108.44,
2,Maze001,12.037,8.9736,-0.9990,1.6341,108.44,
2,Maze001,12.041,8.9736,-0.9990,1.6341,108.44,
2,Maze001,12.046,8.9736,-0.9990,1.6341,108.44,
2,Maze001,12.050,8.9736,-0.9990,1.6341,108.44,
2,Maze001,12.054,8.9736,-0.9990,1.6341,108.44,
2,Maze001,12.058,8.9736,-0.9990,1.6341,108.44,
2,Maze001,12.062,8.9736,-0.9990,1.6341,108.44,
2,Maze001,12.067,8.9736,-0.9990,1.6341,108.44,
2,Maze001,12.071,8.9736,-0.9990,1.6341,108.44,
2,Maze001,12.075,8.9736,-0.9990,1.6341,108.44,
2,Maze001,12.079,8.9736,-0.9990,1.6341,108.44,
2,Maze001,12.083,8.9736,-0.9990,1.6341,108.44,
2,Maze001,12.087,8.9736,-0.9990,1.6341,108.44,
2,Maze001,12.092,8.9736,-0.9990,1.6341,108.44,
2,Maze001,12.096,8.9736,-0.9990,1.6341,108.44,
2,Maze001,12.100,8.9736,-0.9990,1.6341,108.44,
2,Maze001,12.105,8.9736,-0.9990,1.6341,108.44,
2,Maze001,12.109,8.9736,-0.9990,1.6341,108.44,
2,Maze001,12.113,8.9736,-0.9990,1.6341,108.44,
2,Maze001,12.117,8.9736,-0.9990,1.6341,108.44,
2,Maze001,12.121,8.9736,-0.9990,1.6341,108.44,
2,Maze001,12.125,8.9736,-0.9990,1.6341,108.44,
2,Maze001,12.129,8.9736,-0.9990,1.6341,108.44,
2,Maze001,12.133,8.9736,-0.9990,1.6341,108.44,
2,Maze001,12.138,8.9736,-0.9990,1.6341,108.44,
2,Maze001,12.142,8.9736,-0.9990,1.6341,108.44,
2,Maze001,12.146,8.9736,-0.9990,1.6341,108.44,
2,Maze001,12.150,8.9736,-0.9990,1.6341,108.44,
2,Maze001,12.154,8.9736,-0.9990,1.6341,108.44,
2,Maze001,12.158,8.9736,-0.9990,1.6341,108.44,
2,Maze001,12.162,8.9736,-0.9990,1.6341,108.44,
2,Maze001,12.167,8.9736,-0.9990,1.6341,108.44,
2,Maze001,12.171,8.9736,-0.9990,1.6341,108.44,
2,Maze001,12.175,8.9736,-0.9990,1.6341,108.44,
2,Maze001,12.179,8.9736,-0.9990,1.6341,108.44,
2,Maze001,12.183,8.9736,-0.9990,1.6341,108.44,
2,Maze001,12.188,8.9736,-0.9990,1.6341,108.44,
2,Maze001,12.192,8.9736,-0.9990,1.6341,108.44,
2,Maze001,12.196,8.9736,-0.9990,1.6341,108.44,
2,Maze001,12.200,8.9736,-0.9990,1.6341,108.44,
2,Maze001,12.204,8.9736,-0.9990,1.6341,108.44,
2,Maze001,12.208,8.9736,-0.9990,1.6341,108.44,
2,Maze001,12.213,8.9736,-0.9990,1.6341,108.44,
2,Maze001,12.216,8.9736,-0.9990,1.6341,108.44,
2,Maze001,12.221,8.9736,-0.9990,1.6341,108.44,
2,Maze001,12.225,8.9736,-0.9990,1.6341,108.44,
2,Maze001,12.229,8.9736,-0.9990,1.6341,108.44,
2,Maze001,12.233,8.9736,-0.9990,1.6341,108.44,
2,Maze001,12.238,8.9736,-0.9990,1.6341,108.44,
2,Maze001,12.242,8.9736,-0.9990,1.6341,108.44,
2,Maze001,12.246,8.9736,-0.9990,1.6341,108.44,
2,Maze001,12.250,8.9736,-0.9990,1.6341,108.44,
2,Maze001,12.254,8.9736,-0.9990,1.6341,108.44,
2,Maze001,12.258,8.9736,-0.9990,1.6341,108.44,
2,Maze001,12.262,8.9736,-0.9990,1.6341,108.44,
2,Maze001,12.267,8.9736,-0.9990,1.6341,108.44,
2,Maze001,12.271,8.9736,-0.9990,1.6341,108.44,
2,Maze001,12.275,8.9736,-0.9990,1.6341,108.44,
2,Maze001,12.279,8.9736,-0.9990,1.6341,108.44,
2,Maze001,12.283,8.9736,-0.9990,1.6341,108.44,
2,Maze001,12.288,8.9736,-0.9990,1.6341,108.44,
2,Maze001,12.292,8.9736,-0.9990,1.6341,108.44,
2,Maze001,12.296,8.9736,-0.9990,1.6341,108.44,
2,Maze001,12.300,8.9736,-0.9990,1.6341,108.44,
2,Maze001,12.304,8.9736,-0.9990,1.6341,108.44,
2,Maze001,12.308,8.9736,-0.9990,1.6341,108.44,
2,Maze001,12.312,8.9736,-0.9990,1.6341,108.44,
2,Maze001,12.317,8.9736,-0.9990,1.6341,108.44,
2,Maze001,12.321,8.9736,-0.9990,1.6341,108.44,
2,Maze001,12.325,8.9736,-0.9990,1.6341,108.44,
2,Maze001,12.329,8.9736,-0.9990,1.6341,108.44,
2,Maze001,12.333,8.9736,-0.9990,1.6341,108.44,
2,Maze001,12.337,8.9736,-0.9990,1.6341,108.44,
2,Maze001,12.342,8.9736,-0.9990,1.6341,108.44,
2,Maze001,12.346,8.9736,-0.9990,1.6341,108.44,
2,Maze001,12.350,8.9736,-0.9990,1.6341,108.44,
2,Maze001,12.354,8.9736,-0.9990,1.6341,108.44,
2,Maze001,12.358,8.9736,-0.9990,1.6341,108.44,
2,Maze001,12.362,8.9736,-0.9990,1.6341,108.44,
2,Maze001,12.366,8.9736,-0.9990,1.6341,108.44,
2,Maze001,12.371,8.9736,-0.9990,1.6341,108.44,
2,Maze001,12.375,8.9736,-0.9990,1.6341,108.44,
2,Maze001,12.379,8.9736,-0.9990,1.6341,108.44,
2,Maze001,12.383,8.9736,-0.9990,1.6341,108.44,
2,Maze001,12.388,8.9736,-0.9990,1.6341,108.44,
2,Maze001,12.392,8.9736,-0.9990,1.6341,108.44,
2,Maze001,12.396,8.9736,-0.9990,1.6341,108.44,
2,Maze001,12.400,8.9736,-0.9990,1.6341,108.44,
2,Maze001,12.405,8.9736,-0.9990,1.6341,108.44,
2,Maze001,12.408,8.9736,-0.9990,1.6341,108.44,
2,Maze001,12.412,8.9736,-0.9990,1.6341,108.44,
2,Maze001,12.417,8.9736,-0.9990,1.6341,108.44,
2,Maze001,12.421,8.9736,-0.9990,1.6341,108.44,
2,Maze001,12.425,8.9736,-0.9990,1.6341,108.44,
2,Maze001,12.429,8.9736,-0.9990,1.6341,108.44,
2,Maze001,12.433,8.9736,-0.9990,1.6341,108.44,
2,Maze001,12.437,8.9736,-0.9990,1.6341,108.44,
2,Maze001,12.442,8.9736,-0.9990,1.6341,108.44,
2,Maze001,12.446,8.9736,-0.9990,1.6341,108.44,
2,Maze001,12.450,8.9736,-0.9990,1.6341,108.44,
2,Maze001,12.454,8.9736,-0.9990,1.6341,108.44,
2,Maze001,12.458,8.9736,-0.9990,1.6341,108.44,
2,Maze001,12.462,8.9736,-0.9990,1.6341,108.44,
2,Maze001,12.466,8.9736,-0.9990,1.6341,108.44,
2,Maze001,12.471,8.9736,-0.9990,1.6341,108.44,
2,Maze001,12.475,8.9736,-0.9990,1.6341,108.44,
2,Maze001,12.479,8.9736,-0.9990,1.6341,108.44,
2,Maze001,12.483,8.9736,-0.9990,1.6341,108.44,
2,Maze001,12.487,8.9736,-0.9990,1.6341,108.44,
2,Maze001,12.491,8.9736,-0.9990,1.6341,108.44,
2,Maze001,12.496,8.9736,-0.9990,1.6341,108.44,
2,Maze001,12.500,8.9736,-0.9990,1.6341,108.44,
2,Maze001,12.504,8.9736,-0.9990,1.6341,108.44,
2,Maze001,12.508,8.9736,-0.9990,1.6341,108.44,
2,Maze001,12.512,8.9736,-0.9990,1.6341,108.44,
2,Maze001,12.517,8.9736,-0.9990,1.6341,108.44,
2,Maze001,12.521,8.9736,-0.9990,1.6341,108.44,
2,Maze001,12.525,8.9736,-0.9990,1.6341,108.44,
2,Maze001,12.529,8.9736,-0.9990,1.6341,108.44,
2,Maze001,12.533,8.9736,-0.9990,1.6341,108.44,
2,Maze001,12.537,8.9736,-0.9990,1.6341,108.44,
2,Maze001,12.542,8.9736,-0.9990,1.6341,108.44,
2,Maze001,12.546,8.9736,-0.9990,1.6341,108.44,
2,Maze001,12.550,8.9736,-0.9990,1.6341,108.44,
2,Maze001,12.554,8.9736,-0.9990,1.6341,108.44,
2,Maze001,12.559,8.9736,-0.9990,1.6341,108.44,
2,Maze001,12.562,8.9736,-0.9990,1.6341,108.44,
2,Maze001,12.567,8.9736,-0.9990,1.6341,108.44,
2,Maze001,12.571,8.9736,-0.9990,1.6341,108.44,
2,Maze001,12.575,8.9736,-0.9990,1.6341,108.44,
2,Maze001,12.579,8.9736,-0.9990,1.6341,108.44,
2,Maze001,12.583,8.9736,-0.9990,1.6341,108.44,
2,Maze001,12.588,8.9736,-0.9990,1.6341,108.44,
2,Maze001,12.591,8.9736,-0.9990,1.6341,108.44,
2,Maze001,12.596,8.9736,-0.9990,1.6341,108.44,
2,Maze001,12.600,8.9736,-0.9990,1.6341,108.44,
2,Maze001,12.604,8.9736,-0.9990,1.6341,108.44,
2,Maze001,12.608,8.9736,-0.9990,1.6341,108.44,
2,Maze001,12.612,8.9736,-0.9990,1.6341,108.44,
2,Maze001,12.616,8.9736,-0.9990,1.6341,108.44,
2,Maze001,12.621,8.9736,-0.9990,1.6341,108.44,
2,Maze001,12.625,8.9736,-0.9990,1.6341,108.44,
2,Maze001,12.629,8.9736,-0.9990,1.6341,108.44,
2,Maze001,12.633,8.9736,-0.9990,1.6341,108.44,
2,Maze001,12.637,8.9736,-0.9990,1.6341,108.44,
2,Maze001,12.641,8.9736,-0.9990,1.6341,108.44,
2,Maze001,12.646,8.9736,-0.9990,1.6341,108.44,
2,Maze001,12.650,8.9736,-0.9990,1.6341,108.44,
2,Maze001,12.654,8.9736,-0.9990,1.6341,108.44,
2,Maze001,12.658,8.9736,-0.9990,1.6341,108.44,
2,Maze001,12.663,8.9736,-0.9990,1.6341,108.44,
2,Maze001,12.667,8.9736,-0.9990,1.6341,108.44,
2,Maze001,12.671,8.9736,-0.9990,1.6341,108.44,
2,Maze001,12.675,8.9736,-0.9990,1.6341,108.44,
2,Maze001,12.679,8.9736,-0.9990,1.6341,108.44,
2,Maze001,12.683,8.9736,-0.9990,1.6341,108.44,
2,Maze001,12.687,8.9736,-0.9990,1.6341,108.44,
2,Maze001,12.691,8.9736,-0.9990,1.6341,108.44,
2,Maze001,12.696,8.9736,-0.9990,1.6341,108.44,
2,Maze001,12.700,8.9736,-0.9990,1.6341,108.44,
2,Maze001,12.704,8.9736,-0.9990,1.6341,108.44,
2,Maze001,12.708,8.9736,-0.9990,1.6341,108.44,
2,Maze001,12.712,8.9736,-0.9990,1.6341,108.44,
2,Maze001,12.717,8.9736,-0.9990,1.6341,108.44,
2,Maze001,12.721,8.9736,-0.9990,1.6341,108.44,
2,Maze001,12.725,8.9736,-0.9990,1.6341,108.44,
2,Maze001,12.729,8.9736,-0.9990,1.6341,108.44,
2,Maze001,12.733,8.9736,-0.9990,1.6341,108.44,
2,Maze001,12.737,8.9736,-0.9990,1.6341,108.44,
2,Maze001,12.742,8.9736,-0.9990,1.6341,108.44,
2,Maze001,12.746,8.9736,-0.9990,1.6341,108.44,
2,Maze001,12.750,8.9736,-0.9990,1.6341,108.44,
2,Maze001,12.754,8.9736,-0.9990,1.6341,108.44,
2,Maze001,12.758,8.9736,-0.9990,1.6341,108.44,
2,Maze001,12.763,8.9736,-0.9990,1.6341,108.44,
2,Maze001,12.767,8.9736,-0.9990,1.6341,108.44,
2,Maze001,12.771,8.9736,-0.9990,1.6341,108.44,
2,Maze001,12.775,8.9736,-0.9990,1.6341,108.44,
2,Maze001,12.780,8.9736,-0.9990,1.6341,108.44,
2,Maze001,12.784,8.9736,-0.9990,1.6341,108.44,
2,Maze001,12.788,8.9736,-0.9990,1.6341,108.44,
2,Maze001,12.792,8.9736,-0.9990,1.6341,108.44,
2,Maze001,12.796,8.9736,-0.9990,1.6341,108.44,
2,Maze001,12.800,8.9736,-0.9990,1.6341,108.44,
2,Maze001,12.804,8.9736,-0.9990,1.6341,108.44,
2,Maze001,12.808,8.9736,-0.9990,1.6341,108.44,
2,Maze001,12.812,8.9736,-0.9990,1.6341,108.44,
2,Maze001,12.817,8.9736,-0.9990,1.6341,108.44,
2,Maze001,12.821,8.9736,-0.9990,1.6341,108.44,
2,Maze001,12.825,8.9736,-0.9990,1.6341,108.44,
2,Maze001,12.829,8.9736,-0.9990,1.6341,108.44,
2,Maze001,12.833,8.9736,-0.9990,1.6341,108.44,
2,Maze001,12.837,8.9736,-0.9990,1.6341,108.44,
2,Maze001,12.842,8.9736,-0.9990,1.6341,108.44,
2,Maze001,12.846,8.9736,-0.9990,1.6341,108.44,
2,Maze001,12.850,8.9736,-0.9990,1.6341,108.44,
2,Maze001,12.854,8.9736,-0.9990,1.6341,108.44,
2,Maze001,12.858,8.9736,-0.9990,1.6341,108.44,
2,Maze001,12.862,8.9736,-0.9990,1.6341,108.44,
2,Maze001,12.866,8.9736,-0.9990,1.6341,108.44,
2,Maze001,12.871,8.9736,-0.9990,1.6341,108.44,
2,Maze001,12.875,8.9736,-0.9990,1.6341,108.44,
2,Maze001,12.879,8.9736,-0.9990,1.6341,108.44,
2,Maze001,12.883,8.9736,-0.9990,1.6341,108.44,
2,Maze001,12.889,8.9736,-0.9990,1.6341,108.44,
2,Maze001,12.895,8.9736,-0.9990,1.6341,108.44,
2,Maze001,12.900,8.9736,-0.9990,1.6341,108.44,
2,Maze001,12.904,8.9736,-0.9990,1.6341,108.44,
2,Maze001,12.908,8.9736,-0.9990,1.6341,108.44,
2,Maze001,12.912,8.9736,-0.9990,1.6341,108.44,
2,Maze001,12.916,8.9736,-0.9990,1.6341,108.44,
2,Maze001,12.921,8.9736,-0.9990,1.6341,108.44,
2,Maze001,12.925,8.9736,-0.9990,1.6341,108.44,
2,Maze001,12.929,8.9736,-0.9990,1.6341,108.44,
2,Maze001,12.933,8.9736,-0.9990,1.6341,108.44,
2,Maze001,12.938,8.9736,-0.9990,1.6341,108.44,
2,Maze001,12.941,8.9736,-0.9990,1.6341,108.44,
2,Maze001,12.946,8.9736,-0.9990,1.6341,108.44,
2,Maze001,12.950,8.9736,-0.9990,1.6341,108.44,
2,Maze001,12.954,8.9736,-0.9990,1.6341,108.44,
2,Maze001,12.958,8.9736,-0.9990,1.6341,108.44,
2,Maze001,12.963,8.9736,-0.9990,1.6341,108.44,
2,Maze001,12.966,8.9736,-0.9990,1.6341,108.44,
2,Maze001,12.971,8.9736,-0.9990,1.6341,108.44,
2,Maze001,12.975,8.9736,-0.9990,1.6341,108.44,
2,Maze001,12.979,8.9736,-0.9990,1.6341,108.44,
2,Maze001,12.983,8.9736,-0.9990,1.6341,108.44,
2,Maze001,12.987,8.9736,-0.9990,1.6341,108.44,
2,Maze001,12.992,8.9736,-0.9990,1.6341,108.44,
2,Maze001,12.996,8.9736,-0.9990,1.6341,108.44,
2,Maze001,13.000,8.9736,-0.9990,1.6341,108.44,
2,Maze001,13.004,8.9736,-0.9990,1.6341,108.44,
2,Maze001,13.008,8.9736,-0.9990,1.6341,108.44,
2,Maze001,13.012,8.9736,-0.9990,1.6341,108.44,
2,Maze001,13.016,8.9736,-0.9990,1.6341,108.44,
2,Maze001,13.021,8.9736,-0.9990,1.6341,108.44,
2,Maze001,13.025,8.9736,-0.9990,1.6341,108.44,
2,Maze001,13.029,8.9736,-0.9990,1.6341,108.44,
2,Maze001,13.033,8.9736,-0.9990,1.6341,108.44,
2,Maze001,13.037,8.9736,-0.9990,1.6341,108.44,
2,Maze001,13.042,8.9736,-0.9990,1.6341,108.44,
2,Maze001,13.046,8.9736,-0.9990,1.6341,108.44,
2,Maze001,13.050,8.9736,-0.9990,1.6341,108.44,
2,Maze001,13.054,8.9736,-0.9990,1.6341,108.44,
2,Maze001,13.058,8.9736,-0.9990,1.6341,108.44,
2,Maze001,13.062,8.9736,-0.9990,1.6341,108.44,
2,Maze001,13.067,8.9736,-0.9990,1.6341,108.44,
2,Maze001,13.071,8.9736,-0.9990,1.6341,108.44,
2,Maze001,13.075,8.9736,-0.9990,1.6341,108.44,
2,Maze001,13.079,8.9736,-0.9990,1.6341,108.44,
2,Maze001,13.083,8.9736,-0.9990,1.6341,108.44,
2,Maze001,13.088,8.9736,-0.9990,1.6341,108.44,
2,Maze001,13.092,8.9736,-0.9990,1.6341,108.44,
2,Maze001,13.096,8.9736,-0.9990,1.6341,108.44,
2,Maze001,13.100,8.9736,-0.9990,1.6341,108.44,
2,Maze001,13.104,8.9736,-0.9990,1.6341,108.44,
2,Maze001,13.108,8.9736,-0.9990,1.6341,108.44,
2,Maze001,13.112,8.9736,-0.9990,1.6341,108.44,
2,Maze001,13.116,8.9736,-0.9990,1.6341,108.44,
2,Maze001,13.121,8.9736,-0.9990,1.6341,108.44,
2,Maze001,13.125,8.9736,-0.9990,1.6341,108.44,
2,Maze001,13.129,8.9736,-0.9990,1.6341,108.44,
2,Maze001,13.133,8.9736,-0.9990,1.6341,108.44,
2,Maze001,13.137,8.9736,-0.9990,1.6341,108.44,
2,Maze001,13.141,8.9736,-0.9990,1.6341,108.44,
2,Maze001,13.146,8.9736,-0.9990,1.6341,108.44,
2,Maze001,13.151,8.9736,-0.9990,1.6341,108.44,
2,Maze001,13.154,8.9736,-0.9990,1.6341,108.44,
2,Maze001,13.158,8.9736,-0.9990,1.6341,108.44,
2,Maze001,13.162,8.9736,-0.9990,1.6341,108.44,
2,Maze001,13.166,8.9736,-0.9990,1.6341,108.44,
2,Maze001,13.171,8.9736,-0.9990,1.6341,108.44,
2,Maze001,13.175,8.9736,-0.9990,1.6341,108.44,
2,Maze001,13.179,8.9736,-0.9990,1.6341,108.44,
2,Maze001,13.183,8.9736,-0.9990,1.6341,108.44,
2,Maze001,13.187,8.9736,-0.9990,1.6341,108.44,
2,Maze001,13.192,8.9736,-0.9990,1.6341,108.44,
2,Maze001,13.196,8.9736,-0.9990,1.6341,108.44,
2,Maze001,13.200,8.9736,-0.9990,1.6341,108.44,
2,Maze001,13.204,8.9736,-0.9990,1.6341,108.44,
2,Maze001,13.208,8.9736,-0.9990,1.6341,108.44,
2,Maze001,13.212,8.9736,-0.9990,1.6341,108.44,
2,Maze001,13.216,8.9736,-0.9990,1.6341,108.44,
2,Maze001,13.220,8.9736,-0.9990,1.6341,108.44,
2,Maze001,13.225,8.9736,-0.9990,1.6341,108.44,
2,Maze001,13.229,8.9736,-0.9990,1.6341,108.44,
2,Maze001,13.233,8.9736,-0.9990,1.6341,108.44,
2,Maze001,13.237,8.9736,-0.9990,1.6341,108.44,
2,Maze001,13.242,8.9736,-0.9990,1.6341,108.44,
2,Maze001,13.246,8.9736,-0.9990,1.6341,108.44,
2,Maze001,13.250,8.9736,-0.9990,1.6341,108.44,
2,Maze001,13.254,8.9736,-0.9990,1.6341,108.44,
2,Maze001,13.258,8.9736,-0.9990,1.6341,108.44,
2,Maze001,13.262,8.9736,-0.9990,1.6341,108.44,
2,Maze001,13.266,8.9736,-0.9990,1.6341,108.44,
2,Maze001,13.271,8.9736,-0.9990,1.6341,108.44,
2,Maze001,13.275,8.9736,-0.9990,1.6341,108.44,
2,Maze001,13.279,8.9736,-0.9990,1.6341,108.44,
2,Maze001,13.283,8.9736,-0.9990,1.6341,108.44,
2,Maze001,13.287,8.9736,-0.9990,1.6341,108.44,
2,Maze001,13.292,8.9736,-0.9990,1.6341,108.44,
2,Maze001,13.296,8.9736,-0.9990,1.6341,108.44,
2,Maze001,13.300,8.9736,-0.9990,1.6341,108.44,
2,Maze001,13.304,8.9736,-0.9990,1.6341,108.44,
2,Maze001,13.308,8.9736,-0.9990,1.6341,108.44,
2,Maze001,13.312,8.9736,-0.9990,1.6341,108.44,
2,Maze001,13.316,8.9736,-0.9990,1.6341,108.44,
2,Maze001,13.321,8.9736,-0.9990,1.6341,108.44,
2,Maze001,13.325,8.9736,-0.9990,1.6341,108.44,
2,Maze001,13.329,8.9736,-0.9990,1.6341,108.44,
2,Maze001,13.333,8.9736,-0.9990,1.6341,108.44,
2,Maze001,13.338,8.9736,-0.9990,1.6341,108.44,
2,Maze001,13.342,8.9736,-0.9990,1.6341,108.44,
2,Maze001,13.346,8.9736,-0.9990,1.6341,108.44,
2,Maze001,13.350,8.9736,-0.9990,1.6341,108.44,
2,Maze001,13.354,8.9736,-0.9990,1.6341,108.44,
2,Maze001,13.359,8.9736,-0.9990,1.6341,108.44,
2,Maze001,13.363,8.9736,-0.9990,1.6341,108.44,
2,Maze001,13.367,8.9736,-0.9990,1.6341,108.44,
2,Maze001,13.371,8.9736,-0.9990,1.6341,108.44,
2,Maze001,13.375,8.9736,-0.9990,1.6341,108.44,
2,Maze001,13.379,8.9736,-0.9990,1.6341,108.44,
2,Maze001,13.384,8.9736,-0.9990,1.6341,108.44,
2,Maze001,13.388,8.9736,-0.9990,1.6341,108.44,
2,Maze001,13.392,8.9736,-0.9990,1.6341,108.44,
2,Maze001,13.397,8.9736,-0.9990,1.6341,108.44,
2,Maze001,13.401,8.9736,-0.9990,1.6341,108.44,
2,Maze001,13.404,8.9736,-0.9990,1.6341,108.44,
2,Maze001,13.409,8.9736,-0.9990,1.6341,108.44,
2,Maze001,13.413,8.9736,-0.9990,1.6341,108.44,
2,Maze001,13.417,8.9736,-0.9990,1.6341,108.44,
2,Maze001,13.421,8.9736,-0.9990,1.6341,108.44,
2,Maze001,13.425,8.9736,-0.9990,1.6341,108.44,
2,Maze001,13.430,8.9736,-0.9990,1.6341,108.44,
2,Maze001,13.434,8.9736,-0.9990,1.6341,108.44,
2,Maze001,13.438,8.9736,-0.9990,1.6341,108.44,
2,Maze001,13.442,8.9736,-0.9990,1.6341,108.44,
2,Maze001,13.446,8.9736,-0.9990,1.6341,108.44,
2,Maze001,13.450,8.9736,-0.9990,1.6341,108.44,
2,Maze001,13.454,8.9736,-0.9990,1.6341,108.44,
2,Maze001,13.458,8.9736,-0.9990,1.6341,108.44,
2,Maze001,13.463,8.9736,-0.9990,1.6341,108.44,
2,Maze001,13.467,8.9736,-0.9990,1.6341,108.44,
2,Maze001,13.471,8.9736,-0.9990,1.6341,108.44,
2,Maze001,13.475,8.9736,-0.9990,1.6341,108.44,
2,Maze001,13.479,8.9736,-0.9990,1.6341,108.44,
2,Maze001,13.483,8.9736,-0.9990,1.6341,108.44,
2,Maze001,13.487,8.9736,-0.9990,1.6341,108.44,
2,Maze001,13.491,8.9736,-0.9990,1.6341,108.44,
2,Maze001,13.495,8.9736,-0.9990,1.6341,108.44,
2,Maze001,13.500,8.9736,-0.9990,1.6341,108.44,
2,Maze001,13.504,8.9736,-0.9990,1.6341,108.44,
2,Maze001,13.509,8.9736,-0.9990,1.6341,108.44,
2,Maze001,13.513,8.9736,-0.9990,1.6341,108.44,
2,Maze001,13.517,8.9736,-0.9990,1.6341,108.44,
2,Maze001,13.521,8.9736,-0.9990,1.6341,108.44,
2,Maze001,13.525,8.9736,-0.9990,1.6341,108.44,
2,Maze001,13.529,8.9736,-0.9990,1.6341,108.44,
2,Maze001,13.533,8.9736,-0.9990,1.6341,108.44,
2,Maze001,13.537,8.9736,-0.9990,1.6341,108.44,
2,Maze001,13.541,8.9736,-0.9990,1.6341,108.44,
2,Maze001,13.546,8.9736,-0.9990,1.6341,108.44,
2,Maze001,13.550,8.9736,-0.9990,1.6341,108.44,
2,Maze001,13.554,8.9736,-0.9990,1.6341,108.44,
2,Maze001,13.558,8.9736,-0.9990,1.6341,108.44,
2,Maze001,13.562,8.9736,-0.9990,1.6341,108.44,
2,Maze001,13.566,8.9736,-0.9990,1.6341,108.44,
2,Maze001,13.571,8.9736,-0.9990,1.6341,108.44,
2,Maze001,13.575,8.9736,-0.9990,1.6341,108.44,
2,Maze001,13.579,8.9736,-0.9990,1.6341,108.44,
2,Maze001,13.583,8.9736,-0.9990,1.6341,108.44,
2,Maze001,13.587,8.9736,-0.9990,1.6341,108.44,
2,Maze001,13.592,8.9736,-0.9990,1.6341,108.44,
2,Maze001,13.596,8.9736,-0.9990,1.6341,108.44,
2,Maze001,13.600,8.9736,-0.9990,1.6341,108.44,
2,Maze001,13.604,8.9736,-0.9990,1.6341,108.44,
2,Maze001,13.608,8.9736,-0.9990,1.6341,108.44,
2,Maze001,13.612,8.9736,-0.9990,1.6341,108.44,
2,Maze001,13.616,8.9736,-0.9990,1.6341,108.44,
2,Maze001,13.621,8.9736,-0.9990,1.6341,108.44,
2,Maze001,13.625,8.9736,-0.9990,1.6341,108.44,
2,Maze001,13.629,8.9736,-0.9990,1.6341,108.44,
2,Maze001,13.633,8.9736,-0.9990,1.6341,108.44,
2,Maze001,13.637,8.9736,-0.9990,1.6341,108.44,
2,Maze001,13.641,8.9736,-0.9990,1.6341,108.44,
2,Maze001,13.646,8.9736,-0.9990,1.6341,108.44,
2,Maze001,13.650,8.9736,-0.9990,1.6341,108.44,
2,Maze001,13.654,8.9736,-0.9990,1.6341,108.44,
2,Maze001,13.658,8.9736,-0.9990,1.6341,108.44,
2,Maze001,13.662,8.9736,-0.9990,1.6341,108.44,
2,Maze001,13.667,8.9736,-0.9990,1.6341,108.44,
2,Maze001,13.671,8.9736,-0.9990,1.6341,108.44,
2,Maze001,13.675,8.9736,-0.9990,1.6341,108.44,
2,Maze001,13.679,8.9736,-0.9990,1.6341,108.44,
2,Maze001,13.683,8.9736,-0.9990,1.6341,108.44,
2,Maze001,13.687,8.9736,-0.9990,1.6341,108.44,
2,Maze001,13.691,8.9736,-0.9990,1.6341,108.44,
2,Maze001,13.696,8.9736,-0.9990,1.6341,108.44,
2,Maze001,13.700,8.9736,-0.9990,1.6341,108.44,
2,Maze001,13.704,8.9736,-0.9990,1.6341,108.44,
2,Maze001,13.708,8.9736,-0.9990,1.6341,108.44,
2,Maze001,13.712,8.9736,-0.9990,1.6341,108.44,
2,Maze001,13.717,8.9736,-0.9990,1.6341,108.44,
2,Maze001,13.721,8.9736,-0.9990,1.6341,108.44,
2,Maze001,13.725,8.9736,-0.9990,1.6341,108.44,
2,Maze001,13.729,8.9736,-0.9990,1.6341,108.44,
2,Maze001,13.733,8.9736,-0.9990,1.6341,108.44,
2,Maze001,13.737,8.9736,-0.9990,1.6341,108.44,
2,Maze001,13.741,8.9736,-0.9990,1.6341,108.44,
2,Maze001,13.745,8.9736,-0.9990,1.6341,108.44,
2,Maze001,13.750,8.9736,-0.9990,1.6341,108.44,
2,Maze001,13.754,8.9736,-0.9990,1.6341,108.44,
2,Maze001,13.758,8.9736,-0.9990,1.6341,108.44,
2,Maze001,13.762,8.9736,-0.9990,1.6341,108.44,
2,Maze001,13.766,8.9736,-0.9990,1.6341,108.44,
2,Maze001,13.771,8.9736,-0.9990,1.6341,108.44,
2,Maze001,13.775,8.9736,-0.9990,1.6341,108.44,
2,Maze001,13.779,8.9736,-0.9990,1.6341,108.44,
2,Maze001,13.784,8.9736,-0.9990,1.6341,108.44,
2,Maze001,13.788,8.9736,-0.9990,1.6341,108.44,
2,Maze001,13.792,8.9736,-0.9990,1.6341,108.44,
2,Maze001,13.796,8.9736,-0.9990,1.6341,108.44,
2,Maze001,13.800,8.9736,-0.9990,1.6341,108.44,
2,Maze001,13.804,8.9736,-0.9990,1.6341,108.44,
2,Maze001,13.808,8.9736,-0.9990,1.6341,108.44,
2,Maze001,13.813,8.9736,-0.9990,1.6341,108.44,
2,Maze001,13.817,8.9736,-0.9990,1.6341,108.44,
2,Maze001,13.821,8.9736,-0.9990,1.6341,108.44,
2,Maze001,13.826,8.9736,-0.9990,1.6341,108.44,
2,Maze001,13.829,8.9736,-0.9990,1.6341,108.44,
2,Maze001,13.833,8.9736,-0.9990,1.6341,108.44,
2,Maze001,13.837,8.9736,-0.9990,1.6341,108.44,
2,Maze001,13.842,8.9736,-0.9990,1.6341,108.44,
2,Maze001,13.846,8.9736,-0.9990,1.6341,108.44,
2,Maze001,13.850,8.9736,-0.9990,1.6341,108.44,
2,Maze001,13.854,8.9736,-0.9990,1.6341,108.44,
2,Maze001,13.858,8.9736,-0.9990,1.6341,108.44,
2,Maze001,13.862,8.9736,-0.9990,1.6341,108.44,
2,Maze001,13.866,8.9736,-0.9990,1.6341,108.44,
2,Maze001,13.871,8.9736,-0.9990,1.6341,108.44,
2,Maze001,13.875,8.9736,-0.9990,1.6341,108.44,
2,Maze001,13.879,8.9736,-0.9990,1.6341,108.44,
2,Maze001,13.883,8.9736,-0.9990,1.6341,108.44,
2,Maze001,13.887,8.9736,-0.9990,1.6341,108.44,
2,Maze001,13.891,8.9736,-0.9990,1.6341,108.44,
2,Maze001,13.895,8.9736,-0.9990,1.6341,108.44,
2,Maze001,13.900,8.9736,-0.9990,1.6341,108.44,
2,Maze001,13.904,8.9736,-0.9990,1.6341,108.44,
2,Maze001,13.908,8.9736,-0.9990,1.6341,108.44,
2,Maze001,13.912,8.9736,-0.9990,1.6341,108.44,
2,Maze001,13.917,8.9736,-0.9990,1.6341,108.44,
2,Maze001,13.921,8.9736,-0.9990,1.6341,108.44,
2,Maze001,13.925,8.9736,-0.9990,1.6341,108.44,
2,Maze001,13.929,8.9736,-0.9990,1.6341,108.44,
2,Maze001,13.933,8.9736,-0.9990,1.6341,108.44,
2,Maze001,13.937,8.9736,-0.9990,1.6341,108.44,
2,Maze001,13.941,8.9736,-0.9990,1.6341,108.44,
2,Maze001,13.946,8.9736,-0.9990,1.6341,108.44,
2,Maze001,13.950,8.9736,-0.9990,1.6341,108.44,
2,Maze001,13.954,8.9736,-0.9990,1.6341,108.44,
2,Maze001,13.958,8.9736,-0.9990,1.6341,108.44,
2,Maze001,13.963,8.9736,-0.9990,1.6341,108.44,
2,Maze001,13.966,8.9736,-0.9990,1.6341,108.44,
2,Maze001,13.971,8.9736,-0.9990,1.6341,108.44,
2,Maze001,13.975,8.9736,-0.9990,1.6341,108.44,
2,Maze001,13.979,8.9736,-0.9990,1.6341,108.44,
2,Maze001,13.983,8.9736,-0.9990,1.6341,108.44,
2,Maze001,13.987,8.9736,-0.9990,1.6341,108.44,
2,Maze001,13.991,8.9736,-0.9990,1.6341,108.44,
2,Maze001,13.996,8.9736,-0.9990,1.6341,108.44,
2,Maze001,14.000,8.9736,-0.9990,1.6341,108.44,
2,Maze001,14.004,8.9736,-0.9990,1.6341,108.44,
2,Maze001,14.008,8.9736,-0.9990,1.6341,108.44,
2,Maze001,14.012,8.9736,-0.9990,1.6341,108.44,
2,Maze001,14.016,8.9736,-0.9990,1.6341,108.44,
2,Maze001,14.020,8.9736,-0.9990,1.6341,108.44,
2,Maze001,14.025,8.9736,-0.9990,1.6341,108.44,
2,Maze001,14.029,8.9736,-0.9990,1.6341,108.44,
2,Maze001,14.033,8.9736,-0.9990,1.6341,108.44,
2,Maze001,14.037,8.9736,-0.9990,1.6341,108.44,
2,Maze001,14.042,8.9736,-0.9990,1.6341,108.44,
2,Maze001,14.046,8.9736,-0.9990,1.6341,108.44,
2,Maze001,14.050,8.9736,-0.9990,1.6341,108.44,
2,Maze001,14.054,8.9736,-0.9990,1.6341,108.44,
2,Maze001,14.058,8.9736,-0.9990,1.6341,108.44,
2,Maze001,14.062,8.9736,-0.9990,1.6341,108.44,
2,Maze001,14.066,8.9736,-0.9990,1.6341,108.44,
2,Maze001,14.070,8.9736,-0.9990,1.6341,108.44,
2,Maze001,14.075,8.9736,-0.9990,1.6341,108.44,
2,Maze001,14.079,8.9736,-0.9990,1.6341,108.44,
2,Maze001,14.083,8.9736,-0.9990,1.6341,108.44,
2,Maze001,14.087,8.9736,-0.9990,1.6341,108.44,
2,Maze001,14.091,8.9736,-0.9990,1.6341,108.44,
2,Maze001,14.096,8.9736,-0.9990,1.6341,108.44,
2,Maze001,14.100,8.9736,-0.9990,1.6341,108.44,
2,Maze001,14.104,8.9736,-0.9990,1.6341,108.44,
2,Maze001,14.108,8.9736,-0.9990,1.6341,108.44,
2,Maze001,14.112,8.9736,-0.9990,1.6341,108.44,
2,Maze001,14.116,8.9736,-0.9990,1.6341,108.44,
2,Maze001,14.121,8.9736,-0.9990,1.6341,108.44,
2,Maze001,14.125,8.9736,-0.9990,1.6341,108.44,
2,Maze001,14.129,8.9736,-0.9990,1.6341,108.44,
2,Maze001,14.133,8.9736,-0.9990,1.6341,108.44,
2,Maze001,14.137,8.9736,-0.9990,1.6341,108.44,
2,Maze001,14.141,8.9736,-0.9990,1.6341,108.44,
2,Maze001,14.145,8.9736,-0.9990,1.6341,108.44,
2,Maze001,14.150,8.9736,-0.9990,1.6341,108.44,
2,Maze001,14.154,8.9736,-0.9990,1.6341,108.44,
2,Maze001,14.158,8.9736,-0.9990,1.6341,108.44,
2,Maze001,14.163,8.9736,-0.9990,1.6341,108.44,
2,Maze001,14.167,8.9736,-0.9990,1.6341,108.44,
2,Maze001,14.172,8.9736,-0.9990,1.6341,108.44,
2,Maze001,14.175,8.9736,-0.9990,1.6341,108.44,
2,Maze001,14.179,8.9736,-0.9990,1.6341,108.44,
2,Maze001,14.184,8.9736,-0.9990,1.6341,108.44,
2,Maze001,14.188,8.9736,-0.9990,1.6341,108.44,
2,Maze001,14.192,8.9736,-0.9990,1.6341,108.44,
2,Maze001,14.196,8.9736,-0.9990,1.6341,108.44,
2,Maze001,14.200,8.9736,-0.9990,1.6341,108.44,
2,Maze001,14.204,8.9736,-0.9990,1.6341,108.44,
2,Maze001,14.209,8.9736,-0.9990,1.6341,108.44,
2,Maze001,14.213,8.9736,-0.9990,1.6341,108.44,
2,Maze001,14.217,8.9736,-0.9990,1.6341,108.44,
2,Maze001,14.221,8.9736,-0.9990,1.6341,108.44,
2,Maze001,14.225,8.9736,-0.9990,1.6341,108.44,
2,Maze001,14.229,8.9736,-0.9990,1.6341,108.44,
2,Maze001,14.234,8.9736,-0.9990,1.6341,108.44,
2,Maze001,14.238,8.9736,-0.9990,1.6341,108.44,
2,Maze001,14.242,8.9736,-0.9990,1.6341,108.44,
2,Maze001,14.246,8.9736,-0.9990,1.6341,108.44,
2,Maze001,14.250,8.9736,-0.9990,1.6341,108.44,
2,Maze001,14.254,8.9736,-0.9990,1.6341,108.44,
2,Maze001,14.258,8.9736,-0.9990,1.6341,108.44,
2,Maze001,14.262,8.9736,-0.9990,1.6341,108.44,
2,Maze001,14.267,8.9736,-0.9990,1.6341,108.44,
2,Maze001,14.271,8.9736,-0.9990,1.6341,108.44,
2,Maze001,14.276,8.9736,-0.9990,1.6341,108.44,
2,Maze001,14.279,8.9736,-0.9990,1.6341,108.44,
2,Maze001,14.283,8.9736,-0.9990,1.6341,108.44,
2,Maze001,14.287,8.9736,-0.9990,1.6341,108.44,
2,Maze001,14.292,8.9736,-0.9990,1.6341,108.44,
2,Maze001,14.295,8.9736,-0.9990,1.6341,108.44,
2,Maze001,14.300,8.9736,-0.9990,1.6341,108.44,
2,Maze001,14.304,8.9736,-0.9990,1.6341,108.44,
2,Maze001,14.308,8.9736,-0.9990,1.6341,108.44,
2,Maze001,14.312,8.9736,-0.9990,1.6341,108.44,
2,Maze001,14.316,8.9736,-0.9990,1.6341,108.44,
2,Maze001,14.321,8.9736,-0.9990,1.6341,108.44,
2,Maze001,14.325,8.9736,-0.9990,1.6341,108.44,
2,Maze001,14.329,8.9736,-0.9990,1.6341,108.44,
2,Maze001,14.333,8.9736,-0.9990,1.6341,108.44,
2,Maze001,14.337,8.9736,-0.9990,1.6341,108.44,
2,Maze001,14.342,8.9736,-0.9990,1.6341,108.44,
2,Maze001,14.345,8.9736,-0.9990,1.6341,108.44,
2,Maze001,14.350,8.9736,-0.9990,1.6341,108.44,
2,Maze001,14.354,8.9736,-0.9990,1.6341,108.44,
2,Maze001,14.358,8.9736,-0.9990,1.6341,108.44,
2,Maze001,14.362,8.9736,-0.9990,1.6341,108.44,
2,Maze001,14.366,8.9736,-0.9990,1.6341,108.44,
2,Maze001,14.371,8.9736,-0.9990,1.6341,108.44,
2,Maze001,14.375,8.9736,-0.9990,1.6341,108.44,
2,Maze001,14.379,8.9736,-0.9990,1.6341,108.44,
2,Maze001,14.384,8.9736,-0.9990,1.6341,108.44,
2,Maze001,14.388,8.9736,-0.9990,1.6341,108.44,
2,Maze001,14.392,8.9736,-0.9990,1.6341,108.44,
2,Maze001,14.396,8.9736,-0.9990,1.6341,108.44,
2,Maze001,14.400,8.9736,-0.9990,1.6341,108.44,
2,Maze001,14.404,8.9736,-0.9990,1.6341,108.44,
2,Maze001,14.408,8.9736,-0.9990,1.6341,108.44,
2,Maze001,14.412,8.9736,-0.9990,1.6341,108.44,
2,Maze001,14.416,8.9736,-0.9990,1.6341,108.44,
2,Maze001,14.421,8.9736,-0.9990,1.6341,108.44,
2,Maze001,14.425,8.9736,-0.9990,1.6341,108.44,
2,Maze001,14.430,8.9736,-0.9990,1.6341,108.44,
2,Maze001,14.433,8.9736,-0.9990,1.6341,108.44,
2,Maze001,14.437,8.9736,-0.9990,1.6341,108.44,
2,Maze001,14.441,8.9736,-0.9990,1.6341,108.44,
2,Maze001,14.446,8.9736,-0.9990,1.6341,108.44,
2,Maze001,14.450,8.9736,-0.9990,1.6341,108.44,
2,Maze001,14.454,8.9736,-0.9990,1.6341,108.44,
2,Maze001,14.458,8.9736,-0.9990,1.6341,108.44,
2,Maze001,14.462,8.9736,-0.9990,1.6341,108.44,
2,Maze001,14.466,8.9736,-0.9990,1.6341,108.44,
2,Maze001,14.470,8.9736,-0.9990,1.6341,108.44,
2,Maze001,14.475,8.9736,-0.9990,1.6341,108.44,
2,Maze001,14.479,8.9736,-0.9990,1.6341,108.44,
2,Maze001,14.483,8.9736,-0.9990,1.6341,108.44,
2,Maze001,14.487,8.9736,-0.9990,1.6341,108.44,
2,Maze001,14.491,8.9736,-0.9990,1.6341,108.44,
2,Maze001,14.496,8.9736,-0.9990,1.6341,108.44,
2,Maze001,14.499,8.9736,-0.9990,1.6341,108.44,
2,Maze001,14.504,8.9736,-0.9990,1.6341,108.44,
2,Maze001,14.508,8.9736,-0.9990,1.6341,108.44,
2,Maze001,14.512,8.9736,-0.9990,1.6341,108.44,
2,Maze001,14.516,8.9736,-0.9990,1.6341,108.44,
2,Maze001,14.520,8.9736,-0.9990,1.6341,108.44,
2,Maze001,14.525,8.9736,-0.9990,1.6341,108.44,
2,Maze001,14.529,8.9736,-0.9990,1.6341,108.44,
2,Maze001,14.533,8.9736,-0.9990,1.6341,108.44,
2,Maze001,14.537,8.9736,-0.9990,1.6341,108.44,
2,Maze001,14.541,8.9736,-0.9990,1.6341,108.44,
2,Maze001,14.546,8.9736,-0.9990,1.6341,108.44,
2,Maze001,14.550,8.9736,-0.9990,1.6341,108.44,
2,Maze001,14.554,8.9736,-0.9990,1.6341,108.44,
2,Maze001,14.558,8.9736,-0.9990,1.6341,108.44,
2,Maze001,14.562,8.9736,-0.9990,1.6341,108.44,
2,Maze001,14.566,8.9736,-0.9990,1.6341,108.44,
2,Maze001,14.570,8.9736,-0.9990,1.6341,108.44,
2,Maze001,14.575,8.9736,-0.9990,1.6341,108.44,
2,Maze001,14.579,8.9736,-0.9990,1.6341,108.44,
2,Maze001,14.583,8.9736,-0.9990,1.6341,108.44,
2,Maze001,14.587,8.9736,-0.9990,1.6341,108.44,
2,Maze001,14.591,8.9736,-0.9990,1.6341,108.44,
2,Maze001,14.595,8.9736,-0.9990,1.6341,108.44,
2,Maze001,14.600,8.9736,-0.9990,1.6341,108.44,
2,Maze001,14.604,8.9736,-0.9990,1.6341,108.44,
2,Maze001,14.608,8.9736,-0.9990,1.6341,108.44,
2,Maze001,14.612,8.9736,-0.9990,1.6341,108.44,
2,Maze001,14.616,8.9736,-0.9990,1.6341,108.44,
2,Maze001,14.620,8.9736,-0.9990,1.6341,108.44,
2,Maze001,14.625,8.9736,-0.9990,1.6341,108.44,
2,Maze001,14.629,8.9736,-0.9990,1.6341,108.44,
2,Maze001,14.633,8.9736,-0.9990,1.6341,108.44,
2,Maze001,14.637,8.9736,-0.9990,1.6341,108.44,
2,Maze001,14.641,8.9736,-0.9990,1.6341,108.44,
2,Maze001,14.645,8.9736,-0.9990,1.6341,108.44,
2,Maze001,14.650,8.9736,-0.9990,1.6341,108.44,
2,Maze001,14.654,8.9736,-0.9990,1.6341,108.44,
2,Maze001,14.658,8.9736,-0.9990,1.6341,108.44,
2,Maze001,14.662,8.9736,-0.9990,1.6341,108.44,
2,Maze001,14.666,8.9736,-0.9990,1.6341,108.44,
2,Maze001,14.671,8.9736,-0.9990,1.6341,108.44,
2,Maze001,14.675,8.9736,-0.9990,1.6341,108.44,
2,Maze001,14.679,8.9736,-0.9990,1.6341,108.44,
2,Maze001,14.683,8.9736,-0.9990,1.6341,108.44,
2,Maze001,14.687,8.9736,-0.9990,1.6341,108.44,
2,Maze001,14.691,8.9736,-0.9990,1.6341,108.44,
2,Maze001,14.696,8.9736,-0.9990,1.6341,108.44,
2,Maze001,14.699,8.9736,-0.9990,1.6341,108.44,
2,Maze001,14.704,8.9736,-0.9990,1.6341,108.44,
2,Maze001,14.708,8.9736,-0.9990,1.6341,108.44,
2,Maze001,14.712,8.9736,-0.9990,1.6341,108.44,
2,Maze001,14.716,8.9736,-0.9990,1.6341,108.44,
2,Maze001,14.720,8.9736,-0.9990,1.6341,108.44,
2,Maze001,14.725,8.9736,-0.9990,1.6341,108.44,
2,Maze001,14.729,8.9736,-0.9990,1.6341,108.44,
2,Maze001,14.733,8.9736,-0.9990,1.6341,108.44,
2,Maze001,14.737,8.9736,-0.9990,1.6341,108.44,
2,Maze001,14.741,8.9736,-0.9990,1.6341,108.44,
2,Maze001,14.746,8.9736,-0.9990,1.6341,108.44,
2,Maze001,14.749,8.9736,-0.9990,1.6341,108.44,
2,Maze001,14.754,8.9736,-0.9990,1.6341,108.44,
2,Maze001,14.759,8.9736,-0.9990,1.6341,108.44,
2,Maze001,14.762,8.9736,-0.9990,1.6341,108.44,
2,Maze001,14.766,8.9736,-0.9990,1.6341,108.44,
2,Maze001,14.771,8.9736,-0.9990,1.6341,108.44,
2,Maze001,14.775,8.9736,-0.9990,1.6341,108.44,
2,Maze001,14.779,8.9736,-0.9990,1.6341,108.44,
2,Maze001,14.783,8.9736,-0.9990,1.6341,108.44,
2,Maze001,14.787,8.9736,-0.9990,1.6341,108.44,
2,Maze001,14.792,8.9736,-0.9990,1.6341,108.44,
2,Maze001,14.796,8.9736,-0.9990,1.6341,108.44,
2,Maze001,14.800,8.9736,-0.9990,1.6341,108.44,
2,Maze001,14.804,8.9736,-0.9990,1.6341,108.44,
2,Maze001,14.808,8.9736,-0.9990,1.6341,108.44,
2,Maze001,14.812,8.9736,-0.9990,1.6341,108.44,
2,Maze001,14.816,8.9736,-0.9990,1.6341,108.44,
2,Maze001,14.821,8.9736,-0.9990,1.6341,108.44,
2,Maze001,14.825,8.9736,-0.9990,1.6341,108.44,
2,Maze001,14.829,8.9736,-0.9990,1.6341,108.44,
2,Maze001,14.833,8.9736,-0.9990,1.6341,108.44,
2,Maze001,14.838,8.9736,-0.9990,1.6341,108.44,
2,Maze001,14.842,8.9736,-0.9990,1.6341,108.44,
2,Maze001,14.846,8.9736,-0.9990,1.6341,108.44,
2,Maze001,14.850,8.9736,-0.9990,1.6341,108.44,
2,Maze001,14.854,8.9736,-0.9990,1.6341,108.44,
2,Maze001,14.858,8.9736,-0.9990,1.6341,108.44,
2,Maze001,14.862,8.9736,-0.9990,1.6341,108.44,
2,Maze001,14.867,8.9736,-0.9990,1.6341,108.44,
2,Maze001,14.871,8.9736,-0.9990,1.6341,108.44,
2,Maze001,14.875,8.9736,-0.9990,1.6341,108.44,
2,Maze001,14.879,8.9736,-0.9990,1.6341,108.44,
2,Maze001,14.883,8.9736,-0.9990,1.6341,108.44,
2,Maze001,14.887,8.9736,-0.9990,1.6341,108.44,
2,Maze001,14.892,8.9736,-0.9990,1.6341,108.44,
2,Maze001,14.895,8.9736,-0.9990,1.6341,108.44,
2,Maze001,14.900,8.9736,-0.9990,1.6341,108.44,
2,Maze001,14.904,8.9736,-0.9990,1.6341,108.44,
2,Maze001,14.908,8.9736,-0.9990,1.6341,108.44,
2,Maze001,14.913,8.9736,-0.9990,1.6341,108.44,
2,Maze001,14.917,8.9736,-0.9990,1.6341,108.44,
2,Maze001,14.920,8.9736,-0.9990,1.6341,108.44,
2,Maze001,14.925,8.9736,-0.9990,1.6341,108.44,
2,Maze001,14.929,8.9736,-0.9990,1.6341,108.44,
2,Maze001,14.933,8.9736,-0.9990,1.6341,108.44,
2,Maze001,14.937,8.9736,-0.9990,1.6341,108.44,
2,Maze001,14.941,8.9736,-0.9990,1.6341,108.44,
2,Maze001,14.945,8.9736,-0.9990,1.6341,108.44,
2,Maze001,14.950,8.9736,-0.9990,1.6341,108.44,
2,Maze001,14.954,8.9736,-0.9990,1.6341,108.44,
2,Maze001,14.958,8.9736,-0.9990,1.6341,108.44,
2,Maze001,14.962,8.9736,-0.9990,1.6341,108.44,
2,Maze001,14.966,8.9736,-0.9990,1.6341,108.44,
2,Maze001,14.970,8.9736,-0.9990,1.6341,108.44,
2,Maze001,14.974,8.9736,-0.9990,1.6341,108.44,
2,Maze001,14.979,8.9736,-0.9990,1.6341,108.44,
2,Maze001,14.983,8.9736,-0.9990,1.6341,108.44,
2,Maze001,14.987,8.9736,-0.9990,1.6341,108.44,
2,Maze001,14.991,8.9736,-0.9990,1.6341,108.44,
2,Maze001,14.995,8.9736,-0.9990,1.6341,108.44,
2,Maze001,14.999,8.9736,-0.9990,1.6341,108.44,
2,Maze001,15.004,8.9736,-0.9990,1.6341,108.44,
2,Maze001,15.008,8.9736,-0.9990,1.6341,108.44,
2,Maze001,15.012,8.9736,-0.9990,1.6341,108.44,
2,Maze001,15.016,8.9736,-0.9990,1.6341,108.44,
2,Maze001,15.021,8.9736,-0.9990,1.6341,108.44,
2,Maze001,15.025,8.9736,-0.9990,1.6341,108.44,
2,Maze001,15.029,8.9736,-0.9990,1.6341,108.44,
2,Maze001,15.033,8.9736,-0.9990,1.6341,108.44,
2,Maze001,15.037,8.9736,-0.9990,1.6341,108.44,
2,Maze001,15.041,8.9736,-0.9990,1.6341,108.44,
2,Maze001,15.045,8.9736,-0.9990,1.6341,108.44,
2,Maze001,15.049,8.9736,-0.9990,1.6341,108.44,
2,Maze001,15.054,8.9736,-0.9990,1.6341,108.44,
2,Maze001,15.058,8.9736,-0.9990,1.6341,108.44,
2,Maze001,15.062,8.9736,-0.9990,1.6341,108.44,
2,Maze001,15.067,8.9736,-0.9990,1.6341,108.44,
2,Maze001,15.071,8.9736,-0.9990,1.6341,108.44,
2,Maze001,15.075,8.9736,-0.9990,1.6341,108.44,
2,Maze001,15.079,8.9736,-0.9990,1.6341,108.44,
2,Maze001,15.083,8.9736,-0.9990,1.6341,108.44,
2,Maze001,15.087,8.9736,-0.9990,1.6341,108.44,
2,Maze001,15.091,8.9736,-0.9990,1.6341,108.44,
2,Maze001,15.096,8.9736,-0.9990,1.6341,108.44,
2,Maze001,15.099,8.9736,-0.9990,1.6341,108.44,
2,Maze001,15.104,8.9736,-0.9990,1.6341,108.44,
2,Maze001,15.108,8.9736,-0.9990,1.6341,108.44,
2,Maze001,15.112,8.9736,-0.9990,1.6341,108.44,
2,Maze001,15.116,8.9736,-0.9990,1.6341,108.44,
2,Maze001,15.120,8.9736,-0.9990,1.6341,108.44,
2,Maze001,15.125,8.9736,-0.9990,1.6341,108.44,
2,Maze001,15.129,8.9736,-0.9990,1.6341,108.44,
2,Maze001,15.133,8.9736,-0.9990,1.6341,108.44,
2,Maze001,15.137,8.9736,-0.9990,1.6341,108.44,
2,Maze001,15.141,8.9736,-0.9990,1.6341,108.44,
2,Maze001,15.146,8.9736,-0.9990,1.6341,108.44,
2,Maze001,15.150,8.9736,-0.9990,1.6341,108.44,
2,Maze001,15.154,8.9736,-0.9990,1.6341,108.44,
2,Maze001,15.158,8.9736,-0.9990,1.6341,108.44,
2,Maze001,15.162,8.9736,-0.9990,1.6341,108.44,
2,Maze001,15.166,8.9736,-0.9990,1.6341,108.44,
2,Maze001,15.170,8.9736,-0.9990,1.6341,108.44,
2,Maze001,15.175,8.9736,-0.9990,1.6341,108.44,
2,Maze001,15.179,8.9736,-0.9990,1.6341,108.44,
2,Maze001,15.183,8.9736,-0.9990,1.6341,108.44,
2,Maze001,15.187,8.9736,-0.9990,1.6341,108.44,
2,Maze001,15.192,8.9736,-0.9990,1.6341,108.44,
2,Maze001,15.196,8.9736,-0.9990,1.6341,108.44,
2,Maze001,15.200,8.9736,-0.9990,1.6341,108.44,
2,Maze001,15.204,8.9736,-0.9990,1.6341,108.44,
2,Maze001,15.208,8.9736,-0.9990,1.6341,108.44,
2,Maze001,15.212,8.9736,-0.9990,1.6341,108.44,
2,Maze001,15.216,8.9736,-0.9990,1.6341,108.44,
2,Maze001,15.220,8.9736,-0.9990,1.6341,108.44,
2,Maze001,15.225,8.9736,-0.9990,1.6341,108.44,
2,Maze001,15.229,8.9736,-0.9990,1.6341,108.44,
2,Maze001,15.233,8.9736,-0.9990,1.6341,108.44,
2,Maze001,15.237,8.9736,-0.9990,1.6341,108.44,
2,Maze001,15.241,8.9736,-0.9990,1.6341,108.44,
2,Maze001,15.245,8.9736,-0.9990,1.6341,108.44,
2,Maze001,15.249,8.9736,-0.9990,1.6341,108.44,
2,Maze001,15.254,8.9736,-0.9990,1.6341,108.44,
2,Maze001,15.258,8.9736,-0.9990,1.6341,108.44,
2,Maze001,15.262,8.9736,-0.9990,1.6341,108.44,
2,Maze001,15.266,8.9736,-0.9990,1.6341,108.44,
2,Maze001,15.270,8.9736,-0.9990,1.6341,108.44,
2,Maze001,15.275,8.9736,-0.9990,1.6341,108.44,
2,Maze001,15.279,8.9736,-0.9990,1.6341,108.44,
2,Maze001,15.283,8.9736,-0.9990,1.6341,108.44,
2,Maze001,15.287,8.9736,-0.9990,1.6341,108.44,
2,Maze001,15.291,8.9736,-0.9990,1.6341,108.44,
2,Maze001,15.296,8.9736,-0.9990,1.6341,108.44,
2,Maze001,15.300,8.9736,-0.9990,1.6341,108.44,
2,Maze001,15.304,8.9736,-0.9990,1.6341,108.44,
2,Maze001,15.308,8.9736,-0.9990,1.6341,108.44,
2,Maze001,15.312,8.9736,-0.9990,1.6341,108.44,
2,Maze001,15.316,8.9736,-0.9990,1.6341,108.44,
2,Maze001,15.321,8.9736,-0.9990,1.6341,108.44,
2,Maze001,15.325,8.9736,-0.9990,1.6341,108.44,
2,Maze001,15.329,8.9736,-0.9990,1.6341,108.44,
2,Maze001,15.333,8.9736,-0.9990,1.6341,108.44,
2,Maze001,15.337,8.9736,-0.9990,1.6341,108.44,
2,Maze001,15.341,8.9736,-0.9990,1.6341,108.44,
2,Maze001,15.345,8.9736,-0.9990,1.6341,108.44,
2,Maze001,15.350,8.9736,-0.9990,1.6341,108.44,
2,Maze001,15.354,8.9736,-0.9990,1.6341,108.44,
2,Maze001,15.358,8.9736,-0.9990,1.6341,108.44,
2,Maze001,15.362,8.9736,-0.9990,1.6341,108.44,
2,Maze001,15.366,8.9736,-0.9990,1.6341,108.44,
2,Maze001,15.370,8.9736,-0.9990,1.6341,108.44,
2,Maze001,15.375,8.9736,-0.9990,1.6341,108.44,
2,Maze001,15.379,8.9736,-0.9990,1.6341,108.44,
2,Maze001,15.383,8.9736,-0.9990,1.6341,108.44,
2,Maze001,15.387,8.9736,-0.9990,1.6341,108.44,
2,Maze001,15.391,8.9736,-0.9990,1.6341,108.44,
2,Maze001,15.395,8.9736,-0.9990,1.6341,108.44,
2,Maze001,15.399,8.9736,-0.9990,1.6341,108.44,
2,Maze001,15.404,8.9736,-0.9990,1.6341,108.44,
2,Maze001,15.408,8.9736,-0.9990,1.6341,108.44,
2,Maze001,15.413,8.9736,-0.9990,1.6341,108.44,
2,Maze001,15.417,8.9736,-0.9990,1.6341,108.44,
2,Maze001,15.420,8.9736,-0.9990,1.6341,108.44,
2,Maze001,15.424,8.9736,-0.9990,1.6341,108.44,
2,Maze001,15.429,8.9736,-0.9990,1.6341,108.44,
2,Maze001,15.433,8.9736,-0.9990,1.6341,108.44,
2,Maze001,15.437,8.9736,-0.9990,1.6341,108.44,
2,Maze001,15.441,8.9736,-0.9990,1.6341,108.44,
2,Maze001,15.445,8.9736,-0.9990,1.6341,108.44,
2,Maze001,15.450,8.9736,-0.9990,1.6341,108.44,
2,Maze001,15.454,8.9736,-0.9990,1.6341,108.44,
2,Maze001,15.458,8.9736,-0.9990,1.6341,108.44,
2,Maze001,15.462,8.9736,-0.9990,1.6341,108.44,
2,Maze001,15.466,8.9736,-0.9990,1.6341,108.44,
2,Maze001,15.470,8.9736,-0.9990,1.6341,108.44,
2,Maze001,15.474,8.9736,-0.9990,1.6341,108.44,
2,Maze001,15.479,8.9736,-0.9990,1.6341,108.44,
2,Maze001,15.483,8.9736,-0.9990,1.6341,108.44,
2,Maze001,15.487,8.9736,-0.9990,1.6341,108.44,
2,Maze001,15.491,8.9736,-0.9990,1.6341,108.44,
2,Maze001,15.495,8.9736,-0.9990,1.6341,108.44,
2,Maze001,15.499,8.9736,-0.9990,1.6341,108.44,
2,Maze001,15.504,8.9736,-0.9990,1.6341,108.44,
2,Maze001,15.508,8.9736,-0.9990,1.6341,108.44,
2,Maze001,15.512,8.9736,-0.9990,1.6341,108.44,
2,Maze001,15.516,8.9736,-0.9990,1.6341,108.44,
2,Maze001,15.521,8.9736,-0.9990,1.6341,108.44,
2,Maze001,15.525,8.9736,-0.9990,1.6341,108.44,
2,Maze001,15.529,8.9736,-0.9990,1.6341,108.44,
2,Maze001,15.533,8.9736,-0.9990,1.6341,108.44,
2,Maze001,15.537,8.9736,-0.9990,1.6341,108.44,
2,Maze001,15.541,8.9736,-0.9990,1.6341,108.44,
2,Maze001,15.546,8.9736,-0.9990,1.6341,108.44,
2,Maze001,15.550,8.9736,-0.9990,1.6341,108.44,
2,Maze001,15.554,8.9736,-0.9990,1.6341,108.44,
2,Maze001,15.558,8.9736,-0.9990,1.6341,108.44,
2,Maze001,15.562,8.9736,-0.9990,1.6341,108.44,
2,Maze001,15.566,8.9736,-0.9990,1.6341,108.44,
2,Maze001,15.570,8.9736,-0.9990,1.6341,108.44,
2,Maze001,15.575,8.9736,-0.9990,1.6341,108.44,
2,Maze001,15.579,8.9736,-0.9990,1.6341,108.44,
2,Maze001,15.583,8.9736,-0.9990,1.6341,108.44,
2,Maze001,15.587,8.9736,-0.9990,1.6341,108.44,
2,Maze001,15.591,8.9736,-0.9990,1.6341,108.44,
2,Maze001,15.595,8.9736,-0.9990,1.6341,108.44,
2,Maze001,15.600,8.9736,-0.9990,1.6341,108.44,
2,Maze001,15.604,8.9736,-0.9990,1.6341,108.44,
2,Maze001,15.608,8.9736,-0.9990,1.6341,108.44,
2,Maze001,15.612,8.9736,-0.9990,1.6341,108.44,
2,Maze001,15.616,8.9736,-0.9990,1.6341,108.44,
2,Maze001,15.620,8.9736,-0.9990,1.6341,108.44,
2,Maze001,15.625,8.9736,-0.9990,1.6341,108.44,
2,Maze001,15.629,8.9736,-0.9990,1.6341,108.44,
2,Maze001,15.633,8.9736,-0.9990,1.6341,108.44,
2,Maze001,15.637,8.9736,-0.9990,1.6341,108.44,
2,Maze001,15.641,8.9736,-0.9990,1.6341,108.44,
2,Maze001,15.645,8.9736,-0.9990,1.6341,108.44,
2,Maze001,15.650,8.9736,-0.9990,1.6341,108.44,
2,Maze001,15.654,8.9736,-0.9990,1.6341,108.44,
2,Maze001,15.658,8.9736,-0.9990,1.6341,108.44,
2,Maze001,15.662,8.9736,-0.9990,1.6341,108.44,
2,Maze001,15.666,8.9736,-0.9990,1.6341,108.44,
2,Maze001,15.671,8.9736,-0.9990,1.6341,108.44,
2,Maze001,15.674,8.9736,-0.9990,1.6341,108.44,
2,Maze001,15.679,8.9736,-0.9990,1.6341,108.44,
2,Maze001,15.683,8.9736,-0.9990,1.6341,108.44,
2,Maze001,15.687,8.9736,-0.9990,1.6341,108.44,
2,Maze001,15.692,8.9736,-0.9990,1.6341,108.44,
2,Maze001,15.696,8.9736,-0.9990,1.6341,108.44,
2,Maze001,15.699,8.9736,-0.9990,1.6341,108.44,
2,Maze001,15.703,8.9736,-0.9990,1.6341,108.44,
2,Maze001,15.708,8.9736,-0.9990,1.6341,108.44,
2,Maze001,15.712,8.9736,-0.9990,1.6341,108.44,
2,Maze001,15.716,8.9736,-0.9990,1.6341,108.44,
2,Maze001,15.720,8.9736,-0.9990,1.6341,108.44,
2,Maze001,15.724,8.9736,-0.9990,1.6341,108.44,
2,Maze001,15.729,8.9736,-0.9990,1.6341,108.44,
2,Maze001,15.733,8.9736,-0.9990,1.6341,108.44,
2,Maze001,15.737,8.9736,-0.9990,1.6341,108.44,
2,Maze001,15.742,8.9736,-0.9990,1.6341,108.44,
2,Maze001,15.745,8.9736,-0.9990,1.6341,108.44,
2,Maze001,15.750,8.9736,-0.9990,1.6341,108.44,
2,Maze001,15.754,8.9736,-0.9990,1.6341,108.44,
2,Maze001,15.758,8.9736,-0.9990,1.6341,108.44,
2,Maze001,15.762,8.9736,-0.9990,1.6341,108.44,
2,Maze001,15.766,8.9736,-0.9990,1.6341,108.44,
2,Maze001,15.770,8.9736,-0.9990,1.6341,108.44,
2,Maze001,15.775,8.9736,-0.9990,1.6341,108.44,
2,Maze001,15.779,8.9736,-0.9990,1.6341,108.44,
2,Maze001,15.783,8.9736,-0.9990,1.6341,108.44,
2,Maze001,15.787,8.9736,-0.9990,1.6341,108.44,
2,Maze001,15.792,8.9736,-0.9990,1.6341,108.44,
2,Maze001,15.796,8.9736,-0.9990,1.6341,108.44,
2,Maze001,15.800,8.9736,-0.9990,1.6341,108.44,
2,Maze001,15.805,8.9736,-0.9990,1.6341,108.44,
2,Maze001,15.808,8.9736,-0.9990,1.6341,108.44,
2,Maze001,15.812,8.9736,-0.9990,1.6341,108.44,
2,Maze001,15.816,8.9736,-0.9990,1.6341,108.44,
2,Maze001,15.820,8.9736,-0.9990,1.6341,108.44,
2,Maze001,15.825,8.9736,-0.9990,1.6341,108.44,
2,Maze001,15.829,8.9736,-0.9990,1.6341,108.44,
2,Maze001,15.833,8.9736,-0.9990,1.6341,108.44,
2,Maze001,15.837,8.9736,-0.9990,1.6341,108.44,
2,Maze001,15.841,8.9736,-0.9990,1.6341,108.44,
2,Maze001,15.845,8.9736,-0.9990,1.6341,108.44,
2,Maze001,15.850,8.9736,-0.9990,1.6341,108.44,
2,Maze001,15.854,8.9736,-0.9990,1.6341,108.44,
2,Maze001,15.858,8.9736,-0.9990,1.6341,108.44,
2,Maze001,15.862,8.9736,-0.9990,1.6341,108.44,
2,Maze001,15.866,8.9736,-0.9990,1.6341,108.44,
2,Maze001,15.870,8.9736,-0.9990,1.6341,108.44,
2,Maze001,15.874,8.9736,-0.9990,1.6341,108.44,
2,Maze001,15.879,8.9736,-0.9990,1.6341,108.44,
2,Maze001,15.883,8.9736,-0.9990,1.6341,108.44,
2,Maze001,15.887,8.9736,-0.9990,1.6341,108.44,
2,Maze001,15.891,8.9736,-0.9990,1.6341,108.44,
2,Maze001,15.895,8.9736,-0.9990,1.6341,108.44,
2,Maze001,15.900,8.9736,-0.9990,1.6341,108.44,
2,Maze001,15.904,8.9736,-0.9990,1.6341,108.44,
2,Maze001,15.908,8.9736,-0.9990,1.6341,108.44,
2,Maze001,15.912,8.9736,-0.9990,1.6341,108.44,
2,Maze001,15.917,8.9736,-0.9990,1.6341,108.44,
2,Maze001,15.920,8.9736,-0.9990,1.6341,108.44,
2,Maze001,15.924,8.9736,-0.9990,1.6341,108.44,
2,Maze001,15.929,8.9736,-0.9990,1.6341,108.44,
2,Maze001,15.933,8.9736,-0.9990,1.6341,108.44,
2,Maze001,15.937,8.9736,-0.9990,1.6341,108.44,
2,Maze001,15.941,8.9736,-0.9990,1.6341,108.44,
2,Maze001,15.945,8.9736,-0.9990,1.6341,108.44,
2,Maze001,15.950,8.9736,-0.9990,1.6341,108.44,
2,Maze001,15.954,8.9736,-0.9990,1.6341,108.44,
2,Maze001,15.958,8.9736,-0.9990,1.6341,108.44,
2,Maze001,15.962,8.9736,-0.9990,1.6341,108.44,
2,Maze001,15.966,8.9736,-0.9990,1.6341,108.44,
2,Maze001,15.970,8.9736,-0.9990,1.6341,108.44,
2,Maze001,15.974,8.9736,-0.9990,1.6341,108.44,
2,Maze001,15.979,8.9736,-0.9990,1.6341,108.44,
2,Maze001,15.983,8.9736,-0.9990,1.6341,108.44,
2,Maze001,15.987,8.9736,-0.9990,1.6341,108.44,
2,Maze001,15.991,8.9736,-0.9990,1.6341,108.44,
2,Maze001,15.995,8.9736,-0.9990,1.6341,108.44,
2,Maze001,15.999,8.9736,-0.9990,1.6341,108.44,
2,Maze001,16.003,8.9736,-0.9990,1.6341,108.44,
2,Maze001,16.008,8.9736,-0.9990,1.6341,108.44,
2,Maze001,16.012,8.9736,-0.9990,1.6341,108.44,
2,Maze001,16.016,8.9736,-0.9990,1.6341,108.44,
2,Maze001,16.021,8.9736,-0.9990,1.6341,108.44,
2,Maze001,16.024,8.9736,-0.9990,1.6341,108.44,
2,Maze001,16.029,8.9736,-0.9990,1.6341,108.44,
2,Maze001,16.033,8.9736,-0.9990,1.6341,108.44,
2,Maze001,16.037,8.9736,-0.9990,1.6341,108.44,
2,Maze001,16.041,8.9736,-0.9990,1.6341,108.44,
2,Maze001,16.045,8.9736,-0.9990,1.6341,108.44,
2,Maze001,16.049,8.9736,-0.9990,1.6341,108.44,
2,Maze001,16.054,8.9736,-0.9990,1.6341,108.44,
2,Maze001,16.058,8.9736,-0.9990,1.6341,108.44,
2,Maze001,16.062,8.9736,-0.9990,1.6341,108.44,
2,Maze001,16.066,8.9736,-0.9990,1.6341,108.44,
2,Maze001,16.070,8.9736,-0.9990,1.6341,108.44,
2,Maze001,16.075,8.9736,-0.9990,1.6341,108.44,
2,Maze001,16.079,8.9736,-0.9990,1.6341,108.44,
2,Maze001,16.083,8.9736,-0.9990,1.6341,108.44,
2,Maze001,16.087,8.9736,-0.9990,1.6341,108.44,
2,Maze001,16.091,8.9736,-0.9990,1.6341,108.44,
2,Maze001,16.095,8.9736,-0.9990,1.6341,108.44,
2,Maze001,16.100,8.9736,-0.9990,1.6341,108.44,
2,Maze001,16.104,8.9736,-0.9990,1.6341,108.44,
2,Maze001,16.108,8.9736,-0.9990,1.6341,108.44,
2,Maze001,16.112,8.9736,-0.9990,1.6341,108.44,
2,Maze001,16.116,8.9736,-0.9990,1.6341,108.44,
2,Maze001,16.120,8.9736,-0.9990,1.6341,108.44,
2,Maze001,16.124,8.9736,-0.9990,1.6341,108.44,
2,Maze001,16.129,8.9736,-0.9990,1.6341,108.44,
2,Maze001,16.133,8.9736,-0.9990,1.6341,108.44,
2,Maze001,16.137,8.9736,-0.9990,1.6341,108.44,
2,Maze001,16.141,8.9736,-0.9990,1.6341,108.44,
2,Maze001,16.145,8.9736,-0.9990,1.6341,108.44,
2,Maze001,16.149,8.9736,-0.9990,1.6341,108.44,
2,Maze001,16.153,8.9736,-0.9990,1.6341,108.44,
2,Maze001,16.158,8.9736,-0.9990,1.6341,108.44,
2,Maze001,16.163,8.9736,-0.9990,1.6341,108.44,
2,Maze001,16.166,8.9736,-0.9990,1.6341,108.44,
2,Maze001,16.170,8.9736,-0.9990,1.6341,108.44,
2,Maze001,16.175,8.9736,-0.9990,1.6341,108.44,
2,Maze001,16.179,8.9736,-0.9990,1.6341,108.44,
2,Maze001,16.183,8.9736,-0.9990,1.6341,108.44,
2,Maze001,16.187,8.9736,-0.9990,1.6341,108.44,
2,Maze001,16.191,8.9736,-0.9990,1.6341,108.44,
2,Maze001,16.195,8.9736,-0.9990,1.6341,108.44,
2,Maze001,16.199,8.9736,-0.9990,1.6341,108.44,
2,Maze001,16.204,8.9736,-0.9990,1.6341,108.44,
2,Maze001,16.208,8.9736,-0.9990,1.6341,108.44,
2,Maze001,16.212,8.9736,-0.9990,1.6341,108.44,
2,Maze001,16.216,8.9736,-0.9990,1.6341,108.44,
2,Maze001,16.220,8.9736,-0.9990,1.6341,108.44,
2,Maze001,16.224,8.9736,-0.9990,1.6341,108.44,
2,Maze001,16.228,8.9736,-0.9990,1.6341,108.44,
2,Maze001,16.233,8.9736,-0.9990,1.6341,108.44,
2,Maze001,16.237,8.9736,-0.9990,1.6341,108.44,
2,Maze001,16.241,8.9736,-0.9990,1.6341,108.44,
2,Maze001,16.245,8.9736,-0.9990,1.6341,108.44,
2,Maze001,16.249,8.9736,-0.9990,1.6341,108.44,
2,Maze001,16.254,8.9736,-0.9990,1.6341,108.44,
2,Maze001,16.258,8.9736,-0.9990,1.6341,108.44,
2,Maze001,16.262,8.9736,-0.9990,1.6341,108.44,
2,Maze001,16.266,8.9736,-0.9990,1.6341,108.44,
2,Maze001,16.270,8.9736,-0.9990,1.6341,108.44,
2,Maze001,16.274,8.9736,-0.9990,1.6341,108.44,
2,Maze001,16.279,8.9736,-0.9990,1.6341,108.44,
2,Maze001,16.283,8.9736,-0.9990,1.6341,108.44,
2,Maze001,16.287,8.9736,-0.9990,1.6341,108.44,
2,Maze001,16.291,8.9736,-0.9990,1.6341,108.44,
2,Maze001,16.295,8.9736,-0.9990,1.6341,108.44,
2,Maze001,16.299,8.9736,-0.9990,1.6341,108.44,
2,Maze001,16.304,8.9736,-0.9990,1.6341,108.44,
2,Maze001,16.308,8.9736,-0.9990,1.6341,108.44,
2,Maze001,16.312,8.9736,-0.9990,1.6341,108.44,
2,Maze001,16.316,8.9736,-0.9990,1.6341,108.44,
2,Maze001,16.321,8.9736,-0.9990,1.6341,108.44,
2,Maze001,16.324,8.9736,-0.9990,1.6341,108.44,
2,Maze001,16.329,8.9736,-0.9990,1.6341,108.44,
2,Maze001,16.333,8.9736,-0.9990,1.6341,108.44,
2,Maze001,16.337,8.9736,-0.9990,1.6341,108.44,
2,Maze001,16.341,8.9736,-0.9990,1.6341,108.44,
2,Maze001,16.345,8.9736,-0.9990,1.6341,108.44,
2,Maze001,16.350,8.9736,-0.9990,1.6341,108.44,
2,Maze001,16.354,8.9736,-0.9990,1.6341,108.44,
2,Maze001,16.358,8.9736,-0.9990,1.6341,108.44,
2,Maze001,16.362,8.9736,-0.9990,1.6341,108.44,
2,Maze001,16.366,8.9736,-0.9990,1.6341,108.44,
2,Maze001,16.370,8.9736,-0.9990,1.6341,108.44,
2,Maze001,16.374,8.9736,-0.9990,1.6341,108.44,
2,Maze001,16.379,8.9736,-0.9990,1.6341,108.44,
2,Maze001,16.383,8.9736,-0.9990,1.6341,108.44,
2,Maze001,16.387,8.9736,-0.9990,1.6341,108.44,
2,Maze001,16.391,8.9736,-0.9990,1.6341,108.44,
2,Maze001,16.395,8.9736,-0.9990,1.6341,108.44,
2,Maze001,16.399,8.9736,-0.9990,1.6341,108.44,
2,Maze001,16.404,8.9736,-0.9990,1.6341,108.44,
2,Maze001,16.408,8.9736,-0.9990,1.6341,108.44,
2,Maze001,16.412,8.9736,-0.9990,1.6341,108.44,
2,Maze001,16.416,8.9736,-0.9990,1.6341,108.44,
2,Maze001,16.420,8.9736,-0.9990,1.6341,108.44,
2,Maze001,16.424,8.9736,-0.9990,1.6341,108.44,
2,Maze001,16.429,8.9736,-0.9990,1.6341,108.44,
2,Maze001,16.433,8.9736,-0.9990,1.6341,108.44,
2,Maze001,16.437,8.9736,-0.9990,1.6341,108.44,
2,Maze001,16.441,8.9736,-0.9990,1.6341,108.44,
2,Maze001,16.445,8.9736,-0.9990,1.6341,108.44,
2,Maze001,16.449,8.9736,-0.9990,1.6341,108.44,
2,Maze001,16.454,8.9736,-0.9990,1.6341,108.44,
2,Maze001,16.458,8.9736,-0.9990,1.6341,108.44,
2,Maze001,16.462,8.9736,-0.9990,1.6341,108.44,
2,Maze001,16.466,8.9736,-0.9990,1.6341,108.44,
2,Maze001,16.470,8.9736,-0.9990,1.6341,108.44,
2,Maze001,16.475,8.9736,-0.9990,1.6341,108.44,
2,Maze001,16.479,8.9736,-0.9990,1.6341,108.44,
2,Maze001,16.483,8.9736,-0.9990,1.6341,108.44,
2,Maze001,16.487,8.9736,-0.9990,1.6341,108.44,
2,Maze001,16.491,8.9736,-0.9990,1.6341,108.44,
2,Maze001,16.495,8.9736,-0.9990,1.6341,108.44,
2,Maze001,16.500,8.9736,-0.9990,1.6341,108.44,
2,Maze001,16.504,8.9736,-0.9990,1.6341,108.44,
2,Maze001,16.508,8.9736,-0.9990,1.6341,108.44,
2,Maze001,16.512,8.9736,-0.9990,1.6341,108.44,
2,Maze001,16.516,8.9736,-0.9990,1.6341,108.44,
2,Maze001,16.520,8.9736,-0.9990,1.6341,108.44,
2,Maze001,16.525,8.9736,-0.9990,1.6341,108.44,
2,Maze001,16.529,8.9736,-0.9990,1.6341,108.44,
2,Maze001,16.533,8.9736,-0.9990,1.6341,108.44,
2,Maze001,16.537,8.9736,-0.9990,1.6341,108.44,
2,Maze001,16.541,8.9736,-0.9990,1.6341,108.44,
2,Maze001,16.545,8.9736,-0.9990,1.6341,108.44,
2,Maze001,16.550,8.9736,-0.9990,1.6341,108.44,
2,Maze001,16.553,8.9736,-0.9990,1.6341,108.44,
2,Maze001,16.558,8.9736,-0.9990,1.6341,108.44,
2,Maze001,16.562,8.9736,-0.9990,1.6341,108.44,
2,Maze001,16.566,8.9736,-0.9990,1.6341,108.44,
2,Maze001,16.570,8.9736,-0.9990,1.6341,108.44,
2,Maze001,16.575,8.9736,-0.9990,1.6341,108.44,
2,Maze001,16.579,8.9736,-0.9990,1.6341,108.44,
2,Maze001,16.583,8.9736,-0.9990,1.6341,108.44,
2,Maze001,16.587,8.9736,-0.9990,1.6341,108.44,
2,Maze001,16.591,8.9736,-0.9990,1.6341,108.44,
2,Maze001,16.595,8.9736,-0.9990,1.6341,108.44,
2,Maze001,16.600,8.9736,-0.9990,1.6341,108.44,
2,Maze001,16.604,8.9736,-0.9990,1.6341,108.44,
2,Maze001,16.608,8.9736,-0.9990,1.6341,108.44,
2,Maze001,16.612,8.9736,-0.9990,1.6341,108.44,
2,Maze001,16.616,8.9736,-0.9990,1.6341,108.44,
2,Maze001,16.620,8.9736,-0.9990,1.6341,108.44,
2,Maze001,16.624,8.9736,-0.9990,1.6341,108.44,
2,Maze001,16.629,8.9736,-0.9990,1.6341,108.44,
2,Maze001,16.633,8.9736,-0.9990,1.6341,108.44,
2,Maze001,16.637,8.9736,-0.9990,1.6341,108.44,
2,Maze001,16.641,8.9736,-0.9990,1.6341,108.44,
2,Maze001,16.645,8.9736,-0.9990,1.6341,108.44,
2,Maze001,16.650,8.9736,-0.9990,1.6341,108.44,
2,Maze001,16.654,8.9736,-0.9990,1.6341,108.44,
2,Maze001,16.658,8.9736,-0.9990,1.6341,108.44,
2,Maze001,16.662,8.9736,-0.9990,1.6341,108.44,
2,Maze001,16.666,8.9736,-0.9990,1.6341,108.44,
2,Maze001,16.670,8.9736,-0.9990,1.6341,108.44,
2,Maze001,16.675,8.9736,-0.9990,1.6341,108.44,
2,Maze001,16.679,8.9736,-0.9990,1.6341,108.44,
2,Maze001,16.683,8.9736,-0.9990,1.6341,108.44,
2,Maze001,16.687,8.9736,-0.9990,1.6341,108.44,
2,Maze001,16.691,8.9736,-0.9990,1.6341,108.44,
2,Maze001,16.695,8.9736,-0.9990,1.6341,108.44,
2,Maze001,16.699,8.9736,-0.9990,1.6341,108.44,
2,Maze001,16.703,8.9736,-0.9990,1.6341,108.44,
2,Maze001,16.708,8.9736,-0.9990,1.6341,108.44,
2,Maze001,16.712,8.9736,-0.9990,1.6341,108.44,
2,Maze001,16.716,8.9736,-0.9990,1.6341,108.44,
2,Maze001,16.720,8.9736,-0.9990,1.6341,108.44,
2,Maze001,16.725,8.9736,-0.9990,1.6341,108.44,
2,Maze001,16.729,8.9736,-0.9990,1.6341,108.44,
2,Maze001,16.733,8.9736,-0.9990,1.6341,108.44,
2,Maze001,16.737,8.9736,-0.9990,1.6341,108.44,
2,Maze001,16.741,8.9736,-0.9990,1.6341,108.44,
2,Maze001,16.745,8.9736,-0.9990,1.6341,108.44,
2,Maze001,16.749,8.9736,-0.9990,1.6341,108.44,
2,Maze001,16.754,8.9736,-0.9990,1.6341,108.44,
2,Maze001,16.758,8.9736,-0.9990,1.6341,108.44,
2,Maze001,16.762,8.9736,-0.9990,1.6341,108.44,
2,Maze001,16.766,8.9736,-0.9990,1.6341,108.44,
2,Maze001,16.771,8.9736,-0.9990,1.6341,108.44,
2,Maze001,16.774,8.9736,-0.9990,1.6341,108.44,
2,Maze001,16.778,8.9736,-0.9990,1.6341,108.44,
2,Maze001,16.783,8.9736,-0.9990,1.6341,108.44,
2,Maze001,16.787,8.9736,-0.9990,1.6341,108.44,
2,Maze001,16.791,8.9736,-0.9990,1.6341,108.44,
2,Maze001,16.795,8.9736,-0.9990,1.6341,108.44,
2,Maze001,16.800,8.9736,-0.9990,1.6341,108.44,
2,Maze001,16.804,8.9736,-0.9990,1.6341,108.44,
2,Maze001,16.808,8.9736,-0.9990,1.6341,108.44,
2,Maze001,16.812,8.9736,-0.9990,1.6341,108.44,
2,Maze001,16.817,8.9736,-0.9990,1.6341,108.44,
2,Maze001,16.821,8.9736,-0.9990,1.6341,108.44,
2,Maze001,16.825,8.9736,-0.9990,1.6341,108.44,
2,Maze001,16.829,8.9736,-0.9990,1.6341,108.44,
2,Maze001,16.833,8.9736,-0.9990,1.6341,108.44,
2,Maze001,16.837,8.9736,-0.9990,1.6341,108.44,
2,Maze001,16.841,8.9736,-0.9990,1.6341,108.44,
2,Maze001,16.845,8.9736,-0.9990,1.6341,108.44,
2,Maze001,16.849,8.9736,-0.9990,1.6341,108.44,
2,Maze001,16.854,8.9736,-0.9990,1.6341,108.44,
2,Maze001,16.858,8.9736,-0.9990,1.6341,108.44,
2,Maze001,16.862,8.9736,-0.9990,1.6341,108.44,
2,Maze001,16.866,8.9736,-0.9990,1.6341,108.44,
2,Maze001,16.870,8.9736,-0.9990,1.6341,108.44,
2,Maze001,16.875,8.9736,-0.9990,1.6341,108.44,
2,Maze001,16.879,8.9736,-0.9990,1.6341,108.44,
2,Maze001,16.883,8.9736,-0.9990,1.6341,108.44,
2,Maze001,16.887,8.9736,-0.9990,1.6341,108.44,
2,Maze001,16.891,8.9736,-0.9990,1.6341,108.44,
2,Maze001,16.895,8.9736,-0.9990,1.6341,108.44,
2,Maze001,16.899,8.9736,-0.9990,1.6341,108.44,
2,Maze001,16.904,8.9736,-0.9990,1.6341,108.44,
2,Maze001,16.908,8.9736,-0.9990,1.6341,108.44,
2,Maze001,16.912,8.9736,-0.9990,1.6341,108.44,
2,Maze001,16.916,8.9736,-0.9990,1.6341,108.44,
2,Maze001,16.920,8.9736,-0.9990,1.6341,108.44,
2,Maze001,16.925,8.9736,-0.9990,1.6341,108.44,
2,Maze001,16.929,8.9736,-0.9990,1.6341,108.44,
2,Maze001,16.933,8.9736,-0.9990,1.6341,108.44,
2,Maze001,16.937,8.9736,-0.9990,1.6341,108.44,
2,Maze001,16.941,8.9736,-0.9990,1.6341,108.44,
2,Maze001,16.946,8.9736,-0.9990,1.6341,108.44,
2,Maze001,16.950,8.9736,-0.9990,1.6341,108.44,
2,Maze001,16.954,8.9736,-0.9990,1.6341,108.44,
2,Maze001,16.958,8.9736,-0.9990,1.6341,108.44,
2,Maze001,16.962,8.9736,-0.9990,1.6341,108.44,
2,Maze001,16.966,8.9736,-0.9990,1.6341,108.44,
2,Maze001,16.970,8.9736,-0.9990,1.6341,108.44,
2,Maze001,16.974,8.9736,-0.9990,1.6341,108.44,
2,Maze001,16.979,8.9736,-0.9990,1.6341,108.44,
2,Maze001,16.983,8.9736,-0.9990,1.6341,108.44,
2,Maze001,16.987,8.9736,-0.9990,1.6341,108.44,
2,Maze001,16.991,8.9736,-0.9990,1.6341,108.44,
2,Maze001,16.995,8.9736,-0.9990,1.6341,108.44,
2,Maze001,16.999,8.9736,-0.9990,1.6341,108.44,
2,Maze001,17.004,8.9736,-0.9990,1.6341,108.44,
2,Maze001,17.008,8.9736,-0.9990,1.6341,108.44,
2,Maze001,17.012,8.9736,-0.9990,1.6341,108.44,
2,Maze001,17.016,8.9736,-0.9990,1.6341,108.44,
2,Maze001,17.020,8.9736,-0.9990,1.6341,108.44,
2,Maze001,17.025,8.9736,-0.9990,1.6341,108.44,
2,Maze001,17.029,8.9736,-0.9990,1.6341,108.44,
2,Maze001,17.033,8.9736,-0.9990,1.6341,108.44,
2,Maze001,17.037,8.9736,-0.9990,1.6341,108.44,
2,Maze001,17.041,8.9736,-0.9990,1.6341,108.44,
2,Maze001,17.045,8.9736,-0.9990,1.6341,108.44,
2,Maze001,17.049,8.9736,-0.9990,1.6341,108.44,
2,Maze001,17.054,8.9736,-0.9990,1.6341,108.44,
2,Maze001,17.058,8.9736,-0.9990,1.6341,108.44,
2,Maze001,17.062,8.9736,-0.9990,1.6341,108.44,
2,Maze001,17.066,8.9736,-0.9990,1.6341,108.44,
2,Maze001,17.070,8.9736,-0.9990,1.6341,108.44,
2,Maze001,17.075,8.9736,-0.9990,1.6341,108.44,
2,Maze001,17.079,8.9736,-0.9990,1.6341,108.44,
2,Maze001,17.083,8.9736,-0.9990,1.6341,108.44,
2,Maze001,17.087,8.9736,-0.9990,1.6341,108.44,
2,Maze001,17.091,8.9736,-0.9990,1.6341,108.44,
2,Maze001,17.095,8.9736,-0.9990,1.6341,108.44,
2,Maze001,17.100,8.9736,-0.9990,1.6341,108.44,
2,Maze001,17.104,8.9736,-0.9990,1.6341,108.44,
2,Maze001,17.108,8.9736,-0.9990,1.6341,108.44,
2,Maze001,17.112,8.9736,-0.9990,1.6341,108.44,
2,Maze001,17.116,8.9736,-0.9990,1.6341,108.44,
2,Maze001,17.120,8.9736,-0.9990,1.6341,108.44,
2,Maze001,17.125,8.9736,-0.9990,1.6341,108.44,
2,Maze001,17.129,8.9736,-0.9990,1.6341,108.44,
2,Maze001,17.133,8.9736,-0.9990,1.6341,108.44,
2,Maze001,17.137,8.9736,-0.9990,1.6341,108.44,
2,Maze001,17.141,8.9736,-0.9990,1.6341,108.44,
2,Maze001,17.145,8.9736,-0.9990,1.6341,108.44,
2,Maze001,17.150,8.9736,-0.9990,1.6341,108.44,
2,Maze001,17.154,8.9736,-0.9990,1.6341,108.44,
2,Maze001,17.158,8.9736,-0.9990,1.6341,108.44,
2,Maze001,17.162,8.9736,-0.9990,1.6341,108.44,
2,Maze001,17.166,8.9736,-0.9990,1.6341,108.44,
2,Maze001,17.170,8.9736,-0.9990,1.6341,108.44,
2,Maze001,17.174,8.9736,-0.9990,1.6341,108.44,
2,Maze001,17.179,8.9736,-0.9990,1.6341,108.44,
2,Maze001,17.183,8.9736,-0.9990,1.6341,108.44,
2,Maze001,17.187,8.9736,-0.9990,1.6341,108.44,
2,Maze001,17.191,8.9736,-0.9990,1.6341,108.44,
2,Maze001,17.195,8.9736,-0.9990,1.6341,108.44,
2,Maze001,17.199,8.9736,-0.9990,1.6341,108.44,
2,Maze001,17.203,8.9736,-0.9990,1.6341,108.44,
2,Maze001,17.208,8.9736,-0.9990,1.6341,108.44,
2,Maze001,17.212,8.9736,-0.9990,1.6341,108.44,
2,Maze001,17.216,8.9736,-0.9990,1.6341,108.44,
2,Maze001,17.220,8.9736,-0.9990,1.6341,108.44,
2,Maze001,17.225,8.9736,-0.9990,1.6341,108.44,
2,Maze001,17.229,8.9736,-0.9990,1.6341,108.44,
2,Maze001,17.233,8.9736,-0.9990,1.6341,108.44,
2,Maze001,17.237,8.9736,-0.9990,1.6341,108.44,
2,Maze001,17.241,8.9736,-0.9990,1.6341,108.44,
2,Maze001,17.245,8.9736,-0.9990,1.6341,108.44,
2,Maze001,17.249,8.9736,-0.9990,1.6341,108.44,
2,Maze001,17.254,8.9736,-0.9990,1.6341,108.44,
2,Maze001,17.258,8.9736,-0.9990,1.6341,108.44,
2,Maze001,17.262,8.9736,-0.9990,1.6341,108.44,
2,Maze001,17.266,8.9736,-0.9990,1.6341,108.44,
2,Maze001,17.270,8.9736,-0.9990,1.6341,108.44,
2,Maze001,17.274,8.9736,-0.9990,1.6341,108.44,
2,Maze001,17.279,8.9736,-0.9990,1.6341,108.44,
2,Maze001,17.283,8.9736,-0.9990,1.6341,108.44,
2,Maze001,17.287,8.9736,-0.9990,1.6341,108.44,
2,Maze001,17.291,8.9736,-0.9990,1.6341,108.44,
2,Maze001,17.295,8.9736,-0.9990,1.6341,108.44,
2,Maze001,17.299,8.9736,-0.9990,1.6341,108.44,
2,Maze001,17.304,8.9736,-0.9990,1.6341,108.44,
2,Maze001,17.308,8.9736,-0.9990,1.6341,108.44,
2,Maze001,17.312,8.9736,-0.9990,1.6341,108.44,
2,Maze001,17.316,8.9736,-0.9990,1.6341,108.44,
2,Maze001,17.320,8.9736,-0.9990,1.6341,108.44,
2,Maze001,17.324,8.9736,-0.9990,1.6341,108.44,
2,Maze001,17.329,8.9736,-0.9990,1.6341,108.44,
2,Maze001,17.333,8.9736,-0.9990,1.6341,108.44,
2,Maze001,17.337,8.9736,-0.9990,1.6341,108.44,
2,Maze001,17.341,8.9736,-0.9990,1.6341,108.44,
2,Maze001,17.345,8.9736,-0.9990,1.6341,108.44,
2,Maze001,17.350,8.9736,-0.9990,1.6341,108.44,
2,Maze001,17.354,8.9736,-0.9990,1.6341,108.44,
2,Maze001,17.358,8.9736,-0.9990,1.6341,108.44,
2,Maze001,17.362,8.9736,-0.9990,1.6341,108.44,
2,Maze001,17.366,8.9736,-0.9990,1.6341,108.44,
2,Maze001,17.370,8.9736,-0.9990,1.6341,108.44,
2,Maze001,17.374,8.9736,-0.9990,1.6341,108.44,
2,Maze001,17.379,8.9736,-0.9990,1.6341,108.44,
2,Maze001,17.383,8.9736,-0.9990,1.6341,108.44,
2,Maze001,17.387,8.9736,-0.9990,1.6341,108.44,
2,Maze001,17.391,8.9736,-0.9990,1.6341,108.44,
2,Maze001,17.396,8.9736,-0.9990,1.6341,108.44,
2,Maze001,17.399,8.9736,-0.9990,1.6341,108.44,
2,Maze001,17.404,8.9736,-0.9990,1.6341,108.44,
2,Maze001,17.408,8.9736,-0.9990,1.6341,108.44,
2,Maze001,17.412,8.9736,-0.9990,1.6341,108.44,
2,Maze001,17.416,8.9736,-0.9990,1.6341,108.44,
2,Maze001,17.420,8.9736,-0.9990,1.6341,108.44,
2,Maze001,17.425,8.9736,-0.9990,1.6341,108.44,
2,Maze001,17.429,8.9736,-0.9990,1.6341,108.44,
2,Maze001,17.433,8.9736,-0.9990,1.6341,108.44,
2,Maze001,17.437,8.9736,-0.9990,1.6341,108.44,
2,Maze001,17.441,8.9736,-0.9990,1.6341,108.44,
2,Maze001,17.445,8.9736,-0.9990,1.6341,108.44,
2,Maze001,17.449,8.9736,-0.9990,1.6341,108.44,
2,Maze001,17.454,8.9736,-0.9990,1.6341,108.44,
2,Maze001,17.458,8.9736,-0.9990,1.6341,108.44,
2,Maze001,17.462,8.9736,-0.9990,1.6341,108.44,
2,Maze001,17.466,8.9736,-0.9990,1.6341,108.44,
2,Maze001,17.470,8.9736,-0.9990,1.6341,108.44,
2,Maze001,17.474,8.9736,-0.9990,1.6341,108.44,
2,Maze001,17.478,8.9736,-0.9990,1.6341,108.44,
2,Maze001,17.483,8.9736,-0.9990,1.6341,108.44,
2,Maze001,17.487,8.9736,-0.9990,1.6341,108.44,
2,Maze001,17.491,8.9736,-0.9990,1.6341,108.44,
2,Maze001,17.495,8.9736,-0.9990,1.6341,108.44,
2,Maze001,17.499,8.9736,-0.9990,1.6341,108.44,
2,Maze001,17.503,8.9736,-0.9990,1.6341,108.44,
2,Maze001,17.508,8.9736,-0.9990,1.6341,108.44,
2,Maze001,17.512,8.9736,-0.9990,1.6341,108.44,
2,Maze001,17.516,8.9736,-0.9990,1.6341,108.44,
2,Maze001,17.520,8.9736,-0.9990,1.6341,108.44,
2,Maze001,17.524,8.9736,-0.9990,1.6341,108.44,
2,Maze001,17.528,8.9736,-0.9990,1.6341,108.44,
2,Maze001,17.533,8.9736,-0.9990,1.6341,108.44,
2,Maze001,17.537,8.9736,-0.9990,1.6341,108.44,
2,Maze001,17.541,8.9736,-0.9990,1.6341,108.44,
2,Maze001,17.545,8.9736,-0.9990,1.6341,108.44,
2,Maze001,17.550,8.9736,-0.9990,1.6341,108.44,
2,Maze001,17.553,8.9736,-0.9990,1.6341,108.44,
2,Maze001,17.558,8.9736,-0.9990,1.6341,108.44,
2,Maze001,17.562,8.9736,-0.9990,1.6341,108.44,
2,Maze001,17.566,8.9736,-0.9990,1.6341,108.44,
2,Maze001,17.570,8.9736,-0.9990,1.6341,108.44,
2,Maze001,17.574,8.9736,-0.9990,1.6341,108.44,
2,Maze001,17.579,8.9736,-0.9990,1.6341,108.44,
2,Maze001,17.583,8.9736,-0.9990,1.6341,108.44,
2,Maze001,17.587,8.9736,-0.9990,1.6341,108.44,
2,Maze001,17.591,8.9736,-0.9990,1.6341,108.44,
2,Maze001,17.596,8.9736,-0.9990,1.6341,108.44,
2,Maze001,17.599,8.9736,-0.9990,1.6341,108.44,
2,Maze001,17.603,8.9736,-0.9990,1.6341,108.44,
2,Maze001,17.608,8.9736,-0.9990,1.6341,108.44,
2,Maze001,17.612,8.9736,-0.9990,1.6341,108.44,
2,Maze001,17.616,8.9736,-0.9990,1.6341,108.44,
2,Maze001,17.620,8.9736,-0.9990,1.6341,108.44,
2,Maze001,17.624,8.9736,-0.9990,1.6341,108.44,
2,Maze001,17.629,8.9736,-0.9990,1.6341,108.44,
2,Maze001,17.633,8.9736,-0.9990,1.6341,108.44,
2,Maze001,17.637,8.9736,-0.9990,1.6341,108.44,
2,Maze001,17.641,8.9736,-0.9990,1.6341,108.44,
2,Maze001,17.645,8.9736,-0.9990,1.6341,108.44,
2,Maze001,17.649,8.9736,-0.9990,1.6341,108.44,
2,Maze001,17.653,8.9736,-0.9990,1.6341,108.44,
2,Maze001,17.658,8.9736,-0.9990,1.6341,108.44,
2,Maze001,17.662,8.9736,-0.9990,1.6341,108.44,
2,Maze001,17.666,8.9736,-0.9990,1.6341,108.44,
2,Maze001,17.670,8.9736,-0.9990,1.6341,108.44,
2,Maze001,17.674,8.9736,-0.9990,1.6341,108.44,
2,Maze001,17.678,8.9736,-0.9990,1.6341,108.44,
2,Maze001,17.683,8.9736,-0.9990,1.6341,108.44,
2,Maze001,17.687,8.9736,-0.9990,1.6341,108.44,
2,Maze001,17.691,8.9736,-0.9990,1.6341,108.44,
2,Maze001,17.695,8.9736,-0.9990,1.6341,108.44,
2,Maze001,17.699,8.9736,-0.9990,1.6341,108.44,
2,Maze001,17.704,8.9736,-0.9990,1.6341,108.44,
2,Maze001,17.708,8.9736,-0.9990,1.6341,108.44,
2,Maze001,17.712,8.9736,-0.9990,1.6341,108.44,
2,Maze001,17.716,8.9736,-0.9990,1.6341,108.44,
2,Maze001,17.720,8.9736,-0.9990,1.6341,108.44,
2,Maze001,17.724,8.9736,-0.9990,1.6341,108.44,
2,Maze001,17.728,8.9736,-0.9990,1.6341,108.44,
2,Maze001,17.733,8.9736,-0.9990,1.6341,108.44,
2,Maze001,17.737,8.9736,-0.9990,1.6341,108.44,
2,Maze001,17.741,8.9736,-0.9990,1.6341,108.44,
2,Maze001,17.745,8.9736,-0.9990,1.6341,108.44,
2,Maze001,17.749,8.9736,-0.9990,1.6341,108.44,
2,Maze001,17.753,8.9736,-0.9990,1.6341,108.44,
2,Maze001,17.758,8.9736,-0.9990,1.6341,108.44,
2,Maze001,17.762,8.9736,-0.9990,1.6341,108.44,
2,Maze001,17.766,8.9736,-0.9990,1.6341,108.44,
2,Maze001,17.770,8.9736,-0.9990,1.6341,108.44,
2,Maze001,17.774,8.9736,-0.9990,1.6341,108.44,
2,Maze001,17.779,8.9736,-0.9990,1.6341,108.44,
2,Maze001,17.783,8.9736,-0.9990,1.6341,108.44,
2,Maze001,17.787,8.9736,-0.9990,1.6341,108.44,
2,Maze001,17.791,8.9736,-0.9990,1.6341,108.44,
2,Maze001,17.795,8.9736,-0.9990,1.6341,108.44,
2,Maze001,17.800,8.9736,-0.9990,1.6341,108.44,
2,Maze001,17.804,8.9736,-0.9990,1.6341,108.44,
2,Maze001,17.808,8.9736,-0.9990,1.6341,108.44,
2,Maze001,17.812,8.9736,-0.9990,1.6341,108.44,
2,Maze001,17.816,8.9736,-0.9990,1.6341,108.44,
2,Maze001,17.820,8.9736,-0.9990,1.6341,108.44,
2,Maze001,17.824,8.9736,-0.9990,1.6341,108.44,
2,Maze001,17.829,8.9736,-0.9990,1.6341,108.44,
2,Maze001,17.833,8.9736,-0.9990,1.6341,108.44,
2,Maze001,17.837,8.9736,-0.9990,1.6341,108.44,
2,Maze001,17.841,8.9736,-0.9990,1.6341,108.44,
2,Maze001,17.845,8.9736,-0.9990,1.6341,108.44,
2,Maze001,17.849,8.9736,-0.9990,1.6341,108.44,
2,Maze001,17.854,8.9736,-0.9990,1.6341,108.44,
2,Maze001,17.858,8.9736,-0.9990,1.6341,108.44,
2,Maze001,17.862,8.9736,-0.9990,1.6341,108.44,
2,Maze001,17.866,8.9736,-0.9990,1.6341,108.44,
2,Maze001,17.870,8.9736,-0.9990,1.6341,108.44,
2,Maze001,17.874,8.9736,-0.9990,1.6341,108.44,
2,Maze001,17.878,8.9736,-0.9990,1.6341,108.44,
2,Maze001,17.883,8.9736,-0.9990,1.6341,108.44,
2,Maze001,17.887,8.9736,-0.9990,1.6341,108.44,
2,Maze001,17.892,8.9736,-0.9990,1.6341,108.44,
2,Maze001,17.895,8.9736,-0.9990,1.6341,108.44,
2,Maze001,17.899,8.9736,-0.9990,1.6341,108.44,
2,Maze001,17.904,8.9736,-0.9990,1.6341,108.44,
2,Maze001,17.908,8.9736,-0.9990,1.6341,108.44,
2,Maze001,17.912,8.9736,-0.9990,1.6341,108.44,
2,Maze001,17.916,8.9736,-0.9990,1.6341,108.44,
2,Maze001,17.920,8.9736,-0.9990,1.6341,108.44,
2,Maze001,17.925,8.9736,-0.9990,1.6341,108.44,
2,Maze001,17.929,8.9736,-0.9990,1.6341,108.44,
2,Maze001,17.933,8.9736,-0.9990,1.6341,108.44,
2,Maze001,17.937,8.9736,-0.9990,1.6341,108.44,
2,Maze001,17.941,8.9736,-0.9990,1.6341,108.44,
2,Maze001,17.945,8.9736,-0.9990,1.6341,108.44,
2,Maze001,17.949,8.9736,-0.9990,1.6341,108.44,
2,Maze001,17.953,8.9736,-0.9990,1.6341,108.44,
2,Maze001,17.958,8.9736,-0.9990,1.6341,108.44,
2,Maze001,17.962,8.9736,-0.9990,1.6341,108.44,
2,Maze001,17.966,8.9736,-0.9990,1.6341,108.44,
2,Maze001,17.971,8.9736,-0.9990,1.6341,108.44,
2,Maze001,17.974,8.9736,-0.9990,1.6341,108.44,
2,Maze001,17.978,8.9736,-0.9990,1.6341,108.44,
2,Maze001,17.983,8.9736,-0.9990,1.6341,108.44,
2,Maze001,17.987,8.9736,-0.9990,1.6341,108.44,
2,Maze001,17.991,8.9736,-0.9990,1.6341,108.44,
2,Maze001,17.995,8.9736,-0.9990,1.6341,108.44,
2,Maze001,17.999,8.9736,-0.9990,1.6341,108.44,
2,Maze001,18.004,8.9736,-0.9990,1.6341,108.44,
2,Maze001,18.008,8.9736,-0.9990,1.6341,108.44,
2,Maze001,18.012,8.9736,-0.9990,1.6341,108.44,
2,Maze001,18.016,8.9736,-0.9990,1.6341,108.44,
2,Maze001,18.020,8.9736,-0.9990,1.6341,108.44,
2,Maze001,18.024,8.9736,-0.9990,1.6341,108.44,
2,Maze001,18.028,8.9736,-0.9990,1.6341,108.44,
2,Maze001,18.033,8.9736,-0.9990,1.6341,108.44,
2,Maze001,18.037,8.9736,-0.9990,1.6341,108.44,
2,Maze001,18.041,8.9736,-0.9990,1.6341,108.44,
2,Maze001,18.045,8.9736,-0.9990,1.6341,108.44,
2,Maze001,18.049,8.9736,-0.9990,1.6341,108.44,
2,Maze001,18.053,8.9736,-0.9990,1.6341,108.44,
2,Maze001,18.058,8.9736,-0.9990,1.6341,108.44,
2,Maze001,18.062,8.9736,-0.9990,1.6341,108.44,
2,Maze001,18.066,8.9736,-0.9990,1.6341,108.44,
2,Maze001,18.070,8.9736,-0.9990,1.6341,108.44,
2,Maze001,18.074,8.9736,-0.9990,1.6341,108.44,
2,Maze001,18.079,8.9736,-0.9990,1.6341,108.44,
2,Maze001,18.083,8.9736,-0.9990,1.6341,108.44,
2,Maze001,18.087,8.9736,-0.9990,1.6341,108.44,
2,Maze001,18.091,8.9736,-0.9990,1.6341,108.44,
2,Maze001,18.096,8.9736,-0.9990,1.6341,108.44,
2,Maze001,18.100,8.9736,-0.9990,1.6341,108.44,
2,Maze001,18.104,8.9736,-0.9990,1.6341,108.44,
2,Maze001,18.108,8.9736,-0.9990,1.6341,108.44,
2,Maze001,18.112,8.9736,-0.9990,1.6341,108.44,
2,Maze001,18.116,8.9736,-0.9990,1.6341,108.44,
2,Maze001,18.120,8.9736,-0.9990,1.6341,108.44,
2,Maze001,18.125,8.9736,-0.9990,1.6341,108.44,
2,Maze001,18.128,8.9736,-0.9990,1.6341,108.44,
2,Maze001,18.133,8.9736,-0.9990,1.6341,108.44,
2,Maze001,18.137,8.9736,-0.9990,1.6341,108.44,
2,Maze001,18.141,8.9736,-0.9990,1.6341,108.44,
2,Maze001,18.145,8.9736,-0.9990,1.6341,108.44,
2,Maze001,18.149,8.9736,-0.9990,1.6341,108.44,
2,Maze001,18.153,8.9736,-0.9990,1.6341,108.44,
2,Maze001,18.158,8.9736,-0.9990,1.6341,108.44,
2,Maze001,18.162,8.9736,-0.9990,1.6341,108.44,
2,Maze001,18.166,8.9736,-0.9990,1.6341,108.44,
2,Maze001,18.170,8.9736,-0.9990,1.6341,108.44,
2,Maze001,18.174,8.9736,-0.9990,1.6341,108.44,
2,Maze001,18.178,8.9736,-0.9990,1.6341,108.44,
2,Maze001,18.183,8.9736,-0.9990,1.6341,108.44,
2,Maze001,18.187,8.9736,-0.9990,1.6341,108.44,
2,Maze001,18.191,8.9736,-0.9990,1.6341,108.44,
2,Maze001,18.195,8.9736,-0.9990,1.6341,108.44,
2,Maze001,18.199,8.9736,-0.9990,1.6341,108.44,
2,Maze001,18.204,8.9736,-0.9990,1.6341,108.44,
2,Maze001,18.208,8.9736,-0.9990,1.6341,108.44,
2,Maze001,18.212,8.9736,-0.9990,1.6341,108.44,
2,Maze001,18.216,8.9736,-0.9990,1.6341,108.44,
2,Maze001,18.220,8.9736,-0.9990,1.6341,108.44,
2,Maze001,18.224,8.9736,-0.9990,1.6341,108.44,
2,Maze001,18.228,8.9736,-0.9990,1.6341,108.44,
2,Maze001,18.233,8.9736,-0.9990,1.6341,108.44,
2,Maze001,18.237,8.9736,-0.9990,1.6341,108.44,
2,Maze001,18.241,8.9736,-0.9990,1.6341,108.44,
2,Maze001,18.245,8.9736,-0.9990,1.6341,108.44,
2,Maze001,18.249,8.9736,-0.9990,1.6341,108.44,
2,Maze001,18.253,8.9736,-0.9990,1.6341,108.44,
2,Maze001,18.258,8.9736,-0.9990,1.6341,108.44,
2,Maze001,18.262,8.9736,-0.9990,1.6341,108.44,
2,Maze001,18.266,8.9736,-0.9990,1.6341,108.44,
2,Maze001,18.270,8.9736,-0.9990,1.6341,108.44,
2,Maze001,18.274,8.9736,-0.9990,1.6341,108.44,
2,Maze001,18.278,8.9736,-0.9990,1.6341,108.44,
2,Maze001,18.282,8.9736,-0.9990,1.6341,108.44,
2,Maze001,18.287,8.9736,-0.9990,1.6341,108.44,
2,Maze001,18.291,8.9736,-0.9990,1.6341,108.44,
2,Maze001,18.296,8.9736,-0.9990,1.6341,108.44,
2,Maze001,18.299,8.9736,-0.9990,1.6341,108.44,
2,Maze001,18.303,8.9736,-0.9990,1.6341,108.44,
2,Maze001,18.308,8.9736,-0.9990,1.6341,108.44,
2,Maze001,18.312,8.9736,-0.9990,1.6341,108.44,
2,Maze001,18.316,8.9736,-0.9990,1.6341,108.44,
2,Maze001,18.320,8.9736,-0.9990,1.6341,108.44,
2,Maze001,18.324,8.9736,-0.9990,1.6341,108.44,
2,Maze001,18.329,8.9736,-0.9990,1.6341,108.44,
2,Maze001,18.333,8.9736,-0.9990,1.6341,108.44,
2,Maze001,18.337,8.9736,-0.9990,1.6341,108.44,
2,Maze001,18.341,8.9736,-0.9990,1.6341,108.44,
2,Maze001,18.345,8.9736,-0.9990,1.6341,108.44,
2,Maze001,18.349,8.9736,-0.9990,1.6341,108.44,
2,Maze001,18.353,8.9736,-0.9990,1.6341,108.44,
2,Maze001,18.358,8.9736,-0.9990,1.6341,108.44,
2,Maze001,18.363,8.9736,-0.9990,1.6341,108.44,
2,Maze001,18.366,8.9736,-0.9990,1.6341,108.44,
2,Maze001,18.370,8.9736,-0.9990,1.6341,108.44,
2,Maze001,18.374,8.9736,-0.9990,1.6341,108.44,
2,Maze001,18.379,8.9736,-0.9990,1.6341,108.44,
2,Maze001,18.383,8.9736,-0.9990,1.6341,108.44,
2,Maze001,18.387,8.9736,-0.9990,1.6341,108.44,
2,Maze001,18.391,8.9736,-0.9990,1.6341,108.44,
2,Maze001,18.395,8.9736,-0.9990,1.6341,108.44,
2,Maze001,18.399,8.9736,-0.9990,1.6341,108.44,
2,Maze001,18.404,8.9736,-0.9990,1.6341,108.44,
2,Maze001,18.408,8.9736,-0.9990,1.6341,108.44,
2,Maze001,18.412,8.9736,-0.9990,1.6341,108.44,
2,Maze001,18.416,8.9736,-0.9990,1.6341,108.44,
2,Maze001,18.420,8.9736,-0.9990,1.6341,108.44,
2,Maze001,18.424,8.9736,-0.9990,1.6341,108.44,
2,Maze001,18.428,8.9736,-0.9990,1.6341,108.44,
2,Maze001,18.432,8.9736,-0.9990,1.6341,108.44,
2,Maze001,18.437,8.9736,-0.9990,1.6341,108.44,
2,Maze001,18.441,8.9736,-0.9990,1.6341,108.44,
2,Maze001,18.445,8.9736,-0.9990,1.6341,108.44,
2,Maze001,18.449,8.9736,-0.9990,1.6341,108.44,
2,Maze001,18.453,8.9736,-0.9990,1.6341,108.44,
2,Maze001,18.458,8.9736,-0.9990,1.6341,108.44,
2,Maze001,18.462,8.9736,-0.9990,1.6341,108.44,
2,Maze001,18.466,8.9736,-0.9990,1.6341,108.44,
2,Maze001,18.470,8.9736,-0.9990,1.6341,108.44,
2,Maze001,18.474,8.9736,-0.9990,1.6341,108.44,
2,Maze001,18.479,8.9736,-0.9990,1.6341,108.44,
2,Maze001,18.483,8.9736,-0.9990,1.6341,108.44,
2,Maze001,18.487,8.9736,-0.9990,1.6341,108.44,
2,Maze001,18.491,8.9736,-0.9990,1.6341,108.44,
2,Maze001,18.495,8.9736,-0.9990,1.6341,108.44,
2,Maze001,18.499,8.9736,-0.9990,1.6341,108.44,
2,Maze001,18.503,8.9736,-0.9990,1.6341,108.44,
2,Maze001,18.508,8.9736,-0.9990,1.6341,108.44,
2,Maze001,18.512,8.9736,-0.9990,1.6341,108.44,
2,Maze001,18.517,8.9736,-0.9990,1.6341,108.44,
2,Maze001,18.520,8.9736,-0.9990,1.6341,108.44,
2,Maze001,18.524,8.9736,-0.9990,1.6341,108.44,
2,Maze001,18.528,8.9736,-0.9990,1.6341,108.44,
2,Maze001,18.533,8.9736,-0.9990,1.6341,108.44,
2,Maze001,18.537,8.9736,-0.9990,1.6341,108.44,
2,Maze001,18.541,8.9736,-0.9990,1.6341,108.44,
2,Maze001,18.545,8.9736,-0.9990,1.6341,108.44,
2,Maze001,18.549,8.9736,-0.9990,1.6341,108.44,
2,Maze001,18.554,8.9736,-0.9990,1.6341,108.44,
2,Maze001,18.558,8.9736,-0.9990,1.6341,108.44,
2,Maze001,18.562,8.9736,-0.9990,1.6341,108.44,
2,Maze001,18.566,8.9736,-0.9990,1.6341,108.44,
2,Maze001,18.570,8.9736,-0.9990,1.6341,108.44,
2,Maze001,18.574,8.9736,-0.9990,1.6341,108.44,
2,Maze001,18.579,8.9736,-0.9990,1.6341,108.44,
2,Maze001,18.583,8.9736,-0.9990,1.6341,108.44,
2,Maze001,18.587,8.9736,-0.9990,1.6341,108.44,
2,Maze001,18.591,8.9736,-0.9990,1.6341,108.44,
2,Maze001,18.595,8.9736,-0.9990,1.6341,108.44,
2,Maze001,18.599,8.9736,-0.9990,1.6341,108.44,
2,Maze001,18.603,8.9736,-0.9990,1.6341,108.44,
2,Maze001,18.608,8.9736,-0.9990,1.6341,108.44,
2,Maze001,18.612,8.9736,-0.9990,1.6341,108.44,
2,Maze001,18.616,8.9736,-0.9990,1.6341,108.44,
2,Maze001,18.620,8.9736,-0.9990,1.6341,108.44,
2,Maze001,18.624,8.9736,-0.9990,1.6341,108.44,
2,Maze001,18.628,8.9736,-0.9990,1.6341,108.44,
2,Maze001,18.632,8.9736,-0.9990,1.6341,108.44,
2,Maze001,18.637,8.9736,-0.9990,1.6341,108.44,
2,Maze001,18.641,8.9736,-0.9990,1.6341,108.44,
2,Maze001,18.645,8.9736,-0.9990,1.6341,108.44,
2,Maze001,18.649,8.9736,-0.9990,1.6341,108.44,
2,Maze001,18.653,8.9736,-0.9990,1.6341,108.44,
2,Maze001,18.657,8.9736,-0.9990,1.6341,108.44,
2,Maze001,18.662,8.9736,-0.9990,1.6341,108.44,
2,Maze001,18.666,8.9736,-0.9990,1.6341,108.44,
2,Maze001,18.670,8.9736,-0.9990,1.6341,108.44,
2,Maze001,18.674,8.9736,-0.9990,1.6341,108.44,
2,Maze001,18.678,8.9736,-0.9990,1.6341,108.44,
2,Maze001,18.683,8.9736,-0.9990,1.6341,108.44,
2,Maze001,18.687,8.9736,-0.9990,1.6341,108.44,
2,Maze001,18.691,8.9736,-0.9990,1.6341,108.44,
2,Maze001,18.695,8.9736,-0.9990,1.6341,108.44,
2,Maze001,18.699,8.9736,-0.9990,1.6341,108.44,
2,Maze001,18.703,8.9736,-0.9990,1.6341,108.44,
2,Maze001,18.707,8.9736,-0.9990,1.6341,108.44,
2,Maze001,18.712,8.9736,-0.9990,1.6341,108.44,
2,Maze001,18.716,8.9736,-0.9990,1.6341,108.44,
2,Maze001,18.720,8.9736,-0.9990,1.6341,108.44,
2,Maze001,18.724,8.9736,-0.9990,1.6341,108.44,
2,Maze001,18.728,8.9736,-0.9990,1.6341,108.44,
2,Maze001,18.733,8.9736,-0.9990,1.6341,108.44,
2,Maze001,18.737,8.9736,-0.9990,1.6341,108.44,
2,Maze001,18.741,8.9736,-0.9990,1.6341,108.44,
2,Maze001,18.745,8.9736,-0.9990,1.6341,108.44,
2,Maze001,18.750,8.9736,-0.9990,1.6341,108.44,
2,Maze001,18.754,8.9736,-0.9990,1.6341,108.44,
2,Maze001,18.758,8.9736,-0.9990,1.6341,108.44,
2,Maze001,18.762,8.9736,-0.9990,1.6341,108.44,
2,Maze001,18.766,8.9736,-0.9990,1.6341,108.44,
2,Maze001,18.770,8.9736,-0.9990,1.6341,108.44,
2,Maze001,18.775,8.9736,-0.9990,1.6341,108.44,
2,Maze001,18.779,8.9736,-0.9990,1.6341,108.44,
2,Maze001,18.783,8.9736,-0.9990,1.6341,108.44,
2,Maze001,18.787,8.9736,-0.9990,1.6341,108.44,
2,Maze001,18.791,8.9736,-0.9990,1.6341,108.44,
2,Maze001,18.795,8.9736,-0.9990,1.6341,108.44,
2,Maze001,18.799,8.9736,-0.9990,1.6341,108.44,
2,Maze001,18.803,8.9736,-0.9990,1.6341,108.44,
2,Maze001,18.808,8.9736,-0.9990,1.6341,108.44,
2,Maze001,18.812,8.9736,-0.9990,1.6341,108.44,
2,Maze001,18.816,8.9736,-0.9990,1.6341,108.44,
2,Maze001,18.820,8.9736,-0.9990,1.6341,108.44,
2,Maze001,18.824,8.9736,-0.9990,1.6341,108.44,
2,Maze001,18.828,8.9736,-0.9990,1.6341,108.44,
2,Maze001,18.832,8.9736,-0.9990,1.6341,108.44,
2,Maze001,18.837,8.9736,-0.9990,1.6341,108.44,
2,Maze001,18.841,8.9736,-0.9990,1.6341,108.44,
2,Maze001,18.845,8.9736,-0.9990,1.6341,108.44,
2,Maze001,18.850,8.9736,-0.9990,1.6341,108.44,
2,Maze001,18.854,8.9736,-0.9990,1.6341,108.44,
2,Maze001,18.858,8.9736,-0.9990,1.6341,108.44,
2,Maze001,18.862,8.9736,-0.9990,1.6341,108.44,
2,Maze001,18.866,8.9736,-0.9990,1.6341,108.44,
2,Maze001,18.870,8.9736,-0.9990,1.6341,108.44,
2,Maze001,18.874,8.9736,-0.9990,1.6341,108.44,
2,Maze001,18.878,8.9736,-0.9990,1.6341,108.44,
2,Maze001,18.882,8.9736,-0.9990,1.6341,108.44,
2,Maze001,18.887,8.9736,-0.9990,1.6341,108.44,
2,Maze001,18.892,8.9736,-0.9990,1.6341,108.44,
2,Maze001,18.895,8.9736,-0.9990,1.6341,108.44,
2,Maze001,18.899,8.9736,-0.9990,1.6341,108.44,
2,Maze001,18.903,8.9736,-0.9990,1.6341,108.44,
2,Maze001,18.907,8.9736,-0.9990,1.6341,108.44,
2,Maze001,18.912,8.9736,-0.9990,1.6341,108.44,
2,Maze001,18.916,8.9736,-0.9990,1.6341,108.44,
2,Maze001,18.920,8.9736,-0.9990,1.6341,108.44,
2,Maze001,18.924,8.9736,-0.9990,1.6341,108.44,
2,Maze001,18.928,8.9736,-0.9990,1.6341,108.44,
2,Maze001,18.933,8.9736,-0.9990,1.6341,108.44,
2,Maze001,18.937,8.9736,-0.9990,1.6341,108.44,
2,Maze001,18.941,8.9736,-0.9990,1.6341,108.44,
2,Maze001,18.945,8.9736,-0.9990,1.6341,108.44,
2,Maze001,18.950,8.9736,-0.9990,1.6341,108.44,
2,Maze001,18.954,8.9736,-0.9990,1.6341,108.44,
2,Maze001,18.958,8.9736,-0.9990,1.6341,108.44,
2,Maze001,18.962,8.9736,-0.9990,1.6341,108.44,
2,Maze001,18.966,8.9736,-0.9990,1.6341,108.44,
2,Maze001,18.970,8.9736,-0.9990,1.6341,108.44,
2,Maze001,18.974,8.9736,-0.9990,1.6341,108.44,
2,Maze001,18.978,8.9736,-0.9990,1.6341,108.44,
2,Maze001,18.983,8.9736,-0.9990,1.6341,108.44,
2,Maze001,18.987,8.9736,-0.9990,1.6341,108.44,
2,Maze001,18.991,8.9736,-0.9990,1.6341,108.44,
2,Maze001,18.995,8.9736,-0.9990,1.6341,108.44,
2,Maze001,18.999,8.9736,-0.9990,1.6341,108.44,
2,Maze001,19.003,8.9736,-0.9990,1.6341,108.44,
2,Maze001,19.007,8.9736,-0.9990,1.6341,108.44,
2,Maze001,19.012,8.9736,-0.9990,1.6341,108.44,
2,Maze001,19.016,8.9736,-0.9990,1.6341,108.44,
2,Maze001,19.020,8.9736,-0.9990,1.6341,108.44,
2,Maze001,19.024,8.9736,-0.9990,1.6341,108.44,
2,Maze001,19.029,8.9736,-0.9990,1.6341,108.44,
2,Maze001,19.033,8.9736,-0.9990,1.6341,108.44,
2,Maze001,19.037,8.9736,-0.9990,1.6341,108.44,
2,Maze001,19.041,8.9736,-0.9990,1.6341,108.44,
2,Maze001,19.045,8.9736,-0.9990,1.6341,108.44,
2,Maze001,19.049,8.9736,-0.9990,1.6341,108.44,
2,Maze001,19.053,8.9736,-0.9990,1.6341,108.44,
2,Maze001,19.058,8.9736,-0.9990,1.6341,108.44,
2,Maze001,19.062,8.9736,-0.9990,1.6341,108.44,
2,Maze001,19.066,8.9736,-0.9990,1.6341,108.44,
2,Maze001,19.070,8.9736,-0.9990,1.6341,108.44,
2,Maze001,19.074,8.9736,-0.9990,1.6341,108.44,
2,Maze001,19.078,8.9736,-0.9990,1.6341,108.44,
2,Maze001,19.082,8.9736,-0.9990,1.6341,108.44,
2,Maze001,19.087,8.9736,-0.9990,1.6341,108.44,
2,Maze001,19.091,8.9736,-0.9990,1.6341,108.44,
2,Maze001,19.095,8.9736,-0.9990,1.6341,108.44,
2,Maze001,19.099,8.9736,-0.9990,1.6341,108.44,
2,Maze001,19.103,8.9736,-0.9990,1.6341,108.44,
2,Maze001,19.107,8.9736,-0.9990,1.6341,108.44,
2,Maze001,19.112,8.9736,-0.9990,1.6341,108.44,
2,Maze001,19.116,8.9736,-0.9990,1.6341,108.44,
2,Maze001,19.120,8.9736,-0.9990,1.6341,108.44,
2,Maze001,19.124,8.9736,-0.9990,1.6341,108.44,
2,Maze001,19.128,8.9736,-0.9990,1.6341,108.44,
2,Maze001,19.132,8.9736,-0.9990,1.6341,108.44,
2,Maze001,19.137,8.9736,-0.9990,1.6341,108.44,
2,Maze001,19.141,8.9736,-0.9990,1.6341,108.44,
2,Maze001,19.145,8.9736,-0.9990,1.6341,108.44,
2,Maze001,19.149,8.9736,-0.9990,1.6341,108.44,
2,Maze001,19.153,8.9736,-0.9990,1.6341,108.44,
2,Maze001,19.158,8.9736,-0.9990,1.6341,108.44,
2,Maze001,19.162,8.9736,-0.9990,1.6341,108.44,
2,Maze001,19.166,8.9736,-0.9990,1.6341,108.44,
2,Maze001,19.170,8.9736,-0.9990,1.6341,108.44,
2,Maze001,19.174,8.9736,-0.9990,1.6341,108.44,
2,Maze001,19.178,8.9736,-0.9990,1.6341,108.44,
2,Maze001,19.182,8.9736,-0.9990,1.6341,108.44,
2,Maze001,19.187,8.9736,-0.9990,1.6341,108.44,
2,Maze001,19.191,8.9736,-0.9990,1.6341,108.44,
2,Maze001,19.195,8.9736,-0.9990,1.6341,108.44,
2,Maze001,19.199,8.9736,-0.9990,1.6341,108.44,
2,Maze001,19.203,8.9736,-0.9990,1.6341,108.44,
2,Maze001,19.207,8.9736,-0.9990,1.6341,108.44,
2,Maze001,19.212,8.9736,-0.9990,1.6341,108.44,
2,Maze001,19.216,8.9736,-0.9990,1.6341,108.44,
2,Maze001,19.220,8.9736,-0.9990,1.6341,108.44,
2,Maze001,19.224,8.9736,-0.9990,1.6341,108.44,
2,Maze001,19.228,8.9736,-0.9990,1.6341,108.44,
2,Maze001,19.233,8.9736,-0.9990,1.6341,108.44,
2,Maze001,19.237,8.9736,-0.9990,1.6341,108.44,
2,Maze001,19.241,8.9736,-0.9990,1.6341,108.44,
2,Maze001,19.245,8.9736,-0.9990,1.6341,108.44,
2,Maze001,19.249,8.9736,-0.9990,1.6341,108.44,
2,Maze001,19.253,8.9736,-0.9990,1.6341,108.44,
2,Maze001,19.257,8.9736,-0.9990,1.6341,108.44,
2,Maze001,19.261,8.9736,-0.9990,1.6341,108.44,
2,Maze001,19.266,8.9736,-0.9990,1.6341,108.44,
2,Maze001,19.270,8.9736,-0.9990,1.6341,108.44,
2,Maze001,19.274,8.9736,-0.9990,1.6341,108.44,
2,Maze001,19.278,8.9736,-0.9990,1.6341,108.44,
2,Maze001,19.282,8.9736,-0.9990,1.6341,108.44,
2,Maze001,19.287,8.9736,-0.9990,1.6341,108.44,
2,Maze001,19.291,8.9736,-0.9990,1.6341,108.44,
2,Maze001,19.295,8.9736,-0.9990,1.6341,108.44,
2,Maze001,19.299,8.9736,-0.9990,1.6341,108.44,
2,Maze001,19.303,8.9736,-0.9990,1.6341,108.44,
2,Maze001,19.308,8.9736,-0.9990,1.6341,108.44,
2,Maze001,19.311,8.9736,-0.9990,1.6341,108.44,
2,Maze001,19.316,8.9736,-0.9990,1.6341,108.44,
2,Maze001,19.320,8.9736,-0.9990,1.6341,108.44,
2,Maze001,19.324,8.9736,-0.9990,1.6341,108.44,
2,Maze001,19.328,8.9736,-0.9990,1.6341,108.44,
2,Maze001,19.332,8.9736,-0.9990,1.6341,108.44,
2,Maze001,19.337,8.9736,-0.9990,1.6341,108.44,
2,Maze001,19.341,8.9736,-0.9990,1.6341,108.44,
2,Maze001,19.345,8.9736,-0.9990,1.6341,108.44,
2,Maze001,19.349,8.9736,-0.9990,1.6341,108.44,
2,Maze001,19.353,8.9736,-0.9990,1.6341,108.44,
2,Maze001,19.357,8.9736,-0.9990,1.6341,108.44,
2,Maze001,19.362,8.9736,-0.9990,1.6341,108.44,
2,Maze001,19.366,8.9736,-0.9990,1.6341,108.44,
2,Maze001,19.370,8.9736,-0.9990,1.6341,108.44,
2,Maze001,19.374,8.9736,-0.9990,1.6341,108.44,
2,Maze001,19.378,8.9736,-0.9990,1.6341,108.44,
2,Maze001,19.383,8.9736,-0.9990,1.6341,108.44,
2,Maze001,19.387,8.9736,-0.9990,1.6341,108.44,
2,Maze001,19.391,8.9736,-0.9990,1.6341,108.44,
2,Maze001,19.395,8.9736,-0.9990,1.6341,108.44,
2,Maze001,19.399,8.9736,-0.9990,1.6341,108.44,
2,Maze001,19.403,8.9736,-0.9990,1.6341,108.44,
2,Maze001,19.407,8.9736,-0.9990,1.6341,108.44,
2,Maze001,19.412,8.9736,-0.9990,1.6341,108.44,
2,Maze001,19.416,8.9736,-0.9990,1.6341,108.44,
2,Maze001,19.420,8.9736,-0.9990,1.6341,108.44,
2,Maze001,19.424,8.9736,-0.9990,1.6341,108.44,
2,Maze001,19.428,8.9736,-0.9990,1.6341,108.44,
2,Maze001,19.433,8.9736,-0.9990,1.6341,108.44,
2,Maze001,19.437,8.9736,-0.9990,1.6341,108.44,
2,Maze001,19.441,8.9736,-0.9990,1.6341,108.44,
2,Maze001,19.445,8.9736,-0.9990,1.6341,108.44,
2,Maze001,19.449,8.9736,-0.9990,1.6341,108.44,
2,Maze001,19.453,8.9736,-0.9990,1.6341,108.44,
2,Maze001,19.458,8.9736,-0.9990,1.6341,108.44,
2,Maze001,19.462,8.9736,-0.9990,1.6341,108.44,
2,Maze001,19.466,8.9736,-0.9990,1.6341,108.44,
2,Maze001,19.470,8.9736,-0.9990,1.6341,108.44,
2,Maze001,19.474,8.9736,-0.9990,1.6341,108.44,
2,Maze001,19.478,8.9736,-0.9990,1.6341,108.44,
2,Maze001,19.483,8.9736,-0.9990,1.6341,108.44,
2,Maze001,19.487,8.9736,-0.9990,1.6341,108.44,
2,Maze001,19.491,8.9736,-0.9990,1.6341,108.44,
2,Maze001,19.495,8.9736,-0.9990,1.6341,108.44,
2,Maze001,19.499,8.9736,-0.9990,1.6341,108.44,
2,Maze001,19.503,8.9736,-0.9990,1.6341,108.44,
2,Maze001,19.507,8.9736,-0.9990,1.6341,108.44,
2,Maze001,19.512,8.9736,-0.9990,1.6341,108.44,
2,Maze001,19.516,8.9736,-0.9990,1.6341,108.44,
2,Maze001,19.520,8.9736,-0.9990,1.6341,108.44,
2,Maze001,19.524,8.9736,-0.9990,1.6341,108.44,
2,Maze001,19.528,8.9736,-0.9990,1.6341,108.44,
2,Maze001,19.532,8.9736,-0.9990,1.6341,108.44,
2,Maze001,19.537,8.9736,-0.9990,1.6341,108.44,
2,Maze001,19.541,8.9736,-0.9990,1.6341,108.44,
2,Maze001,19.545,8.9736,-0.9990,1.6341,108.44,
2,Maze001,19.549,8.9736,-0.9990,1.6341,108.44,
2,Maze001,19.553,8.9736,-0.9990,1.6341,108.44,
2,Maze001,19.557,8.9736,-0.9990,1.6341,108.44,
2,Maze001,19.562,8.9736,-0.9990,1.6341,108.44,
2,Maze001,19.566,8.9736,-0.9990,1.6341,108.44,
2,Maze001,19.570,8.9736,-0.9990,1.6341,108.44,
2,Maze001,19.574,8.9736,-0.9990,1.6341,108.44,
2,Maze001,19.578,8.9736,-0.9990,1.6341,108.44,
2,Maze001,19.582,8.9736,-0.9990,1.6341,108.44,
2,Maze001,19.586,8.9736,-0.9990,1.6341,108.44,
2,Maze001,19.591,8.9736,-0.9990,1.6341,108.44,
2,Maze001,19.595,8.9736,-0.9990,1.6341,108.44,
2,Maze001,19.599,8.9736,-0.9990,1.6341,108.44,
2,Maze001,19.604,8.9736,-0.9990,1.6341,108.44,
2,Maze001,19.607,8.9736,-0.9990,1.6341,108.44,
2,Maze001,19.611,8.9736,-0.9990,1.6341,108.44,
2,Maze001,19.616,8.9736,-0.9990,1.6341,108.44,
2,Maze001,19.620,8.9736,-0.9990,1.6341,108.44,
2,Maze001,19.624,8.9736,-0.9990,1.6341,108.44,
2,Maze001,19.628,8.9736,-0.9990,1.6341,108.44,
2,Maze001,19.632,8.9736,-0.9990,1.6341,108.44,
2,Maze001,19.637,8.9736,-0.9990,1.6341,108.44,
2,Maze001,19.641,8.9736,-0.9990,1.6341,108.44,
2,Maze001,19.645,8.9736,-0.9990,1.6341,108.44,
2,Maze001,19.649,8.9736,-0.9990,1.6341,108.44,
2,Maze001,19.653,8.9736,-0.9990,1.6341,108.44,
2,Maze001,19.658,8.9736,-0.9990,1.6341,108.44,
2,Maze001,19.662,8.9736,-0.9990,1.6341,108.44,
2,Maze001,19.666,8.9736,-0.9990,1.6341,108.44,
2,Maze001,19.670,8.9736,-0.9990,1.6341,108.44,
2,Maze001,19.675,8.9736,-0.9990,1.6341,108.44,
2,Maze001,19.679,8.9736,-0.9990,1.6341,108.44,
2,Maze001,19.683,8.9736,-0.9990,1.6341,108.44,
2,Maze001,19.687,8.9736,-0.9990,1.6341,108.44,
2,Maze001,19.691,8.9736,-0.9990,1.6341,108.44,
2,Maze001,19.695,8.9736,-0.9990,1.6341,108.44,
2,Maze001,19.699,8.9736,-0.9990,1.6341,108.44,
2,Maze001,19.704,8.9736,-0.9990,1.6341,108.44,
2,Maze001,19.708,8.9736,-0.9990,1.6341,108.44,
2,Maze001,19.712,8.9736,-0.9990,1.6341,108.44,
2,Maze001,19.716,8.9736,-0.9990,1.6341,108.44,
2,Maze001,19.720,8.9736,-0.9990,1.6341,108.44,
2,Maze001,19.724,8.9736,-0.9990,1.6341,108.44,
2,Maze001,19.728,8.9736,-0.9990,1.6341,108.44,
2,Maze001,19.732,8.9736,-0.9990,1.6341,108.44,
2,Maze001,19.736,8.9736,-0.9990,1.6341,108.44,
2,Maze001,19.741,8.9736,-0.9990,1.6341,108.44,
2,Maze001,19.745,8.9736,-0.9990,1.6341,108.44,
2,Maze001,19.749,8.9736,-0.9990,1.6341,108.44,
2,Maze001,19.753,8.9736,-0.9990,1.6341,108.44,
2,Maze001,19.757,8.9736,-0.9990,1.6341,108.44,
2,Maze001,19.762,8.9736,-0.9990,1.6341,108.44,
2,Maze001,19.766,8.9736,-0.9990,1.6341,108.44,
2,Maze001,19.770,8.9736,-0.9990,1.6341,108.44,
2,Maze001,19.774,8.9736,-0.9990,1.6341,108.44,
2,Maze001,19.778,8.9736,-0.9990,1.6341,108.44,
2,Maze001,19.782,8.9736,-0.9990,1.6341,108.44,
2,Maze001,19.786,8.9736,-0.9990,1.6341,108.44,
2,Maze001,19.791,8.9736,-0.9990,1.6341,108.44,
2,Maze001,19.795,8.9736,-0.9990,1.6341,108.44,
2,Maze001,19.799,8.9736,-0.9990,1.6341,108.44,
2,Maze001,19.803,8.9736,-0.9990,1.6341,108.44,
2,Maze001,19.807,8.9736,-0.9990,1.6341,108.44,
2,Maze001,19.811,8.9736,-0.9990,1.6341,108.44,
2,Maze001,19.816,8.9736,-0.9990,1.6341,108.44,
2,Maze001,19.820,8.9736,-0.9990,1.6341,108.44,
2,Maze001,19.824,8.9736,-0.9990,1.6341,108.44,
2,Maze001,19.828,8.9736,-0.9990,1.6341,108.44,
2,Maze001,19.832,8.9736,-0.9990,1.6341,108.44,
2,Maze001,19.836,8.9736,-0.9990,1.6341,108.44,
2,Maze001,19.841,8.9736,-0.9990,1.6341,108.44,
2,Maze001,19.845,8.9736,-0.9990,1.6341,108.44,
2,Maze001,19.849,8.9736,-0.9990,1.6341,108.44,
2,Maze001,19.853,8.9736,-0.9990,1.6341,108.44,
2,Maze001,19.857,8.9736,-0.9990,1.6341,108.44,
2,Maze001,19.862,8.9736,-0.9990,1.6341,108.44,
2,Maze001,19.866,8.9736,-0.9990,1.6341,108.44,
2,Maze001,19.870,8.9736,-0.9990,1.6341,108.44,
2,Maze001,19.874,8.9736,-0.9990,1.6341,108.44,
2,Maze001,19.878,8.9736,-0.9990,1.6341,108.44,
2,Maze001,19.882,8.9736,-0.9990,1.6341,108.44,
2,Maze001,19.886,8.9736,-0.9990,1.6341,108.44,
2,Maze001,19.891,8.9736,-0.9990,1.6341,108.44,
2,Maze001,19.895,8.9736,-0.9990,1.6341,108.44,
2,Maze001,19.899,8.9736,-0.9990,1.6341,108.44,
2,Maze001,19.903,8.9736,-0.9990,1.6341,108.44,
2,Maze001,19.907,8.9736,-0.9990,1.6341,108.44,
2,Maze001,19.911,8.9736,-0.9990,1.6341,108.44,
2,Maze001,19.916,8.9736,-0.9990,1.6341,108.44,
2,Maze001,19.920,8.9736,-0.9990,1.6341,108.44,
2,Maze001,19.924,8.9736,-0.9990,1.6341,108.44,
2,Maze001,19.928,8.9736,-0.9990,1.6341,108.44,
2,Maze001,19.932,8.9736,-0.9990,1.6341,108.44,
2,Maze001,19.937,8.9736,-0.9990,1.6341,108.44,
2,Maze001,19.941,8.9736,-0.9990,1.6341,108.44,
2,Maze001,19.945,8.9736,-0.9990,1.6341,108.44,
2,Maze001,19.949,8.9736,-0.9990,1.6341,108.44,
2,Maze001,19.953,8.9736,-0.9990,1.6341,108.44,
2,Maze001,19.958,8.9736,-0.9990,1.6341,108.44,
2,Maze001,19.961,8.9736,-0.9990,1.6341,108.44,
2,Maze001,19.966,8.9736,-0.9990,1.6341,108.44,
2,Maze001,19.970,8.9736,-0.9990,1.6341,108.44,
2,Maze001,19.974,8.9736,-0.9990,1.6341,108.44,
2,Maze001,19.978,8.9736,-0.9990,1.6341,108.44,
2,Maze001,19.982,8.9736,-0.9990,1.6341,108.44,
2,Maze001,19.987,8.9736,-0.9990,1.6341,108.44,
2,Maze001,19.991,8.9736,-0.9990,1.6341,108.44,
2,Maze001,19.995,8.9736,-0.9990,1.6341,108.44,
2,Maze001,19.999,8.9736,-0.9990,1.6341,108.44,
2,Maze001,20.003,8.9736,-0.9990,1.6341,108.44,
2,Maze001,20.007,8.9736,-0.9990,1.6341,108.44,
2,Maze001,20.011,8.9736,-0.9990,1.6341,108.44,
2,Maze001,20.016,8.9736,-0.9990,1.6341,108.44,
2,Maze001,20.020,8.9736,-0.9990,1.6341,108.44,
2,Maze001,20.024,8.9736,-0.9990,1.6341,108.44,
2,Maze001,20.028,8.9736,-0.9990,1.6341,108.44,
2,Maze001,20.032,8.9736,-0.9990,1.6341,108.44,
2,Maze001,20.036,8.9736,-0.9990,1.6341,108.44,
2,Maze001,20.041,8.9736,-0.9990,1.6341,108.44,
2,Maze001,20.045,8.9736,-0.9990,1.6341,108.44,
2,Maze001,20.049,8.9736,-0.9990,1.6341,108.44,
2,Maze001,20.053,8.9736,-0.9990,1.6341,108.44,
2,Maze001,20.057,8.9736,-0.9990,1.6341,108.44,
2,Maze001,20.062,8.9736,-0.9990,1.6341,108.44,
2,Maze001,20.066,8.9736,-0.9990,1.6341,108.44,
2,Maze001,20.070,8.9736,-0.9990,1.6341,108.44,
2,Maze001,20.075,8.9736,-0.9990,1.6341,108.44,
2,Maze001,20.078,8.9736,-0.9990,1.6341,108.44,
2,Maze001,20.083,8.9736,-0.9990,1.6341,108.44,
2,Maze001,20.087,8.9736,-0.9990,1.6341,108.44,
2,Maze001,20.091,8.9736,-0.9990,1.6341,108.44,
2,Maze001,20.095,8.9736,-0.9990,1.6341,108.44,
2,Maze001,20.099,8.9736,-0.9990,1.6341,108.44,
2,Maze001,20.103,8.9736,-0.9990,1.6341,108.44,
2,Maze001,20.107,8.9736,-0.9990,1.6341,108.44,
2,Maze001,20.111,8.9736,-0.9990,1.6341,108.44,
2,Maze001,20.116,8.9736,-0.9990,1.6341,108.44,
2,Maze001,20.120,8.9736,-0.9990,1.6341,108.44,
2,Maze001,20.124,8.9736,-0.9990,1.6341,108.44,
2,Maze001,20.128,8.9736,-0.9990,1.6341,108.44,
2,Maze001,20.132,8.9736,-0.9990,1.6341,108.44,
2,Maze001,20.136,8.9736,-0.9990,1.6341,108.44,
2,Maze001,20.141,8.9736,-0.9990,1.6341,108.44,
2,Maze001,20.145,8.9736,-0.9990,1.6341,108.44,
2,Maze001,20.149,8.9736,-0.9990,1.6341,108.44,
2,Maze001,20.153,8.9736,-0.9990,1.6341,108.44,
2,Maze001,20.157,8.9736,-0.9990,1.6341,108.44,
2,Maze001,20.162,8.9736,-0.9990,1.6341,108.44,
2,Maze001,20.166,8.9736,-0.9990,1.6341,108.44,
2,Maze001,20.170,8.9736,-0.9990,1.6341,108.44,
2,Maze001,20.174,8.9736,-0.9990,1.6341,108.44,
2,Maze001,20.178,8.9736,-0.9990,1.6341,108.44,
2,Maze001,20.182,8.9736,-0.9990,1.6341,108.44,
2,Maze001,20.187,8.9736,-0.9990,1.6341,108.44,
2,Maze001,20.191,8.9736,-0.9990,1.6341,108.44,
2,Maze001,20.195,8.9736,-0.9990,1.6341,108.44,
2,Maze001,20.199,8.9736,-0.9990,1.6341,108.44,
2,Maze001,20.203,8.9736,-0.9990,1.6341,108.44,
2,Maze001,20.207,8.9736,-0.9990,1.6341,108.44,
2,Maze001,20.212,8.9736,-0.9990,1.6341,108.44,
2,Maze001,20.216,8.9736,-0.9990,1.6341,108.44,
2,Maze001,20.220,8.9736,-0.9990,1.6341,108.44,
2,Maze001,20.224,8.9736,-0.9990,1.6341,108.44,
2,Maze001,20.229,8.9736,-0.9990,1.6341,108.44,
2,Maze001,20.232,8.9736,-0.9990,1.6341,108.44,
2,Maze001,20.237,8.9736,-0.9990,1.6341,108.44,
2,Maze001,20.241,8.9736,-0.9990,1.6341,108.44,
2,Maze001,20.245,8.9736,-0.9990,1.6341,108.44,
2,Maze001,20.249,8.9736,-0.9990,1.6341,108.44,
2,Maze001,20.253,8.9736,-0.9990,1.6341,108.44,
2,Maze001,20.257,8.9736,-0.9990,1.6341,108.44,
2,Maze001,20.261,8.9736,-0.9990,1.6341,108.44,
2,Maze001,20.265,8.9736,-0.9990,1.6341,108.44,
2,Maze001,20.270,8.9736,-0.9990,1.6341,108.44,
2,Maze001,20.274,8.9736,-0.9990,1.6341,108.44,
2,Maze001,20.278,8.9736,-0.9990,1.6341,108.44,
2,Maze001,20.282,8.9736,-0.9990,1.6341,108.44,
2,Maze001,20.286,8.9736,-0.9990,1.6341,108.44,
2,Maze001,20.291,8.9736,-0.9990,1.6341,108.44,
2,Maze001,20.295,8.9736,-0.9990,1.6341,108.44,
2,Maze001,20.299,8.9736,-0.9990,1.6341,108.44,
2,Maze001,20.303,8.9736,-0.9990,1.6341,108.44,
2,Maze001,20.307,8.9736,-0.9990,1.6341,108.44,
2,Maze001,20.311,8.9736,-0.9990,1.6341,108.44,
2,Maze001,20.316,8.9736,-0.9990,1.6341,108.44,
2,Maze001,20.320,8.9736,-0.9990,1.6341,108.44,
2,Maze001,20.324,8.9736,-0.9990,1.6341,108.44,
2,Maze001,20.328,8.9736,-0.9990,1.6341,108.44,
2,Maze001,20.332,8.9736,-0.9990,1.6341,108.44,
2,Maze001,20.336,8.9736,-0.9990,1.6341,108.44,
2,Maze001,20.340,8.9736,-0.9990,1.6341,108.44,
2,Maze001,20.345,8.9736,-0.9990,1.6341,108.44,
2,Maze001,20.349,8.9736,-0.9990,1.6341,108.44,
2,Maze001,20.353,8.9736,-0.9990,1.6341,108.44,
2,Maze001,20.357,8.9736,-0.9990,1.6341,108.44,
2,Maze001,20.361,8.9736,-0.9990,1.6341,108.44,
2,Maze001,20.366,8.9736,-0.9990,1.6341,108.44,
2,Maze001,20.370,8.9736,-0.9990,1.6341,108.44,
2,Maze001,20.374,8.9736,-0.9990,1.6341,108.44,
2,Maze001,20.378,8.9736,-0.9990,1.6341,108.44,
2,Maze001,20.382,8.9736,-0.9990,1.6341,108.44,
2,Maze001,20.387,8.9736,-0.9990,1.6341,108.44,
2,Maze001,20.391,8.9736,-0.9990,1.6341,108.44,
2,Maze001,20.395,8.9736,-0.9990,1.6341,108.44,
2,Maze001,20.399,8.9736,-0.9990,1.6341,108.44,
2,Maze001,20.403,8.9736,-0.9990,1.6341,108.44,
2,Maze001,20.407,8.9736,-0.9990,1.6341,108.44,
2,Maze001,20.411,8.9736,-0.9990,1.6341,108.44,
2,Maze001,20.416,8.9736,-0.9990,1.6341,108.44,
2,Maze001,20.420,8.9736,-0.9990,1.6341,108.44,
2,Maze001,20.424,8.9736,-0.9990,1.6341,108.44,
2,Maze001,20.428,8.9736,-0.9990,1.6341,108.44,
2,Maze001,20.432,8.9736,-0.9990,1.6341,108.44,
2,Maze001,20.436,8.9736,-0.9990,1.6341,108.44,
2,Maze001,20.441,8.9736,-0.9990,1.6341,108.44,
2,Maze001,20.445,8.9736,-0.9990,1.6341,108.44,
2,Maze001,20.449,8.9736,-0.9990,1.6341,108.44,
2,Maze001,20.453,8.9736,-0.9990,1.6341,108.44,
2,Maze001,20.457,8.9736,-0.9990,1.6341,108.44,
2,Maze001,20.461,8.9736,-0.9990,1.6341,108.44,
2,Maze001,20.466,8.9736,-0.9990,1.6341,108.44,
2,Maze001,20.470,8.9736,-0.9990,1.6341,108.44,
2,Maze001,20.474,8.9736,-0.9990,1.6341,108.44,
2,Maze001,20.478,8.9736,-0.9990,1.6341,108.44,
2,Maze001,20.482,8.9736,-0.9990,1.6341,108.44,
2,Maze001,20.486,8.9736,-0.9990,1.6341,108.44,
2,Maze001,20.491,8.9736,-0.9990,1.6341,108.44,
2,Maze001,20.495,8.9736,-0.9990,1.6341,108.44,
2,Maze001,20.499,8.9736,-0.9990,1.6341,108.44,
2,Maze001,20.503,8.9736,-0.9990,1.6341,108.44,
2,Maze001,20.508,8.9736,-0.9990,1.6341,108.44,
2,Maze001,20.512,8.9736,-0.9990,1.6341,108.44,
2,Maze001,20.516,8.9736,-0.9990,1.6341,108.44,
2,Maze001,20.520,8.9736,-0.9990,1.6341,108.44,
2,Maze001,20.524,8.9736,-0.9990,1.6341,108.44,
2,Maze001,20.528,8.9736,-0.9990,1.6341,108.44,
2,Maze001,20.532,8.9736,-0.9990,1.6341,108.44,
2,Maze001,20.536,8.9736,-0.9990,1.6341,108.44,
2,Maze001,20.541,8.9736,-0.9990,1.6341,108.44,
2,Maze001,20.545,8.9736,-0.9990,1.6341,108.44,
2,Maze001,20.549,8.9736,-0.9990,1.6341,108.44,
2,Maze001,20.553,8.9736,-0.9990,1.6341,108.44,
2,Maze001,20.557,8.9736,-0.9990,1.6341,108.44,
2,Maze001,20.561,8.9736,-0.9990,1.6341,108.44,
2,Maze001,20.565,8.9736,-0.9990,1.6341,108.44,
2,Maze001,20.570,8.9736,-0.9990,1.6341,108.44,
2,Maze001,20.574,8.9736,-0.9990,1.6341,108.44,
2,Maze001,20.578,8.9736,-0.9990,1.6341,108.44,
2,Maze001,20.582,8.9736,-0.9990,1.6341,108.44,
2,Maze001,20.586,8.9736,-0.9990,1.6341,108.44,
2,Maze001,20.591,8.9736,-0.9990,1.6341,108.44,
2,Maze001,20.595,8.9736,-0.9990,1.6341,108.44,
2,Maze001,20.599,8.9736,-0.9990,1.6341,108.44,
2,Maze001,20.603,8.9736,-0.9990,1.6341,108.44,
2,Maze001,20.607,8.9736,-0.9990,1.6341,108.44,
2,Maze001,20.611,8.9736,-0.9990,1.6341,108.44,
2,Maze001,20.616,8.9736,-0.9990,1.6341,108.44,
2,Maze001,20.620,8.9736,-0.9990,1.6341,108.44,
2,Maze001,20.624,8.9736,-0.9990,1.6341,108.44,
2,Maze001,20.628,8.9736,-0.9990,1.6341,108.44,
2,Maze001,20.632,8.9736,-0.9990,1.6341,108.44,
2,Maze001,20.636,8.9736,-0.9990,1.6341,108.44,
2,Maze001,20.640,8.9736,-0.9990,1.6341,108.44,
2,Maze001,20.645,8.9736,-0.9990,1.6341,108.44,
2,Maze001,20.649,8.9736,-0.9990,1.6341,108.44,
2,Maze001,20.653,8.9736,-0.9990,1.6341,108.44,
2,Maze001,20.657,8.9736,-0.9990,1.6341,108.44,
2,Maze001,20.661,8.9736,-0.9990,1.6341,108.44,
2,Maze001,20.666,8.9736,-0.9990,1.6341,108.44,
2,Maze001,20.670,8.9736,-0.9990,1.6341,108.44,
2,Maze001,20.674,8.9736,-0.9990,1.6341,108.44,
2,Maze001,20.678,8.9736,-0.9990,1.6341,108.44,
2,Maze001,20.682,8.9736,-0.9990,1.6341,108.44,
2,Maze001,20.686,8.9736,-0.9990,1.6341,108.44,
2,Maze001,20.690,8.9736,-0.9990,1.6341,108.44,
2,Maze001,20.695,8.9736,-0.9990,1.6341,108.44,
2,Maze001,20.699,8.9736,-0.9990,1.6341,108.44,
2,Maze001,20.703,8.9736,-0.9990,1.6341,108.44,
2,Maze001,20.707,8.9736,-0.9990,1.6341,108.44,
2,Maze001,20.711,8.9736,-0.9990,1.6341,108.44,
2,Maze001,20.716,8.9736,-0.9990,1.6341,108.44,
2,Maze001,20.720,8.9736,-0.9990,1.6341,108.44,
2,Maze001,20.724,8.9736,-0.9990,1.6341,108.44,
2,Maze001,20.728,8.9736,-0.9990,1.6341,108.44,
2,Maze001,20.732,8.9736,-0.9990,1.6341,108.44,
2,Maze001,20.736,8.9736,-0.9990,1.6341,108.44,
2,Maze001,20.741,8.9736,-0.9990,1.6341,108.44,
2,Maze001,20.745,8.9736,-0.9990,1.6341,108.44,
2,Maze001,20.749,8.9736,-0.9990,1.6341,108.44,
2,Maze001,20.753,8.9736,-0.9990,1.6341,108.44,
2,Maze001,20.757,8.9736,-0.9990,1.6341,108.44,
2,Maze001,20.761,8.9736,-0.9990,1.6341,108.44,
2,Maze001,20.766,8.9736,-0.9990,1.6341,108.44,
2,Maze001,20.770,8.9736,-0.9990,1.6341,108.44,
2,Maze001,20.774,8.9736,-0.9990,1.6341,108.44,
2,Maze001,20.778,8.9736,-0.9990,1.6341,108.44,
2,Maze001,20.782,8.9736,-0.9990,1.6341,108.44,
2,Maze001,20.787,8.9736,-0.9990,1.6341,108.44,
2,Maze001,20.791,8.9736,-0.9990,1.6341,108.44,
2,Maze001,20.795,8.9736,-0.9990,1.6341,108.44,
2,Maze001,20.799,8.9736,-0.9990,1.6341,108.44,
2,Maze001,20.803,8.9736,-0.9990,1.6341,108.44,
2,Maze001,20.807,8.9736,-0.9990,1.6341,108.44,
2,Maze001,20.811,8.9736,-0.9990,1.6341,108.44,
2,Maze001,20.816,8.9736,-0.9990,1.6341,108.44,
2,Maze001,20.820,8.9736,-0.9990,1.6341,108.44,
2,Maze001,20.824,8.9736,-0.9990,1.6341,108.44,
2,Maze001,20.828,8.9736,-0.9990,1.6341,108.44,
2,Maze001,20.832,8.9736,-0.9990,1.6341,108.44,
2,Maze001,20.836,8.9736,-0.9990,1.6341,108.44,
2,Maze001,20.841,8.9736,-0.9990,1.6341,108.44,
2,Maze001,20.845,8.9736,-0.9990,1.6341,108.44,
2,Maze001,20.849,8.9736,-0.9990,1.6341,108.44,
2,Maze001,20.854,8.9736,-0.9990,1.6341,108.44,
2,Maze001,20.857,8.9736,-0.9990,1.6341,108.44,
2,Maze001,20.861,8.9736,-0.9990,1.6341,108.44,
2,Maze001,20.865,8.9736,-0.9990,1.6341,108.44,
2,Maze001,20.870,8.9736,-0.9990,1.6341,108.44,
2,Maze001,20.874,8.9736,-0.9990,1.6341,108.44,
2,Maze001,20.878,8.9736,-0.9990,1.6341,108.44,
2,Maze001,20.883,8.9736,-0.9990,1.6341,108.44,
2,Maze001,20.887,8.9736,-0.9990,1.6341,108.44,
2,Maze001,20.891,8.9736,-0.9990,1.6341,108.44,
2,Maze001,20.895,8.9736,-0.9990,1.6341,108.44,
2,Maze001,20.899,8.9736,-0.9990,1.6341,108.44,
2,Maze001,20.903,8.9736,-0.9990,1.6341,108.44,
2,Maze001,20.907,8.9736,-0.9990,1.6341,108.44,
2,Maze001,20.911,8.9736,-0.9990,1.6341,108.44,
2,Maze001,20.916,8.9736,-0.9990,1.6341,108.44,
2,Maze001,20.920,8.9736,-0.9990,1.6341,108.44,
2,Maze001,20.924,8.9736,-0.9990,1.6341,108.44,
2,Maze001,20.928,8.9736,-0.9990,1.6341,108.44,
2,Maze001,20.932,8.9736,-0.9990,1.6341,108.44,
2,Maze001,20.937,8.9736,-0.9990,1.6341,108.44,
2,Maze001,20.941,8.9736,-0.9990,1.6341,108.44,
2,Maze001,20.945,8.9736,-0.9990,1.6341,108.44,
2,Maze001,20.949,8.9736,-0.9990,1.6341,108.44,
2,Maze001,20.953,8.9736,-0.9990,1.6341,108.44,
2,Maze001,20.957,8.9736,-0.9990,1.6341,108.44,
2,Maze001,20.961,8.9736,-0.9990,1.6341,108.44,
2,Maze001,20.966,8.9736,-0.9990,1.6341,108.44,
2,Maze001,20.970,8.9736,-0.9990,1.6341,108.44,
2,Maze001,20.974,8.9736,-0.9990,1.6341,108.44,
2,Maze001,20.978,8.9736,-0.9990,1.6341,108.44,
2,Maze001,20.982,8.9736,-0.9990,1.6341,108.44,
2,Maze001,20.986,8.9736,-0.9990,1.6341,108.44,
2,Maze001,20.991,8.9736,-0.9990,1.6341,108.44,
2,Maze001,20.995,8.9736,-0.9990,1.6341,108.44,
2,Maze001,20.999,8.9736,-0.9990,1.6341,108.44,
2,Maze001,21.003,8.9736,-0.9990,1.6341,108.44,
2,Maze001,21.007,8.9736,-0.9990,1.6341,108.44,
2,Maze001,21.012,8.9736,-0.9990,1.6341,108.44,
2,Maze001,21.016,8.9736,-0.9990,1.6341,108.44,
2,Maze001,21.020,8.9736,-0.9990,1.6341,108.44,
2,Maze001,21.024,8.9736,-0.9990,1.6341,108.44,
2,Maze001,21.028,8.9736,-0.9990,1.6341,108.44,
2,Maze001,21.033,8.9736,-0.9990,1.6341,108.44,
2,Maze001,21.037,8.9736,-0.9990,1.6341,108.44,
2,Maze001,21.041,8.9736,-0.9990,1.6341,108.44,
2,Maze001,21.045,8.9736,-0.9990,1.6341,108.44,
2,Maze001,21.049,8.9736,-0.9990,1.6341,108.44,
2,Maze001,21.053,8.9736,-0.9990,1.6341,108.44,
2,Maze001,21.057,8.9736,-0.9990,1.6341,108.44,
2,Maze001,21.061,8.9736,-0.9990,1.6341,108.44,
2,Maze001,21.066,8.9736,-0.9990,1.6341,108.44,
2,Maze001,21.070,8.9736,-0.9990,1.6341,108.44,
2,Maze001,21.074,8.9736,-0.9990,1.6341,108.44,
2,Maze001,21.078,8.9736,-0.9990,1.6341,108.44,
2,Maze001,21.082,8.9736,-0.9990,1.6341,108.44,
2,Maze001,21.086,8.9736,-0.9990,1.6341,108.44,
2,Maze001,21.091,8.9736,-0.9990,1.6341,108.44,
2,Maze001,21.095,8.9736,-0.9990,1.6341,108.44,
2,Maze001,21.099,8.9736,-0.9990,1.6341,108.44,
2,Maze001,21.104,8.9736,-0.9990,1.6341,108.44,
2,Maze001,21.108,8.9736,-0.9990,1.6341,108.44,
2,Maze001,21.112,8.9736,-0.9990,1.6341,108.44,
2,Maze001,21.116,8.9736,-0.9990,1.6341,108.44,
2,Maze001,21.120,8.9736,-0.9990,1.6341,108.44,
2,Maze001,21.124,8.9736,-0.9990,1.6341,108.44,
2,Maze001,21.128,8.9736,-0.9990,1.6341,108.44,
2,Maze001,21.132,8.9736,-0.9990,1.6341,108.44,
2,Maze001,21.136,8.9736,-0.9990,1.6341,108.44,
2,Maze001,21.141,8.9736,-0.9990,1.6341,108.44,
2,Maze001,21.145,8.9736,-0.9990,1.6341,108.44,
2,Maze001,21.149,8.9736,-0.9990,1.6341,108.44,
2,Maze001,21.153,8.9736,-0.9990,1.6341,108.44,
2,Maze001,21.157,8.9736,-0.9990,1.6341,108.44,
2,Maze001,21.162,8.9736,-0.9990,1.6341,108.44,
2,Maze001,21.166,8.9736,-0.9990,1.6341,108.44,
2,Maze001,21.170,8.9736,-0.9990,1.6341,108.44,
2,Maze001,21.174,8.9736,-0.9990,1.6341,108.44,
2,Maze001,21.178,8.9736,-0.9990,1.6341,108.44,
2,Maze001,21.182,8.9736,-0.9990,1.6341,108.44,
2,Maze001,21.187,8.9736,-0.9990,1.6341,108.44,
2,Maze001,21.191,8.9736,-0.9990,1.6341,108.44,
2,Maze001,21.195,8.9736,-0.9990,1.6341,108.44,
2,Maze001,21.199,8.9736,-0.9990,1.6341,108.44,
2,Maze001,21.203,8.9736,-0.9990,1.6341,108.44,
2,Maze001,21.207,8.9736,-0.9990,1.6341,108.44,
2,Maze001,21.211,8.9736,-0.9990,1.6341,108.44,
2,Maze001,21.216,8.9736,-0.9990,1.6341,108.44,
2,Maze001,21.220,8.9736,-0.9990,1.6341,108.44,
2,Maze001,21.224,8.9736,-0.9990,1.6341,108.44,
2,Maze001,21.228,8.9736,-0.9990,1.6341,108.44,
2,Maze001,21.232,8.9736,-0.9990,1.6341,108.44,
2,Maze001,21.236,8.9736,-0.9990,1.6341,108.44,
2,Maze001,21.241,8.9736,-0.9990,1.6341,108.44,
2,Maze001,21.245,8.9736,-0.9990,1.6341,108.44,
2,Maze001,21.249,8.9736,-0.9990,1.6341,108.44,
2,Maze001,21.253,8.9736,-0.9990,1.6341,108.44,
2,Maze001,21.257,8.9736,-0.9990,1.6341,108.44,
2,Maze001,21.262,8.9736,-0.9990,1.6341,108.44,
2,Maze001,21.266,8.9736,-0.9990,1.6341,108.44,
2,Maze001,21.270,8.9736,-0.9990,1.6341,108.44,
2,Maze001,21.274,8.9736,-0.9990,1.6341,108.44,
2,Maze001,21.278,8.9736,-0.9990,1.6341,108.44,
2,Maze001,21.282,8.9736,-0.9990,1.6341,108.44,
2,Maze001,21.286,8.9736,-0.9990,1.6341,108.44,
2,Maze001,21.291,8.9736,-0.9990,1.6341,108.44,
2,Maze001,21.295,8.9736,-0.9990,1.6341,108.44,
2,Maze001,21.299,8.9736,-0.9990,1.6341,108.44,
2,Maze001,21.303,8.9736,-0.9990,1.6341,108.44,
2,Maze001,21.307,8.9736,-0.9990,1.6341,108.44,
2,Maze001,21.311,8.9736,-0.9990,1.6341,108.44,
2,Maze001,21.315,8.9736,-0.9990,1.6341,108.44,
2,Maze001,21.320,8.9736,-0.9990,1.6341,108.44,
2,Maze001,21.324,8.9736,-0.9990,1.6341,108.44,
2,Maze001,21.328,8.9736,-0.9990,1.6341,108.44,
2,Maze001,21.332,8.9736,-0.9990,1.6341,108.44,
2,Maze001,21.336,8.9736,-0.9990,1.6341,108.44,
2,Maze001,21.341,8.9736,-0.9990,1.6341,108.44,
2,Maze001,21.345,8.9736,-0.9990,1.6341,108.44,
2,Maze001,21.349,8.9736,-0.9990,1.6341,108.44,
2,Maze001,21.353,8.9736,-0.9990,1.6341,108.44,
2,Maze001,21.357,8.9736,-0.9990,1.6341,108.44,
2,Maze001,21.361,8.9736,-0.9990,1.6341,108.44,
2,Maze001,21.366,8.9736,-0.9990,1.6341,108.44,
2,Maze001,21.370,8.9736,-0.9990,1.6341,108.44,
2,Maze001,21.374,8.9736,-0.9990,1.6341,108.44,
2,Maze001,21.378,8.9736,-0.9990,1.6341,108.44,
2,Maze001,21.382,8.9736,-0.9990,1.6341,108.44,
2,Maze001,21.386,8.9736,-0.9990,1.6341,108.44,
2,Maze001,21.391,8.9736,-0.9990,1.6341,108.44,
2,Maze001,21.395,8.9736,-0.9990,1.6341,108.44,
2,Maze001,21.399,8.9736,-0.9990,1.6341,108.44,
2,Maze001,21.403,8.9736,-0.9990,1.6341,108.44,
2,Maze001,21.407,8.9736,-0.9990,1.6341,108.44,
2,Maze001,21.411,8.9736,-0.9990,1.6341,108.44,
2,Maze001,21.416,8.9736,-0.9990,1.6341,108.44,
2,Maze001,21.420,8.9736,-0.9990,1.6341,108.44,
2,Maze001,21.424,8.9736,-0.9990,1.6341,108.44,
2,Maze001,21.428,8.9736,-0.9990,1.6341,108.44,
2,Maze001,21.432,8.9736,-0.9990,1.6341,108.44,
2,Maze001,21.436,8.9736,-0.9990,1.6341,108.44,
2,Maze001,21.441,8.9736,-0.9990,1.6341,108.44,
2,Maze001,21.445,8.9736,-0.9990,1.6341,108.44,
2,Maze001,21.449,8.9736,-0.9990,1.6341,108.44,
2,Maze001,21.453,8.9736,-0.9990,1.6341,108.44,
2,Maze001,21.457,8.9736,-0.9990,1.6341,108.44,
2,Maze001,21.461,8.9736,-0.9990,1.6341,108.44,
2,Maze001,21.465,8.9736,-0.9990,1.6341,108.44,
2,Maze001,21.470,8.9736,-0.9990,1.6341,108.44,
2,Maze001,21.474,8.9736,-0.9990,1.6341,108.44,
2,Maze001,21.479,8.9736,-0.9990,1.6341,108.44,
2,Maze001,21.482,8.9736,-0.9990,1.6341,108.44,
2,Maze001,21.486,8.9736,-0.9990,1.6341,108.44,
2,Maze001,21.491,8.9736,-0.9990,1.6341,108.44,
2,Maze001,21.495,8.9736,-0.9990,1.6341,108.44,
2,Maze001,21.499,8.9736,-0.9990,1.6341,108.44,
2,Maze001,21.503,8.9736,-0.9990,1.6341,108.44,
2,Maze001,21.507,8.9736,-0.9990,1.6341,108.44,
2,Maze001,21.511,8.9736,-0.9990,1.6341,108.44,
2,Maze001,21.516,8.9736,-0.9990,1.6341,108.44,
2,Maze001,21.520,8.9736,-0.9990,1.6341,108.44,
2,Maze001,21.524,8.9736,-0.9990,1.6341,108.44,
2,Maze001,21.528,8.9736,-0.9990,1.6341,108.44,
2,Maze001,21.532,8.9736,-0.9990,1.6341,108.44,
2,Maze001,21.536,8.9736,-0.9990,1.6341,108.44,
2,Maze001,21.541,8.9736,-0.9990,1.6341,108.44,
2,Maze001,21.545,8.9736,-0.9990,1.6341,108.44,
2,Maze001,21.549,8.9736,-0.9990,1.6341,108.44,
2,Maze001,21.553,8.9736,-0.9990,1.6341,108.44,
2,Maze001,21.557,8.9736,-0.9990,1.6341,108.44,
2,Maze001,21.562,8.9736,-0.9990,1.6341,108.44,
2,Maze001,21.566,8.9736,-0.9990,1.6341,108.44,
2,Maze001,21.570,8.9736,-0.9990,1.6341,108.44,
2,Maze001,21.574,8.9736,-0.9990,1.6341,108.44,
2,Maze001,21.578,8.9736,-0.9990,1.6341,108.44,
2,Maze001,21.582,8.9736,-0.9990,1.6341,108.44,
2,Maze001,21.586,8.9736,-0.9990,1.6341,108.44,
2,Maze001,21.591,8.9736,-0.9990,1.6341,108.44,
2,Maze001,21.595,8.9736,-0.9990,1.6341,108.44,
2,Maze001,21.599,8.9736,-0.9990,1.6341,108.44,
2,Maze001,21.603,8.9736,-0.9990,1.6341,108.44,
2,Maze001,21.607,8.9736,-0.9990,1.6341,108.44,
2,Maze001,21.611,8.9736,-0.9990,1.6341,108.44,
2,Maze001,21.616,8.9736,-0.9990,1.6341,108.44,
2,Maze001,21.620,8.9736,-0.9990,1.6341,108.44,
2,Maze001,21.624,8.9736,-0.9990,1.6341,108.44,
2,Maze001,21.628,8.9736,-0.9990,1.6341,108.44,
2,Maze001,21.633,8.9736,-0.9990,1.6341,108.44,
2,Maze001,21.636,8.9736,-0.9990,1.6341,108.44,
2,Maze001,21.641,8.9736,-0.9990,1.6341,108.44,
2,Maze001,21.645,8.9736,-0.9990,1.6341,108.44,
2,Maze001,21.649,8.9736,-0.9990,1.6341,108.44,
2,Maze001,21.653,8.9736,-0.9990,1.6341,108.44,
2,Maze001,21.657,8.9736,-0.9990,1.6341,108.44,
2,Maze001,21.661,8.9736,-0.9990,1.6341,108.44,
2,Maze001,21.666,8.9736,-0.9990,1.6341,108.44,
2,Maze001,21.670,8.9736,-0.9990,1.6341,108.44,
2,Maze001,21.674,8.9736,-0.9990,1.6341,108.44,
2,Maze001,21.678,8.9736,-0.9990,1.6341,108.44,
2,Maze001,21.683,8.9736,-0.9990,1.6341,108.44,
2,Maze001,21.687,8.9736,-0.9990,1.6341,108.44,
2,Maze001,21.690,8.9736,-0.9990,1.6341,108.44,
2,Maze001,21.695,8.9736,-0.9990,1.6341,108.44,
2,Maze001,21.699,8.9736,-0.9990,1.6341,108.44,
2,Maze001,21.703,8.9736,-0.9990,1.6341,108.44,
2,Maze001,21.707,8.9736,-0.9990,1.6341,108.44,
2,Maze001,21.711,8.9736,-0.9990,1.6341,108.44,
2,Maze001,21.716,8.9736,-0.9990,1.6341,108.44,
2,Maze001,21.720,8.9736,-0.9990,1.6341,108.44,
2,Maze001,21.724,8.9736,-0.9990,1.6341,108.44,
2,Maze001,21.728,8.9736,-0.9990,1.6341,108.44,
2,Maze001,21.732,8.9736,-0.9990,1.6341,108.44,
2,Maze001,21.736,8.9736,-0.9990,1.6341,108.44,
2,Maze001,21.741,8.9736,-0.9990,1.6341,108.44,
2,Maze001,21.745,8.9736,-0.9990,1.6341,108.44,
2,Maze001,21.749,8.9736,-0.9990,1.6341,108.44,
2,Maze001,21.753,8.9736,-0.9990,1.6341,108.44,
2,Maze001,21.757,8.9736,-0.9990,1.6341,108.44,
2,Maze001,21.761,8.9736,-0.9990,1.6341,108.44,
2,Maze001,21.765,8.9736,-0.9990,1.6341,108.44,
2,Maze001,21.770,8.9736,-0.9990,1.6341,108.44,
2,Maze001,21.774,8.9736,-0.9990,1.6341,108.44,
2,Maze001,21.778,8.9736,-0.9990,1.6341,108.44,
2,Maze001,21.782,8.9736,-0.9990,1.6341,108.44,
2,Maze001,21.786,8.9736,-0.9990,1.6341,108.44,
2,Maze001,21.790,8.9736,-0.9990,1.6341,108.44,
2,Maze001,21.795,8.9736,-0.9990,1.6341,108.44,
2,Maze001,21.799,8.9736,-0.9990,1.6341,108.44,
2,Maze001,21.803,8.9736,-0.9990,1.6341,108.44,
2,Maze001,21.807,8.9736,-0.9990,1.6341,108.44,
2,Maze001,21.811,8.9736,-0.9990,1.6341,108.44,
2,Maze001,21.816,8.9736,-0.9990,1.6341,108.44,
2,Maze001,21.820,8.9736,-0.9990,1.6341,108.44,
2,Maze001,21.824,8.9736,-0.9990,1.6341,108.44,
2,Maze001,21.828,8.9736,-0.9990,1.6341,108.44,
2,Maze001,21.832,8.9736,-0.9990,1.6341,108.44,
2,Maze001,21.836,8.9736,-0.9990,1.6341,108.44,
2,Maze001,21.840,8.9736,-0.9990,1.6341,108.44,
2,Maze001,21.845,8.9736,-0.9990,1.6341,108.44,
2,Maze001,21.849,8.9736,-0.9990,1.6341,108.44,
2,Maze001,21.853,8.9736,-0.9990,1.6341,108.44,
2,Maze001,21.857,8.9736,-0.9990,1.6341,108.44,
2,Maze001,21.861,8.9736,-0.9990,1.6341,108.44,
2,Maze001,21.866,8.9736,-0.9990,1.6341,108.44,
2,Maze001,21.870,8.9736,-0.9990,1.6341,108.44,
2,Maze001,21.874,8.9736,-0.9990,1.6341,108.44,
2,Maze001,21.878,8.9736,-0.9990,1.6341,108.44,
2,Maze001,21.882,8.9736,-0.9990,1.6341,108.44,
2,Maze001,21.887,8.9736,-0.9990,1.6341,108.44,
2,Maze001,21.891,8.9736,-0.9990,1.6341,108.44,
2,Maze001,21.895,8.9736,-0.9990,1.6341,108.44,
2,Maze001,21.899,8.9736,-0.9990,1.6341,108.44,
2,Maze001,21.903,8.9736,-0.9990,1.6341,108.44,
2,Maze001,21.907,8.9736,-0.9990,1.6341,108.44,
2,Maze001,21.911,8.9736,-0.9990,1.6341,108.44,
2,Maze001,21.916,8.9736,-0.9990,1.6341,108.44,
2,Maze001,21.920,8.9736,-0.9990,1.6341,108.44,
2,Maze001,21.924,8.9736,-0.9990,1.6341,108.44,
2,Maze001,21.928,8.9736,-0.9990,1.6341,108.44,
2,Maze001,21.932,8.9736,-0.9990,1.6341,108.44,
2,Maze001,21.936,8.9736,-0.9990,1.6341,108.44,
2,Maze001,21.941,8.9736,-0.9990,1.6341,108.44,
2,Maze001,21.945,8.9736,-0.9990,1.6341,108.44,
2,Maze001,21.949,8.9736,-0.9990,1.6341,108.44,
2,Maze001,21.953,8.9736,-0.9990,1.6341,108.44,
2,Maze001,21.957,8.9736,-0.9990,1.6341,108.44,
2,Maze001,21.961,8.9736,-0.9990,1.6341,108.44,
2,Maze001,21.965,8.9736,-0.9990,1.6341,108.44,
2,Maze001,21.970,8.9736,-0.9990,1.6341,108.44,
2,Maze001,21.974,8.9736,-0.9990,1.6341,108.44,
2,Maze001,21.978,8.9736,-0.9990,1.6341,108.44,
2,Maze001,21.982,8.9736,-0.9990,1.6341,108.44,
2,Maze001,21.986,8.9736,-0.9990,1.6341,108.44,
2,Maze001,21.991,8.9736,-0.9990,1.6341,108.44,
2,Maze001,21.995,8.9736,-0.9990,1.6341,108.44,
2,Maze001,21.999,8.9736,-0.9990,1.6341,108.44,
2,Maze001,22.003,8.9736,-0.9990,1.6341,108.44,
2,Maze001,22.007,8.9736,-0.9990,1.6341,108.44,
2,Maze001,22.011,8.9736,-0.9990,1.6341,108.44,
2,Maze001,22.016,8.9736,-0.9990,1.6341,108.44,
2,Maze001,22.020,8.9736,-0.9990,1.6341,108.44,
2,Maze001,22.024,8.9736,-0.9990,1.6341,108.44,
2,Maze001,22.028,8.9736,-0.9990,1.6341,108.44,
2,Maze001,22.032,8.9736,-0.9990,1.6341,108.44,
2,Maze001,22.036,8.9736,-0.9990,1.6341,108.44,
2,Maze001,22.040,8.9736,-0.9990,1.6341,108.44,
2,Maze001,22.045,8.9736,-0.9990,1.6341,108.44,
2,Maze001,22.049,8.9736,-0.9990,1.6341,108.44,
2,Maze001,22.053,8.9736,-0.9990,1.6341,108.44,
2,Maze001,22.057,8.9736,-0.9990,1.6341,108.44,
2,Maze001,22.061,8.9736,-0.9990,1.6341,108.44,
2,Maze001,22.065,8.9736,-0.9990,1.6341,108.44,
2,Maze001,22.070,8.9736,-0.9990,1.6341,108.44,
2,Maze001,22.074,8.9736,-0.9990,1.6341,108.44,
2,Maze001,22.078,8.9736,-0.9990,1.6341,108.44,
2,Maze001,22.082,8.9736,-0.9990,1.6341,108.44,
2,Maze001,22.086,8.9736,-0.9990,1.6341,108.44,
2,Maze001,22.090,8.9736,-0.9990,1.6341,108.44,
2,Maze001,22.095,8.9736,-0.9990,1.6341,108.44,
2,Maze001,22.099,8.9736,-0.9990,1.6341,108.44,
2,Maze001,22.103,8.9736,-0.9990,1.6341,108.44,
2,Maze001,22.107,8.9736,-0.9990,1.6341,108.44,
2,Maze001,22.111,8.9736,-0.9990,1.6341,108.44,
2,Maze001,22.116,8.9736,-0.9990,1.6341,108.44,
2,Maze001,22.120,8.9736,-0.9990,1.6341,108.44,
2,Maze001,22.124,8.9736,-0.9990,1.6341,108.44,
2,Maze001,22.128,8.9736,-0.9990,1.6341,108.44,
2,Maze001,22.133,8.9736,-0.9990,1.6341,108.44,
2,Maze001,22.136,8.9736,-0.9990,1.6341,108.44,
2,Maze001,22.140,8.9736,-0.9990,1.6341,108.44,
2,Maze001,22.145,8.9736,-0.9990,1.6341,108.44,
2,Maze001,22.149,8.9736,-0.9990,1.6341,108.44,
2,Maze001,22.153,8.9736,-0.9990,1.6341,108.44,
2,Maze001,22.157,8.9736,-0.9990,1.6341,108.44,
2,Maze001,22.162,8.9736,-0.9990,1.6341,108.44,
2,Maze001,22.166,8.9736,-0.9990,1.6341,108.44,
2,Maze001,22.170,8.9736,-0.9990,1.6341,108.44,
2,Maze001,22.174,8.9736,-0.9990,1.6341,108.44,
2,Maze001,22.178,8.9736,-0.9990,1.6341,108.44,
2,Maze001,22.182,8.9736,-0.9990,1.6341,108.44,
2,Maze001,22.186,8.9736,-0.9990,1.6341,108.44,
2,Maze001,22.190,8.9736,-0.9990,1.6341,108.44,
2,Maze001,22.195,8.9736,-0.9990,1.6341,108.44,
2,Maze001,22.199,8.9736,-0.9990,1.6341,108.44,
2,Maze001,22.203,8.9736,-0.9990,1.6341,108.44,
2,Maze001,22.207,8.9736,-0.9990,1.6341,108.44,
2,Maze001,22.211,8.9736,-0.9990,1.6341,108.44,
2,Maze001,22.215,8.9736,-0.9990,1.6341,108.44,
2,Maze001,22.219,8.9736,-0.9990,1.6341,108.44,
2,Maze001,22.224,8.9736,-0.9990,1.6341,108.44,
2,Maze001,22.228,8.9736,-0.9990,1.6341,108.44,
2,Maze001,22.232,8.9736,-0.9990,1.6341,108.44,
2,Maze001,22.236,8.9736,-0.9990,1.6341,108.44,
2,Maze001,22.240,8.9736,-0.9990,1.6341,108.44,
2,Maze001,22.245,8.9736,-0.9990,1.6341,108.44,
2,Maze001,22.249,8.9736,-0.9990,1.6341,108.44,
2,Maze001,22.254,8.9736,-0.9990,1.6341,108.44,
2,Maze001,22.257,8.9736,-0.9990,1.6341,108.44,
2,Maze001,22.262,8.9736,-0.9990,1.6341,108.44,
2,Maze001,22.266,8.9736,-0.9990,1.6341,108.44,
2,Maze001,22.270,8.9736,-0.9990,1.6341,108.44,
2,Maze001,22.274,8.9736,-0.9990,1.6341,108.44,
2,Maze001,22.278,8.9736,-0.9990,1.6341,108.44,
2,Maze001,22.282,8.9736,-0.9990,1.6341,108.44,
2,Maze001,22.286,8.9736,-0.9990,1.6341,108.44,
2,Maze001,22.290,8.9736,-0.9990,1.6341,108.44,
2,Maze001,22.294,8.9736,-0.9990,1.6341,108.44,
2,Maze001,22.299,8.9736,-0.9990,1.6341,108.44,
2,Maze001,22.303,8.9736,-0.9990,1.6341,108.44,
2,Maze001,22.307,8.9736,-0.9990,1.6341,108.44,
2,Maze001,22.311,8.9736,-0.9990,1.6341,108.44,
2,Maze001,22.315,8.9736,-0.9990,1.6341,108.44,
2,Maze001,22.320,8.9736,-0.9990,1.6341,108.44,
2,Maze001,22.324,8.9736,-0.9990,1.6341,108.44,
2,Maze001,22.328,8.9736,-0.9990,1.6341,108.44,
2,Maze001,22.332,8.9736,-0.9990,1.6341,108.44,
2,Maze001,22.336,8.9736,-0.9990,1.6341,108.44,
2,Maze001,22.340,8.9736,-0.9990,1.6341,108.44,
2,Maze001,22.345,8.9736,-0.9990,1.6341,108.44,
2,Maze001,22.349,8.9736,-0.9990,1.6341,108.44,
2,Maze001,22.353,8.9736,-0.9990,1.6341,108.44,
2,Maze001,22.357,8.9736,-0.9990,1.6341,108.44,
2,Maze001,22.361,8.9736,-0.9990,1.6341,108.44,
2,Maze001,22.365,8.9736,-0.9990,1.6341,108.44,
2,Maze001,22.370,8.9736,-0.9990,1.6341,108.44,
2,Maze001,22.374,8.9736,-0.9990,1.6341,108.44,
2,Maze001,22.378,8.9736,-0.9990,1.6341,108.44,
2,Maze001,22.382,8.9736,-0.9990,1.6341,108.44,
2,Maze001,22.386,8.9736,-0.9990,1.6341,108.44,
2,Maze001,22.391,8.9736,-0.9990,1.6341,108.44,
2,Maze001,22.395,8.9736,-0.9990,1.6341,108.44,
2,Maze001,22.399,8.9736,-0.9990,1.6341,108.44,
2,Maze001,22.403,8.9736,-0.9990,1.6341,108.44,
2,Maze001,22.407,8.9736,-0.9990,1.6341,108.44,
2,Maze001,22.411,8.9736,-0.9990,1.6341,108.44,
2,Maze001,22.415,8.9736,-0.9990,1.6341,108.44,
2,Maze001,22.419,8.9736,-0.9990,1.6341,108.44,
2,Maze001,22.424,8.9736,-0.9990,1.6341,108.44,
2,Maze001,22.428,8.9736,-0.9990,1.6341,108.44,
2,Maze001,22.432,8.9736,-0.9990,1.6341,108.44,
2,Maze001,22.436,8.9736,-0.9990,1.6341,108.44,
2,Maze001,22.441,8.9736,-0.9990,1.6341,108.44,
2,Maze001,22.444,8.9736,-0.9990,1.6341,108.44,
2,Maze001,22.449,8.9736,-0.9990,1.6341,108.44,
2,Maze001,22.453,8.9736,-0.9990,1.6341,108.44,
2,Maze001,22.457,8.9736,-0.9990,1.6341,108.44,
2,Maze001,22.461,8.9736,-0.9990,1.6341,108.44,
2,Maze001,22.465,8.9736,-0.9990,1.6341,108.44,
2,Maze001,22.470,8.9736,-0.9990,1.6341,108.44,
2,Maze001,22.474,8.9736,-0.9990,1.6341,108.44,
2,Maze001,22.478,8.9736,-0.9990,1.6341,108.44,
2,Maze001,22.482,8.9736,-0.9990,1.6341,108.44,
2,Maze001,22.486,8.9736,-0.9990,1.6341,108.44,
2,Maze001,22.491,8.9736,-0.9990,1.6341,108.44,
2,Maze001,22.495,8.9736,-0.9990,1.6341,108.44,
2,Maze001,22.499,8.9736,-0.9990,1.6341,108.44,
2,Maze001,22.503,8.9736,-0.9990,1.6341,108.44,
2,Maze001,22.507,8.9736,-0.9990,1.6341,108.44,
2,Maze001,22.511,8.9736,-0.9990,1.6341,108.44,
2,Maze001,22.515,8.9736,-0.9990,1.6341,108.44,
2,Maze001,22.520,8.9736,-0.9990,1.6341,108.44,
2,Maze001,22.524,8.9736,-0.9990,1.6341,108.44,
2,Maze001,22.528,8.9736,-0.9990,1.6341,108.44,
2,Maze001,22.532,8.9736,-0.9990,1.6341,108.44,
2,Maze001,22.536,8.9736,-0.9990,1.6341,108.44,
2,Maze001,22.540,8.9736,-0.9990,1.6341,108.44,
2,Maze001,22.545,8.9736,-0.9990,1.6341,108.44,
2,Maze001,22.549,8.9736,-0.9990,1.6341,108.44,
2,Maze001,22.553,8.9736,-0.9990,1.6341,108.44,
2,Maze001,22.557,8.9736,-0.9990,1.6341,108.44,
2,Maze001,22.561,8.9736,-0.9990,1.6341,108.44,
2,Maze001,22.566,8.9736,-0.9990,1.6341,108.44,
2,Maze001,22.570,8.9736,-0.9990,1.6341,108.44,
2,Maze001,22.574,8.9736,-0.9990,1.6341,108.44,
2,Maze001,22.578,8.9736,-0.9990,1.6341,108.44,
2,Maze001,22.582,8.9736,-0.9990,1.6341,108.44,
2,Maze001,22.586,8.9736,-0.9990,1.6341,108.44,
2,Maze001,22.590,8.9736,-0.9990,1.6341,108.44,
2,Maze001,22.595,8.9736,-0.9990,1.6341,108.44,
2,Maze001,22.599,8.9736,-0.9990,1.6341,108.44,
2,Maze001,22.603,8.9736,-0.9990,1.6341,108.44,
2,Maze001,22.607,8.9736,-0.9990,1.6341,108.44,
2,Maze001,22.611,8.9736,-0.9990,1.6341,108.44,
2,Maze001,22.615,8.9736,-0.9990,1.6341,108.44,
2,Maze001,22.620,8.9736,-0.9990,1.6341,108.44,
2,Maze001,22.624,8.9736,-0.9990,1.6341,108.44,
2,Maze001,22.628,8.9736,-0.9990,1.6341,108.44,
2,Maze001,22.632,8.9736,-0.9990,1.6341,108.44,
2,Maze001,22.636,8.9736,-0.9990,1.6341,108.44,
2,Maze001,22.640,8.9736,-0.9990,1.6341,108.44,
2,Maze001,22.645,8.9736,-0.9990,1.6341,108.44,
2,Maze001,22.649,8.9736,-0.9990,1.6341,108.44,
2,Maze001,22.653,8.9736,-0.9990,1.6341,108.44,
2,Maze001,22.657,8.9736,-0.9990,1.6341,108.44,
2,Maze001,22.661,8.9736,-0.9990,1.6341,108.44,
2,Maze001,22.665,8.9736,-0.9990,1.6341,108.44,
2,Maze001,22.670,8.9736,-0.9990,1.6341,108.44,
2,Maze001,22.674,8.9736,-0.9990,1.6341,108.44,
2,Maze001,22.678,8.9736,-0.9990,1.6341,108.44,
2,Maze001,22.682,8.9736,-0.9990,1.6341,108.44,
2,Maze001,22.686,8.9736,-0.9990,1.6341,108.44,
2,Maze001,22.690,8.9736,-0.9990,1.6341,108.44,
2,Maze001,22.694,8.9736,-0.9990,1.6341,108.44,
2,Maze001,22.699,8.9736,-0.9990,1.6341,108.44,
2,Maze001,22.703,8.9736,-0.9990,1.6341,108.44,
2,Maze001,22.707,8.9736,-0.9990,1.6341,108.44,
2,Maze001,22.711,8.9736,-0.9990,1.6341,108.44,
2,Maze001,22.715,8.9736,-0.9990,1.6341,108.44,
2,Maze001,22.720,8.9736,-0.9990,1.6341,108.44,
2,Maze001,22.724,8.9736,-0.9990,1.6341,108.44,
2,Maze001,22.728,8.9736,-0.9990,1.6341,108.44,
2,Maze001,22.732,8.9736,-0.9990,1.6341,108.44,
2,Maze001,22.736,8.9736,-0.9990,1.6341,108.44,
2,Maze001,22.740,8.9736,-0.9990,1.6341,108.44,
2,Maze001,22.744,8.9736,-0.9990,1.6341,108.44,
2,Maze001,22.749,8.9736,-0.9990,1.6341,108.44,
2,Maze001,22.753,8.9736,-0.9990,1.6341,108.44,
2,Maze001,22.757,8.9736,-0.9990,1.6341,108.44,
2,Maze001,22.761,8.9736,-0.9990,1.6341,108.44,
2,Maze001,22.766,8.9736,-0.9990,1.6341,108.44,
2,Maze001,22.770,8.9736,-0.9990,1.6341,108.44,
2,Maze001,22.774,8.9736,-0.9990,1.6341,108.44,
2,Maze001,22.778,8.9736,-0.9990,1.6341,108.44,
2,Maze001,22.782,8.9736,-0.9990,1.6341,108.44,
2,Maze001,22.786,8.9736,-0.9990,1.6341,108.44,
2,Maze001,22.790,8.9736,-0.9990,1.6341,108.44,
2,Maze001,22.794,8.9736,-0.9990,1.6341,108.44,
2,Maze001,22.799,8.9736,-0.9990,1.6341,108.44,
2,Maze001,22.803,8.9736,-0.9990,1.6341,108.44,
2,Maze001,22.807,8.9736,-0.9990,1.6341,108.44,
2,Maze001,22.811,8.9736,-0.9990,1.6341,108.44,
2,Maze001,22.815,8.9736,-0.9990,1.6341,108.44,
2,Maze001,22.819,8.9736,-0.9990,1.6341,108.44,
2,Maze001,22.823,8.9736,-0.9990,1.6341,108.44,
2,Maze001,22.828,8.9736,-0.9990,1.6341,108.44,
2,Maze001,22.832,8.9736,-0.9990,1.6341,108.44,
2,Maze001,22.836,8.9736,-0.9990,1.6341,108.44,
2,Maze001,22.841,8.9736,-0.9990,1.6341,108.44,
2,Maze001,22.845,8.9736,-0.9990,1.6341,108.44,
2,Maze001,22.849,8.9736,-0.9990,1.6341,108.44,
2,Maze001,22.853,8.9736,-0.9990,1.6341,108.44,
2,Maze001,22.857,8.9736,-0.9990,1.6341,108.44,
2,Maze001,22.861,8.9736,-0.9990,1.6341,108.44,
2,Maze001,22.865,8.9736,-0.9990,1.6341,108.44,
2,Maze001,22.869,8.9736,-0.9990,1.6341,108.44,
2,Maze001,22.873,8.9736,-0.9990,1.6341,108.44,
2,Maze001,22.878,8.9736,-0.9990,1.6341,108.44,
2,Maze001,22.882,8.9736,-0.9990,1.6341,108.44,
2,Maze001,22.886,8.9736,-0.9990,1.6341,108.44,
2,Maze001,22.890,8.9736,-0.9990,1.6341,108.44,
2,Maze001,22.895,8.9736,-0.9990,1.6341,108.44,
2,Maze001,22.899,8.9736,-0.9990,1.6341,108.44,
2,Maze001,22.903,8.9736,-0.9990,1.6341,108.44,
2,Maze001,22.909,8.9736,-0.9990,1.6341,108.44,
2,Maze001,22.911,8.9736,-0.9990,1.6341,108.44,
2,Maze001,22.915,8.9736,-0.9990,1.6341,108.44,
2,Maze001,22.919,8.9736,-0.9990,1.6341,108.44,
2,Maze001,22.924,8.9736,-0.9990,1.6341,108.44,
2,Maze001,22.928,8.9736,-0.9990,1.6341,108.44,
2,Maze001,22.932,8.9736,-0.9990,1.6341,108.44,
2,Maze001,22.936,8.9736,-0.9990,1.6341,108.44,
2,Maze001,22.940,8.9736,-0.9990,1.6341,108.44,
2,Maze001,22.945,8.9736,-0.9990,1.6341,108.44,
2,Maze001,22.949,8.9736,-0.9990,1.6341,108.44,
2,Maze001,22.953,8.9736,-0.9990,1.6341,108.44,
2,Maze001,22.957,8.9736,-0.9990,1.6341,108.44,
2,Maze001,22.961,8.9736,-0.9990,1.6341,108.44,
2,Maze001,22.965,8.9736,-0.9990,1.6341,108.44,
2,Maze001,22.970,8.9736,-0.9990,1.6341,108.44,
2,Maze001,22.974,8.9736,-0.9990,1.6341,108.44,
2,Maze001,22.978,8.9736,-0.9990,1.6341,108.44,
2,Maze001,22.982,8.9736,-0.9990,1.6341,108.44,
2,Maze001,22.986,8.9736,-0.9990,1.6341,108.44,
2,Maze001,22.990,8.9736,-0.9990,1.6341,108.44,
2,Maze001,22.994,8.9736,-0.9990,1.6341,108.44,
2,Maze001,22.999,8.9736,-0.9990,1.6341,108.44,
2,Maze001,23.003,8.9736,-0.9990,1.6341,108.44,
2,Maze001,23.007,8.9736,-0.9990,1.6341,108.44,
2,Maze001,23.011,8.9736,-0.9990,1.6341,108.44,
2,Maze001,23.015,8.9736,-0.9990,1.6341,108.44,
2,Maze001,23.019,8.9736,-0.9990,1.6341,108.44,
2,Maze001,23.024,8.9736,-0.9990,1.6341,108.44,
2,Maze001,23.028,8.9736,-0.9990,1.6341,108.44,
2,Maze001,23.032,8.9736,-0.9990,1.6341,108.44,
2,Maze001,23.036,8.9736,-0.9990,1.6341,108.44,
2,Maze001,23.041,8.9736,-0.9990,1.6341,108.44,
2,Maze001,23.045,8.9736,-0.9990,1.6341,108.44,
2,Maze001,23.049,8.9736,-0.9990,1.6341,108.44,
2,Maze001,23.053,8.9736,-0.9990,1.6341,108.44,
2,Maze001,23.057,8.9736,-0.9990,1.6341,108.44,
2,Maze001,23.061,8.9736,-0.9990,1.6341,108.44,
2,Maze001,23.065,8.9736,-0.9990,1.6341,108.44,
2,Maze001,23.070,8.9736,-0.9990,1.6341,108.44,
2,Maze001,23.074,8.9736,-0.9990,1.6341,108.44,
2,Maze001,23.078,8.9736,-0.9990,1.6341,108.44,
2,Maze001,23.082,8.9736,-0.9990,1.6341,108.44,
2,Maze001,23.086,8.9736,-0.9990,1.6341,108.44,
2,Maze001,23.090,8.9736,-0.9990,1.6341,108.44,
2,Maze001,23.096,8.9736,-0.9990,1.6341,108.44,
2,Maze001,23.099,8.9736,-0.9990,1.6341,108.44,
2,Maze001,23.103,8.9736,-0.9990,1.6341,108.44,
2,Maze001,23.107,8.9736,-0.9990,1.6341,108.44,
2,Maze001,23.111,8.9736,-0.9990,1.6341,108.44,
2,Maze001,23.116,8.9736,-0.9990,1.6341,108.44,
2,Maze001,23.120,8.9736,-0.9990,1.6341,108.44,
2,Maze001,23.124,8.9736,-0.9990,1.6341,108.44,
2,Maze001,23.128,8.9736,-0.9990,1.6341,108.44,
2,Maze001,23.132,8.9736,-0.9990,1.6341,108.44,
2,Maze001,23.136,8.9736,-0.9990,1.6341,108.44,
2,Maze001,23.140,8.9736,-0.9990,1.6341,108.44,
2,Maze001,23.145,8.9736,-0.9990,1.6341,108.44,
2,Maze001,23.149,8.9736,-0.9990,1.6341,108.44,
2,Maze001,23.153,8.9736,-0.9990,1.6341,108.44,
2,Maze001,23.157,8.9736,-0.9990,1.6341,108.44,
2,Maze001,23.161,8.9736,-0.9990,1.6341,108.44,
2,Maze001,23.165,8.9736,-0.9990,1.6341,108.44,
2,Maze001,23.170,8.9736,-0.9990,1.6341,108.44,
2,Maze001,23.174,8.9736,-0.9990,1.6341,108.44,
2,Maze001,23.178,8.9736,-0.9990,1.6341,108.44,
2,Maze001,23.182,8.9736,-0.9990,1.6341,108.44,
2,Maze001,23.187,8.9736,-0.9990,1.6341,108.44,
2,Maze001,23.191,8.9736,-0.9990,1.6341,108.44,
2,Maze001,23.195,8.9736,-0.9990,1.6341,108.44,
2,Maze001,23.199,8.9736,-0.9990,1.6341,108.44,
2,Maze001,23.203,8.9736,-0.9990,1.6341,108.44,
2,Maze001,23.207,8.9736,-0.9990,1.6341,108.44,
2,Maze001,23.211,8.9736,-0.9990,1.6341,108.44,
2,Maze001,23.215,8.9736,-0.9990,1.6341,108.44,
2,Maze001,23.219,8.9736,-0.9990,1.6341,108.44,
2,Maze001,23.224,8.9736,-0.9990,1.6341,108.44,
2,Maze001,23.228,8.9736,-0.9990,1.6341,108.44,
2,Maze001,23.232,8.9736,-0.9990,1.6341,108.44,
2,Maze001,23.236,8.9736,-0.9990,1.6341,108.44,
2,Maze001,23.240,8.9736,-0.9990,1.6341,108.44,
2,Maze001,23.244,8.9736,-0.9990,1.6341,108.44,
2,Maze001,23.249,8.9736,-0.9990,1.6341,108.44,
2,Maze001,23.253,8.9736,-0.9990,1.6341,108.44,
2,Maze001,23.257,8.9736,-0.9990,1.6341,108.44,
2,Maze001,23.261,8.9736,-0.9990,1.6341,108.44,
2,Maze001,23.265,8.9736,-0.9990,1.6341,108.44,
2,Maze001,23.269,8.9736,-0.9990,1.6341,108.44,
2,Maze001,23.274,8.9736,-0.9990,1.6341,108.44,
2,Maze001,23.278,8.9736,-0.9990,1.6341,108.44,
2,Maze001,23.282,8.9736,-0.9990,1.6341,108.44,
2,Maze001,23.286,8.9736,-0.9990,1.6341,108.44,
2,Maze001,23.290,8.9736,-0.9990,1.6341,108.44,
2,Maze001,23.294,8.9736,-0.9990,1.6341,108.44,
2,Maze001,23.299,8.9736,-0.9990,1.6341,108.44,
2,Maze001,23.303,8.9736,-0.9990,1.6341,108.44,
2,Maze001,23.307,8.9736,-0.9990,1.6341,108.44,
2,Maze001,23.311,8.9736,-0.9990,1.6341,108.44,
2,Maze001,23.316,8.9736,-0.9990,1.6341,108.44,
2,Maze001,23.319,8.9736,-0.9990,1.6341,108.44,
2,Maze001,23.324,8.9736,-0.9990,1.6341,108.44,
2,Maze001,23.328,8.9736,-0.9990,1.6341,108.44,
2,Maze001,23.332,8.9736,-0.9990,1.6341,108.44,
2,Maze001,23.337,8.9736,-0.9990,1.6341,108.44,
2,Maze001,23.341,8.9736,-0.9990,1.6341,108.44,
2,Maze001,23.345,8.9736,-0.9990,1.6341,108.44,
2,Maze001,23.348,8.9736,-0.9990,1.6341,108.44,
2,Maze001,23.353,8.9736,-0.9990,1.6341,108.44,
2,Maze001,23.357,8.9736,-0.9990,1.6341,108.44,
2,Maze001,23.361,8.9736,-0.9990,1.6341,108.44,
2,Maze001,23.366,8.9736,-0.9990,1.6341,108.44,
2,Maze001,23.370,8.9736,-0.9990,1.6341,108.44,
2,Maze001,23.374,8.9736,-0.9990,1.6341,108.44,
2,Maze001,23.378,8.9736,-0.9990,1.6341,108.44,
2,Maze001,23.382,8.9736,-0.9990,1.6341,108.44,
2,Maze001,23.386,8.9736,-0.9990,1.6341,108.44,
2,Maze001,23.390,8.9736,-0.9990,1.6341,108.44,
2,Maze001,23.395,8.9736,-0.9990,1.6341,108.44,
2,Maze001,23.399,8.9736,-0.9990,1.6341,108.44,
2,Maze001,23.403,8.9736,-0.9990,1.6341,108.44,
2,Maze001,23.407,8.9736,-0.9990,1.6341,108.44,
2,Maze001,23.411,8.9736,-0.9990,1.6341,108.44,
2,Maze001,23.415,8.9736,-0.9990,1.6341,108.44,
2,Maze001,23.420,8.9736,-0.9990,1.6341,108.44,
2,Maze001,23.423,8.9736,-0.9990,1.6341,108.44,
2,Maze001,23.428,8.9736,-0.9990,1.6341,108.44,
2,Maze001,23.432,8.9736,-0.9990,1.6341,108.44,
2,Maze001,23.436,8.9736,-0.9990,1.6341,108.44,
2,Maze001,23.440,8.9736,-0.9990,1.6341,108.44,
2,Maze001,23.445,8.9736,-0.9990,1.6341,108.44,
2,Maze001,23.448,8.9736,-0.9990,1.6341,108.44,
2,Maze001,23.453,8.9736,-0.9990,1.6341,108.44,
2,Maze001,23.457,8.9736,-0.9990,1.6341,108.44,
2,Maze001,23.461,8.9736,-0.9990,1.6341,108.44,
2,Maze001,23.465,8.9736,-0.9990,1.6341,108.44,
2,Maze001,23.470,8.9736,-0.9990,1.6341,108.44,
2,Maze001,23.474,8.9736,-0.9990,1.6341,108.44,
2,Maze001,23.478,8.9736,-0.9990,1.6341,108.44,
2,Maze001,23.482,8.9736,-0.9990,1.6341,108.44,
2,Maze001,23.486,8.9736,-0.9990,1.6341,108.44,
2,Maze001,23.490,8.9736,-0.9990,1.6341,108.44,
2,Maze001,23.494,8.9736,-0.9990,1.6341,108.44,
2,Maze001,23.499,8.9736,-0.9990,1.6341,108.44,
2,Maze001,23.503,8.9736,-0.9990,1.6341,108.44,
2,Maze001,23.507,8.9736,-0.9990,1.6341,108.44,
2,Maze001,23.511,8.9736,-0.9990,1.6341,108.44,
2,Maze001,23.515,8.9736,-0.9990,1.6341,108.44,
2,Maze001,23.519,8.9736,-0.9990,1.6341,108.44,
2,Maze001,23.523,8.9736,-0.9990,1.6341,108.44,
2,Maze001,23.528,8.9736,-0.9990,1.6341,108.44,
2,Maze001,23.532,8.9736,-0.9990,1.6341,108.44,
2,Maze001,23.537,8.9736,-0.9990,1.6341,108.44,
2,Maze001,23.540,8.9736,-0.9990,1.6341,108.44,
2,Maze001,23.545,8.9736,-0.9990,1.6341,108.44,
2,Maze001,23.549,8.9736,-0.9990,1.6341,108.44,
2,Maze001,23.553,8.9736,-0.9990,1.6341,108.44,
2,Maze001,23.557,8.9736,-0.9990,1.6341,108.44,
2,Maze001,23.561,8.9736,-0.9990,1.6341,108.44,
2,Maze001,23.565,8.9736,-0.9990,1.6341,108.44,
2,Maze001,23.570,8.9736,-0.9990,1.6341,108.44,
2,Maze001,23.574,8.9736,-0.9990,1.6341,108.44,
2,Maze001,23.578,8.9736,-0.9990,1.6341,108.44,
2,Maze001,23.582,8.9736,-0.9990,1.6341,108.44,
2,Maze001,23.586,8.9736,-0.9990,1.6341,108.44,
2,Maze001,23.590,8.9736,-0.9990,1.6341,108.44,
2,Maze001,23.594,8.9736,-0.9990,1.6341,108.44,
2,Maze001,23.599,8.9736,-0.9990,1.6341,108.44,
2,Maze001,23.603,8.9736,-0.9990,1.6341,108.44,
2,Maze001,23.607,8.9736,-0.9990,1.6341,108.44,
2,Maze001,23.611,8.9736,-0.9990,1.6341,108.44,
2,Maze001,23.615,8.9736,-0.9990,1.6341,108.44,
2,Maze001,23.619,8.9736,-0.9990,1.6341,108.44,
2,Maze001,23.624,8.9736,-0.9990,1.6341,108.44,
2,Maze001,23.628,8.9736,-0.9990,1.6341,108.44,
2,Maze001,23.632,8.9736,-0.9990,1.6341,108.44,
2,Maze001,23.636,8.9736,-0.9990,1.6341,108.44,
2,Maze001,23.641,8.9736,-0.9990,1.6341,108.44,
2,Maze001,23.644,8.9736,-0.9990,1.6341,108.44,
2,Maze001,23.649,8.9736,-0.9990,1.6341,108.44,
2,Maze001,23.653,8.9736,-0.9990,1.6341,108.44,
2,Maze001,23.658,8.9736,-0.9990,1.6341,108.44,
2,Maze001,23.661,8.9736,-0.9990,1.6341,108.44,
2,Maze001,23.665,8.9736,-0.9990,1.6341,108.44,
2,Maze001,23.670,8.9736,-0.9990,1.6341,108.44,
2,Maze001,23.673,8.9736,-0.9990,1.6341,108.44,
2,Maze001,23.678,8.9736,-0.9990,1.6341,108.44,
2,Maze001,23.682,8.9736,-0.9990,1.6341,108.44,
2,Maze001,23.686,8.9736,-0.9990,1.6341,108.44,
2,Maze001,23.690,8.9736,-0.9990,1.6341,108.44,
2,Maze001,23.694,8.9736,-0.9990,1.6341,108.44,
2,Maze001,23.698,8.9736,-0.9990,1.6341,108.44,
2,Maze001,23.703,8.9736,-0.9990,1.6341,108.44,
2,Maze001,23.707,8.9736,-0.9990,1.6341,108.44,
2,Maze001,23.711,8.9736,-0.9990,1.6341,108.44,
2,Maze001,23.715,8.9736,-0.9990,1.6341,108.44,
2,Maze001,23.719,8.9736,-0.9990,1.6341,108.44,
2,Maze001,23.723,8.9736,-0.9990,1.6341,108.44,
2,Maze001,23.728,8.9736,-0.9990,1.6341,108.44,
2,Maze001,23.732,8.9736,-0.9990,1.6341,108.44,
2,Maze001,23.736,8.9736,-0.9990,1.6341,108.44,
2,Maze001,23.740,8.9736,-0.9990,1.6341,108.44,
2,Maze001,23.745,8.9736,-0.9990,1.6341,108.44,
2,Maze001,23.749,8.9736,-0.9990,1.6341,108.44,
2,Maze001,23.753,8.9736,-0.9990,1.6341,108.44,
2,Maze001,23.757,8.9736,-0.9990,1.6341,108.44,
2,Maze001,23.761,8.9736,-0.9990,1.6341,108.44,
2,Maze001,23.765,8.9736,-0.9990,1.6341,108.44,
2,Maze001,23.770,8.9736,-0.9990,1.6341,108.44,
2,Maze001,23.774,8.9736,-0.9990,1.6341,108.44,
2,Maze001,23.778,8.9736,-0.9990,1.6341,108.44,
2,Maze001,23.782,8.9736,-0.9990,1.6341,108.44,
2,Maze001,23.786,8.9736,-0.9990,1.6341,108.44,
2,Maze001,23.790,8.9736,-0.9990,1.6341,108.44,
2,Maze001,23.795,8.9736,-0.9990,1.6341,108.44,
2,Maze001,23.799,8.9736,-0.9990,1.6341,108.44,
2,Maze001,23.803,8.9736,-0.9990,1.6341,108.44,
2,Maze001,23.807,8.9736,-0.9990,1.6341,108.44,
2,Maze001,23.811,8.9736,-0.9990,1.6341,108.44,
2,Maze001,23.815,8.9736,-0.9990,1.6341,108.44,
2,Maze001,23.819,8.9736,-0.9990,1.6341,108.44,
2,Maze001,23.823,8.9736,-0.9990,1.6341,108.44,
2,Maze001,23.828,8.9736,-0.9990,1.6341,108.44,
2,Maze001,23.832,8.9736,-0.9990,1.6341,108.44,
2,Maze001,23.836,8.9736,-0.9990,1.6341,108.44,
2,Maze001,23.840,8.9736,-0.9990,1.6341,108.44,
2,Maze001,23.844,8.9736,-0.9990,1.6341,108.44,
2,Maze001,23.849,8.9736,-0.9990,1.6341,108.44,
2,Maze001,23.853,8.9736,-0.9990,1.6341,108.44,
2,Maze001,23.857,8.9736,-0.9990,1.6341,108.44,
2,Maze001,23.861,8.9736,-0.9990,1.6341,108.44,
2,Maze001,23.865,8.9736,-0.9990,1.6341,108.44,
2,Maze001,23.869,8.9736,-0.9990,1.6341,108.44,
2,Maze001,23.873,8.9736,-0.9990,1.6341,108.44,
2,Maze001,23.878,8.9736,-0.9990,1.6341,108.44,
2,Maze001,23.882,8.9736,-0.9990,1.6341,108.44,
2,Maze001,23.886,8.9736,-0.9990,1.6341,108.44,
2,Maze001,23.890,8.9736,-0.9990,1.6341,108.44,
2,Maze001,23.895,8.9736,-0.9990,1.6341,108.44,
2,Maze001,23.898,8.9736,-0.9990,1.6341,108.44,
2,Maze001,23.903,8.9736,-0.9990,1.6341,108.44,
2,Maze001,23.907,8.9736,-0.9990,1.6341,108.44,
2,Maze001,23.911,8.9736,-0.9990,1.6341,108.44,
2,Maze001,23.915,8.9736,-0.9990,1.6341,108.44,
2,Maze001,23.919,8.9736,-0.9990,1.6341,108.44,
2,Maze001,23.924,8.9736,-0.9990,1.6341,108.44,
2,Maze001,23.928,8.9736,-0.9990,1.6341,108.44,
2,Maze001,23.932,8.9736,-0.9990,1.6341,108.44,
2,Maze001,23.936,8.9736,-0.9990,1.6341,108.44,
2,Maze001,23.940,8.9736,-0.9990,1.6341,108.44,
2,Maze001,23.944,8.9736,-0.9990,1.6341,108.44,
2,Maze001,23.949,8.9736,-0.9990,1.6341,108.44,
2,Maze001,23.953,8.9736,-0.9990,1.6341,108.44,
2,Maze001,23.957,8.9736,-0.9990,1.6341,108.44,
2,Maze001,23.961,8.9736,-0.9990,1.6341,108.44,
2,Maze001,23.966,8.9736,-0.9990,1.6341,108.44,
2,Maze001,23.969,8.9736,-0.9990,1.6341,108.44,
2,Maze001,23.973,8.9736,-0.9990,1.6341,108.44,
2,Maze001,23.978,8.9736,-0.9990,1.6341,108.44,
2,Maze001,23.982,8.9736,-0.9990,1.6341,108.44,
2,Maze001,23.986,8.9736,-0.9990,1.6341,108.44,
2,Maze001,23.990,8.9736,-0.9990,1.6341,108.44,
2,Maze001,23.995,8.9736,-0.9990,1.6341,108.44,
2,Maze001,23.999,8.9736,-0.9990,1.6341,108.44,
2,Maze001,24.003,8.9736,-0.9990,1.6341,108.44,
2,Maze001,24.007,8.9736,-0.9990,1.6341,108.44,
2,Maze001,24.013,8.9736,-0.9990,1.6341,108.44,
2,Maze001,24.016,8.9736,-0.9990,1.6341,108.44,
2,Maze001,24.020,8.9736,-0.9990,1.6341,108.44,
2,Maze001,24.024,8.9736,-0.9990,1.6341,108.44,
2,Maze001,24.028,8.9736,-0.9990,1.6341,108.44,
2,Maze001,24.032,8.9736,-0.9990,1.6341,108.44,
2,Maze001,24.036,8.9736,-0.9990,1.6341,108.44,
2,Maze001,24.040,8.9736,-0.9990,1.6341,108.44,
2,Maze001,24.044,8.9736,-0.9990,1.6341,108.44,
2,Maze001,24.049,8.9736,-0.9990,1.6341,108.44,
2,Maze001,24.053,8.9736,-0.9990,1.6341,108.44,
2,Maze001,24.057,8.9736,-0.9990,1.6341,108.44,
2,Maze001,24.061,8.9736,-0.9990,1.6341,108.44,
2,Maze001,24.066,8.9736,-0.9990,1.6341,108.44,
2,Maze001,24.069,8.9736,-0.9990,1.6341,108.44,
2,Maze001,24.074,8.9736,-0.9990,1.6341,108.44,
2,Maze001,24.078,8.9736,-0.9990,1.6341,108.44,
2,Maze001,24.082,8.9736,-0.9990,1.6341,108.44,
2,Maze001,24.086,8.9736,-0.9990,1.6341,108.44,
2,Maze001,24.090,8.9736,-0.9990,1.6341,108.44,
2,Maze001,24.095,8.9736,-0.9990,1.6341,108.44,
2,Maze001,24.099,8.9736,-0.9990,1.6341,108.44,
2,Maze001,24.103,8.9736,-0.9990,1.6341,108.44,
2,Maze001,24.107,8.9736,-0.9990,1.6341,108.44,
2,Maze001,24.111,8.9736,-0.9990,1.6341,108.44,
2,Maze001,24.115,8.9736,-0.9990,1.6341,108.44,
2,Maze001,24.119,8.9736,-0.9990,1.6341,108.44,
2,Maze001,24.124,8.9736,-0.9990,1.6341,108.44,
2,Maze001,24.128,8.9736,-0.9990,1.6341,108.44,
2,Maze001,24.132,8.9736,-0.9990,1.6341,108.44,
2,Maze001,24.136,8.9736,-0.9990,1.6341,108.44,
2,Maze001,24.140,8.9736,-0.9990,1.6341,108.44,
2,Maze001,24.144,8.9736,-0.9990,1.6341,108.44,
2,Maze001,24.149,8.9736,-0.9990,1.6341,108.44,
2,Maze001,24.153,8.9736,-0.9990,1.6341,108.44,
2,Maze001,24.157,8.9736,-0.9990,1.6341,108.44,
2,Maze001,24.161,8.9736,-0.9990,1.6341,108.44,
2,Maze001,24.165,8.9736,-0.9990,1.6341,108.44,
2,Maze001,24.169,8.9736,-0.9990,1.6341,108.44,
2,Maze001,24.173,8.9736,-0.9990,1.6341,108.44,
2,Maze001,24.178,8.9736,-0.9990,1.6341,108.44,
2,Maze001,24.182,8.9736,-0.9990,1.6341,108.44,
2,Maze001,24.186,8.9736,-0.9990,1.6341,108.44,
2,Maze001,24.190,8.9736,-0.9990,1.6341,108.44,
2,Maze001,24.194,8.9736,-0.9990,1.6341,108.44,
2,Maze001,24.199,8.9736,-0.9990,1.6341,108.44,
2,Maze001,24.203,8.9736,-0.9990,1.6341,108.44,
2,Maze001,24.207,8.9736,-0.9990,1.6341,108.44,
2,Maze001,24.211,8.9736,-0.9990,1.6341,108.44,
2,Maze001,24.215,8.9736,-0.9990,1.6341,108.44,
2,Maze001,24.220,8.9736,-0.9990,1.6341,108.44,
2,Maze001,24.223,8.9736,-0.9990,1.6341,108.44,
2,Maze001,24.228,8.9736,-0.9990,1.6341,108.44,
2,Maze001,24.232,8.9736,-0.9990,1.6341,108.44,
2,Maze001,24.236,8.9736,-0.9990,1.6341,108.44,
2,Maze001,24.240,8.9736,-0.9990,1.6341,108.44,
2,Maze001,24.244,8.9736,-0.9990,1.6341,108.44,
2,Maze001,24.248,8.9736,-0.9990,1.6341,108.44,
2,Maze001,24.253,8.9736,-0.9990,1.6341,108.44,
2,Maze001,24.257,8.9736,-0.9990,1.6341,108.44,
2,Maze001,24.261,8.9736,-0.9990,1.6341,108.44,
2,Maze001,24.265,8.9736,-0.9990,1.6341,108.44,
2,Maze001,24.269,8.9736,-0.9990,1.6341,108.44,
2,Maze001,24.273,8.9736,-0.9990,1.6341,108.44,
2,Maze001,24.278,8.9736,-0.9990,1.6341,108.44,
2,Maze001,24.282,8.9736,-0.9990,1.6341,108.44,
2,Maze001,24.286,8.9736,-0.9990,1.6341,108.44,
2,Maze001,24.290,8.9736,-0.9990,1.6341,108.44,
2,Maze001,24.294,8.9736,-0.9990,1.6341,108.44,
2,Maze001,24.298,8.9736,-0.9990,1.6341,108.44,
2,Maze001,24.303,8.9736,-0.9990,1.6341,108.44,
2,Maze001,24.307,8.9736,-0.9990,1.6341,108.44,
2,Maze001,24.311,8.9736,-0.9990,1.6341,108.44,
2,Maze001,24.315,8.9736,-0.9990,1.6341,108.44,
2,Maze001,24.319,8.9736,-0.9990,1.6341,108.44,
2,Maze001,24.323,8.9736,-0.9990,1.6341,108.44,
2,Maze001,24.328,8.9736,-0.9990,1.6341,108.44,
2,Maze001,24.332,8.9736,-0.9990,1.6341,108.44,
2,Maze001,24.336,8.9736,-0.9990,1.6341,108.44,
2,Maze001,24.340,8.9736,-0.9990,1.6341,108.44,
2,Maze001,24.344,8.9736,-0.9990,1.6341,108.44,
2,Maze001,24.349,8.9736,-0.9990,1.6341,108.44,
2,Maze001,24.353,8.9736,-0.9990,1.6341,108.44,
2,Maze001,24.357,8.9736,-0.9990,1.6341,108.44,
2,Maze001,24.361,8.9736,-0.9990,1.6341,108.44,
2,Maze001,24.365,8.9736,-0.9990,1.6341,108.44,
2,Maze001,24.369,8.9736,-0.9990,1.6341,108.44,
2,Maze001,24.374,8.9736,-0.9990,1.6341,108.44,
2,Maze001,24.378,8.9736,-0.9990,1.6341,108.44,
2,Maze001,24.382,8.9736,-0.9990,1.6341,108.44,
2,Maze001,24.386,8.9736,-0.9990,1.6341,108.44,
2,Maze001,24.390,8.9736,-0.9990,1.6341,108.44,
2,Maze001,24.395,8.9736,-0.9990,1.6341,108.44,
2,Maze001,24.398,8.9736,-0.9990,1.6341,108.44,
2,Maze001,24.403,8.9736,-0.9990,1.6341,108.44,
2,Maze001,24.407,8.9736,-0.9990,1.6341,108.44,
2,Maze001,24.411,8.9736,-0.9990,1.6341,108.44,
2,Maze001,24.415,8.9736,-0.9990,1.6341,108.44,
2,Maze001,24.419,8.9736,-0.9990,1.6341,108.44,
2,Maze001,24.423,8.9736,-0.9990,1.6341,108.44,
2,Maze001,24.428,8.9736,-0.9990,1.6341,108.44,
2,Maze001,24.433,8.9736,-0.9990,1.6341,108.44,
2,Maze001,24.436,8.9736,-0.9990,1.6341,108.44,
2,Maze001,24.441,8.9736,-0.9990,1.6341,108.44,
2,Maze001,24.445,8.9736,-0.9990,1.6341,108.44,
2,Maze001,24.449,8.9736,-0.9990,1.6341,108.44,
2,Maze001,24.453,8.9736,-0.9990,1.6341,108.44,
2,Maze001,24.457,8.9736,-0.9990,1.6341,108.44,
2,Maze001,24.461,8.9736,-0.9990,1.6341,108.44,
2,Maze001,24.465,8.9736,-0.9990,1.6341,108.44,
2,Maze001,24.469,8.9736,-0.9990,1.6341,108.44,
2,Maze001,24.473,8.9736,-0.9990,1.6341,108.44,
2,Maze001,24.478,8.9736,-0.9990,1.6341,108.44,
2,Maze001,24.482,8.9736,-0.9990,1.6341,108.44,
2,Maze001,24.486,8.9736,-0.9990,1.6341,108.44,
2,Maze001,24.490,8.9736,-0.9990,1.6341,108.44,
2,Maze001,24.494,8.9736,-0.9990,1.6341,108.44,
2,Maze001,24.499,8.9736,-0.9990,1.6341,108.44,
2,Maze001,24.503,8.9736,-0.9990,1.6341,108.44,
2,Maze001,24.507,8.9736,-0.9990,1.6341,108.44,
2,Maze001,24.511,8.9736,-0.9990,1.6341,108.44,
2,Maze001,24.515,8.9736,-0.9990,1.6341,108.44,
2,Maze001,24.519,8.9736,-0.9990,1.6341,108.44,
2,Maze001,24.524,8.9736,-0.9990,1.6341,108.44,
2,Maze001,24.528,8.9736,-0.9990,1.6341,108.44,
2,Maze001,24.532,8.9736,-0.9990,1.6341,108.44,
2,Maze001,24.536,8.9736,-0.9990,1.6341,108.44,
2,Maze001,24.540,8.9736,-0.9990,1.6341,108.44,
2,Maze001,24.544,8.9736,-0.9990,1.6341,108.44,
2,Maze001,24.548,8.9736,-0.9990,1.6341,108.44,
2,Maze001,24.552,8.9736,-0.9990,1.6341,108.44,
2,Maze001,24.557,8.9736,-0.9990,1.6341,108.44,
2,Maze001,24.561,8.9736,-0.9990,1.6341,108.44,
2,Maze001,24.565,8.9736,-0.9990,1.6341,108.44,
2,Maze001,24.569,8.9736,-0.9990,1.6341,108.44,
2,Maze001,24.573,8.9736,-0.9990,1.6341,108.44,
2,Maze001,24.578,8.9736,-0.9990,1.6341,108.44,
2,Maze001,24.582,8.9736,-0.9990,1.6341,108.44,
2,Maze001,24.586,8.9736,-0.9990,1.6341,108.44,
2,Maze001,24.591,8.9736,-0.9990,1.6341,108.44,
2,Maze001,24.594,8.9736,-0.9990,1.6341,108.44,
2,Maze001,24.599,8.9736,-0.9990,1.6341,108.44,
2,Maze001,24.603,8.9736,-0.9990,1.6341,108.44,
2,Maze001,24.607,8.9736,-0.9990,1.6341,108.44,
2,Maze001,24.611,8.9736,-0.9990,1.6341,108.44,
2,Maze001,24.615,8.9736,-0.9990,1.6341,108.44,
2,Maze001,24.619,8.9736,-0.9990,1.6341,108.44,
2,Maze001,24.623,8.9736,-0.9990,1.6341,108.44,
2,Maze001,24.627,8.9736,-0.9990,1.6341,108.44,
2,Maze001,24.632,8.9736,-0.9990,1.6341,108.44,
2,Maze001,24.636,8.9736,-0.9990,1.6341,108.44,
2,Maze001,24.640,8.9736,-0.9990,1.6341,108.44,
2,Maze001,24.644,8.9736,-0.9990,1.6341,108.44,
2,Maze001,24.649,8.9736,-0.9990,1.6341,108.44,
2,Maze001,24.653,8.9736,-0.9990,1.6341,108.44,
2,Maze001,24.657,8.9736,-0.9990,1.6341,108.44,
2,Maze001,24.661,8.9736,-0.9990,1.6341,108.44,
2,Maze001,24.665,8.9736,-0.9990,1.6341,108.44,
2,Maze001,24.669,8.9736,-0.9990,1.6341,108.44,
2,Maze001,24.673,8.9736,-0.9990,1.6341,108.44,
2,Maze001,24.678,8.9736,-0.9990,1.6341,108.44,
2,Maze001,24.682,8.9736,-0.9990,1.6341,108.44,
2,Maze001,24.687,8.9736,-0.9990,1.6341,108.44,
2,Maze001,24.690,8.9736,-0.9990,1.6341,108.44,
2,Maze001,24.694,8.9736,-0.9990,1.6341,108.44,
2,Maze001,24.698,8.9736,-0.9990,1.6341,108.44,
2,Maze001,24.703,8.9736,-0.9990,1.6341,108.44,
2,Maze001,24.707,8.9736,-0.9990,1.6341,108.44,
2,Maze001,24.711,8.9736,-0.9990,1.6341,108.44,
2,Maze001,24.715,8.9736,-0.9990,1.6341,108.44,
2,Maze001,24.719,8.9736,-0.9990,1.6341,108.44,
2,Maze001,24.723,8.9736,-0.9990,1.6341,108.44,
2,Maze001,24.728,8.9736,-0.9990,1.6341,108.44,
2,Maze001,24.732,8.9736,-0.9990,1.6341,108.44,
2,Maze001,24.736,8.9736,-0.9990,1.6341,108.44,
2,Maze001,24.740,8.9736,-0.9990,1.6341,108.44,
2,Maze001,24.745,8.9736,-0.9990,1.6341,108.44,
2,Maze001,24.748,8.9736,-0.9990,1.6341,108.44,
2,Maze001,24.753,8.9736,-0.9990,1.6341,108.44,
2,Maze001,24.757,8.9736,-0.9990,1.6341,108.44,
2,Maze001,24.761,8.9736,-0.9990,1.6341,108.44,
2,Maze001,24.765,8.9736,-0.9990,1.6341,108.44,
2,Maze001,24.769,8.9736,-0.9990,1.6341,108.44,
2,Maze001,24.773,8.9736,-0.9990,1.6341,108.44,
2,Maze001,24.778,8.9736,-0.9990,1.6341,108.44,
2,Maze001,24.782,8.9736,-0.9990,1.6341,108.44,
2,Maze001,24.786,8.9736,-0.9990,1.6341,108.44,
2,Maze001,24.790,8.9736,-0.9990,1.6341,108.44,
2,Maze001,24.794,8.9736,-0.9990,1.6341,108.44,
2,Maze001,24.798,8.9736,-0.9990,1.6341,108.44,
2,Maze001,24.803,8.9736,-0.9990,1.6341,108.44,
2,Maze001,24.807,8.9736,-0.9990,1.6341,108.44,
2,Maze001,24.811,8.9736,-0.9990,1.6341,108.44,
2,Maze001,24.815,8.9736,-0.9990,1.6341,108.44,
2,Maze001,24.819,8.9736,-0.9990,1.6341,108.44,
2,Maze001,24.824,8.9736,-0.9990,1.6341,108.44,
2,Maze001,24.828,8.9736,-0.9990,1.6341,108.44,
2,Maze001,24.832,8.9736,-0.9990,1.6341,108.44,
2,Maze001,24.836,8.9736,-0.9990,1.6341,108.44,
2,Maze001,24.840,8.9736,-0.9990,1.6341,108.44,
2,Maze001,24.844,8.9736,-0.9990,1.6341,108.44,
2,Maze001,24.848,8.9736,-0.9990,1.6341,108.44,
2,Maze001,24.852,8.9736,-0.9990,1.6341,108.44,
2,Maze001,24.857,8.9736,-0.9990,1.6341,108.44,
2,Maze001,24.861,8.9736,-0.9990,1.6341,108.44,
2,Maze001,24.865,8.9736,-0.9990,1.6341,108.44,
2,Maze001,24.869,8.9736,-0.9990,1.6341,108.44,
2,Maze001,24.873,8.9736,-0.9990,1.6341,108.44,
2,Maze001,24.877,8.9736,-0.9990,1.6341,108.44,
2,Maze001,24.882,8.9736,-0.9990,1.6341,108.44,
2,Maze001,24.886,8.9736,-0.9990,1.6341,108.44,
2,Maze001,24.890,8.9736,-0.9990,1.6341,108.44,
2,Maze001,24.894,8.9736,-0.9990,1.6341,108.44,
2,Maze001,24.898,8.9736,-0.9990,1.6341,108.44,
2,Maze001,24.903,8.9736,-0.9990,1.6341,108.44,
2,Maze001,24.907,8.9736,-0.9990,1.6341,108.44,
2,Maze001,24.911,8.9736,-0.9990,1.6341,108.44,
2,Maze001,24.915,8.9736,-0.9990,1.6341,108.44,
2,Maze001,24.919,8.9736,-0.9990,1.6341,108.44,
2,Maze001,24.923,8.9736,-0.9990,1.6341,108.44,
2,Maze001,24.927,8.9736,-0.9990,1.6341,108.44,
2,Maze001,24.932,8.9736,-0.9990,1.6341,108.44,
2,Maze001,24.936,8.9736,-0.9990,1.6341,108.44,
2,Maze001,24.940,8.9736,-0.9990,1.6341,108.44,
2,Maze001,24.945,8.9736,-0.9990,1.6341,108.44,
2,Maze001,24.949,8.9736,-0.9990,1.6341,108.44,
2,Maze001,24.953,8.9736,-0.9990,1.6341,108.44,
2,Maze001,24.957,8.9736,-0.9990,1.6341,108.44,
2,Maze001,24.961,8.9736,-0.9990,1.6341,108.44,
2,Maze001,24.965,8.9736,-0.9990,1.6341,108.44,
2,Maze001,24.970,8.9736,-0.9990,1.6341,108.44,
2,Maze001,24.974,8.9736,-0.9990,1.6341,108.44,
2,Maze001,24.978,8.9736,-0.9990,1.6341,108.44,
2,Maze001,24.982,8.9736,-0.9990,1.6341,108.44,
2,Maze001,24.986,8.9736,-0.9990,1.6341,108.44,
2,Maze001,24.991,8.9736,-0.9990,1.6341,108.44,
2,Maze001,24.995,8.9736,-0.9990,1.6341,108.44,
2,Maze001,24.999,8.9736,-0.9990,1.6341,108.44,
2,Maze001,25.003,8.9736,-0.9990,1.6341,108.44,
2,Maze001,25.007,8.9736,-0.9990,1.6341,108.44,
2,Maze001,25.011,8.9736,-0.9990,1.6341,108.44,
2,Maze001,25.016,8.9736,-0.9990,1.6341,108.44,
2,Maze001,25.019,8.9736,-0.9990,1.6341,108.44,
2,Maze001,25.023,8.9736,-0.9990,1.6341,108.44,
2,Maze001,25.028,8.9736,-0.9990,1.6341,108.44,
2,Maze001,25.032,8.9736,-0.9990,1.6341,108.44,
2,Maze001,25.036,8.9736,-0.9990,1.6341,108.44,
2,Maze001,25.040,8.9736,-0.9990,1.6341,108.44,
2,Maze001,25.045,8.9736,-0.9990,1.6341,108.44,
2,Maze001,25.049,8.9736,-0.9990,1.6341,108.44,
2,Maze001,25.052,8.9736,-0.9990,1.6341,108.44,
2,Maze001,25.057,8.9736,-0.9990,1.6341,108.44,
2,Maze001,25.061,8.9736,-0.9990,1.6341,108.44,
2,Maze001,25.065,8.9736,-0.9990,1.6341,108.44,
2,Maze001,25.070,8.9736,-0.9990,1.6341,108.44,
2,Maze001,25.073,8.9736,-0.9990,1.6341,108.44,
2,Maze001,25.077,8.9736,-0.9990,1.6341,108.44,
2,Maze001,25.082,8.9736,-0.9990,1.6341,108.44,
2,Maze001,25.086,8.9736,-0.9990,1.6341,108.44,
2,Maze001,25.090,8.9736,-0.9990,1.6341,108.44,
2,Maze001,25.095,8.9736,-0.9990,1.6341,108.44,
2,Maze001,25.099,8.9736,-0.9990,1.6341,108.44,
2,Maze001,25.102,8.9736,-0.9990,1.6341,108.44,
2,Maze001,25.107,8.9736,-0.9990,1.6341,108.44,
2,Maze001,25.111,8.9736,-0.9990,1.6341,108.44,
2,Maze001,25.115,8.9736,-0.9990,1.6341,108.44,
2,Maze001,25.119,8.9736,-0.9990,1.6341,108.44,
2,Maze001,25.123,8.9736,-0.9990,1.6341,108.44,
2,Maze001,25.128,8.9736,-0.9990,1.6341,108.44,
2,Maze001,25.132,8.9736,-0.9990,1.6341,108.44,
2,Maze001,25.136,8.9736,-0.9990,1.6341,108.44,
2,Maze001,25.140,8.9736,-0.9990,1.6341,108.44,
2,Maze001,25.144,8.9736,-0.9990,1.6341,108.44,
2,Maze001,25.148,8.9736,-0.9990,1.6341,108.44,
2,Maze001,25.152,8.9736,-0.9990,1.6341,108.44,
2,Maze001,25.157,8.9736,-0.9990,1.6341,108.44,
2,Maze001,25.161,8.9736,-0.9990,1.6341,108.44,
2,Maze001,25.165,8.9736,-0.9990,1.6341,108.44,
2,Maze001,25.169,8.9736,-0.9990,1.6341,108.44,
2,Maze001,25.173,8.9736,-0.9990,1.6341,108.44,
2,Maze001,25.177,8.9736,-0.9990,1.6341,108.44,
2,Maze001,25.182,8.9736,-0.9990,1.6341,108.44,
2,Maze001,25.186,8.9736,-0.9990,1.6341,108.44,
2,Maze001,25.190,8.9736,-0.9990,1.6341,108.44,
2,Maze001,25.194,8.9736,-0.9990,1.6341,108.44,
2,Maze001,25.198,8.9736,-0.9990,1.6341,108.44,
2,Maze001,25.203,8.9736,-0.9990,1.6341,108.44,
2,Maze001,25.207,8.9736,-0.9990,1.6341,108.44,
2,Maze001,25.211,8.9736,-0.9990,1.6341,108.44,
2,Maze001,25.215,8.9736,-0.9990,1.6341,108.44,
2,Maze001,25.219,8.9736,-0.9990,1.6341,108.44,
2,Maze001,25.223,8.9736,-0.9990,1.6341,108.44,
2,Maze001,25.228,8.9736,-0.9990,1.6341,108.44,
2,Maze001,25.232,8.9736,-0.9990,1.6341,108.44,
2,Maze001,25.236,8.9736,-0.9990,1.6341,108.44,
2,Maze001,25.240,8.9736,-0.9990,1.6341,108.44,
2,Maze001,25.244,8.9736,-0.9990,1.6341,108.44,
2,Maze001,25.249,8.9736,-0.9990,1.6341,108.44,
2,Maze001,25.253,8.9736,-0.9990,1.6341,108.44,
2,Maze001,25.257,8.9736,-0.9990,1.6341,108.44,
2,Maze001,25.261,8.9736,-0.9990,1.6341,108.44,
2,Maze001,25.265,8.9736,-0.9990,1.6341,108.44,
2,Maze001,25.269,8.9736,-0.9990,1.6341,108.44,
2,Maze001,25.273,8.9736,-0.9990,1.6341,108.44,
2,Maze001,25.278,8.9736,-0.9990,1.6341,108.44,
2,Maze001,25.282,8.9736,-0.9990,1.6341,108.44,
2,Maze001,25.286,8.9736,-0.9990,1.6341,108.44,
2,Maze001,25.290,8.9736,-0.9990,1.6341,108.44,
2,Maze001,25.294,8.9736,-0.9990,1.6341,108.44,
2,Maze001,25.299,8.9736,-0.9990,1.6341,108.44,
2,Maze001,25.303,8.9736,-0.9990,1.6341,108.44,
2,Maze001,25.307,8.9736,-0.9990,1.6341,108.44,
2,Maze001,25.311,8.9736,-0.9990,1.6341,108.44,
2,Maze001,25.315,8.9736,-0.9990,1.6341,108.44,
2,Maze001,25.319,8.9736,-0.9990,1.6341,108.44,
2,Maze001,25.323,8.9736,-0.9990,1.6341,108.44,
2,Maze001,25.327,8.9736,-0.9990,1.6341,108.44,
2,Maze001,25.332,8.9736,-0.9990,1.6341,108.44,
2,Maze001,25.336,8.9736,-0.9990,1.6341,108.44,
2,Maze001,25.340,8.9736,-0.9990,1.6341,108.44,
2,Maze001,25.344,8.9736,-0.9990,1.6341,108.44,
2,Maze001,25.348,8.9736,-0.9990,1.6341,108.44,
2,Maze001,25.352,8.9736,-0.9990,1.6341,108.44,
2,Maze001,25.357,8.9736,-0.9990,1.6341,108.44,
2,Maze001,25.361,8.9736,-0.9990,1.6341,108.44,
2,Maze001,25.365,8.9736,-0.9990,1.6341,108.44,
2,Maze001,25.369,8.9736,-0.9990,1.6341,108.44,
2,Maze001,25.373,8.9736,-0.9990,1.6341,108.44,
2,Maze001,25.378,8.9736,-0.9990,1.6341,108.44,
2,Maze001,25.382,8.9736,-0.9990,1.6341,108.44,
2,Maze001,25.386,8.9736,-0.9990,1.6341,108.44,
2,Maze001,25.390,8.9736,-0.9990,1.6341,108.44,
2,Maze001,25.394,8.9736,-0.9990,1.6341,108.44,
2,Maze001,25.399,8.9736,-0.9990,1.6341,108.44,
2,Maze001,25.402,8.9736,-0.9990,1.6341,108.44,
2,Maze001,25.407,8.9736,-0.9990,1.6341,108.44,
2,Maze001,25.411,8.9736,-0.9990,1.6341,108.44,
2,Maze001,25.415,8.9736,-0.9990,1.6341,108.44,
2,Maze001,25.419,8.9736,-0.9990,1.6341,108.44,
2,Maze001,25.423,8.9736,-0.9990,1.6341,108.44,
2,Maze001,25.427,8.9736,-0.9990,1.6341,108.44,
2,Maze001,25.432,8.9736,-0.9990,1.6341,108.44,
2,Maze001,25.436,8.9736,-0.9990,1.6341,108.44,
2,Maze001,25.440,8.9736,-0.9990,1.6341,108.44,
2,Maze001,25.444,8.9736,-0.9990,1.6341,108.44,
2,Maze001,25.449,8.9736,-0.9990,1.6341,108.44,
2,Maze001,25.453,8.9736,-0.9990,1.6341,108.44,
2,Maze001,25.457,8.9736,-0.9990,1.6341,108.44,
2,Maze001,25.461,8.9736,-0.9990,1.6341,108.44,
2,Maze001,25.465,8.9736,-0.9990,1.6341,108.44,
2,Maze001,25.469,8.9736,-0.9990,1.6341,108.44,
2,Maze001,25.473,8.9736,-0.9990,1.6341,108.44,
2,Maze001,25.478,8.9736,-0.9990,1.6341,108.44,
2,Maze001,25.482,8.9736,-0.9990,1.6341,108.44,
2,Maze001,25.486,8.9736,-0.9990,1.6341,108.44,
2,Maze001,25.490,8.9736,-0.9990,1.6341,108.44,
2,Maze001,25.494,8.9736,-0.9990,1.6341,108.44,
2,Maze001,25.498,8.9736,-0.9990,1.6341,108.44,
2,Maze001,25.503,8.9736,-0.9990,1.6341,108.44,
2,Maze001,25.507,8.9736,-0.9990,1.6341,108.44,
2,Maze001,25.511,8.9736,-0.9990,1.6341,108.44,
2,Maze001,25.515,8.9736,-0.9990,1.6341,108.44,
2,Maze001,25.519,8.9736,-0.9990,1.6341,108.44,
2,Maze001,25.523,8.9736,-0.9990,1.6341,108.44,
2,Maze001,25.528,8.9736,-0.9990,1.6341,108.44,
2,Maze001,25.532,8.9736,-0.9990,1.6341,108.44,
2,Maze001,25.536,8.9736,-0.9990,1.6341,108.44,
2,Maze001,25.540,8.9736,-0.9990,1.6341,108.44,
2,Maze001,25.544,8.9736,-0.9990,1.6341,108.44,
2,Maze001,25.548,8.9736,-0.9990,1.6341,108.44,
2,Maze001,25.553,8.9736,-0.9990,1.6341,108.44,
2,Maze001,25.557,8.9736,-0.9990,1.6341,108.44,
2,Maze001,25.561,8.9736,-0.9990,1.6341,108.44,
2,Maze001,25.566,8.9736,-0.9990,1.6341,108.44,
2,Maze001,25.569,8.9736,-0.9990,1.6341,108.44,
2,Maze001,25.573,8.9736,-0.9990,1.6341,108.44,
2,Maze001,25.578,8.9736,-0.9990,1.6341,108.44,
2,Maze001,25.582,8.9736,-0.9990,1.6341,108.44,
2,Maze001,25.586,8.9736,-0.9990,1.6341,108.44,
2,Maze001,25.590,8.9736,-0.9990,1.6341,108.44,
2,Maze001,25.594,8.9736,-0.9990,1.6341,108.44,
2,Maze001,25.599,8.9736,-0.9990,1.6341,108.44,
2,Maze001,25.603,8.9736,-0.9990,1.6341,108.44,
2,Maze001,25.607,8.9736,-0.9990,1.6341,108.44,
2,Maze001,25.611,8.9736,-0.9990,1.6341,108.44,
2,Maze001,25.615,8.9736,-0.9990,1.6341,108.44,
2,Maze001,25.619,8.9736,-0.9990,1.6341,108.44,
2,Maze001,25.623,8.9736,-0.9990,1.6341,108.44,
2,Maze001,25.628,8.9736,-0.9990,1.6341,108.44,
2,Maze001,25.632,8.9736,-0.9990,1.6341,108.44,
2,Maze001,25.636,8.9736,-0.9990,1.6341,108.44,
2,Maze001,25.640,8.9736,-0.9990,1.6341,108.44,
2,Maze001,25.644,8.9736,-0.9990,1.6341,108.44,
2,Maze001,25.649,8.9736,-0.9990,1.6341,108.44,
2,Maze001,25.652,8.9736,-0.9990,1.6341,108.44,
2,Maze001,25.657,8.9736,-0.9990,1.6341,108.44,
2,Maze001,25.661,8.9736,-0.9990,1.6341,108.44,
2,Maze001,25.665,8.9736,-0.9990,1.6341,108.44,
2,Maze001,25.669,8.9736,-0.9990,1.6341,108.44,
2,Maze001,25.673,8.9736,-0.9990,1.6341,108.44,
2,Maze001,25.677,8.9736,-0.9990,1.6341,108.44,
2,Maze001,25.682,8.9736,-0.9990,1.6341,108.44,
2,Maze001,25.686,8.9736,-0.9990,1.6341,108.44,
2,Maze001,25.690,8.9736,-0.9990,1.6341,108.44,
2,Maze001,25.694,8.9736,-0.9990,1.6341,108.44,
2,Maze001,25.698,8.9736,-0.9990,1.6341,108.44,
2,Maze001,25.703,8.9736,-0.9990,1.6341,108.44,
2,Maze001,25.706,8.9736,-0.9990,1.6341,108.44,
2,Maze001,25.711,8.9736,-0.9990,1.6341,108.44,
2,Maze001,25.715,8.9736,-0.9990,1.6341,108.44,
2,Maze001,25.719,8.9736,-0.9990,1.6341,108.44,
2,Maze001,25.725,8.9736,-0.9990,1.6341,108.44,
2,Maze001,25.727,8.9736,-0.9990,1.6341,108.44,
2,Maze001,25.732,8.9736,-0.9990,1.6341,108.44,
2,Maze001,25.736,8.9736,-0.9990,1.6341,108.44,
2,Maze001,25.740,8.9736,-0.9990,1.6341,108.44,
2,Maze001,25.744,8.9736,-0.9990,1.6341,108.44,
2,Maze001,25.748,8.9736,-0.9990,1.6341,108.44,
2,Maze001,25.753,8.9736,-0.9990,1.6341,108.44,
2,Maze001,25.757,8.9736,-0.9990,1.6341,108.44,
2,Maze001,25.761,8.9736,-0.9990,1.6341,108.44,
2,Maze001,25.765,8.9736,-0.9990,1.6341,108.44,
2,Maze001,25.769,8.9736,-0.9990,1.6341,108.44,
2,Maze001,25.773,8.9736,-0.9990,1.6341,108.44,
2,Maze001,25.777,8.9736,-0.9990,1.6341,108.44,
2,Maze001,25.782,8.9736,-0.9990,1.6341,108.44,
2,Maze001,25.786,8.9736,-0.9990,1.6341,108.44,
2,Maze001,25.790,8.9736,-0.9990,1.6341,108.44,
2,Maze001,25.794,8.9736,-0.9990,1.6341,108.44,
2,Maze001,25.798,8.9736,-0.9990,1.6341,108.44,
2,Maze001,25.803,8.9736,-0.9990,1.6341,108.44,
2,Maze001,25.807,8.9736,-0.9990,1.6341,108.44,
2,Maze001,25.811,8.9736,-0.9990,1.6341,108.44,
2,Maze001,25.815,8.9736,-0.9990,1.6341,108.44,
2,Maze001,25.819,8.9736,-0.9990,1.6341,108.44,
2,Maze001,25.823,8.9736,-0.9990,1.6341,108.44,
2,Maze001,25.827,8.9736,-0.9990,1.6341,108.44,
2,Maze001,25.832,8.9736,-0.9990,1.6341,108.44,
2,Maze001,25.836,8.9736,-0.9990,1.6341,108.44,
2,Maze001,25.840,8.9736,-0.9990,1.6341,108.44,
2,Maze001,25.844,8.9736,-0.9990,1.6341,108.44,
2,Maze001,25.848,8.9736,-0.9990,1.6341,108.44,
2,Maze001,25.853,8.9736,-0.9990,1.6341,108.44,
2,Maze001,25.856,8.9736,-0.9990,1.6341,108.44,
2,Maze001,25.861,8.9736,-0.9990,1.6341,108.44,
2,Maze001,25.865,8.9736,-0.9990,1.6341,108.44,
2,Maze001,25.869,8.9736,-0.9990,1.6341,108.44,
2,Maze001,25.873,8.9736,-0.9990,1.6341,108.44,
2,Maze001,25.879,8.9736,-0.9990,1.6341,108.44,
2,Maze001,25.882,8.9736,-0.9990,1.6341,108.44,
2,Maze001,25.886,8.9736,-0.9990,1.6341,108.44,
2,Maze001,25.890,8.9736,-0.9990,1.6341,108.44,
2,Maze001,25.894,8.9736,-0.9990,1.6341,108.44,
2,Maze001,25.898,8.9736,-0.9990,1.6341,108.44,
2,Maze001,25.903,8.9736,-0.9990,1.6341,108.44,
2,Maze001,25.907,8.9736,-0.9990,1.6341,108.44,
2,Maze001,25.911,8.9736,-0.9990,1.6341,108.44,
2,Maze001,25.915,8.9736,-0.9990,1.6341,108.44,
2,Maze001,25.919,8.9736,-0.9990,1.6341,108.44,
2,Maze001,25.923,8.9736,-0.9990,1.6341,108.44,
2,Maze001,25.927,8.9736,-0.9990,1.6341,108.44,
2,Maze001,25.931,8.9736,-0.9990,1.6341,108.44,
2,Maze001,25.936,8.9736,-0.9990,1.6341,108.44,
2,Maze001,25.940,8.9736,-0.9990,1.6341,108.44,
2,Maze001,25.944,8.9736,-0.9990,1.6341,108.44,
2,Maze001,25.948,8.9736,-0.9990,1.6341,108.44,
2,Maze001,25.952,8.9736,-0.9990,1.6341,108.44,
2,Maze001,25.957,8.9736,-0.9990,1.6341,108.44,
2,Maze001,25.961,8.9736,-0.9990,1.6341,108.44,
2,Maze001,25.965,8.9736,-0.9990,1.6341,108.44,
2,Maze001,25.970,8.9736,-0.9990,1.6341,108.44,
2,Maze001,25.973,8.9736,-0.9990,1.6341,108.44,
2,Maze001,25.977,8.9736,-0.9990,1.6341,108.44,
2,Maze001,25.982,8.9736,-0.9990,1.6341,108.44,
2,Maze001,25.986,8.9736,-0.9990,1.6341,108.44,
2,Maze001,25.990,8.9736,-0.9990,1.6341,108.44,
2,Maze001,25.994,8.9736,-0.9990,1.6341,108.44,
2,Maze001,25.998,8.9736,-0.9990,1.6341,108.44,
2,Maze001,26.002,8.9736,-0.9990,1.6341,108.44,
2,Maze001,26.007,8.9736,-0.9990,1.6341,108.44,
2,Maze001,26.011,8.9736,-0.9990,1.6341,108.44,
2,Maze001,26.015,8.9736,-0.9990,1.6341,108.44,
2,Maze001,26.019,8.9736,-0.9990,1.6341,108.44,
2,Maze001,26.023,8.9736,-0.9990,1.6341,108.44,
2,Maze001,26.027,8.9736,-0.9990,1.6341,108.44,
2,Maze001,26.032,8.9736,-0.9990,1.6341,108.44,
2,Maze001,26.036,8.9736,-0.9990,1.6341,108.44,
2,Maze001,26.040,8.9736,-0.9990,1.6341,108.44,
2,Maze001,26.044,8.9736,-0.9990,1.6341,108.44,
2,Maze001,26.048,8.9736,-0.9990,1.6341,108.44,
2,Maze001,26.052,8.9736,-0.9990,1.6341,108.44,
2,Maze001,26.056,8.9736,-0.9990,1.6341,108.44,
2,Maze001,26.061,8.9736,-0.9990,1.6341,108.44,
2,Maze001,26.065,8.9736,-0.9990,1.6341,108.44,
2,Maze001,26.069,8.9736,-0.9990,1.6341,108.44,
2,Maze001,26.073,8.9736,-0.9990,1.6341,108.44,
2,Maze001,26.077,8.9736,-0.9990,1.6341,108.44,
2,Maze001,26.081,8.9736,-0.9990,1.6341,108.44,
2,Maze001,26.086,8.9736,-0.9990,1.6341,108.44,
2,Maze001,26.090,8.9736,-0.9990,1.6341,108.44,
2,Maze001,26.095,8.9736,-0.9990,1.6341,108.44,
2,Maze001,26.098,8.9736,-0.9990,1.6341,108.44,
2,Maze001,26.103,8.9736,-0.9990,1.6341,108.44,
2,Maze001,26.107,8.9736,-0.9990,1.6341,108.44,
2,Maze001,26.111,8.9736,-0.9990,1.6341,108.44,
2,Maze001,26.115,8.9736,-0.9990,1.6341,108.44,
2,Maze001,26.119,8.9736,-0.9990,1.6341,108.44,
2,Maze001,26.123,8.9736,-0.9990,1.6341,108.44,
2,Maze001,26.128,8.9736,-0.9990,1.6341,108.44,
2,Maze001,26.132,8.9736,-0.9990,1.6341,108.44,
2,Maze001,26.136,8.9736,-0.9990,1.6341,108.44,
2,Maze001,26.140,8.9736,-0.9990,1.6341,108.44,
2,Maze001,26.144,8.9736,-0.9990,1.6341,108.44,
2,Maze001,26.148,8.9736,-0.9990,1.6341,108.44,
2,Maze001,26.152,8.9736,-0.9990,1.6341,108.44,
2,Maze001,26.156,8.9736,-0.9990,1.6341,108.44,
2,Maze001,26.161,8.9736,-0.9990,1.6341,108.44,
2,Maze001,26.165,8.9736,-0.9990,1.6341,108.44,
2,Maze001,26.169,8.9736,-0.9990,1.6341,108.44,
2,Maze001,26.173,8.9736,-0.9990,1.6341,108.44,
2,Maze001,26.177,8.9736,-0.9990,1.6341,108.44,
2,Maze001,26.181,8.9736,-0.9990,1.6341,108.44,
2,Maze001,26.186,8.9736,-0.9990,1.6341,108.44,
2,Maze001,26.190,8.9736,-0.9990,1.6341,108.44,
2,Maze001,26.194,8.9736,-0.9990,1.6341,108.44,
2,Maze001,26.198,8.9736,-0.9990,1.6341,108.44,
2,Maze001,26.202,8.9736,-0.9990,1.6341,108.44,
2,Maze001,26.207,8.9736,-0.9990,1.6341,108.44,
2,Maze001,26.211,8.9736,-0.9990,1.6341,108.44,
2,Maze001,26.215,8.9736,-0.9990,1.6341,108.44,
2,Maze001,26.219,8.9736,-0.9990,1.6341,108.44,
2,Maze001,26.223,8.9736,-0.9990,1.6341,108.44,
2,Maze001,26.227,8.9736,-0.9990,1.6341,108.44,
2,Maze001,26.232,8.9736,-0.9990,1.6341,108.44,
2,Maze001,26.236,8.9736,-0.9990,1.6341,108.44,
2,Maze001,26.240,8.9736,-0.9990,1.6341,108.44,
2,Maze001,26.244,8.9736,-0.9990,1.6341,108.44,
2,Maze001,26.248,8.9736,-0.9990,1.6341,108.44,
2,Maze001,26.252,8.9736,-0.9990,1.6341,108.44,
2,Maze001,26.257,8.9736,-0.9990,1.6341,108.44,
2,Maze001,26.261,8.9736,-0.9990,1.6341,108.44,
2,Maze001,26.265,8.9736,-0.9990,1.6341,108.44,
2,Maze001,26.269,8.9736,-0.9990,1.6341,108.44,
2,Maze001,26.274,8.9736,-0.9990,1.6341,108.44,
2,Maze001,26.278,8.9736,-0.9990,1.6341,108.44,
2,Maze001,26.282,8.9736,-0.9990,1.6341,108.44,
2,Maze001,26.286,8.9736,-0.9990,1.6341,108.44,
2,Maze001,26.290,8.9736,-0.9990,1.6341,108.44,
2,Maze001,26.294,8.9736,-0.9990,1.6341,108.44,
2,Maze001,26.298,8.9736,-0.9990,1.6341,108.44,
2,Maze001,26.302,8.9736,-0.9990,1.6341,108.44,
2,Maze001,26.306,8.9736,-0.9990,1.6341,108.44,
2,Maze001,26.311,8.9736,-0.9990,1.6341,108.44,
2,Maze001,26.315,8.9736,-0.9990,1.6341,108.44,
2,Maze001,26.319,8.9736,-0.9990,1.6341,108.44,
2,Maze001,26.323,8.9736,-0.9990,1.6341,108.44,
2,Maze001,26.327,8.9736,-0.9990,1.6341,108.44,
2,Maze001,26.331,8.9736,-0.9990,1.6341,108.44,
2,Maze001,26.336,8.9736,-0.9990,1.6341,108.44,
2,Maze001,26.340,8.9736,-0.9990,1.6341,108.44,
2,Maze001,26.344,8.9736,-0.9990,1.6341,108.44,
2,Maze001,26.349,8.9736,-0.9990,1.6341,108.44,
2,Maze001,26.353,8.9736,-0.9990,1.6341,108.44,
2,Maze001,26.356,8.9736,-0.9990,1.6341,108.44,
2,Maze001,26.361,8.9736,-0.9990,1.6341,108.44,
2,Maze001,26.365,8.9736,-0.9990,1.6341,108.44,
2,Maze001,26.369,8.9736,-0.9990,1.6341,108.44,
2,Maze001,26.373,8.9736,-0.9990,1.6341,108.44,
2,Maze001,26.378,8.9736,-0.9990,1.6341,108.44,
2,Maze001,26.381,8.9736,-0.9990,1.6341,108.44,
2,Maze001,26.386,8.9736,-0.9990,1.6341,108.44,
2,Maze001,26.390,8.9736,-0.9990,1.6341,108.44,
2,Maze001,26.394,8.9736,-0.9990,1.6341,108.44,
2,Maze001,26.398,8.9736,-0.9990,1.6341,108.44,
2,Maze001,26.402,8.9736,-0.9990,1.6341,108.44,
2,Maze001,26.406,8.9736,-0.9990,1.6341,108.44,
2,Maze001,26.411,8.9736,-0.9990,1.6341,108.44,
2,Maze001,26.415,8.9736,-0.9990,1.6341,108.44,
2,Maze001,26.419,8.9736,-0.9990,1.6341,108.44,
2,Maze001,26.423,8.9736,-0.9990,1.6341,108.44,
2,Maze001,26.427,8.9736,-0.9990,1.6341,108.44,
2,Maze001,26.431,8.9736,-0.9990,1.6341,108.44,
2,Maze001,26.436,8.9736,-0.9990,1.6341,108.44,
2,Maze001,26.440,8.9736,-0.9990,1.6341,108.44,
2,Maze001,26.444,8.9736,-0.9990,1.6341,108.44,
2,Maze001,26.448,8.9736,-0.9990,1.6341,108.44,
2,Maze001,26.452,8.9736,-0.9990,1.6341,108.44,
2,Maze001,26.457,8.9736,-0.9990,1.6341,108.44,
2,Maze001,26.461,8.9736,-0.9990,1.6341,108.44,
2,Maze001,26.465,8.9736,-0.9990,1.6341,108.44,
2,Maze001,26.469,8.9736,-0.9990,1.6341,108.44,
2,Maze001,26.473,8.9736,-0.9990,1.6341,108.44,
2,Maze001,26.477,8.9736,-0.9990,1.6341,108.44,
2,Maze001,26.481,8.9736,-0.9990,1.6341,108.44,
2,Maze001,26.486,8.9736,-0.9990,1.6341,108.44,
2,Maze001,26.490,8.9736,-0.9990,1.6341,108.44,
2,Maze001,26.494,8.9736,-0.9990,1.6341,108.44,
2,Maze001,26.498,8.9736,-0.9990,1.6341,108.44,
2,Maze001,26.503,8.9736,-0.9990,1.6341,108.44,
2,Maze001,26.507,8.9736,-0.9990,1.6341,108.44,
2,Maze001,26.511,8.9736,-0.9990,1.6341,108.44,
2,Maze001,26.515,8.9736,-0.9990,1.6341,108.44,
2,Maze001,26.519,8.9736,-0.9990,1.6341,108.44,
2,Maze001,26.523,8.9736,-0.9990,1.6341,108.44,
2,Maze001,26.528,8.9736,-0.9990,1.6341,108.44,
2,Maze001,26.532,8.9736,-0.9990,1.6341,108.44,
2,Maze001,26.536,8.9736,-0.9990,1.6341,108.44,
2,Maze001,26.540,8.9736,-0.9990,1.6341,108.44,
2,Maze001,26.544,8.9736,-0.9990,1.6341,108.44,
2,Maze001,26.548,8.9736,-0.9990,1.6341,108.44,
2,Maze001,26.552,8.9736,-0.9990,1.6341,108.44,
2,Maze001,26.556,8.9736,-0.9990,1.6341,108.44,
2,Maze001,26.561,8.9736,-0.9990,1.6341,108.44,
2,Maze001,26.565,8.9736,-0.9990,1.6341,108.44,
2,Maze001,26.569,8.9736,-0.9990,1.6341,108.44,
2,Maze001,26.573,8.9736,-0.9990,1.6341,108.44,
2,Maze001,26.578,8.9736,-0.9990,1.6341,108.44,
2,Maze001,26.582,8.9736,-0.9990,1.6341,108.44,
2,Maze001,26.586,8.9736,-0.9990,1.6341,108.44,
2,Maze001,26.590,8.9736,-0.9990,1.6341,108.44,
2,Maze001,26.594,8.9736,-0.9990,1.6341,108.44,
2,Maze001,26.598,8.9736,-0.9990,1.6341,108.44,
2,Maze001,26.602,8.9736,-0.9990,1.6341,108.44,
2,Maze001,26.606,8.9736,-0.9990,1.6341,108.44,
2,Maze001,26.611,8.9736,-0.9990,1.6341,108.44,
2,Maze001,26.615,8.9736,-0.9990,1.6341,108.44,
2,Maze001,26.619,8.9736,-0.9990,1.6341,108.44,
2,Maze001,26.623,8.9736,-0.9990,1.6341,108.44,
2,Maze001,26.628,8.9736,-0.9990,1.6341,108.44,
2,Maze001,26.632,8.9736,-0.9990,1.6341,108.44,
2,Maze001,26.636,8.9736,-0.9990,1.6341,108.44,
2,Maze001,26.640,8.9736,-0.9990,1.6341,108.44,
2,Maze001,26.644,8.9736,-0.9990,1.6341,108.44,
2,Maze001,26.648,8.9736,-0.9990,1.6341,108.44,
2,Maze001,26.652,8.9736,-0.9990,1.6341,108.44,
2,Maze001,26.657,8.9736,-0.9990,1.6341,108.44,
2,Maze001,26.661,8.9736,-0.9990,1.6341,108.44,
2,Maze001,26.665,8.9736,-0.9990,1.6341,108.44,
2,Maze001,26.669,8.9736,-0.9990,1.6341,108.44,
2,Maze001,26.673,8.9736,-0.9990,1.6341,108.44,
2,Maze001,26.678,8.9736,-0.9990,1.6341,108.44,
2,Maze001,26.682,8.9736,-0.9990,1.6341,108.44,
2,Maze001,26.686,8.9736,-0.9990,1.6341,108.44,
2,Maze001,26.690,8.9736,-0.9990,1.6341,108.44,
2,Maze001,26.694,8.9736,-0.9990,1.6341,108.44,
2,Maze001,26.698,8.9736,-0.9990,1.6341,108.44,
2,Maze001,26.703,8.9736,-0.9990,1.6341,108.44,
2,Maze001,26.707,8.9736,-0.9990,1.6341,108.44,
2,Maze001,26.711,8.9736,-0.9990,1.6341,108.44,
2,Maze001,26.715,8.9736,-0.9990,1.6341,108.44,
2,Maze001,26.719,8.9736,-0.9990,1.6341,108.44,
2,Maze001,26.723,8.9736,-0.9990,1.6341,108.44,
2,Maze001,26.727,8.9736,-0.9990,1.6341,108.44,
2,Maze001,26.731,8.9736,-0.9990,1.6341,108.44,
2,Maze001,26.736,8.9736,-0.9990,1.6341,108.44,
2,Maze001,26.740,8.9736,-0.9990,1.6341,108.44,
2,Maze001,26.744,8.9736,-0.9990,1.6341,108.44,
2,Maze001,26.748,8.9736,-0.9990,1.6341,108.44,
2,Maze001,26.752,8.9736,-0.9990,1.6341,108.44,
2,Maze001,26.756,8.9736,-0.9990,1.6341,108.44,
2,Maze001,26.760,8.9736,-0.9990,1.6341,108.44,
2,Maze001,26.765,8.9736,-0.9990,1.6341,108.44,
2,Maze001,26.769,8.9736,-0.9990,1.6341,108.44,
2,Maze001,26.773,8.9736,-0.9990,1.6341,108.44,
2,Maze001,26.778,8.9736,-0.9990,1.6341,108.44,
2,Maze001,26.782,8.9736,-0.9990,1.6341,108.44,
2,Maze001,26.786,8.9736,-0.9990,1.6341,108.44,
2,Maze001,26.790,8.9736,-0.9990,1.6341,108.44,
2,Maze001,26.795,8.9736,-0.9990,1.6341,108.44,
2,Maze001,26.798,8.9736,-0.9990,1.6341,108.44,
2,Maze001,26.803,8.9736,-0.9990,1.6341,108.44,
2,Maze001,26.807,8.9736,-0.9990,1.6341,108.44,
2,Maze001,26.811,8.9736,-0.9990,1.6341,108.44,
2,Maze001,26.815,8.9736,-0.9990,1.6341,108.44,
2,Maze001,26.819,8.9736,-0.9990,1.6341,108.44,
2,Maze001,26.824,8.9736,-0.9990,1.6341,108.44,
2,Maze001,26.829,8.9736,-0.9990,1.6341,108.44,
2,Maze001,26.832,8.9736,-0.9990,1.6341,108.44,
2,Maze001,26.836,8.9736,-0.9990,1.6341,108.44,
2,Maze001,26.840,8.9736,-0.9990,1.6341,108.44,
2,Maze001,26.844,8.9736,-0.9990,1.6341,108.44,
2,Maze001,26.848,8.9736,-0.9990,1.6341,108.44,
2,Maze001,26.853,8.9736,-0.9990,1.6341,108.44,
2,Maze001,26.857,8.9736,-0.9990,1.6341,108.44,
2,Maze001,26.861,8.9736,-0.9990,1.6341,108.44,
2,Maze001,26.865,8.9736,-0.9990,1.6341,108.44,
2,Maze001,26.869,8.9736,-0.9990,1.6341,108.44,
2,Maze001,26.873,8.9736,-0.9990,1.6341,108.44,
2,Maze001,26.877,8.9736,-0.9990,1.6341,108.44,
2,Maze001,26.881,8.9736,-0.9990,1.6341,108.44,
2,Maze001,26.886,8.9736,-0.9990,1.6341,108.44,
2,Maze001,26.890,8.9736,-0.9990,1.6341,108.44,
2,Maze001,26.894,8.9736,-0.9990,1.6341,108.44,
2,Maze001,26.898,8.9736,-0.9990,1.6341,108.44,
2,Maze001,26.902,8.9736,-0.9990,1.6341,108.44,
2,Maze001,26.906,8.9736,-0.9990,1.6341,108.44,
2,Maze001,26.911,8.9736,-0.9990,1.6341,108.44,
2,Maze001,26.915,8.9736,-0.9990,1.6341,108.44,
2,Maze001,26.919,8.9736,-0.9990,1.6341,108.44,
2,Maze001,26.923,8.9736,-0.9990,1.6341,108.44,
2,Maze001,26.927,8.9736,-0.9990,1.6341,108.44,
2,Maze001,26.932,8.9736,-0.9990,1.6341,108.44,
2,Maze001,26.936,8.9736,-0.9990,1.6341,108.44,
2,Maze001,26.940,8.9736,-0.9990,1.6341,108.44,
2,Maze001,26.944,8.9736,-0.9990,1.6341,108.44,
2,Maze001,26.948,8.9736,-0.9990,1.6341,108.44,
2,Maze001,26.952,8.9736,-0.9990,1.6341,108.44,
2,Maze001,26.956,8.9736,-0.9990,1.6341,108.44,
2,Maze001,26.961,8.9736,-0.9990,1.6341,108.44,
2,Maze001,26.965,8.9736,-0.9990,1.6341,108.44,
2,Maze001,26.969,8.9736,-0.9990,1.6341,108.44,
2,Maze001,26.973,8.9736,-0.9990,1.6341,108.44,
2,Maze001,26.978,8.9736,-0.9990,1.6341,108.44,
2,Maze001,26.982,8.9736,-0.9990,1.6341,108.44,
2,Maze001,26.986,8.9736,-0.9990,1.6341,108.44,
2,Maze001,26.990,8.9736,-0.9990,1.6341,108.44,
2,Maze001,26.994,8.9736,-0.9990,1.6341,108.44,
2,Maze001,26.999,8.9736,-0.9990,1.6341,108.44,
2,Maze001,27.002,8.9736,-0.9990,1.6341,108.44,
2,Maze001,27.007,8.9736,-0.9990,1.6341,108.44,
2,Maze001,27.011,8.9736,-0.9990,1.6341,108.44,
2,Maze001,27.015,8.9736,-0.9990,1.6341,108.44,
2,Maze001,27.019,8.9736,-0.9990,1.6341,108.44,
2,Maze001,27.024,8.9736,-0.9990,1.6341,108.44,
2,Maze001,27.028,8.9736,-0.9990,1.6341,108.44,
2,Maze001,27.032,8.9736,-0.9990,1.6341,108.44,
2,Maze001,27.036,8.9736,-0.9990,1.6341,108.44,
2,Maze001,27.040,8.9736,-0.9990,1.6341,108.44,
2,Maze001,27.044,8.9736,-0.9990,1.6341,108.44,
2,Maze001,27.048,8.9736,-0.9990,1.6341,108.44,
2,Maze001,27.053,8.9736,-0.9990,1.6341,108.44,
2,Maze001,27.057,8.9736,-0.9990,1.6341,108.44,
2,Maze001,27.061,8.9736,-0.9990,1.6341,108.44,
2,Maze001,27.065,8.9736,-0.9990,1.6341,108.44,
2,Maze001,27.069,8.9736,-0.9990,1.6341,108.44,
2,Maze001,27.073,8.9736,-0.9990,1.6341,108.44,
2,Maze001,27.077,8.9736,-0.9990,1.6341,108.44,
2,Maze001,27.081,8.9736,-0.9990,1.6341,108.44,
2,Maze001,27.086,8.9736,-0.9990,1.6341,108.44,
2,Maze001,27.090,8.9736,-0.9990,1.6341,108.44,
2,Maze001,27.094,8.9736,-0.9990,1.6341,108.44,
2,Maze001,27.098,8.9736,-0.9990,1.6341,108.44,
2,Maze001,27.102,8.9736,-0.9990,1.6341,108.44,
2,Maze001,27.106,8.9736,-0.9990,1.6341,108.44,
2,Maze001,27.111,8.9736,-0.9990,1.6341,108.44,
2,Maze001,27.115,8.9736,-0.9990,1.6341,108.44,
2,Maze001,27.119,8.9736,-0.9990,1.6341,108.44,
2,Maze001,27.123,8.9736,-0.9990,1.6341,108.44,
2,Maze001,27.127,8.9736,-0.9990,1.6341,108.44,
2,Maze001,27.131,8.9736,-0.9990,1.6341,108.44,
2,Maze001,27.135,8.9736,-0.9990,1.6341,108.44,
2,Maze001,27.140,8.9736,-0.9990,1.6341,108.44,
2,Maze001,27.144,8.9736,-0.9990,1.6341,108.44,
2,Maze001,27.148,8.9736,-0.9990,1.6341,108.44,
2,Maze001,27.152,8.9736,-0.9990,1.6341,108.44,
2,Maze001,27.156,8.9736,-0.9990,1.6341,108.44,
2,Maze001,27.161,8.9736,-0.9990,1.6341,108.44,
2,Maze001,27.165,8.9736,-0.9990,1.6341,108.44,
2,Maze001,27.169,8.9736,-0.9990,1.6341,108.44,
2,Maze001,27.173,8.9736,-0.9990,1.6341,108.44,
2,Maze001,27.177,8.9736,-0.9990,1.6341,108.44,
2,Maze001,27.181,8.9736,-0.9990,1.6341,108.44,
2,Maze001,27.185,8.9736,-0.9990,1.6341,108.44,
2,Maze001,27.190,8.9736,-0.9990,1.6341,108.44,
2,Maze001,27.194,8.9736,-0.9990,1.6341,108.44,
2,Maze001,27.198,8.9736,-0.9990,1.6341,108.44,
2,Maze001,27.202,8.9736,-0.9990,1.6341,108.44,
2,Maze001,27.206,8.9736,-0.9990,1.6341,108.44,
2,Maze001,27.210,8.9736,-0.9990,1.6341,108.44,
2,Maze001,27.215,8.9736,-0.9990,1.6341,108.44,
2,Maze001,27.219,8.9736,-0.9990,1.6341,108.44,
2,Maze001,27.223,8.9736,-0.9990,1.6341,108.44,
2,Maze001,27.227,8.9736,-0.9990,1.6341,108.44,
2,Maze001,27.231,8.9736,-0.9990,1.6341,108.44,
2,Maze001,27.236,8.9736,-0.9990,1.6341,108.44,
2,Maze001,27.240,8.9736,-0.9990,1.6341,108.44,
2,Maze001,27.244,8.9736,-0.9990,1.6341,108.44,
2,Maze001,27.248,8.9736,-0.9990,1.6341,108.44,
2,Maze001,27.252,8.9736,-0.9990,1.6341,108.44,
2,Maze001,27.257,8.9736,-0.9990,1.6341,108.44,
2,Maze001,27.261,8.9736,-0.9990,1.6341,108.44,
2,Maze001,27.265,8.9736,-0.9990,1.6341,108.44,
2,Maze001,27.269,8.9736,-0.9990,1.6341,108.44,
2,Maze001,27.273,8.9736,-0.9990,1.6341,108.44,
2,Maze001,27.277,8.9736,-0.9990,1.6341,108.44,
2,Maze001,27.282,8.9736,-0.9990,1.6341,108.44,
2,Maze001,27.285,8.9736,-0.9990,1.6341,108.44,
2,Maze001,27.290,8.9736,-0.9990,1.6341,108.44,
2,Maze001,27.294,8.9736,-0.9990,1.6341,108.44,
2,Maze001,27.298,8.9736,-0.9990,1.6341,108.44,
2,Maze001,27.303,8.9736,-0.9990,1.6341,108.44,
2,Maze001,27.306,8.9736,-0.9990,1.6341,108.44,
2,Maze001,27.311,8.9736,-0.9990,1.6341,108.44,
2,Maze001,27.315,8.9736,-0.9990,1.6341,108.44,
2,Maze001,27.319,8.9736,-0.9990,1.6341,108.44,
2,Maze001,27.323,8.9736,-0.9990,1.6341,108.44,
2,Maze001,27.327,8.9736,-0.9990,1.6341,108.44,
2,Maze001,27.331,8.9736,-0.9990,1.6341,108.44,
2,Maze001,27.335,8.9736,-0.9990,1.6341,108.44,
2,Maze001,27.340,8.9736,-0.9990,1.6341,108.44,
2,Maze001,27.344,8.9736,-0.9990,1.6341,108.44,
2,Maze001,27.348,8.9736,-0.9990,1.6341,108.44,
2,Maze001,27.352,8.9736,-0.9990,1.6341,108.44,
2,Maze001,27.356,8.9736,-0.9990,1.6341,108.44,
2,Maze001,27.361,8.9736,-0.9990,1.6341,108.44,
2,Maze001,27.365,8.9736,-0.9990,1.6341,108.44,
2,Maze001,27.369,8.9736,-0.9990,1.6341,108.44,
2,Maze001,27.373,8.9736,-0.9990,1.6341,108.44,
2,Maze001,27.377,8.9736,-0.9990,1.6341,108.44,
2,Maze001,27.382,8.9736,-0.9990,1.6341,108.44,
2,Maze001,27.386,8.9736,-0.9990,1.6341,108.44,
2,Maze001,27.390,8.9736,-0.9990,1.6341,108.44,
2,Maze001,27.394,8.9736,-0.9990,1.6341,108.44,
2,Maze001,27.398,8.9736,-0.9990,1.6341,108.44,
2,Maze001,27.402,8.9736,-0.9990,1.6341,108.44,
2,Maze001,27.406,8.9736,-0.9990,1.6341,108.44,
2,Maze001,27.411,8.9736,-0.9990,1.6341,108.44,
2,Maze001,27.415,8.9736,-0.9990,1.6341,108.44,
2,Maze001,27.419,8.9736,-0.9990,1.6341,108.44,
2,Maze001,27.423,8.9736,-0.9990,1.6341,108.44,
2,Maze001,27.427,8.9736,-0.9990,1.6341,108.44,
2,Maze001,27.431,8.9736,-0.9990,1.6341,108.44,
2,Maze001,27.436,8.9736,-0.9990,1.6341,108.44,
2,Maze001,27.440,8.9736,-0.9990,1.6341,108.44,
2,Maze001,27.444,8.9736,-0.9990,1.6341,108.44,
2,Maze001,27.448,8.9736,-0.9990,1.6341,108.44,
2,Maze001,27.452,8.9736,-0.9990,1.6341,108.44,
2,Maze001,27.456,8.9736,-0.9990,1.6341,108.44,
2,Maze001,27.460,8.9736,-0.9990,1.6341,108.44,
2,Maze001,27.465,8.9736,-0.9990,1.6341,108.44,
2,Maze001,27.469,8.9736,-0.9990,1.6341,108.44,
2,Maze001,27.473,8.9736,-0.9990,1.6341,108.44,
2,Maze001,27.477,8.9736,-0.9990,1.6341,108.44,
2,Maze001,27.481,8.9736,-0.9990,1.6341,108.44,
2,Maze001,27.486,8.9736,-0.9990,1.6341,108.44,
2,Maze001,27.490,8.9736,-0.9990,1.6341,108.44,
2,Maze001,27.494,8.9736,-0.9990,1.6341,108.44,
2,Maze001,27.498,8.9736,-0.9990,1.6341,108.44,
2,Maze001,27.502,8.9736,-0.9990,1.6341,108.44,
2,Maze001,27.506,8.9736,-0.9990,1.6341,108.44,
2,Maze001,27.511,8.9736,-0.9990,1.6341,108.44,
2,Maze001,27.515,8.9736,-0.9990,1.6341,108.44,
2,Maze001,27.519,8.9736,-0.9990,1.6341,108.44,
2,Maze001,27.523,8.9736,-0.9990,1.6341,108.44,
2,Maze001,27.527,8.9736,-0.9990,1.6341,108.44,
2,Maze001,27.531,8.9736,-0.9990,1.6341,108.44,
2,Maze001,27.536,8.9736,-0.9990,1.6341,108.44,
2,Maze001,27.540,8.9736,-0.9990,1.6341,108.44,
2,Maze001,27.544,8.9736,-0.9990,1.6341,108.44,
2,Maze001,27.548,8.9736,-0.9990,1.6341,108.44,
2,Maze001,27.552,8.9736,-0.9990,1.6341,108.44,
2,Maze001,27.556,8.9736,-0.9990,1.6341,108.44,
2,Maze001,27.561,8.9736,-0.9990,1.6341,108.44,
2,Maze001,27.565,8.9736,-0.9990,1.6341,108.44,
2,Maze001,27.569,8.9736,-0.9990,1.6341,108.44,
2,Maze001,27.573,8.9736,-0.9990,1.6341,108.44,
2,Maze001,27.577,8.9736,-0.9990,1.6341,108.44,
2,Maze001,27.581,8.9736,-0.9990,1.6341,108.44,
2,Maze001,27.585,8.9736,-0.9990,1.6341,108.44,
2,Maze001,27.590,8.9736,-0.9990,1.6341,108.44,
2,Maze001,27.594,8.9736,-0.9990,1.6341,108.44,
2,Maze001,27.598,8.9736,-0.9990,1.6341,108.44,
2,Maze001,27.602,8.9736,-0.9990,1.6341,108.44,
2,Maze001,27.606,8.9736,-0.9990,1.6341,108.44,
2,Maze001,27.611,8.9736,-0.9990,1.6341,108.44,
2,Maze001,27.615,8.9736,-0.9990,1.6341,108.44,
2,Maze001,27.619,8.9736,-0.9990,1.6341,108.44,
2,Maze001,27.623,8.9736,-0.9990,1.6341,108.44,
2,Maze001,27.627,8.9736,-0.9990,1.6341,108.44,
2,Maze001,27.631,8.9736,-0.9990,1.6341,108.44,
2,Maze001,27.636,8.9736,-0.9990,1.6341,108.44,
2,Maze001,27.640,8.9736,-0.9990,1.6341,108.44,
2,Maze001,27.644,8.9736,-0.9990,1.6341,108.44,
2,Maze001,27.648,8.9736,-0.9990,1.6341,108.44,
2,Maze001,27.652,8.9736,-0.9990,1.6341,108.44,
2,Maze001,27.656,8.9736,-0.9990,1.6341,108.44,
2,Maze001,27.661,8.9736,-0.9990,1.6341,108.44,
2,Maze001,27.665,8.9736,-0.9990,1.6341,108.44,
2,Maze001,27.669,8.9736,-0.9990,1.6341,108.44,
2,Maze001,27.673,8.9736,-0.9990,1.6341,108.44,
2,Maze001,27.677,8.9736,-0.9990,1.6341,108.44,
2,Maze001,27.682,8.9736,-0.9990,1.6341,108.44,
2,Maze001,27.686,8.9736,-0.9990,1.6341,108.44,
2,Maze001,27.690,8.9736,-0.9990,1.6341,108.44,
2,Maze001,27.694,8.9736,-0.9990,1.6341,108.44,
2,Maze001,27.698,8.9736,-0.9990,1.6341,108.44,
2,Maze001,27.702,8.9736,-0.9990,1.6341,108.44,
2,Maze001,27.707,8.9736,-0.9990,1.6341,108.44,
2,Maze001,27.710,8.9736,-0.9990,1.6341,108.44,
2,Maze001,27.715,8.9736,-0.9990,1.6341,108.44,
2,Maze001,27.719,8.9736,-0.9990,1.6341,108.44,
2,Maze001,27.723,8.9736,-0.9990,1.6341,108.44,
2,Maze001,27.727,8.9736,-0.9990,1.6341,108.44,
2,Maze001,27.731,8.9736,-0.9990,1.6341,108.44,
2,Maze001,27.735,8.9736,-0.9990,1.6341,108.44,
2,Maze001,27.740,8.9736,-0.9990,1.6341,108.44,
2,Maze001,27.744,8.9736,-0.9990,1.6341,108.44,
2,Maze001,27.748,8.9736,-0.9990,1.6341,108.44,
2,Maze001,27.752,8.9736,-0.9990,1.6341,108.44,
2,Maze001,27.756,8.9736,-0.9990,1.6341,108.44,
2,Maze001,27.760,8.9736,-0.9990,1.6341,108.44,
2,Maze001,27.765,8.9736,-0.9990,1.6341,108.44,
2,Maze001,27.769,8.9736,-0.9990,1.6341,108.44,
2,Maze001,27.773,8.9736,-0.9990,1.6341,108.44,
2,Maze001,27.777,8.9736,-0.9990,1.6341,108.44,
2,Maze001,27.782,8.9736,-0.9990,1.6341,108.44,
2,Maze001,27.786,8.9736,-0.9990,1.6341,108.44,
2,Maze001,27.790,8.9736,-0.9990,1.6341,108.44,
2,Maze001,27.794,8.9736,-0.9990,1.6341,108.44,
2,Maze001,27.798,8.9736,-0.9990,1.6341,108.44,
2,Maze001,27.802,8.9736,-0.9990,1.6341,108.44,
2,Maze001,27.806,8.9736,-0.9990,1.6341,108.44,
2,Maze001,27.811,8.9736,-0.9990,1.6341,108.44,
2,Maze001,27.815,8.9736,-0.9990,1.6341,108.44,
2,Maze001,27.819,8.9736,-0.9990,1.6341,108.44,
2,Maze001,27.823,8.9736,-0.9990,1.6341,108.44,
2,Maze001,27.827,8.9736,-0.9990,1.6341,108.44,
2,Maze001,27.831,8.9736,-0.9990,1.6341,108.44,
2,Maze001,27.836,8.9736,-0.9990,1.6341,108.44,
2,Maze001,27.840,8.9736,-0.9990,1.6341,108.44,
2,Maze001,27.844,8.9736,-0.9990,1.6341,108.44,
2,Maze001,27.848,8.9736,-0.9990,1.6341,108.44,
2,Maze001,27.852,8.9736,-0.9990,1.6341,108.44,
2,Maze001,27.857,8.9736,-0.9990,1.6341,108.44,
2,Maze001,27.861,8.9736,-0.9990,1.6341,108.44,
2,Maze001,27.865,8.9736,-0.9990,1.6341,108.44,
2,Maze001,27.869,8.9736,-0.9990,1.6341,108.44,
2,Maze001,27.873,8.9736,-0.9990,1.6341,108.44,
2,Maze001,27.877,8.9736,-0.9990,1.6341,108.44,
2,Maze001,27.881,8.9736,-0.9990,1.6341,108.44,
2,Maze001,27.886,8.9736,-0.9990,1.6341,108.44,
2,Maze001,27.891,8.9736,-0.9990,1.6341,108.44,
2,Maze001,27.898,8.9736,-0.9990,1.6341,108.44,
2,Maze001,27.903,8.9736,-0.9990,1.6341,108.44,
2,Maze001,27.907,8.9736,-0.9990,1.6341,108.44,
2,Maze001,27.911,8.9736,-0.9990,1.6341,108.44,
2,Maze001,27.915,8.9736,-0.9990,1.6341,108.44,
2,Maze001,27.919,8.9736,-0.9990,1.6341,108.44,
2,Maze001,27.923,8.9736,-0.9990,1.6341,108.44,
2,Maze001,27.927,8.9736,-0.9990,1.6341,108.44,
2,Maze001,27.931,8.9736,-0.9990,1.6341,108.44,
2,Maze001,27.936,8.9736,-0.9990,1.6341,108.44,
2,Maze001,27.940,8.9736,-0.9990,1.6341,108.44,
2,Maze001,27.944,8.9736,-0.9990,1.6341,108.44,
2,Maze001,27.949,8.9736,-0.9990,1.6341,108.44,
2,Maze001,27.952,8.9736,-0.9990,1.6341,108.44,
2,Maze001,27.956,8.9736,-0.9990,1.6341,108.44,
2,Maze001,27.960,8.9736,-0.9990,1.6341,108.44,
2,Maze001,27.965,8.9736,-0.9990,1.6341,108.44,
2,Maze001,27.969,8.9736,-0.9990,1.6341,108.44,
2,Maze001,27.973,8.9736,-0.9990,1.6341,108.44,
2,Maze001,27.977,8.9736,-0.9990,1.6341,108.44,
2,Maze001,27.981,8.9736,-0.9990,1.6341,108.44,
2,Maze001,27.985,8.9736,-0.9990,1.6341,108.44,
2,Maze001,27.990,8.9736,-0.9990,1.6341,108.44,
2,Maze001,27.994,8.9736,-0.9990,1.6341,108.44,
2,Maze001,27.998,8.9736,-0.9990,1.6341,108.44,
2,Maze001,28.002,8.9736,-0.9990,1.6341,108.44,
2,Maze001,28.007,8.9736,-0.9990,1.6341,108.44,
2,Maze001,28.011,8.9736,-0.9990,1.6341,108.44,
2,Maze001,28.015,8.9736,-0.9990,1.6341,108.44,
2,Maze001,28.019,8.9736,-0.9990,1.6341,108.44,
2,Maze001,28.023,8.9736,-0.9990,1.6341,108.44,
2,Maze001,28.027,8.9736,-0.9990,1.6341,108.44,
2,Maze001,28.031,8.9736,-0.9990,1.6341,108.44,
2,Maze001,28.036,8.9736,-0.9990,1.6341,108.44,
2,Maze001,28.040,8.9736,-0.9990,1.6341,108.44,
2,Maze001,28.044,8.9736,-0.9990,1.6341,108.44,
2,Maze001,28.048,8.9736,-0.9990,1.6341,108.44,
2,Maze001,28.052,8.9736,-0.9990,1.6341,108.44,
2,Maze001,28.056,8.9736,-0.9990,1.6341,108.44,
2,Maze001,28.061,8.9736,-0.9990,1.6341,108.44,
2,Maze001,28.065,8.9736,-0.9990,1.6341,108.44,
2,Maze001,28.069,8.9736,-0.9990,1.6341,108.44,
2,Maze001,28.073,8.9736,-0.9990,1.6341,108.44,
2,Maze001,28.077,8.9736,-0.9990,1.6341,108.44,
2,Maze001,28.081,8.9736,-0.9990,1.6341,108.44,
2,Maze001,28.086,8.9736,-0.9990,1.6341,108.44,
2,Maze001,28.090,8.9736,-0.9990,1.6341,108.44,
2,Maze001,28.094,8.9736,-0.9990,1.6341,108.44,
2,Maze001,28.098,8.9736,-0.9990,1.6341,108.44,
2,Maze001,28.102,8.9736,-0.9990,1.6341,108.44,
2,Maze001,28.106,8.9736,-0.9990,1.6341,108.44,
2,Maze001,28.111,8.9736,-0.9990,1.6341,108.44,
2,Maze001,28.115,8.9736,-0.9990,1.6341,108.44,
2,Maze001,28.119,8.9736,-0.9990,1.6341,108.44,
2,Maze001,28.123,8.9736,-0.9990,1.6341,108.44,
2,Maze001,28.127,8.9736,-0.9990,1.6341,108.44,
2,Maze001,28.131,8.9736,-0.9990,1.6341,108.44,
2,Maze001,28.136,8.9736,-0.9990,1.6341,108.44,
2,Maze001,28.140,8.9736,-0.9990,1.6341,108.44,
2,Maze001,28.144,8.9736,-0.9990,1.6341,108.44,
2,Maze001,28.148,8.9736,-0.9990,1.6341,108.44,
2,Maze001,28.152,8.9736,-0.9990,1.6341,108.44,
2,Maze001,28.156,8.9736,-0.9990,1.6341,108.44,
2,Maze001,28.160,8.9736,-0.9990,1.6341,108.44,
2,Maze001,28.165,8.9736,-0.9990,1.6341,108.44,
2,Maze001,28.169,8.9736,-0.9990,1.6341,108.44,
2,Maze001,28.173,8.9736,-0.9990,1.6341,108.44,
2,Maze001,28.177,8.9736,-0.9990,1.6341,108.44,
2,Maze001,28.181,8.9736,-0.9990,1.6341,108.44,
2,Maze001,28.185,8.9736,-0.9990,1.6341,108.44,
2,Maze001,28.190,8.9736,-0.9990,1.6341,108.44,
2,Maze001,28.194,8.9736,-0.9990,1.6341,108.44,
2,Maze001,28.198,8.9736,-0.9990,1.6341,108.44,
2,Maze001,28.202,8.9736,-0.9990,1.6341,108.44,
2,Maze001,28.206,8.9736,-0.9990,1.6341,108.44,
2,Maze001,28.212,8.9736,-0.9990,1.6341,108.44,
2,Maze001,28.215,8.9736,-0.9990,1.6341,108.44,
2,Maze001,28.219,8.9736,-0.9990,1.6341,108.44,
2,Maze001,28.223,8.9736,-0.9990,1.6341,108.44,
2,Maze001,28.228,8.9736,-0.9990,1.6341,108.44,
2,Maze001,28.232,8.9736,-0.9990,1.6341,108.44,
2,Maze001,28.236,8.9736,-0.9990,1.6341,108.44,
2,Maze001,28.240,8.9736,-0.9990,1.6341,108.44,
2,Maze001,28.244,8.9736,-0.9990,1.6341,108.44,
2,Maze001,28.248,8.9736,-0.9990,1.6341,108.44,
2,Maze001,28.252,8.9736,-0.9990,1.6341,108.44,
2,Maze001,28.256,8.9736,-0.9990,1.6341,108.44,
2,Maze001,28.261,8.9736,-0.9990,1.6341,108.44,
2,Maze001,28.265,8.9736,-0.9990,1.6341,108.44,
2,Maze001,28.269,8.9736,-0.9990,1.6341,108.44,
2,Maze001,28.273,8.9736,-0.9990,1.6341,108.44,
2,Maze001,28.277,8.9736,-0.9990,1.6341,108.44,
2,Maze001,28.281,8.9736,-0.9990,1.6341,108.44,
2,Maze001,28.286,8.9736,-0.9990,1.6341,108.44,
2,Maze001,28.290,8.9736,-0.9990,1.6341,108.44,
2,Maze001,28.294,8.9736,-0.9990,1.6341,108.44,
2,Maze001,28.299,8.9736,-0.9990,1.6341,108.44,
