trial,maze,time_s,x,y,z,angle,event
1,Maze001,0.204,3.2500,-0.9990,3.2500,45.00,
1,Maze001,0.208,3.2500,-0.9990,3.2500,45.00,
1,Maze001,0.223,3.2500,-0.9990,3.2500,45.00,
1,Maze001,0.231,3.2500,-0.9990,3.2500,18.33,
1,Maze001,0.235,3.2500,-0.9990,3.2500,18.33,
1,Maze001,0.240,3.2500,-0.9990,3.2500,18.33,
1,Maze001,0.248,3.2500,-0.9990,3.2500,18.33,
1,Maze001,0.252,3.2500,-0.9990,3.2500,18.33,
1,Maze001,0.256,3.2500,-0.9990,3.2500,18.33,
1,Maze001,0.260,3.2500,-0.9990,3.2500,18.33,
1,Maze001,0.265,3.2500,-0.9990,3.2500,18.33,
1,Maze001,0.268,3.2500,-0.9990,3.2500,18.33,
1,Maze001,0.272,3.2500,-0.9990,3.2500,18.33,
1,Maze001,0.276,3.2500,-0.9990,3.2500,18.33,
1,Maze001,0.280,3.2500,-0.9990,3.2500,18.33,
1,Maze001,0.284,3.2500,-0.9990,3.2500,18.33,
1,Maze001,0.289,3.2500,-0.9990,3.2500,18.33,
1,Maze001,0.293,3.2500,-0.9990,3.2500,18.33,
1,Maze001,0.297,3.2500,-0.9990,3.2500,18.33,
1,Maze001,0.301,3.2500,-0.9990,3.2500,18.33,
1,Maze001,0.305,3.2500,-0.9990,3.2500,18.33,
1,Maze001,0.309,3.2500,-0.9990,3.2500,18.33,
1,Maze001,0.313,3.2500,-0.9990,3.2500,18.33,
1,Maze001,0.318,3.2500,-0.9990,3.2500,18.33,
1,Maze001,0.322,3.2500,-0.9990,3.2500,18.33,
1,Maze001,0.326,3.2500,-0.9990,3.2500,18.33,
1,Maze001,0.330,3.2500,-0.9990,3.2500,18.33,
1,Maze001,0.335,3.2500,-0.9990,3.2500,18.33,
1,Maze001,0.339,3.2500,-0.9990,3.2500,18.33,
1,Maze001,0.343,3.2500,-0.9990,3.2500,18.33,
1,Maze001,0.347,3.2500,-0.9990,3.2500,18.33,
1,Maze001,0.351,3.2500,-0.9990,3.2500,18.33,
1,Maze001,0.363,3.2500,-0.9990,3.2500,18.33,
1,Maze001,0.368,3.2500,-0.9990,3.2500,18.33,
1,Maze001,0.373,3.2500,-0.9990,3.2500,18.33,
1,Maze001,0.376,3.2500,-0.9990,3.2500,18.33,
1,Maze001,0.381,3.2500,-0.9990,3.2500,18.33,
1,Maze001,0.384,3.2500,-0.9990,3.2500,18.33,
1,Maze001,0.389,3.2500,-0.9990,3.2500,18.33,
1,Maze001,0.393,3.2500,-0.9990,3.2500,18.33,
1,Maze001,0.397,3.2500,-0.9990,3.2500,18.33,
1,Maze001,0.401,3.2500,-0.9990,3.2500,18.33,
1,Maze001,0.405,3.2500,-0.9990,3.2500,18.33,
1,Maze001,0.410,3.2500,-0.9990,3.2500,18.33,
1,Maze001,0.414,3.2500,-0.9990,3.2500,18.33,
1,Maze001,0.418,3.2500,-0.9990,3.2500,18.33,
1,Maze001,0.422,3.2500,-0.9990,3.2500,18.33,
1,Maze001,0.426,3.2500,-0.9990,3.2500,18.33,
1,Maze001,0.430,3.2500,-0.9990,3.2500,18.33,
1,Maze001,0.434,3.2500,-0.9990,3.2500,18.33,
1,Maze001,0.438,3.2500,-0.9990,3.2500,18.33,
1,Maze001,0.443,3.2500,-0.9990,3.2500,18.33,
1,Maze001,0.447,3.2500,-0.9990,3.2500,18.33,
1,Maze001,0.451,3.2500,-0.9990,3.2500,18.33,
1,Maze001,0.455,3.2500,-0.9990,3.2500,18.33,
1,Maze001,0.459,3.2500,-0.9990,3.2500,18.33,
1,Maze001,0.464,3.2500,-0.9990,3.2500,18.33,
1,Maze001,0.468,3.2500,-0.9990,3.2500,18.33,
1,Maze001,0.472,3.2500,-0.9990,3.2500,18.33,
1,Maze001,0.476,3.2500,-0.9990,3.2500,18.33,
1,Maze001,0.480,3.2500,-0.9990,3.2500,18.33,
1,Maze001,0.492,3.2500,-0.9990,3.2500,18.33,
1,Maze001,0.495,3.2500,-0.9990,3.2500,18.33,
1,Maze001,0.501,3.2500,-0.9990,3.2500,18.33,
1,Maze001,0.505,3.2500,-0.9990,3.2500,18.33,
1,Maze001,0.509,3.2500,-0.9990,3.2500,18.33,
1,Maze001,0.513,3.2500,-0.9990,3.2500,18.33,
1,Maze001,0.518,3.2500,-0.9990,3.2500,18.33,
1,Maze001,0.522,3.2500,-0.9990,3.2500,18.33,
1,Maze001,0.526,3.2500,-0.9990,3.2500,18.33,
1,Maze001,0.531,3.2500,-0.9990,3.2500,18.33,
1,Maze001,0.534,3.2500,-0.9990,3.2500,18.33,
1,Maze001,0.539,3.2500,-0.9990,3.2500,18.33,
1,Maze001,0.542,3.2500,-0.9990,3.2500,18.33,
1,Maze001,0.546,3.2500,-0.9990,3.2500,18.33,
1,Maze001,0.551,3.2500,-0.9990,3.2500,18.33,
1,Maze001,0.555,3.2500,-0.9990,3.2500,18.33,
1,Maze001,0.559,3.2500,-0.9990,3.2500,18.33,
1,Maze001,0.563,3.2500,-0.9990,3.2500,18.33,
1,Maze001,0.567,3.2500,-0.9990,3.2500,18.33,
1,Maze001,0.572,3.2500,-0.9990,3.2500,18.33,
1,Maze001,0.576,3.2500,-0.9990,3.2500,18.33,
1,Maze001,0.580,3.2500,-0.9990,3.2500,18.33,
1,Maze001,0.584,3.2500,-0.9990,3.2500,18.33,
1,Maze001,0.588,3.2500,-0.9990,3.2500,18.33,
1,Maze001,0.592,3.2500,-0.9990,3.2500,18.33,
1,Maze001,0.596,3.2500,-0.9990,3.2500,18.33,
1,Maze001,0.601,3.2500,-0.9990,3.2500,18.33,
1,Maze001,0.605,3.2500,-0.9990,3.2500,18.33,
1,Maze001,0.609,3.2500,-0.9990,3.2500,18.33,
1,Maze001,0.613,3.2500,-0.9990,3.2500,18.33,
1,Maze001,0.617,3.2500,-0.9990,3.2500,18.33,
1,Maze001,0.622,3.2500,-0.9990,3.2500,18.33,
1,Maze001,0.626,3.2500,-0.9990,3.2500,18.33,
1,Maze001,0.630,3.2500,-0.9990,3.2500,18.33,
1,Maze001,0.634,3.2500,-0.9990,3.2500,18.33,
1,Maze001,0.638,3.2500,-0.9990,3.2500,18.33,
1,Maze001,0.642,3.2500,-0.9990,3.2500,18.33,
1,Maze001,0.647,3.2500,-0.9990,3.2500,18.33,
1,Maze001,0.651,3.2500,-0.9990,3.2500,18.33,
1,Maze001,0.655,3.2500,-0.9990,3.2500,18.33,
1,Maze001,0.660,3.2500,-0.9990,3.2500,18.33,
1,Maze001,0.664,3.2500,-0.9990,3.2500,18.33,
1,Maze001,0.668,3.2500,-0.9990,3.2500,18.33,
1,Maze001,0.672,3.2500,-0.9990,3.2500,18.33,
1,Maze001,0.676,3.2500,-0.9990,3.2500,18.33,
1,Maze001,0.680,3.2500,-0.9990,3.2500,18.33,
1,Maze001,0.684,3.2500,-0.9990,3.2500,18.33,
1,Maze001,0.689,3.2500,-0.9990,3.2500,18.33,
1,Maze001,0.693,3.2500,-0.9990,3.2500,18.33,
1,Maze001,0.697,3.2500,-0.9990,3.2500,18.33,
1,Maze001,0.701,3.2500,-0.9990,3.2500,18.33,
1,Maze001,0.705,3.2500,-0.9990,3.2500,18.33,
1,Maze001,0.709,3.2500,-0.9990,3.2500,18.33,
1,Maze001,0.713,3.2500,-0.9990,3.2500,18.33,
1,Maze001,0.717,3.2500,-0.9990,3.2500,18.33,
1,Maze001,0.722,3.2500,-0.9990,3.2500,18.33,
1,Maze001,0.726,3.2500,-0.9990,3.2500,18.33,
1,Maze001,0.730,3.2500,-0.9990,3.2500,18.33,
1,Maze001,0.734,3.2500,-0.9990,3.2500,18.33,
1,Maze001,0.738,3.2500,-0.9990,3.2500,18.33,
1,Maze001,0.742,3.2500,-0.9990,3.2500,18.33,
1,Maze001,0.747,3.2500,-0.9990,3.2500,18.33,
1,Maze001,0.751,3.2500,-0.9990,3.2500,18.33,
1,Maze001,0.755,3.2500,-0.9990,3.2500,18.33,
1,Maze001,0.759,3.2500,-0.9990,3.2500,18.33,
1,Maze001,0.763,3.2500,-0.9990,3.2500,18.33,
1,Maze001,0.768,3.2500,-0.9990,3.2500,18.33,
1,Maze001,0.771,3.2500,-0.9990,3.2500,18.33,
1,Maze001,0.776,3.2500,-0.9990,3.2500,18.33,
1,Maze001,0.780,3.2500,-0.9990,3.2500,18.33,
1,Maze001,0.784,3.2500,-0.9990,3.2500,18.33,
1,Maze001,0.789,3.2500,-0.9990,3.2500,18.33,
1,Maze001,0.792,3.2500,-0.9990,3.2500,18.33,
1,Maze001,0.796,3.2500,-0.9990,3.2500,18.33,
1,Maze001,0.801,3.2500,-0.9990,3.2500,18.33,
1,Maze001,0.805,3.2500,-0.9990,3.2500,18.33,
1,Maze001,0.809,3.2500,-0.9990,3.2500,18.33,
1,Maze001,0.813,3.2500,-0.9990,3.2500,18.33,
1,Maze001,0.818,3.2500,-0.9990,3.2500,18.33,
1,Maze001,0.822,3.2500,-0.9990,3.2500,18.33,
1,Maze001,0.826,3.2500,-0.9990,3.2500,18.33,
1,Maze001,0.830,3.2500,-0.9990,3.2500,18.33,
1,Maze001,0.834,3.2500,-0.9990,3.2500,18.33,
1,Maze001,0.839,3.2500,-0.9990,3.2500,18.33,
1,Maze001,0.842,3.2500,-0.9990,3.2500,18.33,
1,Maze001,0.847,3.2500,-0.9990,3.2500,18.33,
1,Maze001,0.851,3.2500,-0.9990,3.2500,18.33,
1,Maze001,0.855,3.2500,-0.9990,3.2500,18.33,
1,Maze001,0.859,3.2500,-0.9990,3.2500,18.33,
1,Maze001,0.863,3.2500,-0.9990,3.2500,18.33,
1,Maze001,0.868,3.2500,-0.9990,3.2500,18.33,
1,Maze001,0.872,3.2500,-0.9990,3.2500,18.33,
1,Maze001,0.876,3.2500,-0.9990,3.2500,18.33,
1,Maze001,0.880,3.2500,-0.9990,3.2500,18.33,
1,Maze001,0.884,3.2500,-0.9990,3.2500,18.33,
1,Maze001,0.888,3.2500,-0.9990,3.2500,18.33,
1,Maze001,0.892,3.2500,-0.9990,3.2500,18.33,
1,Maze001,0.897,3.2500,-0.9990,3.2500,18.33,
1,Maze001,0.901,3.2500,-0.9990,3.2500,18.33,
1,Maze001,0.905,3.2500,-0.9990,3.2500,18.33,
1,Maze001,0.909,3.2500,-0.9990,3.2500,18.33,
1,Maze001,0.913,3.2500,-0.9990,3.2500,18.33,
1,Maze001,0.917,3.2500,-0.9990,3.2500,18.33,
1,Maze001,0.922,3.2500,-0.9990,3.2500,18.33,
1,Maze001,0.926,3.2500,-0.9990,3.2500,18.33,
1,Maze001,0.930,3.2500,-0.9990,3.2500,18.33,
1,Maze001,0.934,3.2500,-0.9990,3.2500,18.33,
1,Maze001,0.938,3.2500,-0.9990,3.2500,18.33,
1,Maze001,0.943,3.2500,-0.9990,3.2500,18.33,
1,Maze001,0.947,3.2500,-0.9990,3.2500,18.33,
1,Maze001,0.951,3.2500,-0.9990,3.2500,18.33,
1,Maze001,0.955,3.2500,-0.9990,3.2500,18.33,
1,Maze001,0.959,3.2500,-0.9990,3.2500,18.33,
1,Maze001,0.963,3.2500,-0.9990,3.2500,18.33,
1,Maze001,0.969,3.2500,-0.9990,3.2500,18.33,
1,Maze001,1.175,3.2500,-0.9990,3.2500,18.33,
1,Maze001,1.181,3.2500,-0.9990,3.2500,18.33,
1,Maze001,1.184,3.2500,-0.9990,3.2500,18.33,
1,Maze001,1.188,3.2500,-0.9990,3.2500,18.33,
1,Maze001,1.193,3.2500,-0.9990,3.2500,18.33,
1,Maze001,1.197,3.2500,-0.9990,3.2500,18.33,
1,Maze001,1.202,3.2500,-0.9990,3.2500,18.33,
1,Maze001,1.205,3.2500,-0.9990,3.2500,18.33,
1,Maze001,1.209,3.2500,-0.9990,3.2500,18.33,
1,Maze001,1.213,3.2500,-0.9990,3.2500,18.33,
1,Maze001,1.218,3.2500,-0.9990,3.2500,18.33,
1,Maze001,1.222,3.2500,-0.9990,3.2500,18.33,
1,Maze001,1.226,3.2500,-0.9990,3.2500,18.33,
1,Maze001,1.230,3.2500,-0.9990,3.2500,18.33,
1,Maze001,1.234,3.2500,-0.9990,3.2500,18.33,
1,Maze001,1.238,3.2500,-0.9990,3.2500,18.33,
1,Maze001,1.242,3.2500,-0.9990,3.2500,18.33,
1,Maze001,1.246,3.2500,-0.9990,3.2500,18.33,
1,Maze001,1.251,3.2500,-0.9990,3.2500,18.33,
1,Maze001,1.255,3.2500,-0.9990,3.2500,18.33,
1,Maze001,1.260,3.2500,-0.9990,3.2500,18.33,
1,Maze001,1.264,3.2500,-0.9990,3.2500,18.33,
1,Maze001,1.267,3.2500,-0.9990,3.2500,18.33,
1,Maze001,1.272,3.2500,-0.9990,3.2500,18.33,
1,Maze001,1.276,3.2500,-0.9990,3.2500,18.33,
1,Maze001,1.280,3.2500,-0.9990,3.2500,18.33,
1,Maze001,1.284,3.2500,-0.9990,3.2500,18.33,
1,Maze001,1.288,3.2500,-0.9990,3.2500,18.33,
1,Maze001,1.292,3.2500,-0.9990,3.2500,18.33,
1,Maze001,1.297,3.2500,-0.9990,3.2500,18.33,
1,Maze001,1.301,3.2500,-0.9990,3.2500,18.33,
1,Maze001,1.305,3.2500,-0.9990,3.2500,18.33,
1,Maze001,1.309,3.2500,-0.9990,3.2500,18.33,
1,Maze001,1.314,3.2500,-0.9990,3.2500,18.33,
1,Maze001,1.317,3.2500,-0.9990,3.2500,18.33,
1,Maze001,1.322,3.2500,-0.9990,3.2500,18.33,
1,Maze001,1.326,3.2500,-0.9990,3.2500,18.33,
1,Maze001,1.330,3.2500,-0.9990,3.2500,18.33,
1,Maze001,1.334,3.2500,-0.9990,3.2500,18.33,
1,Maze001,1.338,3.2500,-0.9990,3.2500,18.33,
1,Maze001,1.343,3.2500,-0.9990,3.2500,18.33,
1,Maze001,1.346,3.2500,-0.9990,3.2500,18.33,
1,Maze001,1.351,3.2500,-0.9990,3.2500,18.33,
1,Maze001,1.355,3.2500,-0.9990,3.2500,18.33,
1,Maze001,1.360,3.2500,-0.9990,3.2500,18.33,
1,Maze001,1.363,3.2500,-0.9990,3.2500,18.33,
1,Maze001,1.367,3.2500,-0.9990,3.2500,18.33,
1,Maze001,1.372,3.2500,-0.9990,3.2500,18.33,
1,Maze001,1.376,3.2500,-0.9990,3.2500,18.33,
1,Maze001,1.380,3.2500,-0.9990,3.2500,18.33,
1,Maze001,1.384,3.2500,-0.9990,3.2500,18.33,
1,Maze001,1.388,3.2500,-0.9990,3.2500,18.33,
1,Maze001,1.393,3.2500,-0.9990,3.2500,18.33,
1,Maze001,1.397,3.2500,-0.9990,3.2500,18.33,
1,Maze001,1.401,3.2500,-0.9990,3.2500,18.33,
1,Maze001,1.405,3.2500,-0.9990,3.2500,18.33,
1,Maze001,1.409,3.2500,-0.9990,3.2500,18.33,
1,Maze001,1.413,3.2500,-0.9990,3.2500,18.33,
1,Maze001,1.417,3.2500,-0.9990,3.2500,18.33,
1,Maze001,1.422,3.2500,-0.9990,3.2500,18.33,
1,Maze001,1.426,3.2500,-0.9990,3.2500,18.33,
1,Maze001,1.430,3.2500,-0.9990,3.2500,18.33,
1,Maze001,1.434,3.2500,-0.9990,3.2500,18.33,
1,Maze001,1.438,3.2500,-0.9990,3.2500,18.33,
1,Maze001,1.442,3.2500,-0.9990,3.2500,18.33,
1,Maze001,1.446,3.2500,-0.9990,3.2500,18.33,
1,Maze001,1.451,3.2500,-0.9990,3.2500,18.33,
1,Maze001,1.455,3.2500,-0.9990,3.2500,18.33,
1,Maze001,1.459,3.2500,-0.9990,3.2500,18.33,
1,Maze001,1.463,3.2500,-0.9990,3.2500,18.33,
1,Maze001,1.468,3.2500,-0.9990,3.2500,18.33,
1,Maze001,1.472,3.2500,-0.9990,3.2500,18.33,
1,Maze001,1.476,3.2500,-0.9990,3.2500,18.33,
1,Maze001,1.480,3.2500,-0.9990,3.2500,18.33,
1,Maze001,1.484,3.2500,-0.9990,3.2500,18.33,
1,Maze001,1.488,3.2500,-0.9990,3.2500,18.33,
1,Maze001,1.492,3.2500,-0.9990,3.2500,18.33,
1,Maze001,1.497,3.2500,-0.9990,3.2500,18.33,
1,Maze001,1.501,3.2500,-0.9990,3.2500,18.33,
1,Maze001,1.505,3.2500,-0.9990,3.2500,18.33,
1,Maze001,1.509,3.2500,-0.9990,3.2500,18.33,
1,Maze001,1.513,3.2500,-0.9990,3.2500,18.33,
1,Maze001,1.517,3.2500,-0.9990,3.2500,18.33,
1,Maze001,1.521,3.2500,-0.9990,3.2500,18.33,
1,Maze001,1.525,3.2500,-0.9990,3.2500,18.33,
1,Maze001,1.530,3.2500,-0.9990,3.2500,18.33,
1,Maze001,1.534,3.2500,-0.9990,3.2500,18.33,
1,Maze001,1.538,3.2500,-0.9990,3.2500,18.33,
1,Maze001,1.542,3.2500,-0.9990,3.2500,18.33,
1,Maze001,1.547,3.2500,-0.9990,3.2500,18.33,
1,Maze001,1.551,3.2500,-0.9990,3.2500,18.33,
1,Maze001,1.555,3.2500,-0.9990,3.2500,18.33,
1,Maze001,1.559,3.2500,-0.9990,3.2500,18.33,
1,Maze001,1.563,3.2500,-0.9990,3.2500,18.33,
1,Maze001,1.567,3.2500,-0.9990,3.2500,18.33,
1,Maze001,1.571,3.2500,-0.9990,3.2500,18.33,
1,Maze001,1.576,3.2500,-0.9990,3.2500,18.33,
1,Maze001,1.580,3.2500,-0.9990,3.2500,18.33,
1,Maze001,1.584,3.2500,-0.9990,3.2500,18.33,
1,Maze001,1.588,3.2500,-0.9990,3.2500,18.33,
1,Maze001,1.592,3.2500,-0.9990,3.2500,18.33,
1,Maze001,1.597,3.2500,-0.9990,3.2500,18.33,
1,Maze001,1.601,3.2500,-0.9990,3.2500,18.33,
1,Maze001,1.605,3.2500,-0.9990,3.2500,18.33,
1,Maze001,1.609,3.2500,-0.9990,3.2500,18.33,
1,Maze001,1.614,3.2500,-0.9990,3.2500,18.33,
1,Maze001,1.618,3.2500,-0.9990,3.2500,18.33,
1,Maze001,1.622,3.2500,-0.9990,3.2500,18.33,
1,Maze001,1.627,3.2500,-0.9990,3.2500,18.33,
1,Maze001,1.630,3.2500,-0.9990,3.2500,18.33,
1,Maze001,1.634,3.2500,-0.9990,3.2500,18.33,
1,Maze001,1.639,3.2500,-0.9990,3.2500,18.33,
1,Maze001,1.642,3.2500,-0.9990,3.2500,18.33,
1,Maze001,1.646,3.2500,-0.9990,3.2500,18.33,
1,Maze001,1.651,3.2500,-0.9990,3.2500,18.33,
1,Maze001,1.655,3.2500,-0.9990,3.2500,18.33,
1,Maze001,1.659,3.2500,-0.9990,3.2500,18.33,
1,Maze001,1.663,3.2500,-0.9990,3.2500,18.33,
1,Maze001,1.667,3.2500,-0.9990,3.2500,18.33,
1,Maze001,1.672,3.2500,-0.9990,3.2500,18.33,
1,Maze001,1.676,3.2500,-0.9990,3.2500,18.33,
1,Maze001,1.680,3.2500,-0.9990,3.2500,18.33,
1,Maze001,1.684,3.2500,-0.9990,3.2500,18.33,
1,Maze001,1.688,3.2500,-0.9990,3.2500,18.33,
1,Maze001,1.693,3.2500,-0.9990,3.2500,18.33,
1,Maze001,1.697,3.2500,-0.9990,3.2500,18.33,
1,Maze001,1.701,3.2500,-0.9990,3.2500,18.33,
1,Maze001,1.705,3.2500,-0.9990,3.2500,18.33,
1,Maze001,1.709,3.2500,-0.9990,3.2500,18.33,
1,Maze001,1.713,3.2500,-0.9990,3.2500,18.33,
1,Maze001,1.718,3.2500,-0.9990,3.2500,18.33,
1,Maze001,1.722,3.2500,-0.9990,3.2500,18.33,
1,Maze001,1.726,3.2500,-0.9990,3.2500,18.33,
1,Maze001,1.730,3.2500,-0.9990,3.2500,18.33,
1,Maze001,1.734,3.2500,-0.9990,3.2500,18.33,
1,Maze001,1.738,3.2500,-0.9990,3.2500,18.33,
1,Maze001,1.743,3.2500,-0.9990,3.2500,18.33,
1,Maze001,1.747,3.2500,-0.9990,3.2500,18.33,
1,Maze001,1.751,3.2500,-0.9990,3.2500,18.33,
1,Maze001,1.755,3.2500,-0.9990,3.2500,18.33,
1,Maze001,1.759,3.2500,-0.9990,3.2500,18.33,
1,Maze001,1.763,3.2500,-0.9990,3.2500,18.33,
1,Maze001,1.767,3.2500,-0.9990,3.2500,18.33,
1,Maze001,1.771,3.2500,-0.9990,3.2500,18.33,
1,Maze001,1.776,3.2500,-0.9990,3.2500,18.33,
1,Maze001,1.780,3.2500,-0.9990,3.2500,18.33,
1,Maze001,1.784,3.2500,-0.9990,3.2500,18.33,
1,Maze001,1.788,3.2500,-0.9990,3.2500,18.33,
1,Maze001,1.794,3.2500,-0.9990,3.2500,18.33,
1,Maze001,1.999,3.2500,-0.9990,3.2500,18.33,
1,Maze001,2.006,3.2500,-0.9990,3.2500,18.33,
1,Maze001,2.009,3.2500,-0.9990,3.2500,18.33,
1,Maze001,2.214,3.2500,-0.9990,3.2500,18.33,
1,Maze001,2.222,3.2500,-0.9990,3.2500,18.33,
1,Maze001,2.226,3.2500,-0.9990,3.2500,18.33,
1,Maze001,2.432,3.2500,-0.9990,3.2500,18.33,
1,Maze001,2.438,3.2500,-0.9990,3.2500,18.33,
1,Maze001,2.644,3.2500,-0.9990,3.2500,18.33,
1,Maze001,2.651,3.2500,-0.9990,3.2500,18.33,
1,Maze001,2.655,3.2500,-0.9990,3.2500,18.33,
1,Maze001,2.659,3.2500,-0.9990,3.2500,18.33,
1,Maze001,2.663,3.2500,-0.9990,3.2500,18.33,
1,Maze001,2.667,3.2500,-0.9990,3.2500,18.33,
1,Maze001,2.672,3.2500,-0.9990,3.2500,18.33,
1,Maze001,2.676,3.2500,-0.9990,3.2500,18.33,
1,Maze001,2.680,3.2500,-0.9990,3.2500,18.33,
1,Maze001,2.684,3.2500,-0.9990,3.2500,18.33,
1,Maze001,2.688,3.2500,-0.9990,3.2500,18.33,
1,Maze001,2.692,3.2500,-0.9990,3.2500,18.33,
1,Maze001,2.697,3.2500,-0.9990,3.2500,18.33,
1,Maze001,2.700,3.2500,-0.9990,3.2500,18.33,
1,Maze001,2.705,3.2500,-0.9990,3.2500,18.33,
1,Maze001,2.709,3.2500,-0.9990,3.2500,18.33,
1,Maze001,2.713,3.2500,-0.9990,3.2500,18.33,
1,Maze001,2.717,3.2500,-0.9990,3.2500,18.33,
1,Maze001,2.721,3.2500,-0.9990,3.2500,18.33,
1,Maze001,2.726,3.2500,-0.9990,3.2500,18.33,
1,Maze001,2.730,3.2500,-0.9990,3.2500,18.33,
1,Maze001,2.734,3.2500,-0.9990,3.2500,18.33,
1,Maze001,2.738,3.2500,-0.9990,3.2500,18.33,
1,Maze001,2.742,3.2500,-0.9990,3.2500,18.33,
1,Maze001,2.746,3.2500,-0.9990,3.2500,18.33,
1,Maze001,2.751,3.2500,-0.9990,3.2500,18.33,
1,Maze001,2.755,3.2500,-0.9990,3.2500,18.33,
1,Maze001,2.759,3.2500,-0.9990,3.2500,18.33,
1,Maze001,2.763,3.2500,-0.9990,3.2500,18.33,
1,Maze001,2.767,3.2500,-0.9990,3.2500,18.33,
1,Maze001,2.771,3.2500,-0.9990,3.2500,18.33,
1,Maze001,2.776,3.2500,-0.9990,3.2500,18.33,
1,Maze001,2.780,3.2500,-0.9990,3.2500,18.33,
1,Maze001,2.784,3.2500,-0.9990,3.2500,18.33,
1,Maze001,2.788,3.2500,-0.9990,3.2500,18.33,
1,Maze001,2.792,3.2500,-0.9990,3.2500,18.33,
1,Maze001,2.796,3.2500,-0.9990,3.2500,18.33,
1,Maze001,2.801,3.2500,-0.9990,3.2500,18.33,
1,Maze001,2.805,3.2500,-0.9990,3.2500,18.33,
1,Maze001,2.809,3.2500,-0.9990,3.2500,18.33,
1,Maze001,2.813,3.2500,-0.9990,3.2500,18.33,
1,Maze001,2.817,3.2500,-0.9990,3.2500,18.33,
1,Maze001,2.821,3.2500,-0.9990,3.2500,18.33,
1,Maze001,2.826,3.2500,-0.9990,3.2500,18.33,
1,Maze001,2.830,3.2500,-0.9990,3.2500,18.33,
1,Maze001,2.834,3.2500,-0.9990,3.2500,18.33,
1,Maze001,2.838,3.2500,-0.9990,3.2500,18.33,
1,Maze001,2.842,3.2500,-0.9990,3.2500,18.33,
1,Maze001,2.846,3.2500,-0.9990,3.2500,18.33,
1,Maze001,2.851,3.2500,-0.9990,3.2500,18.33,
1,Maze001,2.855,3.2500,-0.9990,3.2500,18.33,
1,Maze001,2.859,3.2500,-0.9990,3.2500,18.33,
1,Maze001,2.863,3.2500,-0.9990,3.2500,18.33,
1,Maze001,2.867,3.2500,-0.9990,3.2500,18.33,
1,Maze001,2.871,3.2500,-0.9990,3.2500,18.33,
1,Maze001,2.876,3.2500,-0.9990,3.2500,18.33,
1,Maze001,2.880,3.2500,-0.9990,3.2500,18.33,
1,Maze001,2.884,3.2500,-0.9990,3.2500,18.33,
1,Maze001,2.888,3.2500,-0.9990,3.2500,18.33,
1,Maze001,2.892,3.2500,-0.9990,3.2500,18.33,
1,Maze001,2.897,3.2500,-0.9990,3.2500,18.33,
1,Maze001,2.900,3.2500,-0.9990,3.2500,18.33,
1,Maze001,2.905,3.2500,-0.9990,3.2500,18.33,
1,Maze001,2.909,3.2500,-0.9990,3.2500,18.33,
1,Maze001,2.913,3.2500,-0.9990,3.2500,18.33,
1,Maze001,2.917,3.2500,-0.9990,3.2500,18.33,
1,Maze001,2.921,3.2500,-0.9990,3.2500,18.33,
1,Maze001,2.925,3.2500,-0.9990,3.2500,18.33,
1,Maze001,2.929,3.2500,-0.9990,3.2500,18.33,
1,Maze001,2.934,3.2500,-0.9990,3.2500,18.33,
1,Maze001,2.938,3.2500,-0.9990,3.2500,18.33,
1,Maze001,2.943,3.2500,-0.9990,3.2500,18.33,
1,Maze001,2.946,3.2500,-0.9990,3.2500,18.33,
1,Maze001,2.951,3.2500,-0.9990,3.2500,18.33,
1,Maze001,2.955,3.2500,-0.9990,3.2500,18.33,
1,Maze001,2.960,3.2500,-0.9990,3.2500,18.33,
1,Maze001,2.963,3.2500,-0.9990,3.2500,18.33,
1,Maze001,2.967,3.2500,-0.9990,3.2500,18.33,
1,Maze001,2.971,3.2500,-0.9990,3.2500,18.33,
1,Maze001,2.975,3.2500,-0.9990,3.2500,18.33,
1,Maze001,2.980,3.2500,-0.9990,3.2500,18.33,
1,Maze001,2.984,3.2500,-0.9990,3.2500,18.33,
1,Maze001,2.988,3.2500,-0.9990,3.2500,18.33,
1,Maze001,2.992,3.2500,-0.9990,3.2500,18.33,
1,Maze001,2.996,3.2500,-0.9990,3.2500,18.33,
1,Maze001,3.000,3.2500,-0.9990,3.2500,18.33,
1,Maze001,3.005,3.2500,-0.9990,3.2500,18.33,
1,Maze001,3.009,3.2500,-0.9990,3.2500,18.33,
1,Maze001,3.013,3.2500,-0.9990,3.2500,18.33,
1,Maze001,3.017,3.2500,-0.9990,3.2500,18.33,
1,Maze001,3.021,3.2500,-0.9990,3.2500,18.33,
1,Maze001,3.026,3.2500,-0.9990,3.2500,18.33,
1,Maze001,3.030,3.2500,-0.9990,3.2500,18.33,
1,Maze001,3.034,3.2500,-0.9990,3.2500,18.33,
1,Maze001,3.038,3.2500,-0.9990,3.2500,18.33,
1,Maze001,3.042,3.2500,-0.9990,3.2500,18.33,
1,Maze001,3.046,3.2500,-0.9990,3.2500,18.33,
1,Maze001,3.051,3.2500,-0.9990,3.2500,18.33,
1,Maze001,3.055,3.2500,-0.9990,3.2500,18.33,
1,Maze001,3.059,3.2500,-0.9990,3.2500,18.33,
1,Maze001,3.063,3.2500,-0.9990,3.2500,18.33,
1,Maze001,3.067,3.2500,-0.9990,3.2500,18.33,
1,Maze001,3.071,3.2500,-0.9990,3.2500,18.33,
1,Maze001,3.076,3.2500,-0.9990,3.2500,18.33,
1,Maze001,3.080,3.2500,-0.9990,3.2500,18.33,
1,Maze001,3.084,3.2500,-0.9990,3.2500,18.33,
1,Maze001,3.088,3.2500,-0.9990,3.2500,18.33,
1,Maze001,3.092,3.2500,-0.9990,3.2500,18.33,
1,Maze001,3.096,3.2500,-0.9990,3.2500,18.33,
1,Maze001,3.101,3.2500,-0.9990,3.2500,18.33,
1,Maze001,3.105,3.2500,-0.9990,3.2500,18.33,
1,Maze001,3.109,3.2500,-0.9990,3.2500,18.33,
1,Maze001,3.113,3.2500,-0.9990,3.2500,18.33,
1,Maze001,3.117,3.2500,-0.9990,3.2500,18.33,
1,Maze001,3.121,3.2500,-0.9990,3.2500,18.33,
1,Maze001,3.126,3.2500,-0.9990,3.2500,18.33,
1,Maze001,3.130,3.2500,-0.9990,3.2500,18.33,
1,Maze001,3.134,3.2500,-0.9990,3.2500,18.33,
1,Maze001,3.138,3.2500,-0.9990,3.2500,18.33,
1,Maze001,3.142,3.2500,-0.9990,3.2500,18.33,
1,Maze001,3.146,3.2500,-0.9990,3.2500,18.33,
1,Maze001,3.150,3.2500,-0.9990,3.2500,18.33,
1,Maze001,3.155,3.2500,-0.9990,3.2500,18.33,
1,Maze001,3.159,3.2500,-0.9990,3.2500,18.33,
1,Maze001,3.163,3.2500,-0.9990,3.2500,18.33,
1,Maze001,3.167,3.2500,-0.9990,3.2500,18.33,
1,Maze001,3.171,3.2500,-0.9990,3.2500,18.33,
1,Maze001,3.176,3.2500,-0.9990,3.2500,18.33,
1,Maze001,3.180,3.2500,-0.9990,3.2500,18.33,
1,Maze001,3.184,3.2500,-0.9990,3.2500,18.33,
1,Maze001,3.188,3.2500,-0.9990,3.2500,18.33,
1,Maze001,3.192,3.2500,-0.9990,3.2500,18.33,
1,Maze001,3.196,3.2500,-0.9990,3.2500,18.33,
1,Maze001,3.200,3.2500,-0.9990,3.2500,18.33,
1,Maze001,3.205,3.2500,-0.9990,3.2500,18.33,
1,Maze001,3.209,3.2500,-0.9990,3.2500,18.33,
1,Maze001,3.213,3.2500,-0.9990,3.2500,18.33,
1,Maze001,3.217,3.2500,-0.9990,3.2500,18.33,
1,Maze001,3.221,3.2500,-0.9990,3.2500,18.33,
1,Maze001,3.226,3.2500,-0.9990,3.2500,18.33,
1,Maze001,3.230,3.2500,-0.9990,3.2500,18.33,
1,Maze001,3.234,3.2500,-0.9990,3.2500,18.33,
1,Maze001,3.238,3.2500,-0.9990,3.2500,18.33,
1,Maze001,3.242,3.2500,-0.9990,3.2500,18.33,
1,Maze001,3.246,3.2500,-0.9990,3.2500,18.33,
1,Maze001,3.250,3.2500,-0.9990,3.2500,18.33,
1,Maze001,3.255,3.2500,-0.9990,3.2500,18.33,
1,Maze001,3.259,3.2500,-0.9990,3.2500,18.33,
1,Maze001,3.263,3.2500,-0.9990,3.2500,18.33,
1,Maze001,3.267,3.2500,-0.9990,3.2500,18.33,
1,Maze001,3.271,3.2500,-0.9990,3.2500,18.33,
1,Maze001,3.276,3.2500,-0.9990,3.2500,18.33,
1,Maze001,3.280,3.2500,-0.9990,3.2500,18.33,
1,Maze001,3.284,3.2500,-0.9990,3.2500,18.33,
1,Maze001,3.288,3.2500,-0.9990,3.2500,18.33,
1,Maze001,3.292,3.2500,-0.9990,3.2500,18.33,
1,Maze001,3.297,3.2500,-0.9990,3.2500,18.33,
1,Maze001,3.301,3.2500,-0.9990,3.2500,18.33,
1,Maze001,3.305,3.2500,-0.9990,3.2500,18.33,
1,Maze001,3.309,3.2500,-0.9990,3.2500,18.33,
1,Maze001,3.313,3.2500,-0.9990,3.2500,18.33,
1,Maze001,3.317,3.2500,-0.9990,3.2500,18.33,
1,Maze001,3.321,3.2500,-0.9990,3.2500,18.33,
1,Maze001,3.326,3.2500,-0.9990,3.2500,18.33,
1,Maze001,3.330,3.2500,-0.9990,3.2500,18.33,
1,Maze001,3.334,3.2500,-0.9990,3.2500,18.33,
1,Maze001,3.338,3.2500,-0.9990,3.2500,18.33,
1,Maze001,3.342,3.2500,-0.9990,3.2500,18.33,
1,Maze001,3.347,3.2500,-0.9990,3.2500,18.33,
1,Maze001,3.350,3.2500,-0.9990,3.2500,18.33,
1,Maze001,3.355,3.2500,-0.9990,3.2500,18.33,
1,Maze001,3.359,3.2500,-0.9990,3.2500,18.33,
1,Maze001,3.363,3.2500,-0.9990,3.2500,18.33,
1,Maze001,3.367,3.2500,-0.9990,3.2500,18.33,
1,Maze001,3.371,3.2500,-0.9990,3.2500,18.33,
1,Maze001,3.376,3.2500,-0.9990,3.2500,18.33,
1,Maze001,3.380,3.2500,-0.9990,3.2500,18.33,
1,Maze001,3.384,3.2500,-0.9990,3.2500,18.33,
1,Maze001,3.388,3.2500,-0.9990,3.2500,18.33,
1,Maze001,3.392,3.2500,-0.9990,3.2500,18.33,
1,Maze001,3.396,3.2500,-0.9990,3.2500,18.33,
1,Maze001,3.400,3.2500,-0.9990,3.2500,18.33,
1,Maze001,3.405,3.2500,-0.9990,3.2500,18.33,
1,Maze001,3.409,3.2500,-0.9990,3.2500,18.33,
1,Maze001,3.413,3.2500,-0.9990,3.2500,18.33,
1,Maze001,3.417,3.2500,-0.9990,3.2500,18.33,
1,Maze001,3.421,3.2500,-0.9990,3.2500,18.33,
1,Maze001,3.426,3.2500,-0.9990,3.2500,18.33,
1,Maze001,3.430,3.2500,-0.9990,3.2500,18.33,
1,Maze001,3.434,3.2500,-0.9990,3.2500,18.33,
1,Maze001,3.438,3.2500,-0.9990,3.2500,18.33,
1,Maze001,3.442,3.2500,-0.9990,3.2500,18.33,
1,Maze001,3.446,3.2500,-0.9990,3.2500,18.33,
1,Maze001,3.450,3.2500,-0.9990,3.2500,18.33,
1,Maze001,3.455,3.2500,-0.9990,3.2500,18.33,
1,Maze001,3.459,3.2500,-0.9990,3.2500,18.33,
1,Maze001,3.463,3.2500,-0.9990,3.2500,18.33,
1,Maze001,3.467,3.2500,-0.9990,3.2500,18.33,
1,Maze001,3.471,3.2500,-0.9990,3.2500,18.33,
1,Maze001,3.475,3.2500,-0.9990,3.2500,18.33,
1,Maze001,3.480,3.2500,-0.9990,3.2500,18.33,
1,Maze001,3.484,3.2500,-0.9990,3.2500,18.33,
1,Maze001,3.488,3.2500,-0.9990,3.2500,18.33,
1,Maze001,3.492,3.2500,-0.9990,3.2500,18.33,
1,Maze001,3.496,3.2500,-0.9990,3.2500,18.33,
1,Maze001,3.500,3.2500,-0.9990,3.2500,18.33,
1,Maze001,3.505,3.2500,-0.9990,3.2500,18.33,
1,Maze001,3.509,3.2500,-0.9990,3.2500,18.33,
1,Maze001,3.513,3.2500,-0.9990,3.2500,18.33,
1,Maze001,3.517,3.2500,-0.9990,3.2500,18.33,
1,Maze001,3.522,3.2500,-0.9990,3.2500,18.33,
1,Maze001,3.525,3.2500,-0.9990,3.2500,18.33,
1,Maze001,3.530,3.2500,-0.9990,3.2500,18.33,
1,Maze001,3.534,3.2500,-0.9990,3.2500,18.33,
1,Maze001,3.538,3.2500,-0.9990,3.2500,18.33,
1,Maze001,3.542,3.2500,-0.9990,3.2500,18.33,
1,Maze001,3.546,3.2500,-0.9990,3.2500,18.33,
1,Maze001,3.551,3.2500,-0.9990,3.2500,18.33,
1,Maze001,3.555,3.2500,-0.9990,3.2500,18.33,
1,Maze001,3.559,3.2500,-0.9990,3.2500,18.33,
1,Maze001,3.563,3.2500,-0.9990,3.2500,18.33,
1,Maze001,3.567,3.2500,-0.9990,3.2500,18.33,
1,Maze001,3.572,3.2500,-0.9990,3.2500,18.33,
1,Maze001,3.576,3.2500,-0.9990,3.2500,18.33,
1,Maze001,3.580,3.2500,-0.9990,3.2500,18.33,
1,Maze001,3.584,3.2500,-0.9990,3.2500,18.33,
1,Maze001,3.588,3.2500,-0.9990,3.2500,18.33,
1,Maze001,3.592,3.2500,-0.9990,3.2500,18.33,
1,Maze001,3.597,3.2500,-0.9990,3.2500,18.33,
1,Maze001,3.601,3.2500,-0.9990,3.2500,18.33,
1,Maze001,3.605,3.2500,-0.9990,3.2500,18.33,
1,Maze001,3.609,3.2500,-0.9990,3.2500,18.33,
1,Maze001,3.613,3.2500,-0.9990,3.2500,18.33,
1,Maze001,3.617,3.2500,-0.9990,3.2500,18.33,
1,Maze001,3.622,3.2500,-0.9990,3.2500,18.33,
1,Maze001,3.626,3.2500,-0.9990,3.2500,18.33,
1,Maze001,3.630,3.2500,-0.9990,3.2500,18.33,
1,Maze001,3.634,3.2500,-0.9990,3.2500,18.33,
1,Maze001,3.638,3.2500,-0.9990,3.2500,18.33,
1,Maze001,3.642,3.2500,-0.9990,3.2500,18.33,
1,Maze001,3.646,3.2500,-0.9990,3.2500,18.33,
1,Maze001,3.650,3.2500,-0.9990,3.2500,18.33,
1,Maze001,3.655,3.2500,-0.9990,3.2500,18.33,
1,Maze001,3.659,3.2500,-0.9990,3.2500,18.33,
1,Maze001,3.663,3.2500,-0.9990,3.2500,18.33,
1,Maze001,3.667,3.2500,-0.9990,3.2500,18.33,
1,Maze001,3.671,3.2500,-0.9990,3.2500,18.33,
1,Maze001,3.676,3.2500,-0.9990,3.2500,18.33,
1,Maze001,3.680,3.2500,-0.9990,3.2500,18.33,
1,Maze001,3.684,3.2500,-0.9990,3.2500,18.33,
1,Maze001,3.688,3.2500,-0.9990,3.2500,18.33,
1,Maze001,3.692,3.2500,-0.9990,3.2500,18.33,
1,Maze001,3.696,3.2500,-0.9990,3.2500,18.33,
1,Maze001,3.700,3.2500,-0.9990,3.2500,18.33,
1,Maze001,3.704,3.2500,-0.9990,3.2500,18.33,
1,Maze001,3.709,3.2500,-0.9990,3.2500,18.33,
1,Maze001,3.713,3.2500,-0.9990,3.2500,18.33,
1,Maze001,3.717,3.2500,-0.9990,3.2500,18.33,
1,Maze001,3.722,3.2500,-0.9990,3.2500,18.33,
1,Maze001,3.725,3.2500,-0.9990,3.2500,18.33,
1,Maze001,3.730,3.2500,-0.9990,3.2500,18.33,
1,Maze001,3.734,3.2500,-0.9990,3.2500,18.33,
1,Maze001,3.738,3.2500,-0.9990,3.2500,18.33,
1,Maze001,3.742,3.2500,-0.9990,3.2500,18.33,
1,Maze001,3.746,3.2500,-0.9990,3.2500,18.33,
1,Maze001,3.750,3.2500,-0.9990,3.2500,18.33,
1,Maze001,3.756,3.2500,-0.9990,3.2500,18.33,
1,Maze001,3.763,3.2500,-0.9990,3.2500,18.33,
1,Maze001,3.767,3.2500,-0.9990,3.2500,18.33,
1,Maze001,3.771,3.2500,-0.9990,3.2500,18.33,
1,Maze001,3.775,3.2500,-0.9990,3.2500,18.33,
1,Maze001,3.779,3.2500,-0.9990,3.2500,18.33,
1,Maze001,3.784,3.2500,-0.9990,3.2500,18.33,
1,Maze001,3.788,3.2500,-0.9990,3.2500,18.33,
1,Maze001,3.792,3.2500,-0.9990,3.2500,18.33,
1,Maze001,3.796,3.2500,-0.9990,3.2500,18.33,
1,Maze001,3.801,3.2500,-0.9990,3.2500,18.33,
1,Maze001,3.805,3.2500,-0.9990,3.2500,18.33,
1,Maze001,3.809,3.2500,-0.9990,3.2500,18.33,
1,Maze001,3.813,3.2500,-0.9990,3.2500,18.33,
1,Maze001,3.818,3.2500,-0.9990,3.2500,18.33,
1,Maze001,3.821,3.2500,-0.9990,3.2500,18.33,
1,Maze001,3.825,3.2500,-0.9990,3.2500,18.33,
1,Maze001,3.830,3.2500,-0.9990,3.2500,18.33,
1,Maze001,3.834,3.2500,-0.9990,3.2500,18.33,
1,Maze001,3.838,3.2500,-0.9990,3.2500,18.33,
1,Maze001,3.842,3.2500,-0.9990,3.2500,18.33,
1,Maze001,3.846,3.2500,-0.9990,3.2500,18.33,
1,Maze001,3.850,3.2500,-0.9990,3.2500,18.33,
1,Maze001,3.854,3.2500,-0.9990,3.2500,18.33,
1,Maze001,3.859,3.2500,-0.9990,3.2500,18.33,
1,Maze001,3.863,3.2500,-0.9990,3.2500,18.33,
1,Maze001,3.867,3.2500,-0.9990,3.2500,18.33,
1,Maze001,3.871,3.2500,-0.9990,3.2500,18.33,
1,Maze001,3.875,3.2500,-0.9990,3.2500,18.33,
1,Maze001,3.880,3.2500,-0.9990,3.2500,18.33,
1,Maze001,3.884,3.2500,-0.9990,3.2500,18.33,
1,Maze001,3.888,3.2500,-0.9990,3.2500,18.33,
1,Maze001,3.892,3.2500,-0.9990,3.2500,18.33,
1,Maze001,3.896,3.2500,-0.9990,3.2500,18.33,
1,Maze001,3.901,3.2500,-0.9990,3.2500,18.33,
1,Maze001,3.905,3.2500,-0.9990,3.2500,18.33,
1,Maze001,3.909,3.2500,-0.9990,3.2500,18.33,
1,Maze001,3.913,3.2500,-0.9990,3.2500,18.33,
1,Maze001,3.917,3.2500,-0.9990,3.2500,18.33,
1,Maze001,3.922,3.2500,-0.9990,3.2500,18.33,
1,Maze001,3.926,3.2500,-0.9990,3.2500,18.33,
1,Maze001,3.930,3.2500,-0.9990,3.2500,18.33,
1,Maze001,3.934,3.2500,-0.9990,3.2500,18.33,
1,Maze001,3.938,3.2500,-0.9990,3.2500,18.33,
1,Maze001,3.942,3.2500,-0.9990,3.2500,18.33,
1,Maze001,3.946,3.2500,-0.9990,3.2500,18.33,
1,Maze001,3.951,3.2500,-0.9990,3.2500,18.33,
1,Maze001,3.955,3.2500,-0.9990,3.2500,18.33,
1,Maze001,3.959,3.2500,-0.9990,3.2500,18.33,
1,Maze001,3.963,3.2500,-0.9990,3.2500,18.33,
1,Maze001,3.967,3.2500,-0.9990,3.2500,18.33,
1,Maze001,3.971,3.2500,-0.9990,3.2500,18.33,
1,Maze001,3.975,3.2500,-0.9990,3.2500,18.33,
1,Maze001,3.980,3.2500,-0.9990,3.2500,18.33,
1,Maze001,3.984,3.2500,-0.9990,3.2500,18.33,
1,Maze001,3.988,3.2500,-0.9990,3.2500,18.33,
1,Maze001,3.993,3.2500,-0.9990,3.2500,18.33,
1,Maze001,3.996,3.2500,-0.9990,3.2500,18.33,
1,Maze001,4.000,3.2500,-0.9990,3.2500,18.33,
1,Maze001,4.005,3.2500,-0.9990,3.2500,18.33,
1,Maze001,4.009,3.2500,-0.9990,3.2500,18.33,
1,Maze001,4.013,3.2500,-0.9990,3.2500,18.33,
1,Maze001,4.018,3.2500,-0.9990,3.2500,18.33,
1,Maze001,4.021,3.2500,-0.9990,3.2500,18.33,
1,Maze001,4.026,3.2500,-0.9990,3.2500,18.33,
1,Maze001,4.030,3.2500,-0.9990,3.2500,18.33,
1,Maze001,4.034,3.2500,-0.9990,3.2500,18.33,
1,Maze001,4.038,3.2500,-0.9990,3.2500,18.33,
1,Maze001,4.042,3.2500,-0.9990,3.2500,18.33,
1,Maze001,4.046,3.2500,-0.9990,3.2500,18.33,
1,Maze001,4.051,3.2500,-0.9990,3.2500,18.33,
1,Maze001,4.055,3.2500,-0.9990,3.2500,18.33,
1,Maze001,4.059,3.2500,-0.9990,3.2500,18.33,
1,Maze001,4.063,3.2500,-0.9990,3.2500,18.33,
1,Maze001,4.067,3.2500,-0.9990,3.2500,18.33,
1,Maze001,4.071,3.2500,-0.9990,3.2500,18.33,
1,Maze001,4.075,3.2500,-0.9990,3.2500,18.33,
1,Maze001,4.080,3.2500,-0.9990,3.2500,18.33,
1,Maze001,4.084,3.2500,-0.9990,3.2500,18.33,
1,Maze001,4.088,3.2500,-0.9990,3.2500,18.33,
1,Maze001,4.092,3.2500,-0.9990,3.2500,18.33,
1,Maze001,4.096,3.2500,-0.9990,3.2500,18.33,
1,Maze001,4.100,3.2500,-0.9990,3.2500,18.33,
1,Maze001,4.104,3.2500,-0.9990,3.2500,18.33,
1,Maze001,4.109,3.2500,-0.9990,3.2500,18.33,
1,Maze001,4.113,3.2500,-0.9990,3.2500,18.33,
1,Maze001,4.117,3.2500,-0.9990,3.2500,18.33,
1,Maze001,4.121,3.2500,-0.9990,3.2500,18.33,
1,Maze001,4.125,3.2500,-0.9990,3.2500,18.33,
1,Maze001,4.130,3.2500,-0.9990,3.2500,18.33,
1,Maze001,4.134,3.2500,-0.9990,3.2500,18.33,
1,Maze001,4.138,3.2500,-0.9990,3.2500,18.33,
1,Maze001,4.142,3.2500,-0.9990,3.2500,18.33,
1,Maze001,4.148,3.2500,-0.9990,3.2500,18.33,
1,Maze001,4.151,3.2500,-0.9990,3.2500,18.33,
1,Maze001,4.155,3.2500,-0.9990,3.2500,18.33,
1,Maze001,4.159,3.2500,-0.9990,3.2500,18.33,
1,Maze001,4.163,3.2500,-0.9990,3.2500,18.33,
1,Maze001,4.167,3.2500,-0.9990,3.2500,18.33,
1,Maze001,4.171,3.2500,-0.9990,3.2500,18.33,
1,Maze001,4.175,3.2500,-0.9990,3.2500,18.33,
1,Maze001,4.180,3.2500,-0.9990,3.2500,18.33,
1,Maze001,4.184,3.2500,-0.9990,3.2500,18.33,
1,Maze001,4.188,3.2500,-0.9990,3.2500,18.33,
1,Maze001,4.192,3.2500,-0.9990,3.2500,18.33,
1,Maze001,4.196,3.2500,-0.9990,3.2500,18.33,
1,Maze001,4.200,3.2500,-0.9990,3.2500,18.33,
1,Maze001,4.204,3.2500,-0.9990,3.2500,18.33,
1,Maze001,4.209,3.2500,-0.9990,3.2500,18.33,
1,Maze001,4.213,3.2500,-0.9990,3.2500,18.33,
1,Maze001,4.217,3.2500,-0.9990,3.2500,18.33,
1,Maze001,4.221,3.2500,-0.9990,3.2500,18.33,
1,Maze001,4.225,3.2500,-0.9990,3.2500,18.33,
1,Maze001,4.230,3.2500,-0.9990,3.2500,18.33,
1,Maze001,4.234,3.2500,-0.9990,3.2500,18.33,
1,Maze001,4.238,3.2500,-0.9990,3.2500,18.33,
1,Maze001,4.242,3.2500,-0.9990,3.2500,18.33,
1,Maze001,4.246,3.2500,-0.9990,3.2500,18.33,
1,Maze001,4.250,3.2500,-0.9990,3.2500,18.33,
1,Maze001,4.255,3.2500,-0.9990,3.2500,18.33,
1,Maze001,4.259,3.2500,-0.9990,3.2500,18.33,
1,Maze001,4.263,3.2500,-0.9990,3.2500,18.33,
1,Maze001,4.267,3.2500,-0.9990,3.2500,18.33,
1,Maze001,4.271,3.2500,-0.9990,3.2500,18.33,
1,Maze001,4.275,3.2500,-0.9990,3.2500,18.33,
1,Maze001,4.279,3.2500,-0.9990,3.2500,18.33,
1,Maze001,4.284,3.2500,-0.9990,3.2500,18.33,
1,Maze001,4.288,3.2500,-0.9990,3.2500,18.33,
1,Maze001,4.292,3.2500,-0.9990,3.2500,18.33,
1,Maze001,4.296,3.2500,-0.9990,3.2500,18.33,
1,Maze001,4.302,3.2500,-0.9990,3.2500,18.33,
1,Maze001,4.306,3.2500,-0.9990,3.2500,18.33,
1,Maze001,4.313,3.2500,-0.9990,3.2500,18.33,
1,Maze001,4.317,3.2500,-0.9990,3.2500,18.33,
1,Maze001,4.322,3.2500,-0.9990,3.2500,18.33,
1,Maze001,4.326,3.2500,-0.9990,3.2500,18.33,
1,Maze001,4.330,3.2500,-0.9990,3.2500,18.33,
1,Maze001,4.334,3.2500,-0.9990,3.2500,18.33,
1,Maze001,4.338,3.2500,-0.9990,3.2500,18.33,
1,Maze001,4.342,3.2500,-0.9990,3.2500,18.33,
1,Maze001,4.346,3.2500,-0.9990,3.2500,18.33,
1,Maze001,4.350,3.2500,-0.9990,3.2500,18.33,
1,Maze001,4.355,3.2500,-0.9990,3.2500,18.33,
1,Maze001,4.359,3.2500,-0.9990,3.2500,18.33,
1,Maze001,4.363,3.2500,-0.9990,3.2500,18.33,
1,Maze001,4.367,3.2500,-0.9990,3.2500,18.33,
1,Maze001,4.371,3.2500,-0.9990,3.2500,18.33,
1,Maze001,4.375,3.2500,-0.9990,3.2500,18.33,
1,Maze001,4.380,3.2500,-0.9990,3.2500,18.33,
1,Maze001,4.384,3.2500,-0.9990,3.2500,18.33,
1,Maze001,4.388,3.2500,-0.9990,3.2500,18.33,
1,Maze001,4.392,3.2500,-0.9990,3.2500,18.33,
1,Maze001,4.396,3.2500,-0.9990,3.2500,18.33,
1,Maze001,4.400,3.2500,-0.9990,3.2500,18.33,
1,Maze001,4.404,3.2500,-0.9990,3.2500,18.33,
1,Maze001,4.409,3.2500,-0.9990,3.2500,18.33,
1,Maze001,4.413,3.2500,-0.9990,3.2500,18.33,
1,Maze001,4.417,3.2500,-0.9990,3.2500,18.33,
1,Maze001,4.421,3.2500,-0.9990,3.2500,18.33,
1,Maze001,4.426,3.2500,-0.9990,3.2500,18.33,
1,Maze001,4.430,3.2500,-0.9990,3.2500,18.33,
1,Maze001,4.434,3.2500,-0.9990,3.2500,18.33,
1,Maze001,4.438,3.2500,-0.9990,3.2500,18.33,
1,Maze001,4.442,3.2500,-0.9990,3.2500,18.33,
1,Maze001,4.446,3.2500,-0.9990,3.2500,18.33,
1,Maze001,4.450,3.2500,-0.9990,3.2500,18.33,
1,Maze001,4.455,3.2500,-0.9990,3.2500,18.33,
1,Maze001,4.459,3.2500,-0.9990,3.2500,18.33,
1,Maze001,4.463,3.2500,-0.9990,3.2500,18.33,
1,Maze001,4.467,3.2500,-0.9990,3.2500,18.33,
1,Maze001,4.471,3.2500,-0.9990,3.2500,18.33,
1,Maze001,4.476,3.2500,-0.9990,3.2500,18.33,
1,Maze001,4.480,3.2500,-0.9990,3.2500,18.33,
1,Maze001,4.485,3.2500,-0.9990,3.2500,18.33,
1,Maze001,4.488,3.2500,-0.9990,3.2500,18.33,
1,Maze001,4.492,3.2500,-0.9990,3.2500,18.33,
1,Maze001,4.496,3.2500,-0.9990,3.2500,18.33,
1,Maze001,4.501,3.2500,-0.9990,3.2500,18.33,
1,Maze001,4.505,3.2500,-0.9990,3.2500,18.33,
1,Maze001,4.509,3.2500,-0.9990,3.2500,18.33,
1,Maze001,4.513,3.2500,-0.9990,3.2500,18.33,
1,Maze001,4.517,3.2500,-0.9990,3.2500,18.33,
1,Maze001,4.522,3.2500,-0.9990,3.2500,18.33,
1,Maze001,4.527,3.2500,-0.9990,3.2500,18.33,
1,Maze001,4.531,3.2500,-0.9990,3.2500,18.33,
1,Maze001,4.538,3.2500,-0.9990,3.2500,18.33,
1,Maze001,4.543,3.2500,-0.9990,3.2500,18.33,
1,Maze001,4.547,3.2500,-0.9990,3.2500,18.33,
1,Maze001,4.551,3.2500,-0.9990,3.2500,18.33,
1,Maze001,4.555,3.2500,-0.9990,3.2500,18.33,
1,Maze001,4.559,3.2500,-0.9990,3.2500,18.33,
1,Maze001,4.563,3.2500,-0.9990,3.2500,18.33,
1,Maze001,4.567,3.2500,-0.9990,3.2500,18.33,
1,Maze001,4.571,3.2500,-0.9990,3.2500,18.33,
1,Maze001,4.575,3.2500,-0.9990,3.2500,18.33,
1,Maze001,4.580,3.2500,-0.9990,3.2500,18.33,
1,Maze001,4.584,3.2500,-0.9990,3.2500,18.33,
1,Maze001,4.588,3.2500,-0.9990,3.2500,18.33,
1,Maze001,4.592,3.2500,-0.9990,3.2500,18.33,
1,Maze001,4.596,3.2500,-0.9990,3.2500,18.33,
1,Maze001,4.600,3.2500,-0.9990,3.2500,18.33,
1,Maze001,4.604,3.2500,-0.9990,3.2500,18.33,
1,Maze001,4.609,3.2500,-0.9990,3.2500,18.33,
1,Maze001,4.613,3.2500,-0.9990,3.2500,18.33,
1,Maze001,4.617,3.2500,-0.9990,3.2500,18.33,
1,Maze001,4.621,3.2500,-0.9990,3.2500,18.33,
1,Maze001,4.625,3.2500,-0.9990,3.2500,18.33,
1,Maze001,4.630,3.2500,-0.9990,3.2500,18.33,
1,Maze001,4.634,3.2500,-0.9990,3.2500,18.33,
1,Maze001,4.638,3.2500,-0.9990,3.2500,18.33,
1,Maze001,4.642,3.2500,-0.9990,3.2500,18.33,
1,Maze001,4.646,3.2500,-0.9990,3.2500,18.33,
1,Maze001,4.650,3.2500,-0.9990,3.2500,18.33,
1,Maze001,4.655,3.2500,-0.9990,3.2500,18.33,
1,Maze001,4.659,3.2500,-0.9990,3.2500,18.33,
1,Maze001,4.663,3.2500,-0.9990,3.2500,18.33,
1,Maze001,4.667,3.2500,-0.9990,3.2500,18.33,
1,Maze001,4.671,3.2500,-0.9990,3.2500,18.33,
1,Maze001,4.675,3.2500,-0.9990,3.2500,18.33,
1,Maze001,4.679,3.2500,-0.9990,3.2500,18.33,
1,Maze001,4.684,3.2500,-0.9990,3.2500,18.33,
1,Maze001,4.688,3.2500,-0.9990,3.2500,18.33,
1,Maze001,4.692,3.2500,-0.9990,3.2500,18.33,
1,Maze001,4.696,3.2500,-0.9990,3.2500,18.33,
1,Maze001,4.700,3.2500,-0.9990,3.2500,18.33,
1,Maze001,4.704,3.2500,-0.9990,3.2500,18.33,
1,Maze001,4.709,3.2500,-0.9990,3.2500,18.33,
1,Maze001,4.713,3.2500,-0.9990,3.2500,18.33,
1,Maze001,4.717,3.2500,-0.9990,3.2500,18.33,
1,Maze001,4.721,3.2500,-0.9990,3.2500,18.33,
1,Maze001,4.725,3.2500,-0.9990,3.2500,18.33,
1,Maze001,4.730,3.2500,-0.9990,3.2500,18.33,
1,Maze001,4.734,3.2500,-0.9990,3.2500,18.33,
1,Maze001,4.738,3.2500,-0.9990,3.2500,18.33,
1,Maze001,4.742,3.2500,-0.9990,3.2500,18.33,
1,Maze001,4.746,3.2500,-0.9990,3.2500,18.33,
1,Maze001,4.750,3.2500,-0.9990,3.2500,18.33,
1,Maze001,4.754,3.2500,-0.9990,3.2500,18.33,
1,Maze001,4.759,3.2500,-0.9990,3.2500,18.33,
1,Maze001,4.763,3.2500,-0.9990,3.2500,18.33,
1,Maze001,4.767,3.2500,-0.9990,3.2500,18.33,
1,Maze001,4.771,3.2500,-0.9990,3.2500,18.33,
1,Maze001,4.775,3.2500,-0.9990,3.2500,18.33,
1,Maze001,4.779,3.2500,-0.9990,3.2500,18.33,
1,Maze001,4.784,3.2500,-0.9990,3.2500,18.33,
1,Maze001,4.788,3.2500,-0.9990,3.2500,18.33,
1,Maze001,4.792,3.2500,-0.9990,3.2500,18.33,
1,Maze001,4.796,3.2500,-0.9990,3.2500,18.33,
1,Maze001,4.800,3.2500,-0.9990,3.2500,18.33,
1,Maze001,4.805,3.2500,-0.9990,3.2500,18.33,
1,Maze001,4.809,3.2500,-0.9990,3.2500,18.33,
1,Maze001,4.813,3.2500,-0.9990,3.2500,18.33,
1,Maze001,4.817,3.2500,-0.9990,3.2500,18.33,
1,Maze001,4.821,3.2500,-0.9990,3.2500,18.33,
1,Maze001,4.826,3.2500,-0.9990,3.2500,18.33,
1,Maze001,4.829,3.2500,-0.9990,3.2500,18.33,
1,Maze001,4.834,3.2500,-0.9990,3.2500,18.33,
1,Maze001,4.838,3.2500,-0.9990,3.2500,18.33,
1,Maze001,4.842,3.2500,-0.9990,3.2500,18.33,
1,Maze001,4.846,3.2500,-0.9990,3.2500,18.33,
1,Maze001,4.850,3.2500,-0.9990,3.2500,18.33,
1,Maze001,4.854,3.2500,-0.9990,3.2500,18.33,
1,Maze001,4.859,3.2500,-0.9990,3.2500,18.33,
1,Maze001,4.863,3.2500,-0.9990,3.2500,18.33,
1,Maze001,4.867,3.2500,-0.9990,3.2500,18.33,
1,Maze001,4.871,3.2500,-0.9990,3.2500,18.33,
1,Maze001,4.875,3.2500,-0.9990,3.2500,18.33,
1,Maze001,4.879,3.2500,-0.9990,3.2500,18.33,
1,Maze001,4.884,3.2500,-0.9990,3.2500,18.33,
1,Maze001,4.888,3.2500,-0.9990,3.2500,18.33,
1,Maze001,4.892,3.2500,-0.9990,3.2500,18.33,
1,Maze001,4.896,3.2500,-0.9990,3.2500,18.33,
1,Maze001,4.900,3.2500,-0.9990,3.2500,18.33,
1,Maze001,4.905,3.2500,-0.9990,3.2500,18.33,
1,Maze001,4.909,3.2500,-0.9990,3.2500,18.33,
1,Maze001,4.913,3.2500,-0.9990,3.2500,18.33,
1,Maze001,4.917,3.2500,-0.9990,3.2500,18.33,
1,Maze001,4.922,3.2500,-0.9990,3.2500,18.33,
1,Maze001,4.925,3.2500,-0.9990,3.2500,18.33,
1,Maze001,4.930,3.2500,-0.9990,3.2500,18.33,
1,Maze001,4.934,3.2500,-0.9990,3.2500,18.33,
1,Maze001,4.938,3.2500,-0.9990,3.2500,18.33,
1,Maze001,4.942,3.2500,-0.9990,3.2500,18.33,
1,Maze001,4.946,3.2500,-0.9990,3.2500,18.33,
1,Maze001,4.951,3.2500,-0.9990,3.2500,18.33,
1,Maze001,4.955,3.2500,-0.9990,3.2500,18.33,
1,Maze001,4.959,3.2500,-0.9990,3.2500,18.33,
1,Maze001,4.963,3.2500,-0.9990,3.2500,18.33,
1,Maze001,4.967,3.2500,-0.9990,3.2500,18.33,
1,Maze001,4.971,3.2500,-0.9990,3.2500,18.33,
1,Maze001,4.976,3.2500,-0.9990,3.2500,18.33,
1,Maze001,4.980,3.2500,-0.9990,3.2500,18.33,
1,Maze001,4.984,3.2500,-0.9990,3.2500,18.33,
1,Maze001,4.988,3.2500,-0.9990,3.2500,18.33,
1,Maze001,4.992,3.2500,-0.9990,3.2500,18.33,
1,Maze001,4.996,3.2500,-0.9990,3.2500,18.33,
1,Maze001,5.000,3.2500,-0.9990,3.2500,18.33,
1,Maze001,5.004,3.2500,-0.9990,3.2500,18.33,
1,Maze001,5.009,3.2500,-0.9990,3.2500,18.33,
1,Maze001,5.013,3.2500,-0.9990,3.2500,18.33,
1,Maze001,5.017,3.2500,-0.9990,3.2500,18.33,
1,Maze001,5.022,3.2500,-0.9990,3.2500,18.33,
1,Maze001,5.025,3.2500,-0.9990,3.2500,18.33,
1,Maze001,5.031,3.2500,-0.9990,3.2500,18.33,
1,Maze001,5.034,3.2500,-0.9990,3.2500,18.33,
1,Maze001,5.038,3.2500,-0.9990,3.2500,18.33,
1,Maze001,5.042,3.2500,-0.9990,3.2500,18.33,
1,Maze001,5.046,3.2500,-0.9990,3.2500,18.33,
1,Maze001,5.050,3.2500,-0.9990,3.2500,18.33,
1,Maze001,5.055,3.2500,-0.9990,3.2500,18.33,
1,Maze001,5.059,3.2500,-0.9990,3.2500,18.33,
1,Maze001,5.063,3.2500,-0.9990,3.2500,18.33,
1,Maze001,5.067,3.2500,-0.9990,3.2500,18.33,
1,Maze001,5.072,3.2500,-0.9990,3.2500,18.33,
1,Maze001,5.075,3.2500,-0.9990,3.2500,18.33,
1,Maze001,5.079,3.2500,-0.9990,3.2500,18.33,
1,Maze001,5.084,3.2500,-0.9990,3.2500,18.33,
1,Maze001,5.088,3.2500,-0.9990,3.2500,18.33,
1,Maze001,5.092,3.2500,-0.9990,3.2500,18.33,
1,Maze001,5.096,3.2500,-0.9990,3.2500,18.33,
1,Maze001,5.100,3.2500,-0.9990,3.2500,18.33,
1,Maze001,5.104,3.2500,-0.9990,3.2500,18.33,
1,Maze001,5.109,3.2500,-0.9990,3.2500,18.33,
1,Maze001,5.113,3.2500,-0.9990,3.2500,18.33,
1,Maze001,5.117,3.2500,-0.9990,3.2500,18.33,
1,Maze001,5.121,3.2500,-0.9990,3.2500,18.33,
1,Maze001,5.125,3.2500,-0.9990,3.2500,18.33,
1,Maze001,5.129,3.2500,-0.9990,3.2500,18.33,
1,Maze001,5.134,3.2500,-0.9990,3.2500,18.33,
1,Maze001,5.138,3.2500,-0.9990,3.2500,18.33,
1,Maze001,5.142,3.2500,-0.9990,3.2500,18.33,
1,Maze001,5.146,3.2500,-0.9990,3.2500,18.33,
1,Maze001,5.150,3.2500,-0.9990,3.2500,18.33,
1,Maze001,5.154,3.2500,-0.9990,3.2500,18.33,
1,Maze001,5.159,3.2500,-0.9990,3.2500,18.33,
1,Maze001,5.162,3.2500,-0.9990,3.2500,18.33,
1,Maze001,5.167,3.2500,-0.9990,3.2500,18.33,
1,Maze001,5.172,3.2500,-0.9990,3.2500,18.33,
1,Maze001,5.175,3.2500,-0.9990,3.2500,18.33,
1,Maze001,5.180,3.2500,-0.9990,3.2500,18.33,
1,Maze001,5.184,3.2500,-0.9990,3.2500,18.33,
1,Maze001,5.188,3.2500,-0.9990,3.2500,18.33,
1,Maze001,5.192,3.2500,-0.9990,3.2500,18.33,
1,Maze001,5.197,3.2500,-0.9990,3.2500,18.33,
1,Maze001,5.201,3.2500,-0.9990,3.2500,18.33,
1,Maze001,5.205,3.2500,-0.9990,3.2500,18.33,
1,Maze001,5.209,3.2500,-0.9990,3.2500,18.33,
1,Maze001,5.213,3.2500,-0.9990,3.2500,18.33,
1,Maze001,5.217,3.2500,-0.9990,3.2500,18.33,
1,Maze001,5.221,3.2500,-0.9990,3.2500,18.33,
1,Maze001,5.226,3.2500,-0.9990,3.2500,18.33,
1,Maze001,5.230,3.2500,-0.9990,3.2500,18.33,
1,Maze001,5.234,3.2500,-0.9990,3.2500,18.33,
1,Maze001,5.238,3.2500,-0.9990,3.2500,18.33,
1,Maze001,5.242,3.2500,-0.9990,3.2500,18.33,
1,Maze001,5.246,3.2500,-0.9990,3.2500,18.33,
1,Maze001,5.250,3.2500,-0.9990,3.2500,18.33,
1,Maze001,5.254,3.2500,-0.9990,3.2500,18.33,
1,Maze001,5.258,3.2500,-0.9990,3.2500,18.33,
1,Maze001,5.263,3.2500,-0.9990,3.2500,18.33,
1,Maze001,5.267,3.2500,-0.9990,3.2500,18.33,
1,Maze001,5.271,3.2500,-0.9990,3.2500,18.33,
1,Maze001,5.275,3.2500,-0.9990,3.2500,18.33,
1,Maze001,5.280,3.2500,-0.9990,3.2500,18.33,
1,Maze001,5.284,3.2500,-0.9990,3.2500,18.33,
1,Maze001,5.288,3.2500,-0.9990,3.2500,18.33,
1,Maze001,5.292,3.2500,-0.9990,3.2500,18.33,
1,Maze001,5.297,3.2500,-0.9990,3.2500,18.33,
1,Maze001,5.301,3.2500,-0.9990,3.2500,18.33,
1,Maze001,5.305,3.2500,-0.9990,3.2500,18.33,
1,Maze001,5.309,3.2500,-0.9990,3.2500,18.33,
1,Maze001,5.313,3.2500,-0.9990,3.2500,18.33,
1,Maze001,5.317,3.2500,-0.9990,3.2500,18.33,
1,Maze001,5.321,3.2500,-0.9990,3.2500,18.33,
1,Maze001,5.326,3.2500,-0.9990,3.2500,18.33,
1,Maze001,5.330,3.2500,-0.9990,3.2500,18.33,
1,Maze001,5.334,3.2500,-0.9990,3.2500,18.33,
1,Maze001,5.338,3.2500,-0.9990,3.2500,18.33,
1,Maze001,5.342,3.2500,-0.9990,3.2500,18.33,
1,Maze001,5.346,3.2500,-0.9990,3.2500,18.33,
1,Maze001,5.350,3.2500,-0.9990,3.2500,18.33,
1,Maze001,5.355,3.2500,-0.9990,3.2500,18.33,
1,Maze001,5.359,3.2500,-0.9990,3.2500,18.33,
1,Maze001,5.363,3.2500,-0.9990,3.2500,18.33,
1,Maze001,5.367,3.2500,-0.9990,3.2500,18.33,
1,Maze001,5.371,3.2500,-0.9990,3.2500,18.33,
1,Maze001,5.375,3.2500,-0.9990,3.2500,18.33,
1,Maze001,5.379,3.2500,-0.9990,3.2500,18.33,
1,Maze001,5.384,3.2500,-0.9990,3.2500,18.33,
1,Maze001,5.388,3.2500,-0.9990,3.2500,18.33,
1,Maze001,5.392,3.2500,-0.9990,3.2500,18.33,
1,Maze001,5.396,3.2500,-0.9990,3.2500,18.33,
1,Maze001,5.400,3.2500,-0.9990,3.2500,18.33,
1,Maze001,5.405,3.2500,-0.9990,3.2500,18.33,
1,Maze001,5.408,3.2500,-0.9990,3.2500,18.33,
1,Maze001,5.413,3.2500,-0.9990,3.2500,18.33,
1,Maze001,5.417,3.2500,-0.9990,3.2500,18.33,
1,Maze001,5.421,3.2500,-0.9990,3.2500,18.33,
1,Maze001,5.426,3.2500,-0.9990,3.2500,18.33,
1,Maze001,5.429,3.2500,-0.9990,3.2500,18.33,
1,Maze001,5.434,3.2500,-0.9990,3.2500,18.33,
1,Maze001,5.438,3.2500,-0.9990,3.2500,18.33,
1,Maze001,5.442,3.2500,-0.9990,3.2500,18.33,
1,Maze001,5.446,3.2500,-0.9990,3.2500,18.33,
1,Maze001,5.450,3.2500,-0.9990,3.2500,18.33,
1,Maze001,5.454,3.2500,-0.9990,3.2500,18.33,
1,Maze001,5.458,3.2500,-0.9990,3.2500,18.33,
1,Maze001,5.463,3.2500,-0.9990,3.2500,18.33,
1,Maze001,5.467,3.2500,-0.9990,3.2500,18.33,
1,Maze001,5.472,3.2500,-0.9990,3.2500,18.33,
1,Maze001,5.475,3.2500,-0.9990,3.2500,18.33,
1,Maze001,5.480,3.2500,-0.9990,3.2500,18.33,
1,Maze001,5.484,3.2500,-0.9990,3.2500,18.33,
1,Maze001,5.488,3.2500,-0.9990,3.2500,18.33,
1,Maze001,5.492,3.2500,-0.9990,3.2500,18.33,
1,Maze001,5.497,3.2500,-0.9990,3.2500,18.33,
1,Maze001,5.500,3.2500,-0.9990,3.2500,18.33,
1,Maze001,5.505,3.2500,-0.9990,3.2500,18.33,
1,Maze001,5.509,3.2500,-0.9990,3.2500,18.33,
1,Maze001,5.513,3.2500,-0.9990,3.2500,18.33,
1,Maze001,5.517,3.2500,-0.9990,3.2500,18.33,
1,Maze001,5.521,3.2500,-0.9990,3.2500,18.33,
1,Maze001,5.525,3.2500,-0.9990,3.2500,18.33,
1,Maze001,5.529,3.2500,-0.9990,3.2500,18.33,
1,Maze001,5.534,3.2500,-0.9990,3.2500,18.33,
1,Maze001,5.538,3.2500,-0.9990,3.2500,18.33,
1,Maze001,5.542,3.2500,-0.9990,3.2500,18.33,
1,Maze001,5.547,3.2500,-0.9990,3.2500,18.33,
1,Maze001,5.550,3.2500,-0.9990,3.2500,18.33,
1,Maze001,5.554,3.2500,-0.9990,3.2500,18.33,
1,Maze001,5.559,3.2500,-0.9990,3.2500,18.33,
1,Maze001,5.563,3.2500,-0.9990,3.2500,18.33,
1,Maze001,5.567,3.2500,-0.9990,3.2500,18.33,
1,Maze001,5.571,3.2500,-0.9990,3.2500,18.33,
1,Maze001,5.575,3.2500,-0.9990,3.2500,18.33,
1,Maze001,5.579,3.2500,-0.9990,3.2500,18.33,
1,Maze001,5.584,3.2500,-0.9990,3.2500,18.33,
1,Maze001,5.588,3.2500,-0.9990,3.2500,18.33,
1,Maze001,5.592,3.2500,-0.9990,3.2500,18.33,
1,Maze001,5.596,3.2500,-0.9990,3.2500,18.33,
1,Maze001,5.600,3.2500,-0.9990,3.2500,18.33,
1,Maze001,5.604,3.2500,-0.9990,3.2500,18.33,
1,Maze001,5.609,3.2500,-0.9990,3.2500,18.33,
1,Maze001,5.613,3.2500,-0.9990,3.2500,18.33,
1,Maze001,5.617,3.2500,-0.9990,3.2500,18.33,
1,Maze001,5.621,3.2500,-0.9990,3.2500,18.33,
1,Maze001,5.625,3.2500,-0.9990,3.2500,18.33,
1,Maze001,5.629,3.2500,-0.9990,3.2500,18.33,
1,Maze001,5.634,3.2500,-0.9990,3.2500,18.33,
1,Maze001,5.638,3.2500,-0.9990,3.2500,18.33,
1,Maze001,5.642,3.2500,-0.9990,3.2500,18.33,
1,Maze001,5.646,3.2500,-0.9990,3.2500,18.33,
1,Maze001,5.650,3.2500,-0.9990,3.2500,18.33,
1,Maze001,5.654,3.2500,-0.9990,3.2500,18.33,
1,Maze001,5.658,3.2500,-0.9990,3.2500,18.33,
1,Maze001,5.663,3.2500,-0.9990,3.2500,18.33,
1,Maze001,5.667,3.2500,-0.9990,3.2500,18.33,
1,Maze001,5.671,3.2500,-0.9990,3.2500,18.33,
1,Maze001,5.675,3.2500,-0.9990,3.2500,18.33,
1,Maze001,5.680,3.2500,-0.9990,3.2500,18.33,
1,Maze001,5.683,3.2500,-0.9990,3.2500,18.33,
1,Maze001,5.688,3.2500,-0.9990,3.2500,18.33,
1,Maze001,5.692,3.2500,-0.9990,3.2500,18.33,
1,Maze001,5.696,3.2500,-0.9990,3.2500,18.33,
1,Maze001,5.701,3.2500,-0.9990,3.2500,18.33,
1,Maze001,5.704,3.2500,-0.9990,3.2500,18.33,
1,Maze001,5.709,3.2500,-0.9990,3.2500,18.33,
1,Maze001,5.713,3.2500,-0.9990,3.2500,18.33,
1,Maze001,5.717,3.2500,-0.9990,3.2500,18.33,
1,Maze001,5.721,3.2500,-0.9990,3.2500,18.33,
1,Maze001,5.725,3.2500,-0.9990,3.2500,18.33,
1,Maze001,5.729,3.2500,-0.9990,3.2500,18.33,
1,Maze001,5.734,3.2500,-0.9990,3.2500,18.33,
1,Maze001,5.738,3.2500,-0.9990,3.2500,18.33,
1,Maze001,5.742,3.2500,-0.9990,3.2500,18.33,
1,Maze001,5.747,3.2500,-0.9990,3.2500,18.33,
1,Maze001,5.750,3.2500,-0.9990,3.2500,18.33,
1,Maze001,5.754,3.2500,-0.9990,3.2500,18.33,
1,Maze001,5.758,3.2500,-0.9990,3.2500,18.33,
1,Maze001,5.763,3.2500,-0.9990,3.2500,18.33,
1,Maze001,5.767,3.2500,-0.9990,3.2500,18.33,
1,Maze001,5.771,3.2500,-0.9990,3.2500,18.33,
1,Maze001,5.775,3.2500,-0.9990,3.2500,18.33,
1,Maze001,5.779,3.2500,-0.9990,3.2500,18.33,
1,Maze001,5.784,3.2500,-0.9990,3.2500,18.33,
1,Maze001,5.788,3.2500,-0.9990,3.2500,18.33,
1,Maze001,5.792,3.2500,-0.9990,3.2500,18.33,
1,Maze001,5.796,3.2500,-0.9990,3.2500,18.33,
1,Maze001,5.800,3.2500,-0.9990,3.2500,18.33,
1,Maze001,5.804,3.2500,-0.9990,3.2500,18.33,
1,Maze001,5.808,3.2500,-0.9990,3.2500,18.33,
1,Maze001,5.813,3.2500,-0.9990,3.2500,18.33,
1,Maze001,5.817,3.2500,-0.9990,3.2500,18.33,
1,Maze001,5.821,3.2500,-0.9990,3.2500,18.33,
1,Maze001,5.825,3.2500,-0.9990,3.2500,18.33,
1,Maze001,5.829,3.2500,-0.9990,3.2500,18.33,
1,Maze001,5.834,3.2500,-0.9990,3.2500,18.33,
1,Maze001,5.838,3.2500,-0.9990,3.2500,18.33,
1,Maze001,5.842,3.2500,-0.9990,3.2500,18.33,
1,Maze001,5.846,3.2500,-0.9990,3.2500,18.33,
1,Maze001,5.850,3.2500,-0.9990,3.2500,18.33,
1,Maze001,5.854,3.2500,-0.9990,3.2500,18.33,
1,Maze001,5.859,3.2500,-0.9990,3.2500,18.33,
1,Maze001,5.863,3.2500,-0.9990,3.2500,18.33,
1,Maze001,5.867,3.2500,-0.9990,3.2500,18.33,
1,Maze001,5.871,3.2500,-0.9990,3.2500,18.33,
1,Maze001,5.875,3.2500,-0.9990,3.2500,18.33,
1,Maze001,5.879,3.2500,-0.9990,3.2500,18.33,
1,Maze001,5.884,3.2500,-0.9990,3.2500,18.33,
1,Maze001,5.888,3.2500,-0.9990,3.2500,18.33,
1,Maze001,5.892,3.2500,-0.9990,3.2500,18.33,
1,Maze001,5.896,3.2500,-0.9990,3.2500,18.33,
1,Maze001,5.900,3.2500,-0.9990,3.2500,18.33,
1,Maze001,5.904,3.2500,-0.9990,3.2500,18.33,
1,Maze001,5.908,3.2500,-0.9990,3.2500,18.33,
1,Maze001,5.913,3.2500,-0.9990,3.2500,18.33,
1,Maze001,5.917,3.2500,-0.9990,3.2500,18.33,
1,Maze001,5.921,3.2500,-0.9990,3.2500,18.33,
1,Maze001,5.925,3.2500,-0.9990,3.2500,18.33,
1,Maze001,5.929,3.2500,-0.9990,3.2500,18.33,
1,Maze001,5.934,3.2500,-0.9990,3.2500,18.33,
1,Maze001,5.938,3.2500,-0.9990,3.2500,18.33,
1,Maze001,5.942,3.2500,-0.9990,3.2500,18.33,
1,Maze001,5.948,3.2500,-0.9990,3.2500,18.33,
1,Maze001,6.154,3.2500,-0.9990,3.2500,18.33,
1,Maze001,6.159,3.2500,-0.9990,3.2500,18.33,
1,Maze001,6.163,3.2500,-0.9990,3.2500,18.33,
1,Maze001,6.369,3.2500,-0.9990,3.2500,18.33,
1,Maze001,6.376,3.2500,-0.9990,3.2500,18.33,
1,Maze001,6.379,3.2500,-0.9990,3.2500,18.33,
1,Maze001,6.586,3.2500,-0.9990,3.2500,18.33,
1,Maze001,6.589,3.2500,-0.9990,3.2500,18.33,
1,Maze001,6.596,3.2500,-0.9990,3.2500,18.33,
1,Maze001,6.600,3.2500,-0.9990,3.2500,18.33,
1,Maze001,6.604,3.2500,-0.9990,3.2500,18.33,
1,Maze001,6.609,3.2500,-0.9990,3.2500,18.33,
1,Maze001,6.613,3.2500,-0.9990,3.2500,18.33,
1,Maze001,6.617,3.2500,-0.9990,3.2500,18.33,
1,Maze001,6.623,3.2500,-0.9990,3.2500,18.33,
1,Maze001,6.630,3.2500,-0.9990,3.2500,18.33,
1,Maze001,6.634,3.2500,-0.9990,3.2500,18.33,
1,Maze001,6.639,3.2500,-0.9990,3.2500,18.33,
1,Maze001,6.642,3.2500,-0.9990,3.2500,18.33,
1,Maze001,6.646,3.2500,-0.9990,3.2500,18.33,
1,Maze001,6.650,3.2500,-0.9990,3.2500,18.33,
1,Maze001,6.654,3.2500,-0.9990,3.2500,18.33,
1,Maze001,6.658,3.2500,-0.9990,3.2500,18.33,
1,Maze001,6.663,3.2500,-0.9990,3.2500,18.33,
1,Maze001,6.667,3.2500,-0.9990,3.2500,18.33,
1,Maze001,6.671,3.2500,-0.9990,3.2500,18.33,
1,Maze001,6.675,3.2500,-0.9990,3.2500,18.33,
1,Maze001,6.679,3.2500,-0.9990,3.2500,18.33,
1,Maze001,6.684,3.2500,-0.9990,3.2500,18.33,
1,Maze001,6.688,3.2500,-0.9990,3.2500,18.33,
1,Maze001,6.692,3.2500,-0.9990,3.2500,18.33,
1,Maze001,6.696,3.2500,-0.9990,3.2500,18.33,
1,Maze001,6.700,3.2500,-0.9990,3.2500,18.33,
1,Maze001,6.704,3.2500,-0.9990,3.2500,18.33,
1,Maze001,6.709,3.2500,-0.9990,3.2500,18.33,
1,Maze001,6.713,3.2500,-0.9990,3.2500,18.33,
1,Maze001,6.717,3.2500,-0.9990,3.2500,18.33,
1,Maze001,6.721,3.2500,-0.9990,3.2500,18.33,
1,Maze001,6.725,3.2500,-0.9990,3.2500,18.33,
1,Maze001,6.729,3.2500,-0.9990,3.2500,18.33,
1,Maze001,6.733,3.2500,-0.9990,3.2500,18.33,
1,Maze001,6.738,3.2500,-0.9990,3.2500,18.33,
1,Maze001,6.742,3.2500,-0.9990,3.2500,18.33,
1,Maze001,6.746,3.2500,-0.9990,3.2500,18.33,
1,Maze001,6.750,3.2500,-0.9990,3.2500,18.33,
1,Maze001,6.754,3.2500,-0.9990,3.2500,18.33,
1,Maze001,6.758,3.2500,-0.9990,3.2500,18.33,
1,Maze001,6.763,3.2500,-0.9990,3.2500,18.33,
1,Maze001,6.767,3.2500,-0.9990,3.2500,18.33,
1,Maze001,6.771,3.2500,-0.9990,3.2500,18.33,
1,Maze001,6.775,3.2500,-0.9990,3.2500,18.33,
1,Maze001,6.779,3.2500,-0.9990,3.2500,18.33,
1,Maze001,6.784,3.2500,-0.9990,3.2500,18.33,
1,Maze001,6.788,3.2500,-0.9990,3.2500,18.33,
1,Maze001,6.792,3.2500,-0.9990,3.2500,18.33,
1,Maze001,6.796,3.2500,-0.9990,3.2500,18.33,
1,Maze001,6.800,3.2500,-0.9990,3.2500,18.33,
1,Maze001,6.804,3.2500,-0.9990,3.2500,18.33,
1,Maze001,6.808,3.2500,-0.9990,3.2500,18.33,
1,Maze001,6.812,3.2500,-0.9990,3.2500,18.33,
1,Maze001,6.817,3.2500,-0.9990,3.2500,18.33,
1,Maze001,6.821,3.2500,-0.9990,3.2500,18.33,
1,Maze001,6.825,3.2500,-0.9990,3.2500,18.33,
1,Maze001,6.829,3.2500,-0.9990,3.2500,18.33,
1,Maze001,6.833,3.2500,-0.9990,3.2500,18.33,
1,Maze001,6.838,3.2500,-0.9990,3.2500,18.33,
1,Maze001,6.842,3.2500,-0.9990,3.2500,18.33,
1,Maze001,6.846,3.2500,-0.9990,3.2500,18.33,
1,Maze001,6.851,3.2500,-0.9990,3.2500,18.33,
1,Maze001,6.854,3.2500,-0.9990,3.2500,18.33,
1,Maze001,6.858,3.2500,-0.9990,3.2500,18.33,
1,Maze001,6.863,3.2500,-0.9990,3.2500,18.33,
1,Maze001,6.867,3.2500,-0.9990,3.2500,18.33,
1,Maze001,6.871,3.2500,-0.9990,3.2500,18.33,
1,Maze001,6.875,3.2500,-0.9990,3.2500,18.33,
1,Maze001,6.879,3.2500,-0.9990,3.2500,18.33,
1,Maze001,6.884,3.2500,-0.9990,3.2500,18.33,
1,Maze001,6.888,3.2500,-0.9990,3.2500,18.33,
1,Maze001,6.892,3.2500,-0.9990,3.2500,18.33,
1,Maze001,6.896,3.2500,-0.9990,3.2500,18.33,
1,Maze001,6.900,3.2500,-0.9990,3.2500,18.33,
1,Maze001,6.904,3.2500,-0.9990,3.2500,18.33,
1,Maze001,6.909,3.2500,-0.9990,3.2500,18.33,
1,Maze001,6.913,3.2500,-0.9990,3.2500,18.33,
1,Maze001,6.917,3.2500,-0.9990,3.2500,18.33,
1,Maze001,6.921,3.2500,-0.9990,3.2500,18.33,
1,Maze001,6.925,3.2500,-0.9990,3.2500,18.33,
1,Maze001,6.929,3.2500,-0.9990,3.2500,18.33,
1,Maze001,6.933,3.2500,-0.9990,3.2500,18.33,
1,Maze001,6.937,3.2500,-0.9990,3.2500,18.33,
1,Maze001,6.941,3.2500,-0.9990,3.2500,18.33,
1,Maze001,6.946,3.2500,-0.9990,3.2500,18.33,
1,Maze001,6.950,3.2500,-0.9990,3.2500,18.33,
1,Maze001,6.954,3.2500,-0.9990,3.2500,18.33,
1,Maze001,6.958,3.2500,-0.9990,3.2500,18.33,
1,Maze001,6.963,3.2500,-0.9990,3.2500,18.33,
1,Maze001,6.966,3.2500,-0.9990,3.2500,18.33,
1,Maze001,6.971,3.2500,-0.9990,3.2500,18.33,
1,Maze001,6.975,3.2500,-0.9990,3.2500,18.33,
1,Maze001,6.979,3.2500,-0.9990,3.2500,18.33,
1,Maze001,6.983,3.2500,-0.9990,3.2500,18.33,
1,Maze001,6.988,3.2500,-0.9990,3.2500,18.33,
1,Maze001,6.992,3.2500,-0.9990,3.2500,18.33,
1,Maze001,6.996,3.2500,-0.9990,3.2500,18.33,
1,Maze001,7.000,3.2500,-0.9990,3.2500,18.33,
1,Maze001,7.004,3.2500,-0.9990,3.2500,18.33,
1,Maze001,7.009,3.2500,-0.9990,3.2500,18.33,
1,Maze001,7.013,3.2500,-0.9990,3.2500,18.33,
1,Maze001,7.017,3.2500,-0.9990,3.2500,18.33,
1,Maze001,7.021,3.2500,-0.9990,3.2500,18.33,
1,Maze001,7.025,3.2500,-0.9990,3.2500,18.33,
1,Maze001,7.029,3.2500,-0.9990,3.2500,18.33,
1,Maze001,7.034,3.2500,-0.9990,3.2500,18.33,
1,Maze001,7.038,3.2500,-0.9990,3.2500,18.33,
1,Maze001,7.042,3.2500,-0.9990,3.2500,18.33,
1,Maze001,7.046,3.2500,-0.9990,3.2500,18.33,
1,Maze001,7.050,3.2500,-0.9990,3.2500,18.33,
1,Maze001,7.054,3.2500,-0.9990,3.2500,18.33,
1,Maze001,7.058,3.2500,-0.9990,3.2500,18.33,
1,Maze001,7.063,3.2500,-0.9990,3.2500,18.33,
1,Maze001,7.067,3.2500,-0.9990,3.2500,18.33,
1,Maze001,7.071,3.2500,-0.9990,3.2500,18.33,
1,Maze001,7.075,3.2500,-0.9990,3.2500,18.33,
1,Maze001,7.079,3.2500,-0.9990,3.2500,18.33,
1,Maze001,7.083,3.2500,-0.9990,3.2500,18.33,
1,Maze001,7.087,3.2500,-0.9990,3.2500,18.33,
1,Maze001,7.092,3.2500,-0.9990,3.2500,18.33,
1,Maze001,7.096,3.2500,-0.9990,3.2500,18.33,
1,Maze001,7.100,3.2500,-0.9990,3.2500,18.33,
1,Maze001,7.104,3.2500,-0.9990,3.2500,18.33,
1,Maze001,7.108,3.2500,-0.9990,3.2500,18.33,
1,Maze001,7.112,3.2500,-0.9990,3.2500,18.33,
1,Maze001,7.117,3.2500,-0.9990,3.2500,18.33,
1,Maze001,7.121,3.2500,-0.9990,3.2500,18.33,
1,Maze001,7.125,3.2500,-0.9990,3.2500,18.33,
1,Maze001,7.129,3.2500,-0.9990,3.2500,18.33,
1,Maze001,7.133,3.2500,-0.9990,3.2500,18.33,
1,Maze001,7.138,3.2500,-0.9990,3.2500,18.33,
1,Maze001,7.142,3.2500,-0.9990,3.2500,18.33,
1,Maze001,7.146,3.2500,-0.9990,3.2500,18.33,
1,Maze001,7.150,3.2500,-0.9990,3.2500,18.33,
1,Maze001,7.154,3.2500,-0.9990,3.2500,18.33,
1,Maze001,7.158,3.2500,-0.9990,3.2500,18.33,
1,Maze001,7.163,3.2500,-0.9990,3.2500,18.33,
1,Maze001,7.167,3.2500,-0.9990,3.2500,18.33,
1,Maze001,7.171,3.2500,-0.9990,3.2500,18.33,
1,Maze001,7.175,3.2500,-0.9990,3.2500,18.33,
1,Maze001,7.179,3.2500,-0.9990,3.2500,18.33,
1,Maze001,7.184,3.2500,-0.9990,3.2500,18.33,
1,Maze001,7.188,3.2500,-0.9990,3.2500,18.33,
1,Maze001,7.192,3.2500,-0.9990,3.2500,18.33,
1,Maze001,7.196,3.2500,-0.9990,3.2500,18.33,
1,Maze001,7.200,3.2500,-0.9990,3.2500,18.33,
1,Maze001,7.204,3.2500,-0.9990,3.2500,18.33,
1,Maze001,7.208,3.2500,-0.9990,3.2500,18.33,
1,Maze001,7.213,3.2500,-0.9990,3.2500,18.33,
1,Maze001,7.217,3.2500,-0.9990,3.2500,18.33,
1,Maze001,7.221,3.2500,-0.9990,3.2500,18.33,
1,Maze001,7.225,3.2500,-0.9990,3.2500,18.33,
1,Maze001,7.229,3.2500,-0.9990,3.2500,18.33,
1,Maze001,7.233,3.2500,-0.9990,3.2500,18.33,
1,Maze001,7.238,3.2500,-0.9990,3.2500,18.33,
1,Maze001,7.242,3.2500,-0.9990,3.2500,18.33,
1,Maze001,7.246,3.2500,-0.9990,3.2500,18.33,
1,Maze001,7.250,3.2500,-0.9990,3.2500,18.33,
1,Maze001,7.254,3.2500,-0.9990,3.2500,18.33,
1,Maze001,7.259,3.2500,-0.9990,3.2500,18.33,
1,Maze001,7.264,3.2500,-0.9990,3.2500,18.33,
1,Maze001,7.271,3.2500,-0.9990,3.2500,18.33,
1,Maze001,7.275,3.2500,-0.9990,3.2500,18.33,
1,Maze001,7.279,3.2500,-0.9990,3.2500,18.33,
1,Maze001,7.283,3.2500,-0.9990,3.2500,18.33,
1,Maze001,7.288,3.2500,-0.9990,3.2500,18.33,
1,Maze001,7.292,3.2500,-0.9990,3.2500,18.33,
1,Maze001,7.296,3.2500,-0.9990,3.2500,18.33,
1,Maze001,7.300,3.2500,-0.9990,3.2500,18.33,
1,Maze001,7.304,3.2500,-0.9990,3.2500,18.33,
1,Maze001,7.309,3.2500,-0.9990,3.2500,18.33,
1,Maze001,7.313,3.2500,-0.9990,3.2500,18.33,
1,Maze001,7.317,3.2500,-0.9990,3.2500,18.33,
1,Maze001,7.321,3.2500,-0.9990,3.2500,18.33,
1,Maze001,7.325,3.2500,-0.9990,3.2500,18.33,
1,Maze001,7.329,3.2500,-0.9990,3.2500,18.33,
1,Maze001,7.333,3.2500,-0.9990,3.2500,18.33,
1,Maze001,7.338,3.2500,-0.9990,3.2500,18.33,
1,Maze001,7.342,3.2500,-0.9990,3.2500,18.33,
1,Maze001,7.346,3.2500,-0.9990,3.2500,18.33,
1,Maze001,7.350,3.2500,-0.9990,3.2500,18.33,
1,Maze001,7.354,3.2500,-0.9990,3.2500,18.33,
1,Maze001,7.358,3.2500,-0.9990,3.2500,18.33,
1,Maze001,7.362,3.2500,-0.9990,3.2500,18.33,
1,Maze001,7.367,3.2500,-0.9990,3.2500,18.33,
1,Maze001,7.371,3.2500,-0.9990,3.2500,18.33,
1,Maze001,7.375,3.2500,-0.9990,3.2500,18.33,
1,Maze001,7.379,3.2500,-0.9990,3.2500,18.33,
1,Maze001,7.383,3.2500,-0.9990,3.2500,18.33,
1,Maze001,7.388,3.2500,-0.9990,3.2500,18.33,
1,Maze001,7.392,3.2500,-0.9990,3.2500,18.33,
1,Maze001,7.396,3.2500,-0.9990,3.2500,18.33,
1,Maze001,7.400,3.2500,-0.9990,3.2500,18.33,
1,Maze001,7.404,3.2500,-0.9990,3.2500,18.33,
1,Maze001,7.408,3.2500,-0.9990,3.2500,18.33,
1,Maze001,7.413,3.2500,-0.9990,3.2500,18.33,
1,Maze001,7.417,3.2500,-0.9990,3.2500,18.33,
1,Maze001,7.421,3.2500,-0.9990,3.2500,18.33,
1,Maze001,7.425,3.2500,-0.9990,3.2500,18.33,
1,Maze001,7.429,3.2500,-0.9990,3.2500,18.33,
1,Maze001,7.433,3.2500,-0.9990,3.2500,18.33,
1,Maze001,7.437,3.2500,-0.9990,3.2500,18.33,
1,Maze001,7.442,3.2500,-0.9990,3.2500,18.33,
1,Maze001,7.446,3.2500,-0.9990,3.2500,18.33,
1,Maze001,7.450,3.2500,-0.9990,3.2500,18.33,
1,Maze001,7.454,3.2500,-0.9990,3.2500,18.33,
1,Maze001,7.458,3.2500,-0.9990,3.2500,18.33,
1,Maze001,7.463,3.2500,-0.9990,3.2500,18.33,
1,Maze001,7.467,3.2500,-0.9990,3.2500,18.33,
1,Maze001,7.471,3.2500,-0.9990,3.2500,18.33,
1,Maze001,7.475,3.2500,-0.9990,3.2500,18.33,
1,Maze001,7.480,3.2500,-0.9990,3.2500,18.33,
1,Maze001,7.484,3.2500,-0.9990,3.2500,18.33,
1,Maze001,7.489,3.2500,-0.9990,3.2500,18.33,
1,Maze001,7.492,3.2500,-0.9990,3.2500,18.33,
1,Maze001,7.496,3.2500,-0.9990,3.2500,18.33,
1,Maze001,7.500,3.2500,-0.9990,3.2500,18.33,
1,Maze001,7.504,3.2500,-0.9990,3.2500,18.33,
1,Maze001,7.508,3.2500,-0.9990,3.2500,18.33,
1,Maze001,7.513,3.2500,-0.9990,3.2500,18.33,
1,Maze001,7.517,3.2500,-0.9990,3.2500,18.33,
1,Maze001,7.521,3.2500,-0.9990,3.2500,18.33,
1,Maze001,7.525,3.2500,-0.9990,3.2500,18.33,
1,Maze001,7.529,3.2500,-0.9990,3.2500,18.33,
1,Maze001,7.533,3.2500,-0.9990,3.2500,18.33,
1,Maze001,7.538,3.2500,-0.9990,3.2500,18.33,
1,Maze001,7.542,3.2500,-0.9990,3.2500,18.33,
1,Maze001,7.546,3.2500,-0.9990,3.2500,18.33,
1,Maze001,7.550,3.2500,-0.9990,3.2500,18.33,
1,Maze001,7.554,3.2500,-0.9990,3.2500,18.33,
1,Maze001,7.558,3.2500,-0.9990,3.2500,18.33,
1,Maze001,7.563,3.2500,-0.9990,3.2500,18.33,
1,Maze001,7.567,3.2500,-0.9990,3.2500,18.33,
1,Maze001,7.571,3.2500,-0.9990,3.2500,18.33,
1,Maze001,7.575,3.2500,-0.9990,3.2500,18.33,
1,Maze001,7.579,3.2500,-0.9990,3.2500,18.33,
1,Maze001,7.583,3.2500,-0.9990,3.2500,18.33,
1,Maze001,7.587,3.2500,-0.9990,3.2500,18.33,
1,Maze001,7.592,3.2500,-0.9990,3.2500,18.33,
1,Maze001,7.596,3.2500,-0.9990,3.2500,18.33,
1,Maze001,7.600,3.2500,-0.9990,3.2500,18.33,
1,Maze001,7.604,3.2500,-0.9990,3.2500,18.33,
1,Maze001,7.608,3.2500,-0.9990,3.2500,18.33,
1,Maze001,7.613,3.2500,-0.9990,3.2500,18.33,
1,Maze001,7.617,3.2500,-0.9990,3.2500,18.33,
1,Maze001,7.621,3.2500,-0.9990,3.2500,18.33,
1,Maze001,7.625,3.2500,-0.9990,3.2500,18.33,
1,Maze001,7.629,3.2500,-0.9990,3.2500,18.33,
1,Maze001,7.634,3.2500,-0.9990,3.2500,18.33,
1,Maze001,7.637,3.2500,-0.9990,3.2500,18.33,
1,Maze001,7.642,3.2500,-0.9990,3.2500,18.33,
1,Maze001,7.646,3.2500,-0.9990,3.2500,18.33,
1,Maze001,7.650,3.2500,-0.9990,3.2500,18.33,
1,Maze001,7.654,3.2500,-0.9990,3.2500,18.33,
1,Maze001,7.658,3.2500,-0.9990,3.2500,18.33,
1,Maze001,7.662,3.2500,-0.9990,3.2500,18.33,
1,Maze001,7.666,3.2500,-0.9990,3.2500,18.33,
1,Maze001,7.671,3.2500,-0.9990,3.2500,18.33,
1,Maze001,7.675,3.2500,-0.9990,3.2500,18.33,
1,Maze001,7.679,3.2500,-0.9990,3.2500,18.33,
1,Maze001,7.683,3.2500,-0.9990,3.2500,18.33,
1,Maze001,7.687,3.2500,-0.9990,3.2500,18.33,
1,Maze001,7.692,3.2500,-0.9990,3.2500,18.33,
1,Maze001,7.696,3.2500,-0.9990,3.2500,18.33,
1,Maze001,7.700,3.2500,-0.9990,3.2500,18.33,
1,Maze001,7.704,3.2500,-0.9990,3.2500,18.33,
1,Maze001,7.708,3.2500,-0.9990,3.2500,18.33,
1,Maze001,7.712,3.2500,-0.9990,3.2500,18.33,
1,Maze001,7.717,3.2500,-0.9990,3.2500,18.33,
1,Maze001,7.721,3.2500,-0.9990,3.2500,18.33,
1,Maze001,7.725,3.2500,-0.9990,3.2500,18.33,
1,Maze001,7.729,3.2500,-0.9990,3.2500,18.33,
1,Maze001,7.733,3.2500,-0.9990,3.2500,18.33,
1,Maze001,7.738,3.2500,-0.9990,3.2500,18.33,
1,Maze001,7.742,3.2500,-0.9990,3.2500,18.33,
1,Maze001,7.746,3.2500,-0.9990,3.2500,18.33,
1,Maze001,7.750,3.2500,-0.9990,3.2500,18.33,
1,Maze001,7.754,3.2500,-0.9990,3.2500,18.33,
1,Maze001,7.758,3.2500,-0.9990,3.2500,18.33,
1,Maze001,7.762,3.2500,-0.9990,3.2500,18.33,
1,Maze001,7.767,3.2500,-0.9990,3.2500,18.33,
1,Maze001,7.771,3.2500,-0.9990,3.2500,18.33,
1,Maze001,7.775,3.2500,-0.9990,3.2500,18.33,
1,Maze001,7.779,3.2500,-0.9990,3.2500,18.33,
1,Maze001,7.783,3.2500,-0.9990,3.2500,18.33,
1,Maze001,7.788,3.2500,-0.9990,3.2500,18.33,
1,Maze001,7.792,3.2500,-0.9990,3.2500,18.33,
1,Maze001,7.796,3.2500,-0.9990,3.2500,18.33,
1,Maze001,7.800,3.2500,-0.9990,3.2500,18.33,
1,Maze001,7.804,3.2500,-0.9990,3.2500,18.33,
1,Maze001,7.808,3.2500,-0.9990,3.2500,18.33,
1,Maze001,7.812,3.2500,-0.9990,3.2500,18.33,
1,Maze001,7.817,3.2500,-0.9990,3.2500,18.33,
1,Maze001,7.821,3.2500,-0.9990,3.2500,18.33,
1,Maze001,7.825,3.2500,-0.9990,3.2500,18.33,
1,Maze001,7.829,3.2500,-0.9990,3.2500,18.33,
1,Maze001,7.833,3.2500,-0.9990,3.2500,18.33,
1,Maze001,7.837,3.2500,-0.9990,3.2500,18.33,
1,Maze001,7.841,3.2500,-0.9990,3.2500,18.33,
1,Maze001,7.846,3.2500,-0.9990,3.2500,18.33,
1,Maze001,7.850,3.2500,-0.9990,3.2500,18.33,
1,Maze001,7.854,3.2500,-0.9990,3.2500,18.33,
1,Maze001,7.858,3.2500,-0.9990,3.2500,18.33,
1,Maze001,7.863,3.2500,-0.9990,3.2500,18.33,
1,Maze001,7.867,3.2500,-0.9990,3.2500,18.33,
1,Maze001,7.871,3.2500,-0.9990,3.2500,18.33,
1,Maze001,7.875,3.2500,-0.9990,3.2500,18.33,
1,Maze001,7.879,3.2500,-0.9990,3.2500,18.33,
1,Maze001,7.883,3.2500,-0.9990,3.2500,18.33,
1,Maze001,7.887,3.2500,-0.9990,3.2500,18.33,
1,Maze001,7.892,3.2500,-0.9990,3.2500,18.33,
1,Maze001,7.896,3.2500,-0.9990,3.2500,18.33,
1,Maze001,7.900,3.2500,-0.9990,3.2500,18.33,
1,Maze001,7.904,3.2500,-0.9990,3.2500,18.33,
1,Maze001,7.908,3.2500,-0.9990,3.2500,18.33,
1,Maze001,7.912,3.2500,-0.9990,3.2500,18.33,
1,Maze001,7.917,3.2500,-0.9990,3.2500,18.33,
1,Maze001,7.921,3.2500,-0.9990,3.2500,18.33,
1,Maze001,7.925,3.2500,-0.9990,3.2500,18.33,
1,Maze001,7.929,3.2500,-0.9990,3.2500,18.33,
1,Maze001,7.933,3.2500,-0.9990,3.2500,18.33,
1,Maze001,7.937,3.2500,-0.9990,3.2500,18.33,
1,Maze001,7.942,3.2500,-0.9990,3.2500,18.33,
1,Maze001,7.946,3.2500,-0.9990,3.2500,18.33,
1,Maze001,7.950,3.2500,-0.9990,3.2500,18.33,
1,Maze001,7.954,3.2500,-0.9990,3.2500,18.33,
1,Maze001,7.958,3.2500,-0.9990,3.2500,18.33,
1,Maze001,7.962,3.2500,-0.9990,3.2500,18.33,
1,Maze001,7.966,3.2500,-0.9990,3.2500,18.33,
1,Maze001,7.971,3.2500,-0.9990,3.2500,18.33,
1,Maze001,7.975,3.2500,-0.9990,3.2500,18.33,
1,Maze001,7.979,3.2500,-0.9990,3.2500,18.33,
1,Maze001,7.983,3.2500,-0.9990,3.2500,18.33,
1,Maze001,7.987,3.2500,-0.9990,3.2500,18.33,
1,Maze001,7.992,3.2500,-0.9990,3.2500,18.33,
1,Maze001,7.996,3.2500,-0.9990,3.2500,18.33,
1,Maze001,8.000,3.2500,-0.9990,3.2500,18.33,
1,Maze001,8.004,3.2500,-0.9990,3.2500,18.33,
1,Maze001,8.009,3.2500,-0.9990,3.2500,18.33,
1,Maze001,8.013,3.2500,-0.9990,3.2500,18.33,
1,Maze001,8.017,3.2500,-0.9990,3.2500,18.33,
1,Maze001,8.021,3.2500,-0.9990,3.2500,18.33,
1,Maze001,8.025,3.2500,-0.9990,3.2500,18.33,
1,Maze001,8.029,3.2500,-0.9990,3.2500,18.33,
1,Maze001,8.033,3.2500,-0.9990,3.2500,18.33,
1,Maze001,8.038,3.2500,-0.9990,3.2500,18.33,
1,Maze001,8.041,3.2500,-0.9990,3.2500,18.33,
1,Maze001,8.046,3.2500,-0.9990,3.2500,18.33,
1,Maze001,8.050,3.2500,-0.9990,3.2500,18.33,
1,Maze001,8.054,3.2500,-0.9990,3.2500,18.33,
1,Maze001,8.058,3.2500,-0.9990,3.2500,18.33,
1,Maze001,8.062,3.2500,-0.9990,3.2500,18.33,
1,Maze001,8.067,3.2500,-0.9990,3.2500,18.33,
1,Maze001,8.071,3.2500,-0.9990,3.2500,18.33,
1,Maze001,8.075,3.2500,-0.9990,3.2500,18.33,
1,Maze001,8.079,3.2500,-0.9990,3.2500,18.33,
1,Maze001,8.083,3.2500,-0.9990,3.2500,18.33,
1,Maze001,8.087,3.2500,-0.9990,3.2500,18.33,
1,Maze001,8.092,3.2500,-0.9990,3.2500,18.33,
1,Maze001,8.096,3.2500,-0.9990,3.2500,18.33,
1,Maze001,8.100,3.2500,-0.9990,3.2500,18.33,
1,Maze001,8.104,3.2500,-0.9990,3.2500,18.33,
1,Maze001,8.108,3.2500,-0.9990,3.2500,18.33,
1,Maze001,8.113,3.2500,-0.9990,3.2500,18.33,
1,Maze001,8.117,3.2500,-0.9990,3.2500,18.33,
1,Maze001,8.121,3.2500,-0.9990,3.2500,18.33,
1,Maze001,8.125,3.2500,-0.9990,3.2500,18.33,
1,Maze001,8.129,3.2500,-0.9990,3.2500,18.33,
1,Maze001,8.133,3.2500,-0.9990,3.2500,18.33,
1,Maze001,8.137,3.2500,-0.9990,3.2500,18.33,
1,Maze001,8.142,3.2500,-0.9990,3.2500,18.33,
1,Maze001,8.146,3.2500,-0.9990,3.2500,18.33,
1,Maze001,8.150,3.2500,-0.9990,3.2500,18.33,
1,Maze001,8.154,3.2500,-0.9990,3.2500,18.33,
1,Maze001,8.158,3.2500,-0.9990,3.2500,18.33,
1,Maze001,8.162,3.2500,-0.9990,3.2500,18.33,
1,Maze001,8.167,3.2500,-0.9990,3.2500,18.33,
1,Maze001,8.170,3.2500,-0.9990,3.2500,18.33,
1,Maze001,8.175,3.2500,-0.9990,3.2500,18.33,
1,Maze001,8.180,3.2500,-0.9990,3.2500,18.33,
1,Maze001,8.183,3.2500,-0.9990,3.2500,18.33,
1,Maze001,8.187,3.2500,-0.9990,3.2500,18.33,
1,Maze001,8.192,3.2500,-0.9990,3.2500,18.33,
1,Maze001,8.196,3.2500,-0.9990,3.2500,18.33,
1,Maze001,8.200,3.2500,-0.9990,3.2500,18.33,
1,Maze001,8.204,3.2500,-0.9990,3.2500,18.33,
1,Maze001,8.208,3.2500,-0.9990,3.2500,18.33,
1,Maze001,8.212,3.2500,-0.9990,3.2500,18.33,
1,Maze001,8.217,3.2500,-0.9990,3.2500,18.33,
1,Maze001,8.221,3.2500,-0.9990,3.2500,18.33,
1,Maze001,8.225,3.2500,-0.9990,3.2500,18.33,
1,Maze001,8.229,3.2500,-0.9990,3.2500,18.33,
1,Maze001,8.233,3.2500,-0.9990,3.2500,18.33,
1,Maze001,8.237,3.2500,-0.9990,3.2500,18.33,
1,Maze001,8.241,3.2500,-0.9990,3.2500,18.33,
1,Maze001,8.246,3.2500,-0.9990,3.2500,18.33,
1,Maze001,8.250,3.2500,-0.9990,3.2500,18.33,
1,Maze001,8.254,3.2500,-0.9990,3.2500,18.33,
1,Maze001,8.258,3.2500,-0.9990,3.2500,18.33,
1,Maze001,8.263,3.2500,-0.9990,3.2500,18.33,
1,Maze001,8.267,3.2500,-0.9990,3.2500,18.33,
1,Maze001,8.271,3.2500,-0.9990,3.2500,18.33,
1,Maze001,8.275,3.2500,-0.9990,3.2500,18.33,
1,Maze001,8.279,3.2500,-0.9990,3.2500,18.33,
1,Maze001,8.283,3.2500,-0.9990,3.2500,18.33,
1,Maze001,8.287,3.2500,-0.9990,3.2500,18.33,
1,Maze001,8.292,3.2500,-0.9990,3.2500,18.33,
1,Maze001,8.296,3.2500,-0.9990,3.2500,18.33,
1,Maze001,8.300,3.2500,-0.9990,3.2500,18.33,
1,Maze001,8.304,3.2500,-0.9990,3.2500,18.33,
1,Maze001,8.308,3.2500,-0.9990,3.2500,18.33,
1,Maze001,8.312,3.2500,-0.9990,3.2500,18.33,
1,Maze001,8.317,3.2500,-0.9990,3.2500,18.33,
1,Maze001,8.321,3.2500,-0.9990,3.2500,18.33,
1,Maze001,8.325,3.2500,-0.9990,3.2500,18.33,
1,Maze001,8.329,3.2500,-0.9990,3.2500,18.33,
1,Maze001,8.333,3.2500,-0.9990,3.2500,18.33,
1,Maze001,8.337,3.2500,-0.9990,3.2500,18.33,
1,Maze001,8.341,3.2500,-0.9990,3.2500,18.33,
1,Maze001,8.345,3.2500,-0.9990,3.2500,18.33,
1,Maze001,8.350,3.2500,-0.9990,3.2500,18.33,
1,Maze001,8.354,3.2500,-0.9990,3.2500,18.33,
1,Maze001,8.358,3.2500,-0.9990,3.2500,18.33,
1,Maze001,8.363,3.2500,-0.9990,3.2500,18.33,
1,Maze001,8.367,3.2500,-0.9990,3.2500,18.33,
1,Maze001,8.371,3.2500,-0.9990,3.2500,18.33,
1,Maze001,8.375,3.2500,-0.9990,3.2500,18.33,
1,Maze001,8.379,3.2500,-0.9990,3.2500,18.33,
1,Maze001,8.383,3.2500,-0.9990,3.2500,18.33,
1,Maze001,8.387,3.2500,-0.9990,3.2500,18.33,
1,Maze001,8.391,3.2500,-0.9990,3.2500,18.33,
1,Maze001,8.396,3.2500,-0.9990,3.2500,18.33,
1,Maze001,8.400,3.2500,-0.9990,3.2500,18.33,
1,Maze001,8.404,3.2500,-0.9990,3.2500,18.33,
1,Maze001,8.408,3.2500,-0.9990,3.2500,18.33,
1,Maze001,8.412,3.2500,-0.9990,3.2500,18.33,
1,Maze001,8.416,3.2500,-0.9990,3.2500,18.33,
1,Maze001,8.421,3.2500,-0.9990,3.2500,18.33,
1,Maze001,8.425,3.2500,-0.9990,3.2500,18.33,
1,Maze001,8.429,3.2500,-0.9990,3.2500,18.33,
1,Maze001,8.433,3.2500,-0.9990,3.2500,18.33,
1,Maze001,8.437,3.2500,-0.9990,3.2500,18.33,
1,Maze001,8.441,3.2500,-0.9990,3.2500,18.33,
1,Maze001,8.445,3.2500,-0.9990,3.2500,18.33,
1,Maze001,8.450,3.2500,-0.9990,3.2500,18.33,
1,Maze001,8.454,3.2500,-0.9990,3.2500,18.33,
1,Maze001,8.458,3.2500,-0.9990,3.2500,18.33,
1,Maze001,8.462,3.2500,-0.9990,3.2500,18.33,
1,Maze001,8.466,3.2500,-0.9990,3.2500,18.33,
1,Maze001,8.470,3.2500,-0.9990,3.2500,18.33,
1,Maze001,8.475,3.2500,-0.9990,3.2500,18.33,
1,Maze001,8.479,3.2500,-0.9990,3.2500,18.33,
1,Maze001,8.483,3.2500,-0.9990,3.2500,18.33,
1,Maze001,8.487,3.2500,-0.9990,3.2500,18.33,
1,Maze001,8.491,3.2500,-0.9990,3.2500,18.33,
1,Maze001,8.496,3.2500,-0.9990,3.2500,18.33,
1,Maze001,8.500,3.2500,-0.9990,3.2500,18.33,
1,Maze001,8.504,3.2500,-0.9990,3.2500,18.33,
1,Maze001,8.508,3.2500,-0.9990,3.2500,18.33,
1,Maze001,8.512,3.2500,-0.9990,3.2500,18.33,
1,Maze001,8.517,3.2500,-0.9990,3.2500,18.33,
1,Maze001,8.521,3.2500,-0.9990,3.2500,18.33,
1,Maze001,8.525,3.2500,-0.9990,3.2500,18.33,
1,Maze001,8.529,3.2500,-0.9990,3.2500,18.33,
1,Maze001,8.533,3.2500,-0.9990,3.2500,18.33,
1,Maze001,8.537,3.2500,-0.9990,3.2500,18.33,
1,Maze001,8.542,3.2500,-0.9990,3.2500,18.33,
1,Maze001,8.546,3.2500,-0.9990,3.2500,18.33,
1,Maze001,8.550,3.2500,-0.9990,3.2500,18.33,
1,Maze001,8.554,3.2500,-0.9990,3.2500,18.33,
1,Maze001,8.558,3.2500,-0.9990,3.2500,18.33,
1,Maze001,8.562,3.2500,-0.9990,3.2500,18.33,
1,Maze001,8.567,3.2500,-0.9990,3.2500,18.33,
1,Maze001,8.571,3.2500,-0.9990,3.2500,18.33,
1,Maze001,8.575,3.2500,-0.9990,3.2500,18.33,
1,Maze001,8.579,3.2500,-0.9990,3.2500,18.33,
1,Maze001,8.583,3.2500,-0.9990,3.2500,18.33,
1,Maze001,8.588,3.2500,-0.9990,3.2500,18.33,
1,Maze001,8.592,3.2500,-0.9990,3.2500,18.33,
1,Maze001,8.596,3.2500,-0.9990,3.2500,18.33,
1,Maze001,8.600,3.2500,-0.9990,3.2500,18.33,
1,Maze001,8.604,3.2500,-0.9990,3.2500,18.33,
1,Maze001,8.608,3.2500,-0.9990,3.2500,18.33,
1,Maze001,8.612,3.2500,-0.9990,3.2500,18.33,
1,Maze001,8.617,3.2500,-0.9990,3.2500,18.33,
1,Maze001,8.621,3.2500,-0.9990,3.2500,18.33,
1,Maze001,8.625,3.2500,-0.9990,3.2500,18.33,
1,Maze001,8.629,3.2500,-0.9990,3.2500,18.33,
1,Maze001,8.633,3.2500,-0.9990,3.2500,18.33,
1,Maze001,8.637,3.2500,-0.9990,3.2500,18.33,
1,Maze001,8.641,3.2500,-0.9990,3.2500,18.33,
1,Maze001,8.646,3.2500,-0.9990,3.2500,18.33,
1,Maze001,8.650,3.2500,-0.9990,3.2500,18.33,
1,Maze001,8.654,3.2500,-0.9990,3.2500,18.33,
1,Maze001,8.659,3.2500,-0.9990,3.2500,18.33,
1,Maze001,8.663,3.2500,-0.9990,3.2500,18.33,
1,Maze001,8.667,3.2500,-0.9990,3.2500,18.33,
1,Maze001,8.671,3.2500,-0.9990,3.2500,18.33,
1,Maze001,8.675,3.2500,-0.9990,3.2500,18.33,
1,Maze001,8.679,3.2500,-0.9990,3.2500,18.33,
1,Maze001,8.683,3.2500,-0.9990,3.2500,18.33,
1,Maze001,8.687,3.2500,-0.9990,3.2500,18.33,
1,Maze001,8.691,3.2500,-0.9990,3.2500,18.33,
1,Maze001,8.696,3.2500,-0.9990,3.2500,18.33,
1,Maze001,8.700,3.2500,-0.9990,3.2500,18.33,
1,Maze001,8.704,3.2500,-0.9990,3.2500,18.33,
1,Maze001,8.708,3.2500,-0.9990,3.2500,18.33,
1,Maze001,8.712,3.2500,-0.9990,3.2500,18.33,
1,Maze001,8.716,3.2500,-0.9990,3.2500,18.33,
1,Maze001,8.721,3.2500,-0.9990,3.2500,18.33,
1,Maze001,8.725,3.2500,-0.9990,3.2500,18.33,
1,Maze001,8.729,3.2500,-0.9990,3.2500,18.33,
1,Maze001,8.733,3.2500,-0.9990,3.2500,18.33,
1,Maze001,8.737,3.2500,-0.9990,3.2500,18.33,
1,Maze001,8.741,3.2500,-0.9990,3.2500,18.33,
1,Maze001,8.746,3.2500,-0.9990,3.2500,18.33,
1,Maze001,8.750,3.2500,-0.9990,3.2500,18.33,
1,Maze001,8.754,3.2500,-0.9990,3.2500,18.33,
1,Maze001,8.758,3.2500,-0.9990,3.2500,18.33,
1,Maze001,8.762,3.2500,-0.9990,3.2500,18.33,
1,Maze001,8.767,3.2500,-0.9990,3.2500,18.33,
1,Maze001,8.771,3.2500,-0.9990,3.2500,18.33,
1,Maze001,8.775,3.2500,-0.9990,3.2500,18.33,
1,Maze001,8.779,3.2500,-0.9990,3.2500,18.33,
1,Maze001,8.783,3.2500,-0.9990,3.2500,18.33,
1,Maze001,8.787,3.2500,-0.9990,3.2500,18.33,
1,Maze001,8.791,3.2500,-0.9990,3.2500,18.33,
1,Maze001,8.795,3.2500,-0.9990,3.2500,18.33,
1,Maze001,8.799,3.2500,-0.9990,3.2500,18.33,
1,Maze001,8.804,3.2500,-0.9990,3.2500,18.33,
1,Maze001,8.808,3.2500,-0.9990,3.2500,18.33,
1,Maze001,8.812,3.2500,-0.9990,3.2500,18.33,
1,Maze001,8.816,3.2500,-0.9990,3.2500,18.33,
1,Maze001,8.820,3.2500,-0.9990,3.2500,18.33,
1,Maze001,8.825,3.2500,-0.9990,3.2500,18.33,
1,Maze001,8.829,3.2500,-0.9990,3.2500,18.33,
1,Maze001,8.833,3.2500,-0.9990,3.2500,18.33,
1,Maze001,8.837,3.2500,-0.9990,3.2500,18.33,
1,Maze001,8.841,3.2500,-0.9990,3.2500,18.33,
1,Maze001,8.846,3.2500,-0.9990,3.2500,18.33,
1,Maze001,8.850,3.2500,-0.9990,3.2500,18.33,
1,Maze001,8.854,3.2500,-0.9990,3.2500,18.33,
1,Maze001,8.858,3.2500,-0.9990,3.2500,18.33,
1,Maze001,8.862,3.2500,-0.9990,3.2500,18.33,
1,Maze001,8.866,3.2500,-0.9990,3.2500,18.33,
1,Maze001,8.871,3.2500,-0.9990,3.2500,18.33,
1,Maze001,8.875,3.2500,-0.9990,3.2500,18.33,
1,Maze001,8.879,3.2500,-0.9990,3.2500,18.33,
1,Maze001,8.883,3.2500,-0.9990,3.2500,18.33,
1,Maze001,8.887,3.2500,-0.9990,3.2500,18.33,
1,Maze001,8.892,3.2500,-0.9990,3.2500,18.33,
1,Maze001,8.896,3.2500,-0.9990,3.2500,18.33,
1,Maze001,8.900,3.2500,-0.9990,3.2500,18.33,
1,Maze001,8.904,3.2500,-0.9990,3.2500,18.33,
1,Maze001,8.908,3.2500,-0.9990,3.2500,18.33,
1,Maze001,8.912,3.2500,-0.9990,3.2500,18.33,
1,Maze001,8.916,3.2500,-0.9990,3.2500,18.33,
1,Maze001,8.920,3.2500,-0.9990,3.2500,18.33,
1,Maze001,8.925,3.2500,-0.9990,3.2500,18.33,
1,Maze001,8.929,3.2500,-0.9990,3.2500,18.33,
1,Maze001,8.933,3.2500,-0.9990,3.2500,18.33,
1,Maze001,8.937,3.2500,-0.9990,3.2500,18.33,
1,Maze001,8.942,3.2500,-0.9990,3.2500,18.33,
1,Maze001,8.945,3.2500,-0.9990,3.2500,18.33,
1,Maze001,8.950,3.2500,-0.9990,3.2500,18.33,
1,Maze001,8.954,3.2500,-0.9990,3.2500,18.33,
1,Maze001,8.958,3.2500,-0.9990,3.2500,18.33,
1,Maze001,8.962,3.2500,-0.9990,3.2500,18.33,
1,Maze001,8.966,3.2500,-0.9990,3.2500,18.33,
1,Maze001,8.971,3.2500,-0.9990,3.2500,18.33,
1,Maze001,8.975,3.2500,-0.9990,3.2500,18.33,
1,Maze001,8.979,3.2500,-0.9990,3.2500,18.33,
1,Maze001,8.983,3.2500,-0.9990,3.2500,18.33,
1,Maze001,8.988,3.2500,-0.9990,3.2500,18.33,
1,Maze001,8.992,3.2500,-0.9990,3.2500,18.33,
1,Maze001,8.996,3.2500,-0.9990,3.2500,18.33,
1,Maze001,9.000,3.2500,-0.9990,3.2500,18.33,
1,Maze001,9.004,3.2500,-0.9990,3.2500,18.33,
1,Maze001,9.008,3.2500,-0.9990,3.2500,18.33,
1,Maze001,9.012,3.2500,-0.9990,3.2500,18.33,
1,Maze001,9.017,3.2500,-0.9990,3.2500,18.33,
1,Maze001,9.021,3.2500,-0.9990,3.2500,18.33,
1,Maze001,9.025,3.2500,-0.9990,3.2500,18.33,
1,Maze001,9.029,3.2500,-0.9990,3.2500,18.33,
1,Maze001,9.033,3.2500,-0.9990,3.2500,18.33,
1,Maze001,9.037,3.2500,-0.9990,3.2500,18.33,
1,Maze001,9.041,3.2500,-0.9990,3.2500,18.33,
1,Maze001,9.046,3.2500,-0.9990,3.2500,18.33,
1,Maze001,9.050,3.2500,-0.9990,3.2500,18.33,
1,Maze001,9.054,3.2500,-0.9990,3.2500,18.33,
1,Maze001,9.058,3.2500,-0.9990,3.2500,18.33,
1,Maze001,9.062,3.2500,-0.9990,3.2500,18.33,
1,Maze001,9.066,3.2500,-0.9990,3.2500,18.33,
1,Maze001,9.071,3.2500,-0.9990,3.2500,18.33,
1,Maze001,9.075,3.2500,-0.9990,3.2500,18.33,
1,Maze001,9.079,3.2500,-0.9990,3.2500,18.33,
1,Maze001,9.083,3.2500,-0.9990,3.2500,18.33,
1,Maze001,9.087,3.2500,-0.9990,3.2500,18.33,
1,Maze001,9.091,3.2500,-0.9990,3.2500,18.33,
1,Maze001,9.095,3.2500,-0.9990,3.2500,18.33,
1,Maze001,9.100,3.2500,-0.9990,3.2500,18.33,
1,Maze001,9.104,3.2500,-0.9990,3.2500,18.33,
1,Maze001,9.108,3.2500,-0.9990,3.2500,18.33,
1,Maze001,9.112,3.2500,-0.9990,3.2500,18.33,
1,Maze001,9.116,3.2500,-0.9990,3.2500,18.33,
1,Maze001,9.120,3.2500,-0.9990,3.2500,18.33,
1,Maze001,9.125,3.2500,-0.9990,3.2500,18.33,
1,Maze001,9.129,3.2500,-0.9990,3.2500,18.33,
1,Maze001,9.133,3.2500,-0.9990,3.2500,18.33,
1,Maze001,9.137,3.2500,-0.9990,3.2500,18.33,
1,Maze001,9.142,3.2500,-0.9990,3.2500,18.33,
1,Maze001,9.146,3.2500,-0.9990,3.2500,18.33,
1,Maze001,9.150,3.2500,-0.9990,3.2500,18.33,
1,Maze001,9.154,3.2500,-0.9990,3.2500,18.33,
1,Maze001,9.158,3.2500,-0.9990,3.2500,18.33,
1,Maze001,9.162,3.2500,-0.9990,3.2500,18.33,
1,Maze001,9.166,3.2500,-0.9990,3.2500,18.33,
1,Maze001,9.171,3.2500,-0.9990,3.2500,18.33,
1,Maze001,9.175,3.2500,-0.9990,3.2500,18.33,
1,Maze001,9.179,3.2500,-0.9990,3.2500,18.33,
1,Maze001,9.183,3.2500,-0.9990,3.2500,18.33,
1,Maze001,9.187,3.2500,-0.9990,3.2500,18.33,
1,Maze001,9.191,3.2500,-0.9990,3.2500,18.33,
1,Maze001,9.196,3.2500,-0.9990,3.2500,18.33,
1,Maze001,9.200,3.2500,-0.9990,3.2500,18.33,
1,Maze001,9.204,3.2500,-0.9990,3.2500,18.33,
1,Maze001,9.208,3.2500,-0.9990,3.2500,18.33,
1,Maze001,9.212,3.2500,-0.9990,3.2500,18.33,
1,Maze001,9.217,3.2500,-0.9990,3.2500,18.33,
1,Maze001,9.222,3.2500,-0.9990,3.2500,18.33,
1,Maze001,9.225,3.2500,-0.9990,3.2500,18.33,
1,Maze001,9.229,3.2500,-0.9990,3.2500,18.33,
1,Maze001,9.233,3.2500,-0.9990,3.2500,18.33,
1,Maze001,9.237,3.2500,-0.9990,3.2500,18.33,
1,Maze001,9.241,3.2500,-0.9990,3.2500,18.33,
1,Maze001,9.246,3.2500,-0.9990,3.2500,18.33,
1,Maze001,9.250,3.2500,-0.9990,3.2500,18.33,
1,Maze001,9.254,3.2500,-0.9990,3.2500,18.33,
1,Maze001,9.258,3.2500,-0.9990,3.2500,18.33,
1,Maze001,9.263,3.2500,-0.9990,3.2500,18.33,
1,Maze001,9.266,3.2500,-0.9990,3.2500,18.33,
1,Maze001,9.271,3.2500,-0.9990,3.2500,18.33,
1,Maze001,9.275,3.2500,-0.9990,3.2500,18.33,
1,Maze001,9.279,3.2500,-0.9990,3.2500,18.33,
1,Maze001,9.284,3.2500,-0.9990,3.2500,18.33,
1,Maze001,9.288,3.2500,-0.9990,3.2500,18.33,
1,Maze001,9.292,3.2500,-0.9990,3.2500,18.33,
1,Maze001,9.296,3.2500,-0.9990,3.2500,18.33,
1,Maze001,9.301,3.2500,-0.9990,3.2500,18.33,
1,Maze001,9.304,3.2500,-0.9990,3.2500,18.33,
1,Maze001,9.308,3.2500,-0.9990,3.2500,18.33,
1,Maze001,9.313,3.2500,-0.9990,3.2500,18.33,
1,Maze001,9.317,3.2500,-0.9990,3.2500,18.33,
1,Maze001,9.321,3.2500,-0.9990,3.2500,18.33,
1,Maze001,9.325,3.2500,-0.9990,3.2500,18.33,
1,Maze001,9.329,3.2500,-0.9990,3.2500,18.33,
1,Maze001,9.333,3.2500,-0.9990,3.2500,18.33,
1,Maze001,9.338,3.2500,-0.9990,3.2500,18.33,
1,Maze001,9.342,3.2500,-0.9990,3.2500,18.33,
1,Maze001,9.346,3.2500,-0.9990,3.2500,18.33,
1,Maze001,9.350,3.2500,-0.9990,3.2500,18.33,
1,Maze001,9.354,3.2500,-0.9990,3.2500,18.33,
1,Maze001,9.358,3.2500,-0.9990,3.2500,18.33,
1,Maze001,9.362,3.2500,-0.9990,3.2500,18.33,
1,Maze001,9.367,3.2500,-0.9990,3.2500,18.33,
1,Maze001,9.371,3.2500,-0.9990,3.2500,18.33,
1,Maze001,9.375,3.2500,-0.9990,3.2500,18.33,
1,Maze001,9.379,3.2500,-0.9990,3.2500,18.33,
1,Maze001,9.383,3.2500,-0.9990,3.2500,18.33,
1,Maze001,9.387,3.2500,-0.9990,3.2500,18.33,
1,Maze001,9.392,3.2500,-0.9990,3.2500,18.33,
1,Maze001,9.395,3.2500,-0.9990,3.2500,18.33,
1,Maze001,9.400,3.2500,-0.9990,3.2500,18.33,
1,Maze001,9.404,3.2500,-0.9990,3.2500,18.33,
1,Maze001,9.408,3.2500,-0.9990,3.2500,18.33,
1,Maze001,9.412,3.2500,-0.9990,3.2500,18.33,
1,Maze001,9.416,3.2500,-0.9990,3.2500,18.33,
1,Maze001,9.421,3.2500,-0.9990,3.2500,18.33,
1,Maze001,9.425,3.2500,-0.9990,3.2500,18.33,
1,Maze001,9.429,3.2500,-0.9990,3.2500,18.33,
1,Maze001,9.433,3.2500,-0.9990,3.2500,18.33,
1,Maze001,9.437,3.2500,-0.9990,3.2500,18.33,
1,Maze001,9.441,3.2500,-0.9990,3.2500,18.33,
1,Maze001,9.446,3.2500,-0.9990,3.2500,18.33,
1,Maze001,9.450,3.2500,-0.9990,3.2500,18.33,
1,Maze001,9.454,3.2500,-0.9990,3.2500,18.33,
1,Maze001,9.458,3.2500,-0.9990,3.2500,18.33,
1,Maze001,9.462,3.2500,-0.9990,3.2500,18.33,
1,Maze001,9.466,3.2500,-0.9990,3.2500,18.33,
1,Maze001,9.471,3.2500,-0.9990,3.2500,18.33,
1,Maze001,9.475,3.2500,-0.9990,3.2500,18.33,
1,Maze001,9.479,3.2500,-0.9990,3.2500,18.33,
1,Maze001,9.483,3.2500,-0.9990,3.2500,18.33,
1,Maze001,9.487,3.2500,-0.9990,3.2500,18.33,
1,Maze001,9.491,3.2500,-0.9990,3.2500,18.33,
1,Maze001,9.495,3.2500,-0.9990,3.2500,18.33,
1,Maze001,9.500,3.2500,-0.9990,3.2500,18.33,
1,Maze001,9.504,3.2500,-0.9990,3.2500,18.33,
1,Maze001,9.508,3.2500,-0.9990,3.2500,18.33,
1,Maze001,9.512,3.2500,-0.9990,3.2500,18.33,
1,Maze001,9.517,3.2500,-0.9990,3.2500,18.33,
1,Maze001,9.520,3.2500,-0.9990,3.2500,18.33,
1,Maze001,9.525,3.2500,-0.9990,3.2500,18.33,
1,Maze001,9.529,3.2500,-0.9990,3.2500,18.33,
1,Maze001,9.533,3.2500,-0.9990,3.2500,18.33,
1,Maze001,9.537,3.2500,-0.9990,3.2500,18.33,
1,Maze001,9.541,3.2500,-0.9990,3.2500,18.33,
1,Maze001,9.546,3.2500,-0.9990,3.2500,18.33,
1,Maze001,9.550,3.2500,-0.9990,3.2500,18.33,
1,Maze001,9.554,3.2500,-0.9990,3.2500,18.33,
1,Maze001,9.558,3.2500,-0.9990,3.2500,18.33,
1,Maze001,9.562,3.2500,-0.9990,3.2500,18.33,
1,Maze001,9.566,3.2500,-0.9990,3.2500,18.33,
1,Maze001,9.571,3.2500,-0.9990,3.2500,18.33,
1,Maze001,9.575,3.2500,-0.9990,3.2500,18.33,
1,Maze001,9.579,3.2500,-0.9990,3.2500,18.33,
1,Maze001,9.583,3.2500,-0.9990,3.2500,18.33,
1,Maze001,9.587,3.2500,-0.9990,3.2500,18.33,
1,Maze001,9.591,3.2500,-0.9990,3.2500,18.33,
1,Maze001,9.596,3.2500,-0.9990,3.2500,18.33,
1,Maze001,9.600,3.2500,-0.9990,3.2500,18.33,
1,Maze001,9.604,3.2500,-0.9990,3.2500,18.33,
1,Maze001,9.608,3.2500,-0.9990,3.2500,18.33,
1,Maze001,9.613,3.2500,-0.9990,3.2500,18.33,
1,Maze001,9.616,3.2500,-0.9990,3.2500,18.33,
1,Maze001,9.621,3.2500,-0.9990,3.2500,18.33,
1,Maze001,9.625,3.2500,-0.9990,3.2500,18.33,
1,Maze001,9.629,3.2500,-0.9990,3.2500,18.33,
1,Maze001,9.633,3.2500,-0.9990,3.2500,18.33,
1,Maze001,9.637,3.2500,-0.9990,3.2500,18.33,
1,Maze001,9.641,3.2500,-0.9990,3.2500,18.33,
1,Maze001,9.645,3.2500,-0.9990,3.2500,18.33,
1,Maze001,9.650,3.2500,-0.9990,3.2500,18.33,
1,Maze001,9.654,3.2500,-0.9990,3.2500,18.33,
1,Maze001,9.658,3.2500,-0.9990,3.2500,18.33,
1,Maze001,9.662,3.2500,-0.9990,3.2500,18.33,
1,Maze001,9.666,3.2500,-0.9990,3.2500,18.33,
1,Maze001,9.670,3.2500,-0.9990,3.2500,18.33,
1,Maze001,9.674,3.2500,-0.9990,3.2500,18.33,
1,Maze001,9.679,3.2500,-0.9990,3.2500,18.33,
1,Maze001,9.683,3.2500,-0.9990,3.2500,18.33,
1,Maze001,9.688,3.2500,-0.9990,3.2500,18.33,
1,Maze001,9.692,3.2500,-0.9990,3.2500,18.33,
1,Maze001,9.696,3.2500,-0.9990,3.2500,18.33,
1,Maze001,9.700,3.2500,-0.9990,3.2500,18.33,
1,Maze001,9.704,3.2500,-0.9990,3.2500,18.33,
1,Maze001,9.708,3.2500,-0.9990,3.2500,18.33,
1,Maze001,9.712,3.2500,-0.9990,3.2500,18.33,
1,Maze001,9.716,3.2500,-0.9990,3.2500,18.33,
1,Maze001,9.721,3.2500,-0.9990,3.2500,18.33,
1,Maze001,9.725,3.2500,-0.9990,3.2500,18.33,
1,Maze001,9.729,3.2500,-0.9990,3.2500,18.33,
1,Maze001,9.733,3.2500,-0.9990,3.2500,18.33,
1,Maze001,9.737,3.2500,-0.9990,3.2500,18.33,
1,Maze001,9.741,3.2500,-0.9990,3.2500,18.33,
1,Maze001,9.745,3.2500,-0.9990,3.2500,18.33,
1,Maze001,9.750,3.2500,-0.9990,3.2500,18.33,
1,Maze001,9.754,3.2500,-0.9990,3.2500,18.33,
1,Maze001,9.758,3.2500,-0.9990,3.2500,18.33,
1,Maze001,9.762,3.2500,-0.9990,3.2500,18.33,
1,Maze001,9.766,3.2500,-0.9990,3.2500,18.33,
1,Maze001,9.770,3.2500,-0.9990,3.2500,18.33,
1,Maze001,9.775,3.2500,-0.9990,3.2500,18.33,
1,Maze001,9.779,3.2500,-0.9990,3.2500,18.33,
1,Maze001,9.783,3.2500,-0.9990,3.2500,18.33,
1,Maze001,9.787,3.2500,-0.9990,3.2500,18.33,
1,Maze001,9.791,3.2500,-0.9990,3.2500,18.33,
1,Maze001,9.796,3.2500,-0.9990,3.2500,18.33,
1,Maze001,9.800,3.2500,-0.9990,3.2500,18.33,
1,Maze001,9.804,3.2500,-0.9990,3.2500,18.33,
1,Maze001,9.808,3.2500,-0.9990,3.2500,18.33,
1,Maze001,9.812,3.2500,-0.9990,3.2500,18.33,
1,Maze001,9.816,3.2500,-0.9990,3.2500,18.33,
1,Maze001,9.821,3.2500,-0.9990,3.2500,18.33,
1,Maze001,9.825,3.2500,-0.9990,3.2500,18.33,
1,Maze001,9.829,3.2500,-0.9990,3.2500,18.33,
1,Maze001,9.833,3.2500,-0.9990,3.2500,18.33,
1,Maze001,9.838,3.2500,-0.9990,3.2500,18.33,
1,Maze001,9.841,3.2500,-0.9990,3.2500,18.33,
1,Maze001,9.845,3.2500,-0.9990,3.2500,18.33,
1,Maze001,9.850,3.2500,-0.9990,3.2500,18.33,
1,Maze001,9.854,3.2500,-0.9990,3.2500,18.33,
1,Maze001,9.858,3.2500,-0.9990,3.2500,18.33,
1,Maze001,9.862,3.2500,-0.9990,3.2500,18.33,
1,Maze001,9.866,3.2500,-0.9990,3.2500,18.33,
1,Maze001,9.870,3.2500,-0.9990,3.2500,18.33,
1,Maze001,9.875,3.2500,-0.9990,3.2500,18.33,
1,Maze001,9.879,3.2500,-0.9990,3.2500,18.33,
1,Maze001,9.883,3.2500,-0.9990,3.2500,18.33,
1,Maze001,9.887,3.2500,-0.9990,3.2500,18.33,
1,Maze001,9.891,3.2500,-0.9990,3.2500,18.33,
1,Maze001,9.895,3.2500,-0.9990,3.2500,18.33,
1,Maze001,9.899,3.2500,-0.9990,3.2500,18.33,
1,Maze001,9.904,3.2500,-0.9990,3.2500,18.33,
1,Maze001,9.908,3.2500,-0.9990,3.2500,18.33,
1,Maze001,9.912,3.2500,-0.9990,3.2500,18.33,
1,Maze001,9.916,3.2500,-0.9990,3.2500,18.33,
1,Maze001,9.921,3.2500,-0.9990,3.2500,18.33,
1,Maze001,9.924,3.2500,-0.9990,3.2500,18.33,
1,Maze001,9.929,3.2500,-0.9990,3.2500,18.33,
1,Maze001,9.933,3.2500,-0.9990,3.2500,18.33,
1,Maze001,9.937,3.2500,-0.9990,3.2500,18.33,
1,Maze001,9.941,3.2500,-0.9990,3.2500,18.33,
1,Maze001,9.945,3.2500,-0.9990,3.2500,18.33,
1,Maze001,9.951,3.2500,-0.9990,3.2500,18.33,
1,Maze001,9.955,3.2500,-0.9990,3.2500,18.33,
1,Maze001,9.964,3.2500,-0.9990,3.2500,18.33,
1,Maze001,9.968,3.2500,-0.9990,3.2500,18.33,
1,Maze001,9.972,3.2500,-0.9990,3.2500,18.33,
1,Maze001,9.976,3.2500,-0.9990,3.2500,18.33,
1,Maze001,9.980,3.2500,-0.9990,3.2500,18.33,
1,Maze001,9.985,3.2500,-0.9990,3.2500,18.33,
1,Maze001,9.991,3.2500,-0.9990,3.2500,18.33,
1,Maze001,9.996,3.2500,-0.9990,3.2500,18.33,
1,Maze001,10.000,3.2500,-0.9990,3.2500,18.33,
1,Maze001,10.005,3.2500,-0.9990,3.2500,18.33,
1,Maze001,10.009,3.2500,-0.9990,3.2500,18.33,
1,Maze001,10.013,3.2500,-0.9990,3.2500,18.33,
1,Maze001,10.017,3.2500,-0.9990,3.2500,18.33,
1,Maze001,10.021,3.2500,-0.9990,3.2500,18.33,
1,Maze001,10.025,3.2500,-0.9990,3.2500,18.33,
1,Maze001,10.030,3.2500,-0.9990,3.2500,18.33,
1,Maze001,10.033,3.2500,-0.9990,3.2500,18.33,
1,Maze001,10.037,3.2500,-0.9990,3.2500,18.33,
1,Maze001,10.042,3.2500,-0.9990,3.2500,18.33,
1,Maze001,10.046,3.2500,-0.9990,3.2500,18.33,
1,Maze001,10.050,3.2500,-0.9990,3.2500,18.33,
1,Maze001,10.054,3.2500,-0.9990,3.2500,18.33,
1,Maze001,10.059,3.2500,-0.9990,3.2500,18.33,
1,Maze001,10.062,3.2500,-0.9990,3.2500,18.33,
1,Maze001,10.066,3.2500,-0.9990,3.2500,18.33,
1,Maze001,10.070,3.2500,-0.9990,3.2500,18.33,
1,Maze001,10.075,3.2500,-0.9990,3.2500,18.33,
1,Maze001,10.080,3.2500,-0.9990,3.2500,18.33,
1,Maze001,10.083,3.2500,-0.9990,3.2500,18.33,
1,Maze001,10.087,3.2500,-0.9990,3.2500,18.33,
1,Maze001,10.091,3.2500,-0.9990,3.2500,18.33,
1,Maze001,10.095,3.2500,-0.9990,3.2500,18.33,
1,Maze001,10.099,3.2500,-0.9990,3.2500,18.33,
1,Maze001,10.104,3.2500,-0.9990,3.2500,18.33,
1,Maze001,10.108,3.2500,-0.9990,3.2500,18.33,
1,Maze001,10.112,3.2500,-0.9990,3.2500,18.33,
1,Maze001,10.116,3.2500,-0.9990,3.2500,18.33,
1,Maze001,10.120,3.2500,-0.9990,3.2500,18.33,
1,Maze001,10.125,3.2500,-0.9990,3.2500,18.33,
1,Maze001,10.129,3.2500,-0.9990,3.2500,18.33,
1,Maze001,10.133,3.2500,-0.9990,3.2500,18.33,
1,Maze001,10.137,3.2500,-0.9990,3.2500,18.33,
1,Maze001,10.141,3.2500,-0.9990,3.2500,18.33,
1,Maze001,10.146,3.2500,-0.9990,3.2500,18.33,
1,Maze001,10.150,3.2500,-0.9990,3.2500,18.33,
1,Maze001,10.154,3.2500,-0.9990,3.2500,18.33,
1,Maze001,10.158,3.2500,-0.9990,3.2500,18.33,
1,Maze001,10.162,3.2500,-0.9990,3.2500,18.33,
1,Maze001,10.166,3.2500,-0.9990,3.2500,18.33,
1,Maze001,10.171,3.2500,-0.9990,3.2500,18.33,
1,Maze001,10.175,3.2500,-0.9990,3.2500,18.33,
1,Maze001,10.179,3.2500,-0.9990,3.2500,18.33,
1,Maze001,10.183,3.2500,-0.9990,3.2500,18.33,
1,Maze001,10.187,3.2500,-0.9990,3.2500,18.33,
1,Maze001,10.191,3.2500,-0.9990,3.2500,18.33,
1,Maze001,10.195,3.2500,-0.9990,3.2500,18.33,
1,Maze001,10.199,3.2500,-0.9990,3.2500,18.33,
1,Maze001,10.204,3.2500,-0.9990,3.2500,18.33,
1,Maze001,10.208,3.2500,-0.9990,3.2500,18.33,
1,Maze001,10.212,3.2500,-0.9990,3.2500,18.33,
1,Maze001,10.216,3.2500,-0.9990,3.2500,18.33,
1,Maze001,10.220,3.2500,-0.9990,3.2500,18.33,
1,Maze001,10.225,3.2500,-0.9990,3.2500,18.33,
1,Maze001,10.229,3.2500,-0.9990,3.2500,18.33,
1,Maze001,10.233,3.2500,-0.9990,3.2500,18.33,
1,Maze001,10.238,3.2500,-0.9990,3.2500,18.33,
1,Maze001,10.241,3.2500,-0.9990,3.2500,18.33,
1,Maze001,10.245,3.2500,-0.9990,3.2500,18.33,
1,Maze001,10.250,3.2500,-0.9990,3.2500,18.33,
1,Maze001,10.254,3.2500,-0.9990,3.2500,18.33,
1,Maze001,10.258,3.2500,-0.9990,3.2500,18.33,
1,Maze001,10.263,3.2500,-0.9990,3.2500,18.33,
1,Maze001,10.267,3.2500,-0.9990,3.2500,18.33,
1,Maze001,10.271,3.2500,-0.9990,3.2500,18.33,
1,Maze001,10.275,3.2500,-0.9990,3.2500,18.33,
1,Maze001,10.280,3.2500,-0.9990,3.2500,18.33,
1,Maze001,10.283,3.2500,-0.9990,3.2500,18.33,
1,Maze001,10.287,3.2500,-0.9990,3.2500,18.33,
1,Maze001,10.291,3.2500,-0.9990,3.2500,18.33,
1,Maze001,10.296,3.2500,-0.9990,3.2500,18.33,
1,Maze001,10.299,3.2500,-0.9990,3.2500,18.33,
1,Maze001,10.304,3.2500,-0.9990,3.2500,18.33,
1,Maze001,10.308,3.2500,-0.9990,3.2500,18.33,
1,Maze001,10.312,3.2500,-0.9990,3.2500,18.33,
1,Maze001,10.316,3.2500,-0.9990,3.2500,18.33,
1,Maze001,10.321,3.2500,-0.9990,3.2500,18.33,
1,Maze001,10.325,3.2500,-0.9990,3.2500,18.33,
1,Maze001,10.329,3.2500,-0.9990,3.2500,18.33,
1,Maze001,10.333,3.2500,-0.9990,3.2500,18.33,
1,Maze001,10.337,3.2500,-0.9990,3.2500,18.33,
1,Maze001,10.341,3.2500,-0.9990,3.2500,18.33,
1,Maze001,10.345,3.2500,-0.9990,3.2500,18.33,
1,Maze001,10.350,3.2500,-0.9990,3.2500,18.33,
1,Maze001,10.354,3.2500,-0.9990,3.2500,18.33,
1,Maze001,10.358,3.2500,-0.9990,3.2500,18.33,
1,Maze001,10.362,3.2500,-0.9990,3.2500,18.33,
1,Maze001,10.366,3.2500,-0.9990,3.2500,18.33,
1,Maze001,10.370,3.2500,-0.9990,3.2500,18.33,
1,Maze001,10.376,3.2500,-0.9990,3.2500,18.33,
1,Maze001,10.380,3.2500,-0.9990,3.2500,18.33,
1,Maze001,10.387,3.2500,-0.9990,3.2500,18.33,
1,Maze001,10.393,3.2500,-0.9990,3.2500,18.33,
1,Maze001,10.399,3.2500,-0.9990,3.2500,18.33,
1,Maze001,10.404,3.2500,-0.9990,3.2500,18.33,
1,Maze001,10.408,3.2500,-0.9990,3.2500,18.33,
1,Maze001,10.412,3.2500,-0.9990,3.2500,18.33,
1,Maze001,10.416,3.2500,-0.9990,3.2500,18.33,
1,Maze001,10.420,3.2500,-0.9990,3.2500,18.33,
1,Maze001,10.424,3.2500,-0.9990,3.2500,18.33,
1,Maze001,10.429,3.2500,-0.9990,3.2500,18.33,
1,Maze001,10.433,3.2500,-0.9990,3.2500,18.33,
1,Maze001,10.437,3.2500,-0.9990,3.2500,18.33,
1,Maze001,10.441,3.2500,-0.9990,3.2500,18.33,
1,Maze001,10.445,3.2500,-0.9990,3.2500,18.33,
1,Maze001,10.449,3.2500,-0.9990,3.2500,18.33,
1,Maze001,10.454,3.2500,-0.9990,3.2500,18.33,
1,Maze001,10.458,3.2500,-0.9990,3.2500,18.33,
1,Maze001,10.462,3.2500,-0.9990,3.2500,18.33,
1,Maze001,10.466,3.2500,-0.9990,3.2500,18.33,
1,Maze001,10.470,3.2500,-0.9990,3.2500,18.33,
1,Maze001,10.475,3.2500,-0.9990,3.2500,18.33,
1,Maze001,10.479,3.2500,-0.9990,3.2500,18.33,
1,Maze001,10.483,3.2500,-0.9990,3.2500,18.33,
1,Maze001,10.488,3.2500,-0.9990,3.2500,18.33,
1,Maze001,10.491,3.2500,-0.9990,3.2500,18.33,
1,Maze001,10.496,3.2500,-0.9990,3.2500,18.33,
1,Maze001,10.500,3.2500,-0.9990,3.2500,18.33,
1,Maze001,10.504,3.2500,-0.9990,3.2500,18.33,
1,Maze001,10.508,3.2500,-0.9990,3.2500,18.33,
1,Maze001,10.512,3.2500,-0.9990,3.2500,18.33,
1,Maze001,10.516,3.2500,-0.9990,3.2500,18.33,
1,Maze001,10.520,3.2500,-0.9990,3.2500,18.33,
1,Maze001,10.525,3.2500,-0.9990,3.2500,18.33,
1,Maze001,10.529,3.2500,-0.9990,3.2500,18.33,
1,Maze001,10.533,3.2500,-0.9990,3.2500,18.33,
1,Maze001,10.537,3.2500,-0.9990,3.2500,18.33,
1,Maze001,10.541,3.2500,-0.9990,3.2500,18.33,
1,Maze001,10.546,3.2500,-0.9990,3.2500,18.33,
1,Maze001,10.550,3.2500,-0.9990,3.2500,18.33,
1,Maze001,10.554,3.2500,-0.9990,3.2500,18.33,
1,Maze001,10.558,3.2500,-0.9990,3.2500,18.33,
1,Maze001,10.562,3.2500,-0.9990,3.2500,18.33,
1,Maze001,10.566,3.2500,-0.9990,3.2500,18.33,
1,Maze001,10.571,3.2500,-0.9990,3.2500,18.33,
1,Maze001,10.575,3.2500,-0.9990,3.2500,18.33,
1,Maze001,10.579,3.2500,-0.9990,3.2500,18.33,
1,Maze001,10.583,3.2500,-0.9990,3.2500,18.33,
1,Maze001,10.587,3.2500,-0.9990,3.2500,18.33,
1,Maze001,10.592,3.2500,-0.9990,3.2500,18.33,
1,Maze001,10.595,3.2500,-0.9990,3.2500,18.33,
1,Maze001,10.600,3.2500,-0.9990,3.2500,18.33,
1,Maze001,10.604,3.2500,-0.9990,3.2500,18.33,
1,Maze001,10.608,3.2500,-0.9990,3.2500,18.33,
1,Maze001,10.612,3.2500,-0.9990,3.2500,18.33,
1,Maze001,10.616,3.2500,-0.9990,3.2500,18.33,
1,Maze001,10.621,3.2500,-0.9990,3.2500,18.33,
1,Maze001,10.625,3.2500,-0.9990,3.2500,18.33,
1,Maze001,10.629,3.2500,-0.9990,3.2500,18.33,
1,Maze001,10.633,3.2500,-0.9990,3.2500,18.33,
1,Maze001,10.637,3.2500,-0.9990,3.2500,18.33,
1,Maze001,10.641,3.2500,-0.9990,3.2500,18.33,
1,Maze001,10.645,3.2500,-0.9990,3.2500,18.33,
1,Maze001,10.649,3.2500,-0.9990,3.2500,18.33,
1,Maze001,10.654,3.2500,-0.9990,3.2500,18.33,
1,Maze001,10.658,3.2500,-0.9990,3.2500,18.33,
1,Maze001,10.662,3.2500,-0.9990,3.2500,18.33,
1,Maze001,10.666,3.2500,-0.9990,3.2500,18.33,
1,Maze001,10.670,3.2500,-0.9990,3.2500,18.33,
1,Maze001,10.675,3.2500,-0.9990,3.2500,18.33,
1,Maze001,10.679,3.2500,-0.9990,3.2500,18.33,
1,Maze001,10.683,3.2500,-0.9990,3.2500,18.33,
1,Maze001,10.687,3.2500,-0.9990,3.2500,18.33,
1,Maze001,10.691,3.2500,-0.9990,3.2500,18.33,
1,Maze001,10.695,3.2500,-0.9990,3.2500,18.33,
1,Maze001,10.699,3.2500,-0.9990,3.2500,18.33,
1,Maze001,10.705,3.2500,-0.9990,3.2500,18.33,
1,Maze001,10.708,3.2500,-0.9990,3.2500,18.33,
1,Maze001,10.712,3.2500,-0.9990,3.2500,18.33,
1,Maze001,10.716,3.2500,-0.9990,3.2500,18.33,
1,Maze001,10.720,3.2500,-0.9990,3.2500,18.33,
1,Maze001,10.724,3.2500,-0.9990,3.2500,18.33,
1,Maze001,10.729,3.2500,-0.9990,3.2500,18.33,
1,Maze001,10.733,3.2500,-0.9990,3.2500,18.33,
1,Maze001,10.737,3.2500,-0.9990,3.2500,18.33,
1,Maze001,10.741,3.2500,-0.9990,3.2500,18.33,
1,Maze001,10.745,3.2500,-0.9990,3.2500,18.33,
1,Maze001,10.749,3.2500,-0.9990,3.2500,18.33,
1,Maze001,10.754,3.2500,-0.9990,3.2500,18.33,
1,Maze001,10.758,3.2500,-0.9990,3.2500,18.33,
1,Maze001,10.762,3.2500,-0.9990,3.2500,18.33,
1,Maze001,10.766,3.2500,-0.9990,3.2500,18.33,
1,Maze001,10.770,3.2500,-0.9990,3.2500,18.33,
1,Maze001,10.775,3.2500,-0.9990,3.2500,18.33,
1,Maze001,10.779,3.2500,-0.9990,3.2500,18.33,
1,Maze001,10.783,3.2500,-0.9990,3.2500,18.33,
1,Maze001,10.787,3.2500,-0.9990,3.2500,18.33,
1,Maze001,10.791,3.2500,-0.9990,3.2500,18.33,
1,Maze001,10.795,3.2500,-0.9990,3.2500,18.33,
1,Maze001,10.800,3.2500,-0.9990,3.2500,18.33,
1,Maze001,10.804,3.2500,-0.9990,3.2500,18.33,
1,Maze001,10.808,3.2500,-0.9990,3.2500,18.33,
1,Maze001,10.812,3.2500,-0.9990,3.2500,18.33,
1,Maze001,10.816,3.2500,-0.9990,3.2500,18.33,
1,Maze001,10.820,3.2500,-0.9990,3.2500,18.33,
1,Maze001,10.825,3.2500,-0.9990,3.2500,18.33,
1,Maze001,10.829,3.2500,-0.9990,3.2500,18.33,
1,Maze001,10.833,3.2500,-0.9990,3.2500,18.33,
1,Maze001,10.837,3.2500,-0.9990,3.2500,18.33,
1,Maze001,10.841,3.2500,-0.9990,3.2500,18.33,
1,Maze001,10.845,3.2500,-0.9990,3.2500,18.33,
1,Maze001,10.850,3.2500,-0.9990,3.2500,18.33,
1,Maze001,10.854,3.2500,-0.9990,3.2500,18.33,
1,Maze001,10.858,3.2500,-0.9990,3.2500,18.33,
1,Maze001,10.862,3.2500,-0.9990,3.2500,18.33,
1,Maze001,10.866,3.2500,-0.9990,3.2500,18.33,
1,Maze001,10.871,3.2500,-0.9990,3.2500,18.33,
1,Maze001,10.875,3.2500,-0.9990,3.2500,18.33,
1,Maze001,10.879,3.2500,-0.9990,3.2500,18.33,
1,Maze001,10.883,3.2500,-0.9990,3.2500,18.33,
1,Maze001,10.887,3.2500,-0.9990,3.2500,18.33,
1,Maze001,10.891,3.2500,-0.9990,3.2500,18.33,
1,Maze001,10.895,3.2500,-0.9990,3.2500,18.33,
1,Maze001,10.900,3.2500,-0.9990,3.2500,18.33,
1,Maze001,10.904,3.2500,-0.9990,3.2500,18.33,
1,Maze001,10.908,3.2500,-0.9990,3.2500,18.33,
1,Maze001,10.912,3.2500,-0.9990,3.2500,18.33,
1,Maze001,10.916,3.2500,-0.9990,3.2500,18.33,
1,Maze001,10.920,3.2500,-0.9990,3.2500,18.33,
1,Maze001,10.925,3.2500,-0.9990,3.2500,18.33,
1,Maze001,10.929,3.2500,-0.9990,3.2500,18.33,
1,Maze001,10.933,3.2500,-0.9990,3.2500,18.33,
1,Maze001,10.937,3.2500,-0.9990,3.2500,18.33,
1,Maze001,10.941,3.2500,-0.9990,3.2500,18.33,
1,Maze001,10.945,3.2500,-0.9990,3.2500,18.33,
1,Maze001,10.949,3.2500,-0.9990,3.2500,18.33,
1,Maze001,10.954,3.2500,-0.9990,3.2500,18.33,
1,Maze001,10.958,3.2500,-0.9990,3.2500,18.33,
1,Maze001,10.962,3.2500,-0.9990,3.2500,18.33,
1,Maze001,10.966,3.2500,-0.9990,3.2500,18.33,
1,Maze001,10.970,3.2500,-0.9990,3.2500,18.33,
1,Maze001,10.975,3.2500,-0.9990,3.2500,18.33,
1,Maze001,10.979,3.2500,-0.9990,3.2500,18.33,
1,Maze001,10.983,3.2500,-0.9990,3.2500,18.33,
1,Maze001,10.988,3.2500,-0.9990,3.2500,18.33,
1,Maze001,10.991,3.2500,-0.9990,3.2500,18.33,
1,Maze001,10.995,3.2500,-0.9990,3.2500,18.33,
1,Maze001,11.000,3.2500,-0.9990,3.2500,18.33,
1,Maze001,11.004,3.2500,-0.9990,3.2500,18.33,
1,Maze001,11.008,3.2500,-0.9990,3.2500,18.33,
1,Maze001,11.012,3.2500,-0.9990,3.2500,18.33,
1,Maze001,11.017,3.2500,-0.9990,3.2500,18.33,
1,Maze001,11.020,3.2500,-0.9990,3.2500,18.33,
1,Maze001,11.024,3.2500,-0.9990,3.2500,18.33,
1,Maze001,11.029,3.2500,-0.9990,3.2500,18.33,
1,Maze001,11.033,3.2500,-0.9990,3.2500,18.33,
1,Maze001,11.037,3.2500,-0.9990,3.2500,18.33,
1,Maze001,11.041,3.2500,-0.9990,3.2500,18.33,
1,Maze001,11.046,3.2500,-0.9990,3.2500,18.33,
1,Maze001,11.050,3.2500,-0.9990,3.2500,18.33,
1,Maze001,11.054,3.2500,-0.9990,3.2500,18.33,
1,Maze001,11.058,3.2500,-0.9990,3.2500,18.33,
1,Maze001,11.062,3.2500,-0.9990,3.2500,18.33,
1,Maze001,11.066,3.2500,-0.9990,3.2500,18.33,
1,Maze001,11.070,3.2500,-0.9990,3.2500,18.33,
1,Maze001,11.075,3.2500,-0.9990,3.2500,18.33,
1,Maze001,11.078,3.2500,-0.9990,3.2500,18.33,
1,Maze001,11.083,3.2500,-0.9990,3.2500,18.33,
1,Maze001,11.087,3.2500,-0.9990,3.2500,18.33,
1,Maze001,11.091,3.2500,-0.9990,3.2500,18.33,
1,Maze001,11.095,3.2500,-0.9990,3.2500,18.33,
1,Maze001,11.099,3.2500,-0.9990,3.2500,18.33,
1,Maze001,11.104,3.2500,-0.9990,3.2500,18.33,
1,Maze001,11.108,3.2500,-0.9990,3.2500,18.33,
1,Maze001,11.113,3.2500,-0.9990,3.2500,18.33,
1,Maze001,11.116,3.2500,-0.9990,3.2500,18.33,
1,Maze001,11.121,3.2500,-0.9990,3.2500,18.33,
1,Maze001,11.125,3.2500,-0.9990,3.2500,18.33,
1,Maze001,11.129,3.2500,-0.9990,3.2500,18.33,
1,Maze001,11.133,3.2500,-0.9990,3.2500,18.33,
1,Maze001,11.137,3.2500,-0.9990,3.2500,18.33,
1,Maze001,11.141,3.2500,-0.9990,3.2500,18.33,
1,Maze001,11.145,3.2500,-0.9990,3.2500,18.33,
1,Maze001,11.149,3.2500,-0.9990,3.2500,18.33,
1,Maze001,11.155,3.2500,-0.9990,3.2500,18.33,
1,Maze001,11.158,3.2500,-0.9990,3.2500,18.33,
1,Maze001,11.161,3.2500,-0.9990,3.2500,18.33,
1,Maze001,11.167,3.2500,-0.9990,3.2500,18.33,
1,Maze001,11.171,3.2500,-0.9990,3.2500,18.33,
1,Maze001,11.175,3.2500,-0.9990,3.2500,18.33,
1,Maze001,11.179,3.2500,-0.9990,3.2500,18.33,
1,Maze001,11.183,3.2500,-0.9990,3.2500,18.33,
1,Maze001,11.187,3.2500,-0.9990,3.2500,18.33,
1,Maze001,11.191,3.2500,-0.9990,3.2500,18.33,
1,Maze001,11.195,3.2500,-0.9990,3.2500,18.33,
1,Maze001,11.200,3.2500,-0.9990,3.2500,18.33,
1,Maze001,11.204,3.2500,-0.9990,3.2500,18.33,
1,Maze001,11.208,3.2500,-0.9990,3.2500,18.33,
1,Maze001,11.212,3.2500,-0.9990,3.2500,18.33,
1,Maze001,11.216,3.2500,-0.9990,3.2500,18.33,
1,Maze001,11.221,3.2500,-0.9990,3.2500,18.33,
1,Maze001,11.224,3.2500,-0.9990,3.2500,18.33,
1,Maze001,11.229,3.2500,-0.9990,3.2500,18.33,
1,Maze001,11.233,3.2500,-0.9990,3.2500,18.33,
1,Maze001,11.237,3.2500,-0.9990,3.2500,18.33,
1,Maze001,11.241,3.2500,-0.9990,3.2500,18.33,
1,Maze001,11.245,3.2500,-0.9990,3.2500,18.33,
1,Maze001,11.250,3.2500,-0.9990,3.2500,18.33,
1,Maze001,11.254,3.2500,-0.9990,3.2500,18.33,
1,Maze001,11.258,3.2500,-0.9990,3.2500,18.33,
1,Maze001,11.262,3.2500,-0.9990,3.2500,18.33,
1,Maze001,11.266,3.2500,-0.9990,3.2500,18.33,
1,Maze001,11.270,3.2500,-0.9990,3.2500,18.33,
1,Maze001,11.274,3.2500,-0.9990,3.2500,18.33,
1,Maze001,11.279,3.2500,-0.9990,3.2500,18.33,
1,Maze001,11.283,3.2500,-0.9990,3.2500,18.33,
1,Maze001,11.287,3.2500,-0.9990,3.2500,18.33,
1,Maze001,11.291,3.2500,-0.9990,3.2500,18.33,
1,Maze001,11.295,3.2500,-0.9990,3.2500,18.33,
1,Maze001,11.300,3.2500,-0.9990,3.2500,18.33,
1,Maze001,11.304,3.2500,-0.9990,3.2500,18.33,
1,Maze001,11.308,3.2500,-0.9990,3.2500,18.33,
1,Maze001,11.312,3.2500,-0.9990,3.2500,18.33,
1,Maze001,11.316,3.2500,-0.9990,3.2500,18.33,
1,Maze001,11.320,3.2500,-0.9990,3.2500,18.33,
1,Maze001,11.325,3.2500,-0.9990,3.2500,18.33,
1,Maze001,11.329,3.2500,-0.9990,3.2500,18.33,
1,Maze001,11.333,3.2500,-0.9990,3.2500,18.33,
1,Maze001,11.337,3.2500,-0.9990,3.2500,18.33,
1,Maze001,11.341,3.2500,-0.9990,3.2500,18.33,
1,Maze001,11.345,3.2500,-0.9990,3.2500,18.33,
1,Maze001,11.349,3.2500,-0.9990,3.2500,18.33,
1,Maze001,11.354,3.2500,-0.9990,3.2500,18.33,
1,Maze001,11.358,3.2500,-0.9990,3.2500,18.33,
1,Maze001,11.362,3.2500,-0.9990,3.2500,18.33,
1,Maze001,11.366,3.2500,-0.9990,3.2500,18.33,
1,Maze001,11.370,3.2500,-0.9990,3.2500,18.33,
1,Maze001,11.375,3.2500,-0.9990,3.2500,18.33,
1,Maze001,11.379,3.2500,-0.9990,3.2500,18.33,
1,Maze001,11.383,3.2500,-0.9990,3.2500,18.33,
1,Maze001,11.388,3.2500,-0.9990,3.2500,18.33,
1,Maze001,11.392,3.2500,-0.9990,3.2500,18.33,
1,Maze001,11.396,3.2500,-0.9990,3.2500,18.33,
1,Maze001,11.400,3.2500,-0.9990,3.2500,18.33,
1,Maze001,11.404,3.2500,-0.9990,3.2500,18.33,
1,Maze001,11.408,3.2500,-0.9990,3.2500,18.33,
1,Maze001,11.412,3.2500,-0.9990,3.2500,18.33,
1,Maze001,11.417,3.2500,-0.9990,3.2500,18.33,
1,Maze001,11.420,3.2500,-0.9990,3.2500,18.33,
1,Maze001,11.425,3.2500,-0.9990,3.2500,18.33,
1,Maze001,11.429,3.2500,-0.9990,3.2500,18.33,
1,Maze001,11.433,3.2500,-0.9990,3.2500,18.33,
1,Maze001,11.437,3.2500,-0.9990,3.2500,18.33,
1,Maze001,11.441,3.2500,-0.9990,3.2500,18.33,
1,Maze001,11.445,3.2500,-0.9990,3.2500,18.33,
1,Maze001,11.449,3.2500,-0.9990,3.2500,18.33,
1,Maze001,11.454,3.2500,-0.9990,3.2500,18.33,
1,Maze001,11.458,3.2500,-0.9990,3.2500,18.33,
1,Maze001,11.462,3.2500,-0.9990,3.2500,18.33,
1,Maze001,11.466,3.2500,-0.9990,3.2500,18.33,
1,Maze001,11.470,3.2500,-0.9990,3.2500,18.33,
1,Maze001,11.474,3.2500,-0.9990,3.2500,18.33,
1,Maze001,11.479,3.2500,-0.9990,3.2500,18.33,
1,Maze001,11.484,3.2500,-0.9990,3.2500,18.33,
1,Maze001,11.487,3.2500,-0.9990,3.2500,18.33,
1,Maze001,11.491,3.2500,-0.9990,3.2500,18.33,
1,Maze001,11.495,3.2500,-0.9990,3.2500,18.33,
1,Maze001,11.500,3.2500,-0.9990,3.2500,18.33,
1,Maze001,11.504,3.2500,-0.9990,3.2500,18.33,
1,Maze001,11.508,3.2500,-0.9990,3.2500,18.33,
1,Maze001,11.512,3.2500,-0.9990,3.2500,18.33,
1,Maze001,11.516,3.2500,-0.9990,3.2500,18.33,
1,Maze001,11.520,3.2500,-0.9990,3.2500,18.33,
1,Maze001,11.525,3.2500,-0.9990,3.2500,18.33,
1,Maze001,11.529,3.2500,-0.9990,3.2500,18.33,
1,Maze001,11.533,3.2500,-0.9990,3.2500,18.33,
1,Maze001,11.537,3.2500,-0.9990,3.2500,18.33,
1,Maze001,11.541,3.2500,-0.9990,3.2500,18.33,
1,Maze001,11.545,3.2500,-0.9990,3.2500,18.33,
1,Maze001,11.550,3.2500,-0.9990,3.2500,18.33,
1,Maze001,11.554,3.2500,-0.9990,3.2500,18.33,
1,Maze001,11.558,3.2500,-0.9990,3.2500,18.33,
1,Maze001,11.562,3.2500,-0.9990,3.2500,18.33,
1,Maze001,11.566,3.2500,-0.9990,3.2500,18.33,
1,Maze001,11.570,3.2500,-0.9990,3.2500,18.33,
1,Maze001,11.575,3.2500,-0.9990,3.2500,18.33,
1,Maze001,11.579,3.2500,-0.9990,3.2500,18.33,
1,Maze001,11.583,3.2500,-0.9990,3.2500,18.33,
1,Maze001,11.587,3.2500,-0.9990,3.2500,18.33,
1,Maze001,11.591,3.2500,-0.9990,3.2500,18.33,
1,Maze001,11.596,3.2500,-0.9990,3.2500,18.33,
1,Maze001,11.600,3.2500,-0.9990,3.2500,18.33,
1,Maze001,11.604,3.2500,-0.9990,3.2500,18.33,
1,Maze001,11.608,3.2500,-0.9990,3.2500,18.33,
1,Maze001,11.612,3.2500,-0.9990,3.2500,18.33,
1,Maze001,11.616,3.2500,-0.9990,3.2500,18.33,
1,Maze001,11.620,3.2500,-0.9990,3.2500,18.33,
1,Maze001,11.625,3.2500,-0.9990,3.2500,18.33,
1,Maze001,11.629,3.2500,-0.9990,3.2500,18.33,
1,Maze001,11.633,3.2500,-0.9990,3.2500,18.33,
1,Maze001,11.638,3.2500,-0.9990,3.2500,18.33,
1,Maze001,11.641,3.2500,-0.9990,3.2500,18.33,
1,Maze001,11.645,3.2500,-0.9990,3.2500,18.33,
1,Maze001,11.650,3.2500,-0.9990,3.2500,18.33,
1,Maze001,11.654,3.2500,-0.9990,3.2500,18.33,
1,Maze001,11.658,3.2500,-0.9990,3.2500,18.33,
1,Maze001,11.662,3.2500,-0.9990,3.2500,18.33,
1,Maze001,11.666,3.2500,-0.9990,3.2500,18.33,
1,Maze001,11.670,3.2500,-0.9990,3.2500,18.33,
1,Maze001,11.675,3.2500,-0.9990,3.2500,18.33,
1,Maze001,11.679,3.2500,-0.9990,3.2500,18.33,
1,Maze001,11.683,3.2500,-0.9990,3.2500,18.33,
1,Maze001,11.687,3.2500,-0.9990,3.2500,18.33,
1,Maze001,11.691,3.2500,-0.9990,3.2500,18.33,
1,Maze001,11.695,3.2500,-0.9990,3.2500,18.33,
1,Maze001,11.699,3.2500,-0.9990,3.2500,18.33,
1,Maze001,11.703,3.2500,-0.9990,3.2500,18.33,
1,Maze001,11.708,3.2500,-0.9990,3.2500,18.33,
1,Maze001,11.712,3.2500,-0.9990,3.2500,18.33,
1,Maze001,11.716,3.2500,-0.9990,3.2500,18.33,
1,Maze001,11.720,3.2500,-0.9990,3.2500,18.33,
1,Maze001,11.724,3.2500,-0.9990,3.2500,18.33,
1,Maze001,11.729,3.2500,-0.9990,3.2500,18.33,
1,Maze001,11.733,3.2500,-0.9990,3.2500,18.33,
1,Maze001,11.737,3.2500,-0.9990,3.2500,18.33,
1,Maze001,11.741,3.2500,-0.9990,3.2500,18.33,
1,Maze001,11.745,3.2500,-0.9990,3.2500,18.33,
1,Maze001,11.749,3.2500,-0.9990,3.2500,18.33,
1,Maze001,11.754,3.2500,-0.9990,3.2500,18.33,
1,Maze001,11.758,3.2500,-0.9990,3.2500,18.33,
1,Maze001,11.762,3.2500,-0.9990,3.2500,18.33,
1,Maze001,11.766,3.2500,-0.9990,3.2500,18.33,
1,Maze001,11.770,3.2500,-0.9990,3.2500,18.33,
1,Maze001,11.774,3.2500,-0.9990,3.2500,18.33,
1,Maze001,11.779,3.2500,-0.9990,3.2500,18.33,
1,Maze001,11.783,3.2500,-0.9990,3.2500,18.33,
1,Maze001,11.787,3.2500,-0.9990,3.2500,18.33,
1,Maze001,11.792,3.2500,-0.9990,3.2500,18.33,
1,Maze001,11.795,3.2500,-0.9990,3.2500,18.33,
1,Maze001,11.800,3.2500,-0.9990,3.2500,18.33,
1,Maze001,11.804,3.2500,-0.9990,3.2500,18.33,
1,Maze001,11.808,3.2500,-0.9990,3.2500,18.33,
1,Maze001,11.812,3.2500,-0.9990,3.2500,18.33,
1,Maze001,11.816,3.2500,-0.9990,3.2500,18.33,
1,Maze001,11.821,3.2500,-0.9990,3.2500,18.33,
1,Maze001,11.825,3.2500,-0.9990,3.2500,18.33,
1,Maze001,11.829,3.2500,-0.9990,3.2500,18.33,
1,Maze001,11.833,3.2500,-0.9990,3.2500,18.33,
1,Maze001,11.837,3.2500,-0.9990,3.2500,18.33,
1,Maze001,11.841,3.2500,-0.9990,3.2500,18.33,
1,Maze001,11.845,3.2500,-0.9990,3.2500,18.33,
1,Maze001,11.850,3.2500,-0.9990,3.2500,18.33,
1,Maze001,11.854,3.2500,-0.9990,3.2500,18.33,
1,Maze001,11.858,3.2500,-0.9990,3.2500,18.33,
1,Maze001,11.862,3.2500,-0.9990,3.2500,18.33,
1,Maze001,11.866,3.2500,-0.9990,3.2500,18.33,
1,Maze001,11.870,3.2500,-0.9990,3.2500,18.33,
1,Maze001,11.874,3.2500,-0.9990,3.2500,18.33,
1,Maze001,11.879,3.2500,-0.9990,3.2500,18.33,
1,Maze001,11.883,3.2500,-0.9990,3.2500,18.33,
1,Maze001,11.887,3.2500,-0.9990,3.2500,18.33,
1,Maze001,11.891,3.2500,-0.9990,3.2500,18.33,
1,Maze001,11.895,3.2500,-0.9990,3.2500,18.33,
1,Maze001,11.899,3.2500,-0.9990,3.2500,18.33,
1,Maze001,11.904,3.2500,-0.9990,3.2500,18.33,
1,Maze001,11.908,3.2500,-0.9990,3.2500,18.33,
1,Maze001,11.912,3.2500,-0.9990,3.2500,18.33,
1,Maze001,11.916,3.2500,-0.9990,3.2500,18.33,
1,Maze001,11.921,3.2500,-0.9990,3.2500,18.33,
1,Maze001,11.925,3.2500,-0.9990,3.2500,18.33,
1,Maze001,11.929,3.2500,-0.9990,3.2500,18.33,
1,Maze001,11.933,3.2500,-0.9990,3.2500,18.33,
1,Maze001,11.937,3.2500,-0.9990,3.2500,18.33,
1,Maze001,11.941,3.2500,-0.9990,3.2500,18.33,
1,Maze001,11.945,3.2500,-0.9990,3.2500,18.33,
1,Maze001,11.950,3.2500,-0.9990,3.2500,18.33,
1,Maze001,11.953,3.2500,-0.9990,3.2500,18.33,
1,Maze001,11.958,3.2500,-0.9990,3.2500,18.33,
1,Maze001,11.962,3.2500,-0.9990,3.2500,18.33,
1,Maze001,11.966,3.2500,-0.9990,3.2500,18.33,
1,Maze001,11.970,3.2500,-0.9990,3.2500,18.33,
1,Maze001,11.975,3.2500,-0.9990,3.2500,18.33,
1,Maze001,11.978,3.2500,-0.9990,3.2500,18.33,
1,Maze001,11.983,3.2500,-0.9990,3.2500,18.33,
1,Maze001,11.987,3.2500,-0.9990,3.2500,18.33,
1,Maze001,11.991,3.2500,-0.9990,3.2500,18.33,
1,Maze001,11.995,3.2500,-0.9990,3.2500,18.33,
1,Maze001,11.999,3.2500,-0.9990,3.2500,18.33,
1,Maze001,12.004,3.2500,-0.9990,3.2500,18.33,
1,Maze001,12.008,3.2500,-0.9990,3.2500,18.33,
1,Maze001,12.012,3.2500,-0.9990,3.2500,18.33,
1,Maze001,12.016,3.2500,-0.9990,3.2500,18.33,
1,Maze001,12.020,3.2500,-0.9990,3.2500,18.33,
1,Maze001,12.025,3.2500,-0.9990,3.2500,18.33,
1,Maze001,12.029,3.2500,-0.9990,3.2500,18.33,
1,Maze001,12.033,3.2500,-0.9990,3.2500,18.33,
1,Maze001,12.037,3.2500,-0.9990,3.2500,18.33,
1,Maze001,12.041,3.2500,-0.9990,3.2500,18.33,
1,Maze001,12.045,3.2500,-0.9990,3.2500,18.33,
1,Maze001,12.049,3.2500,-0.9990,3.2500,18.33,
1,Maze001,12.054,3.2500,-0.9990,3.2500,18.33,
1,Maze001,12.058,3.2500,-0.9990,3.2500,18.33,
1,Maze001,12.062,3.2500,-0.9990,3.2500,18.33,
1,Maze001,12.066,3.2500,-0.9990,3.2500,18.33,
1,Maze001,12.070,3.2500,-0.9990,3.2500,18.33,
1,Maze001,12.074,3.2500,-0.9990,3.2500,18.33,
1,Maze001,12.079,3.2500,-0.9990,3.2500,18.33,
1,Maze001,12.083,3.2500,-0.9990,3.2500,18.33,
1,Maze001,12.087,3.2500,-0.9990,3.2500,18.33,
1,Maze001,12.091,3.2500,-0.9990,3.2500,18.33,
1,Maze001,12.095,3.2500,-0.9990,3.2500,18.33,
1,Maze001,12.099,3.2500,-0.9990,3.2500,18.33,
1,Maze001,12.104,3.2500,-0.9990,3.2500,18.33,
1,Maze001,12.108,3.2500,-0.9990,3.2500,18.33,
1,Maze001,12.112,3.2500,-0.9990,3.2500,18.33,
1,Maze001,12.116,3.2500,-0.9990,3.2500,18.33,
1,Maze001,12.120,3.2500,-0.9990,3.2500,18.33,
1,Maze001,12.124,3.2500,-0.9990,3.2500,18.33,
1,Maze001,12.129,3.2500,-0.9990,3.2500,18.33,
1,Maze001,12.133,3.2500,-0.9990,3.2500,18.33,
1,Maze001,12.137,3.2500,-0.9990,3.2500,18.33,
1,Maze001,12.141,3.2500,-0.9990,3.2500,18.33,
1,Maze001,12.145,3.2500,-0.9990,3.2500,18.33,
1,Maze001,12.150,3.2500,-0.9990,3.2500,18.33,
1,Maze001,12.154,3.2500,-0.9990,3.2500,18.33,
1,Maze001,12.158,3.2500,-0.9990,3.2500,18.33,
1,Maze001,12.162,3.2500,-0.9990,3.2500,18.33,
1,Maze001,12.166,3.2500,-0.9990,3.2500,18.33,
1,Maze001,12.170,3.2500,-0.9990,3.2500,18.33,
1,Maze001,12.174,3.2500,-0.9990,3.2500,18.33,
1,Maze001,12.178,3.2500,-0.9990,3.2500,18.33,
1,Maze001,12.183,3.2500,-0.9990,3.2500,18.33,
1,Maze001,12.187,3.2500,-0.9990,3.2500,18.33,
1,Maze001,12.191,3.2500,-0.9990,3.2500,18.33,
1,Maze001,12.195,3.2500,-0.9990,3.2500,18.33,
1,Maze001,12.199,3.2500,-0.9990,3.2500,18.33,
1,Maze001,12.203,3.2500,-0.9990,3.2500,18.33,
1,Maze001,12.208,3.2500,-0.9990,3.2500,18.33,
1,Maze001,12.212,3.2500,-0.9990,3.2500,18.33,
1,Maze001,12.216,3.2500,-0.9990,3.2500,18.33,
1,Maze001,12.220,3.2500,-0.9990,3.2500,18.33,
1,Maze001,12.224,3.2500,-0.9990,3.2500,18.33,
1,Maze001,12.229,3.2500,-0.9990,3.2500,18.33,
1,Maze001,12.233,3.2500,-0.9990,3.2500,18.33,
1,Maze001,12.237,3.2500,-0.9990,3.2500,18.33,
1,Maze001,12.241,3.2500,-0.9990,3.2500,18.33,
1,Maze001,12.245,3.2500,-0.9990,3.2500,18.33,
1,Maze001,12.249,3.2500,-0.9990,3.2500,18.33,
1,Maze001,12.253,3.2500,-0.9990,3.2500,18.33,
1,Maze001,12.258,3.2500,-0.9990,3.2500,18.33,
1,Maze001,12.263,3.2500,-0.9990,3.2500,18.33,
1,Maze001,12.266,3.2500,-0.9990,3.2500,18.33,
1,Maze001,12.270,3.2500,-0.9990,3.2500,18.33,
1,Maze001,12.274,3.2500,-0.9990,3.2500,18.33,
1,Maze001,12.279,3.2500,-0.9990,3.2500,18.33,
1,Maze001,12.283,3.2500,-0.9990,3.2500,18.33,
1,Maze001,12.287,3.2500,-0.9990,3.2500,18.33,
1,Maze001,12.291,3.2500,-0.9990,3.2500,18.33,
1,Maze001,12.295,3.2500,-0.9990,3.2500,18.33,
1,Maze001,12.299,3.2500,-0.9990,3.2500,18.33,
1,Maze001,12.304,3.2500,-0.9990,3.2500,18.33,
1,Maze001,12.308,3.2500,-0.9990,3.2500,18.33,
1,Maze001,12.312,3.2500,-0.9990,3.2500,18.33,
1,Maze001,12.316,3.2500,-0.9990,3.2500,18.33,
1,Maze001,12.320,3.2500,-0.9990,3.2500,18.33,
1,Maze001,12.325,3.2500,-0.9990,3.2500,18.33,
1,Maze001,12.329,3.2500,-0.9990,3.2500,18.33,
1,Maze001,12.333,3.2500,-0.9990,3.2500,18.33,
1,Maze001,12.337,3.2500,-0.9990,3.2500,18.33,
1,Maze001,12.341,3.2500,-0.9990,3.2500,18.33,
1,Maze001,12.345,3.2500,-0.9990,3.2500,18.33,
1,Maze001,12.349,3.2500,-0.9990,3.2500,18.33,
1,Maze001,12.354,3.2500,-0.9990,3.2500,18.33,
1,Maze001,12.358,3.2500,-0.9990,3.2500,18.33,
1,Maze001,12.362,3.2500,-0.9990,3.2500,18.33,
1,Maze001,12.367,3.2500,-0.9990,3.2500,18.33,
1,Maze001,12.370,3.2500,-0.9990,3.2500,18.33,
1,Maze001,12.374,3.2500,-0.9990,3.2500,18.33,
1,Maze001,12.379,3.2500,-0.9990,3.2500,18.33,
1,Maze001,12.383,3.2500,-0.9990,3.2500,18.33,
1,Maze001,12.387,3.2500,-0.9990,3.2500,18.33,
1,Maze001,12.391,3.2500,-0.9990,3.2500,18.33,
1,Maze001,12.395,3.2500,-0.9990,3.2500,18.33,
1,Maze001,12.400,3.2500,-0.9990,3.2500,18.33,
1,Maze001,12.404,3.2500,-0.9990,3.2500,18.33,
1,Maze001,12.408,3.2500,-0.9990,3.2500,18.33,
1,Maze001,12.412,3.2500,-0.9990,3.2500,18.33,
1,Maze001,12.416,3.2500,-0.9990,3.2500,18.33,
1,Maze001,12.421,3.2500,-0.9990,3.2500,18.33,
1,Maze001,12.424,3.2500,-0.9990,3.2500,18.33,
1,Maze001,12.429,3.2500,-0.9990,3.2500,18.33,
1,Maze001,12.432,3.2500,-0.9990,3.2500,18.33,
1,Maze001,12.437,3.2500,-0.9990,3.2500,18.33,
1,Maze001,12.441,3.2500,-0.9990,3.2500,18.33,
1,Maze001,12.445,3.2500,-0.9990,3.2500,18.33,
1,Maze001,12.449,3.2500,-0.9990,3.2500,18.33,
1,Maze001,12.453,3.2500,-0.9990,3.2500,18.33,
1,Maze001,12.458,3.2500,-0.9990,3.2500,18.33,
1,Maze001,12.462,3.2500,-0.9990,3.2500,18.33,
1,Maze001,12.466,3.2500,-0.9990,3.2500,18.33,
1,Maze001,12.470,3.2500,-0.9990,3.2500,18.33,
1,Maze001,12.474,3.2500,-0.9990,3.2500,18.33,
1,Maze001,12.479,3.2500,-0.9990,3.2500,18.33,
1,Maze001,12.483,3.2500,-0.9990,3.2500,18.33,
1,Maze001,12.487,3.2500,-0.9990,3.2500,18.33,
1,Maze001,12.491,3.2500,-0.9990,3.2500,18.33,
1,Maze001,12.495,3.2500,-0.9990,3.2500,18.33,
1,Maze001,12.499,3.2500,-0.9990,3.2500,18.33,
1,Maze001,12.504,3.2500,-0.9990,3.2500,18.33,
1,Maze001,12.508,3.2500,-0.9990,3.2500,18.33,
1,Maze001,12.512,3.2500,-0.9990,3.2500,18.33,
1,Maze001,12.516,3.2500,-0.9990,3.2500,18.33,
1,Maze001,12.520,3.2500,-0.9990,3.2500,18.33,
1,Maze001,12.524,3.2500,-0.9990,3.2500,18.33,
1,Maze001,12.528,3.2500,-0.9990,3.2500,18.33,
1,Maze001,12.533,3.2500,-0.9990,3.2500,18.33,
1,Maze001,12.537,3.2500,-0.9990,3.2500,18.33,
1,Maze001,12.541,3.2500,-0.9990,3.2500,18.33,
1,Maze001,12.545,3.2500,-0.9990,3.2500,18.33,
1,Maze001,12.549,3.2500,-0.9990,3.2500,18.33,
1,Maze001,12.554,3.2500,-0.9990,3.2500,18.33,
1,Maze001,12.558,3.2500,-0.9990,3.2500,18.33,
1,Maze001,12.562,3.2500,-0.9990,3.2500,18.33,
1,Maze001,12.566,3.2500,-0.9990,3.2500,18.33,
1,Maze001,12.570,3.2500,-0.9990,3.2500,18.33,
1,Maze001,12.574,3.2500,-0.9990,3.2500,18.33,
1,Maze001,12.578,3.2500,-0.9990,3.2500,18.33,
1,Maze001,12.582,3.2500,-0.9990,3.2500,18.33,
1,Maze001,12.587,3.2500,-0.9990,3.2500,18.33,
1,Maze001,12.591,3.2500,-0.9990,3.2500,18.33,
1,Maze001,12.595,3.2500,-0.9990,3.2500,18.33,
1,Maze001,12.599,3.2500,-0.9990,3.2500,18.33,
1,Maze001,12.604,3.2500,-0.9990,3.2500,18.33,
1,Maze001,12.608,3.2500,-0.9990,3.2500,18.33,
1,Maze001,12.612,3.2500,-0.9990,3.2500,18.33,
1,Maze001,12.616,3.2500,-0.9990,3.2500,18.33,
1,Maze001,12.620,3.2500,-0.9990,3.2500,18.33,
1,Maze001,12.624,3.2500,-0.9990,3.2500,18.33,
1,Maze001,12.628,3.2500,-0.9990,3.2500,18.33,
1,Maze001,12.633,3.2500,-0.9990,3.2500,18.33,
1,Maze001,12.637,3.2500,-0.9990,3.2500,18.33,
1,Maze001,12.641,3.2500,-0.9990,3.2500,18.33,
1,Maze001,12.645,3.2500,-0.9990,3.2500,18.33,
1,Maze001,12.649,3.2500,-0.9990,3.2500,18.33,
1,Maze001,12.654,3.2500,-0.9990,3.2500,18.33,
1,Maze001,12.658,3.2500,-0.9990,3.2500,18.33,
1,Maze001,12.662,3.2500,-0.9990,3.2500,18.33,
1,Maze001,12.666,3.2500,-0.9990,3.2500,18.33,
1,Maze001,12.670,3.2500,-0.9990,3.2500,18.33,
1,Maze001,12.675,3.2500,-0.9990,3.2500,18.33,
1,Maze001,12.679,3.2500,-0.9990,3.2500,18.33,
1,Maze001,12.683,3.2500,-0.9990,3.2500,18.33,
1,Maze001,12.687,3.2500,-0.9990,3.2500,18.33,
1,Maze001,12.691,3.2500,-0.9990,3.2500,18.33,
1,Maze001,12.695,3.2500,-0.9990,3.2500,18.33,
1,Maze001,12.700,3.2500,-0.9990,3.2500,18.33,
1,Maze001,12.704,3.2500,-0.9990,3.2500,18.33,
1,Maze001,12.708,3.2500,-0.9990,3.2500,18.33,
1,Maze001,12.712,3.2500,-0.9990,3.2500,18.33,
1,Maze001,12.716,3.2500,-0.9990,3.2500,18.33,
1,Maze001,12.720,3.2500,-0.9990,3.2500,18.33,
1,Maze001,12.724,3.2500,-0.9990,3.2500,18.33,
1,Maze001,12.728,3.2500,-0.9990,3.2500,18.33,
1,Maze001,12.733,3.2500,-0.9990,3.2500,18.33,
1,Maze001,12.737,3.2500,-0.9990,3.2500,18.33,
1,Maze001,12.742,3.2500,-0.9990,3.2500,18.33,
1,Maze001,12.745,3.2500,-0.9990,3.2500,18.33,
1,Maze001,12.749,3.2500,-0.9990,3.2500,18.33,
1,Maze001,12.754,3.2500,-0.9990,3.2500,18.33,
1,Maze001,12.758,3.2500,-0.9990,3.2500,18.33,
1,Maze001,12.762,3.2500,-0.9990,3.2500,18.33,
1,Maze001,12.766,3.2500,-0.9990,3.2500,18.33,
1,Maze001,12.770,3.2500,-0.9990,3.2500,18.33,
1,Maze001,12.774,3.2500,-0.9990,3.2500,18.33,
1,Maze001,12.778,3.2500,-0.9990,3.2500,18.33,
1,Maze001,12.783,3.2500,-0.9990,3.2500,18.33,
1,Maze001,12.787,3.2500,-0.9990,3.2500,18.33,
1,Maze001,12.791,3.2500,-0.9990,3.2500,18.33,
1,Maze001,12.795,3.2500,-0.9990,3.2500,18.33,
1,Maze001,12.799,3.2500,-0.9990,3.2500,18.33,
1,Maze001,12.803,3.2500,-0.9990,3.2500,18.33,
1,Maze001,12.808,3.2500,-0.9990,3.2500,18.33,
1,Maze001,12.812,3.2500,-0.9990,3.2500,18.33,
1,Maze001,12.816,3.2500,-0.9990,3.2500,18.33,
1,Maze001,12.820,3.2500,-0.9990,3.2500,18.33,
1,Maze001,12.824,3.2500,-0.9990,3.2500,18.33,
1,Maze001,12.828,3.2500,-0.9990,3.2500,18.33,
1,Maze001,12.833,3.2500,-0.9990,3.2500,18.33,
1,Maze001,12.837,3.2500,-0.9990,3.2500,18.33,
1,Maze001,12.841,3.2500,-0.9990,3.2500,18.33,
1,Maze001,12.845,3.2500,-0.9990,3.2500,18.33,
1,Maze001,12.850,3.2500,-0.9990,3.2500,18.33,
1,Maze001,12.853,3.2500,-0.9990,3.2500,18.33,
1,Maze001,12.858,3.2500,-0.9990,3.2500,18.33,
1,Maze001,12.862,3.2500,-0.9990,3.2500,18.33,
1,Maze001,12.866,3.2500,-0.9990,3.2500,18.33,
1,Maze001,12.870,3.2500,-0.9990,3.2500,18.33,
1,Maze001,12.874,3.2500,-0.9990,3.2500,18.33,
1,Maze001,12.878,3.2500,-0.9990,3.2500,18.33,
1,Maze001,12.883,3.2500,-0.9990,3.2500,18.33,
1,Maze001,12.887,3.2500,-0.9990,3.2500,18.33,
1,Maze001,12.891,3.2500,-0.9990,3.2500,18.33,
1,Maze001,12.895,3.2500,-0.9990,3.2500,18.33,
1,Maze001,12.900,3.2500,-0.9990,3.2500,18.33,
1,Maze001,12.903,3.2500,-0.9990,3.2500,18.33,
1,Maze001,12.908,3.2500,-0.9990,3.2500,18.33,
1,Maze001,12.912,3.2500,-0.9990,3.2500,18.33,
1,Maze001,12.916,3.2500,-0.9990,3.2500,18.33,
1,Maze001,12.920,3.2500,-0.9990,3.2500,18.33,
1,Maze001,12.924,3.2500,-0.9990,3.2500,18.33,
1,Maze001,12.928,3.2500,-0.9990,3.2500,18.33,
1,Maze001,12.932,3.2500,-0.9990,3.2500,18.33,
1,Maze001,12.937,3.2500,-0.9990,3.2500,18.33,
1,Maze001,12.941,3.2500,-0.9990,3.2500,18.33,
1,Maze001,12.945,3.2500,-0.9990,3.2500,18.33,
1,Maze001,12.949,3.2500,-0.9990,3.2500,18.33,
1,Maze001,12.953,3.2500,-0.9990,3.2500,18.33,
1,Maze001,12.958,3.2500,-0.9990,3.2500,18.33,
1,Maze001,12.962,3.2500,-0.9990,3.2500,18.33,
1,Maze001,12.966,3.2500,-0.9990,3.2500,18.33,
1,Maze001,12.970,3.2500,-0.9990,3.2500,18.33,
1,Maze001,12.974,3.2500,-0.9990,3.2500,18.33,
1,Maze001,12.979,3.2500,-0.9990,3.2500,18.33,
1,Maze001,12.983,3.2500,-0.9990,3.2500,18.33,
1,Maze001,12.987,3.2500,-0.9990,3.2500,18.33,
1,Maze001,12.991,3.2500,-0.9990,3.2500,18.33,
1,Maze001,12.995,3.2500,-0.9990,3.2500,18.33,
1,Maze001,12.999,3.2500,-0.9990,3.2500,18.33,
1,Maze001,13.003,3.2500,-0.9990,3.2500,18.33,
1,Maze001,13.008,3.2500,-0.9990,3.2500,18.33,
1,Maze001,13.012,3.2500,-0.9990,3.2500,18.33,
1,Maze001,13.016,3.2500,-0.9990,3.2500,18.33,
1,Maze001,13.020,3.2500,-0.9990,3.2500,18.33,
1,Maze001,13.024,3.2500,-0.9990,3.2500,18.33,
1,Maze001,13.028,3.2500,-0.9990,3.2500,18.33,
1,Maze001,13.033,3.2500,-0.9990,3.2500,18.33,
1,Maze001,13.037,3.2500,-0.9990,3.2500,18.33,
1,Maze001,13.041,3.2500,-0.9990,3.2500,18.33,
1,Maze001,13.045,3.2500,-0.9990,3.2500,18.33,
1,Maze001,13.049,3.2500,-0.9990,3.2500,18.33,
1,Maze001,13.054,3.2500,-0.9990,3.2500,18.33,
1,Maze001,13.057,3.2500,-0.9990,3.2500,18.33,
1,Maze001,13.062,3.2500,-0.9990,3.2500,18.33,
1,Maze001,13.066,3.2500,-0.9990,3.2500,18.33,
1,Maze001,13.070,3.2500,-0.9990,3.2500,18.33,
1,Maze001,13.074,3.2500,-0.9990,3.2500,18.33,
1,Maze001,13.078,3.2500,-0.9990,3.2500,18.33,
1,Maze001,13.082,3.2500,-0.9990,3.2500,18.33,
1,Maze001,13.087,3.2500,-0.9990,3.2500,18.33,
1,Maze001,13.091,3.2500,-0.9990,3.2500,18.33,
1,Maze001,13.095,3.2500,-0.9990,3.2500,18.33,
1,Maze001,13.099,3.2500,-0.9990,3.2500,18.33,
1,Maze001,13.103,3.2500,-0.9990,3.2500,18.33,
1,Maze001,13.108,3.2500,-0.9990,3.2500,18.33,
1,Maze001,13.112,3.2500,-0.9990,3.2500,18.33,
1,Maze001,13.116,3.2500,-0.9990,3.2500,18.33,
1,Maze001,13.120,3.2500,-0.9990,3.2500,18.33,
1,Maze001,13.124,3.2500,-0.9990,3.2500,18.33,
1,Maze001,13.129,3.2500,-0.9990,3.2500,18.33,
1,Maze001,13.133,3.2500,-0.9990,3.2500,18.33,
1,Maze001,13.137,3.2500,-0.9990,3.2500,18.33,
1,Maze001,13.141,3.2500,-0.9990,3.2500,18.33,
1,Maze001,13.145,3.2500,-0.9990,3.2500,18.33,
1,Maze001,13.149,3.2500,-0.9990,3.2500,18.33,
1,Maze001,13.153,3.2500,-0.9990,3.2500,18.33,
1,Maze001,13.158,3.2500,-0.9990,3.2500,18.33,
1,Maze001,13.162,3.2500,-0.9990,3.2500,18.33,
1,Maze001,13.166,3.2500,-0.9990,3.2500,18.33,
1,Maze001,13.170,3.2500,-0.9990,3.2500,18.33,
1,Maze001,13.174,3.2500,-0.9990,3.2500,18.33,
1,Maze001,13.179,3.2500,-0.9990,3.2500,18.33,
1,Maze001,13.182,3.2500,-0.9990,3.2500,18.33,
1,Maze001,13.188,3.2500,-0.9990,3.2500,18.33,
1,Maze001,13.195,3.2500,-0.9990,3.2500,18.33,
1,Maze001,13.199,3.2500,-0.9990,3.2500,18.33,
1,Maze001,13.203,3.2500,-0.9990,3.2500,18.33,
1,Maze001,13.208,3.2500,-0.9990,3.2500,18.33,
1,Maze001,13.212,3.2500,-0.9990,3.2500,18.33,
1,Maze001,13.216,3.2500,-0.9990,3.2500,18.33,
1,Maze001,13.220,3.2500,-0.9990,3.2500,18.33,
1,Maze001,13.224,3.2500,-0.9990,3.2500,18.33,
1,Maze001,13.229,3.2500,-0.9990,3.2500,18.33,
1,Maze001,13.233,3.2500,-0.9990,3.2500,18.33,
1,Maze001,13.237,3.2500,-0.9990,3.2500,18.33,
1,Maze001,13.242,3.2500,-0.9990,3.2500,18.33,
1,Maze001,13.245,3.2500,-0.9990,3.2500,18.33,
1,Maze001,13.250,3.2500,-0.9990,3.2500,18.33,
1,Maze001,13.253,3.2500,-0.9990,3.2500,18.33,
1,Maze001,13.258,3.2500,-0.9990,3.2500,18.33,
1,Maze001,13.262,3.2500,-0.9990,3.2500,18.33,
1,Maze001,13.266,3.2500,-0.9990,3.2500,18.33,
1,Maze001,13.270,3.2500,-0.9990,3.2500,18.33,
1,Maze001,13.274,3.2500,-0.9990,3.2500,18.33,
1,Maze001,13.279,3.2500,-0.9990,3.2500,18.33,
1,Maze001,13.283,3.2500,-0.9990,3.2500,18.33,
1,Maze001,13.287,3.2500,-0.9990,3.2500,18.33,
1,Maze001,13.291,3.2500,-0.9990,3.2500,18.33,
1,Maze001,13.295,3.2500,-0.9990,3.2500,18.33,
1,Maze001,13.299,3.2500,-0.9990,3.2500,18.33,
1,Maze001,13.304,3.2500,-0.9990,3.2500,18.33,
1,Maze001,13.308,3.2500,-0.9990,3.2500,18.33,
1,Maze001,13.312,3.2500,-0.9990,3.2500,18.33,
1,Maze001,13.316,3.2500,-0.9990,3.2500,18.33,
1,Maze001,13.320,3.2500,-0.9990,3.2500,18.33,
1,Maze001,13.324,3.2500,-0.9990,3.2500,18.33,
1,Maze001,13.328,3.2500,-0.9990,3.2500,18.33,
1,Maze001,13.332,3.2500,-0.9990,3.2500,18.33,
1,Maze001,13.337,3.2500,-0.9990,3.2500,18.33,
1,Maze001,13.341,3.2500,-0.9990,3.2500,18.33,
1,Maze001,13.345,3.2500,-0.9990,3.2500,18.33,
1,Maze001,13.349,3.2500,-0.9990,3.2500,18.33,
1,Maze001,13.354,3.2500,-0.9990,3.2500,18.33,
1,Maze001,13.358,3.2500,-0.9990,3.2500,18.33,
1,Maze001,13.362,3.2500,-0.9990,3.2500,18.33,
1,Maze001,13.366,3.2500,-0.9990,3.2500,18.33,
1,Maze001,13.371,3.2500,-0.9990,3.2500,18.33,
1,Maze001,13.374,3.2500,-0.9990,3.2500,18.33,
1,Maze001,13.378,3.2500,-0.9990,3.2500,18.33,
1,Maze001,13.382,3.2500,-0.9990,3.2500,18.33,
1,Maze001,13.387,3.2500,-0.9990,3.2500,18.33,
1,Maze001,13.391,3.2500,-0.9990,3.2500,18.33,
1,Maze001,13.395,3.2500,-0.9990,3.2500,18.33,
1,Maze001,13.399,3.2500,-0.9990,3.2500,18.33,
1,Maze001,13.404,3.2500,-0.9990,3.2500,18.33,
1,Maze001,13.408,3.2500,-0.9990,3.2500,18.33,
1,Maze001,13.412,3.2500,-0.9990,3.2500,18.33,
1,Maze001,13.416,3.2500,-0.9990,3.2500,18.33,
1,Maze001,13.420,3.2500,-0.9990,3.2500,18.33,
1,Maze001,13.424,3.2500,-0.9990,3.2500,18.33,
1,Maze001,13.428,3.2500,-0.9990,3.2500,18.33,
1,Maze001,13.432,3.2500,-0.9990,3.2500,18.33,
1,Maze001,13.437,3.2500,-0.9990,3.2500,18.33,
1,Maze001,13.441,3.2500,-0.9990,3.2500,18.33,
1,Maze001,13.445,3.2500,-0.9990,3.2500,18.33,
1,Maze001,13.449,3.2500,-0.9990,3.2500,18.33,
1,Maze001,13.453,3.2500,-0.9990,3.2500,18.33,
1,Maze001,13.457,3.2500,-0.9990,3.2500,18.33,
1,Maze001,13.462,3.2500,-0.9990,3.2500,18.33,
1,Maze001,13.466,3.2500,-0.9990,3.2500,18.33,
1,Maze001,13.470,3.2500,-0.9990,3.2500,18.33,
1,Maze001,13.474,3.2500,-0.9990,3.2500,18.33,
1,Maze001,13.478,3.2500,-0.9990,3.2500,18.33,
1,Maze001,13.482,3.2500,-0.9990,3.2500,18.33,
1,Maze001,13.487,3.2500,-0.9990,3.2500,18.33,
1,Maze001,13.491,3.2500,-0.9990,3.2500,18.33,
1,Maze001,13.495,3.2500,-0.9990,3.2500,18.33,
1,Maze001,13.500,3.2500,-0.9990,3.2500,18.33,
1,Maze001,13.503,3.2500,-0.9990,3.2500,18.33,
1,Maze001,13.508,3.2500,-0.9990,3.2500,18.33,
1,Maze001,13.512,3.2500,-0.9990,3.2500,18.33,
1,Maze001,13.516,3.2500,-0.9990,3.2500,18.33,
1,Maze001,13.520,3.2500,-0.9990,3.2500,18.33,
1,Maze001,13.525,3.2500,-0.9990,3.2500,18.33,
1,Maze001,13.528,3.2500,-0.9990,3.2500,18.33,
1,Maze001,13.533,3.2500,-0.9990,3.2500,18.33,
1,Maze001,13.536,3.2500,-0.9990,3.2500,18.33,
1,Maze001,13.541,3.2500,-0.9990,3.2500,18.33,
1,Maze001,13.545,3.2500,-0.9990,3.2500,18.33,
1,Maze001,13.549,3.2500,-0.9990,3.2500,18.33,
1,Maze001,13.553,3.2500,-0.9990,3.2500,18.33,
1,Maze001,13.557,3.2500,-0.9990,3.2500,18.33,
1,Maze001,13.562,3.2500,-0.9990,3.2500,18.33,
1,Maze001,13.566,3.2500,-0.9990,3.2500,18.33,
1,Maze001,13.570,3.2500,-0.9990,3.2500,18.33,
1,Maze001,13.574,3.2500,-0.9990,3.2500,18.33,
1,Maze001,13.578,3.2500,-0.9990,3.2500,18.33,
1,Maze001,13.583,3.2500,-0.9990,3.2500,18.33,
1,Maze001,13.586,3.2500,-0.9990,3.2500,18.33,
1,Maze001,13.591,3.2500,-0.9990,3.2500,18.33,
1,Maze001,13.595,3.2500,-0.9990,3.2500,18.33,
1,Maze001,13.599,3.2500,-0.9990,3.2500,18.33,
1,Maze001,13.603,3.2500,-0.9990,3.2500,18.33,
1,Maze001,13.607,3.2500,-0.9990,3.2500,18.33,
1,Maze001,13.612,3.2500,-0.9990,3.2500,18.33,
1,Maze001,13.616,3.2500,-0.9990,3.2500,18.33,
1,Maze001,13.620,3.2500,-0.9990,3.2500,18.33,
1,Maze001,13.624,3.2500,-0.9990,3.2500,18.33,
1,Maze001,13.629,3.2500,-0.9990,3.2500,18.33,
1,Maze001,13.633,3.2500,-0.9990,3.2500,18.33,
1,Maze001,13.637,3.2500,-0.9990,3.2500,18.33,
1,Maze001,13.641,3.2500,-0.9990,3.2500,18.33,
1,Maze001,13.645,3.2500,-0.9990,3.2500,18.33,
1,Maze001,13.649,3.2500,-0.9990,3.2500,18.33,
1,Maze001,13.653,3.2500,-0.9990,3.2500,18.33,
1,Maze001,13.658,3.2500,-0.9990,3.2500,18.33,
1,Maze001,13.662,3.2500,-0.9990,3.2500,18.33,
1,Maze001,13.666,3.2500,-0.9990,3.2500,18.33,
1,Maze001,13.670,3.2500,-0.9990,3.2500,18.33,
1,Maze001,13.674,3.2500,-0.9990,3.2500,18.33,
1,Maze001,13.678,3.2500,-0.9990,3.2500,18.33,
1,Maze001,13.683,3.2500,-0.9990,3.2500,18.33,
1,Maze001,13.687,3.2500,-0.9990,3.2500,18.33,
1,Maze001,13.691,3.2500,-0.9990,3.2500,18.33,
1,Maze001,13.695,3.2500,-0.9990,3.2500,18.33,
1,Maze001,13.699,3.2500,-0.9990,3.2500,18.33,
1,Maze001,13.704,3.2500,-0.9990,3.2500,18.33,
1,Maze001,13.708,3.2500,-0.9990,3.2500,18.33,
1,Maze001,13.712,3.2500,-0.9990,3.2500,18.33,
1,Maze001,13.716,3.2500,-0.9990,3.2500,18.33,
1,Maze001,13.720,3.2500,-0.9990,3.2500,18.33,
1,Maze001,13.725,3.2500,-0.9990,3.2500,18.33,
1,Maze001,13.729,3.2500,-0.9990,3.2500,18.33,
1,Maze001,13.733,3.2500,-0.9990,3.2500,18.33,
1,Maze001,13.737,3.2500,-0.9990,3.2500,18.33,
1,Maze001,13.742,3.2500,-0.9990,3.2500,18.33,
1,Maze001,13.745,3.2500,-0.9990,3.2500,18.33,
1,Maze001,13.749,3.2500,-0.9990,3.2500,18.33,
1,Maze001,13.753,3.2500,-0.9990,3.2500,18.33,
1,Maze001,13.758,3.2500,-0.9990,3.2500,18.33,
1,Maze001,13.762,3.2500,-0.9990,3.2500,18.33,
1,Maze001,13.766,3.2500,-0.9990,3.2500,18.33,
1,Maze001,13.770,3.2500,-0.9990,3.2500,18.33,
1,Maze001,13.774,3.2500,-0.9990,3.2500,18.33,
1,Maze001,13.778,3.2500,-0.9990,3.2500,18.33,
1,Maze001,13.782,3.2500,-0.9990,3.2500,18.33,
1,Maze001,13.787,3.2500,-0.9990,3.2500,18.33,
1,Maze001,13.791,3.2500,-0.9990,3.2500,18.33,
1,Maze001,13.795,3.2500,-0.9990,3.2500,18.33,
1,Maze001,13.799,3.2500,-0.9990,3.2500,18.33,
1,Maze001,13.803,3.2500,-0.9990,3.2500,18.33,
1,Maze001,13.807,3.2500,-0.9990,3.2500,18.33,
1,Maze001,13.812,3.2500,-0.9990,3.2500,18.33,
1,Maze001,13.816,3.2500,-0.9990,3.2500,18.33,
1,Maze001,13.820,3.2500,-0.9990,3.2500,18.33,
1,Maze001,13.824,3.2500,-0.9990,3.2500,18.33,
1,Maze001,13.828,3.2500,-0.9990,3.2500,18.33,
1,Maze001,13.832,3.2500,-0.9990,3.2500,18.33,
1,Maze001,13.837,3.2500,-0.9990,3.2500,18.33,
1,Maze001,13.841,3.2500,-0.9990,3.2500,18.33,
1,Maze001,13.845,3.2500,-0.9990,3.2500,18.33,
1,Maze001,13.850,3.2500,-0.9990,3.2500,18.33,
1,Maze001,13.853,3.2500,-0.9990,3.2500,18.33,
1,Maze001,13.857,3.2500,-0.9990,3.2500,18.33,
1,Maze001,13.862,3.2500,-0.9990,3.2500,18.33,
1,Maze001,13.866,3.2500,-0.9990,3.2500,18.33,
1,Maze001,13.870,3.2500,-0.9990,3.2500,18.33,
1,Maze001,13.874,3.2500,-0.9990,3.2500,18.33,
1,Maze001,13.878,3.2500,-0.9990,3.2500,18.33,
1,Maze001,13.882,3.2500,-0.9990,3.2500,18.33,
1,Maze001,13.886,3.2500,-0.9990,3.2500,18.33,
1,Maze001,13.891,3.2500,-0.9990,3.2500,18.33,
1,Maze001,13.895,3.2500,-0.9990,3.2500,18.33,
1,Maze001,13.899,3.2500,-0.9990,3.2500,18.33,
1,Maze001,13.903,3.2500,-0.9990,3.2500,18.33,
1,Maze001,13.907,3.2500,-0.9990,3.2500,18.33,
1,Maze001,13.912,3.2500,-0.9990,3.2500,18.33,
1,Maze001,13.916,3.2500,-0.9990,3.2500,18.33,
1,Maze001,13.920,3.2500,-0.9990,3.2500,18.33,
1,Maze001,13.924,3.2500,-0.9990,3.2500,18.33,
1,Maze001,13.928,3.2500,-0.9990,3.2500,18.33,
1,Maze001,13.932,3.2500,-0.9990,3.2500,18.33,
1,Maze001,13.936,3.2500,-0.9990,3.2500,18.33,
1,Maze001,13.941,3.2500,-0.9990,3.2500,18.33,
1,Maze001,13.945,3.2500,-0.9990,3.2500,18.33,
1,Maze001,13.949,3.2500,-0.9990,3.2500,18.33,
1,Maze001,13.953,3.2500,-0.9990,3.2500,18.33,
1,Maze001,13.957,3.2500,-0.9990,3.2500,18.33,
1,Maze001,13.962,3.2500,-0.9990,3.2500,18.33,
1,Maze001,13.966,3.2500,-0.9990,3.2500,18.33,
1,Maze001,13.970,3.2500,-0.9990,3.2500,18.33,
1,Maze001,13.974,3.2500,-0.9990,3.2500,18.33,
1,Maze001,13.978,3.2500,-0.9990,3.2500,18.33,
1,Maze001,13.982,3.2500,-0.9990,3.2500,18.33,
1,Maze001,13.986,3.2500,-0.9990,3.2500,18.33,
1,Maze001,13.991,3.2500,-0.9990,3.2500,18.33,
1,Maze001,13.995,3.2500,-0.9990,3.2500,18.33,
1,Maze001,13.999,3.2500,-0.9990,3.2500,18.33,
1,Maze001,14.003,3.2500,-0.9990,3.2500,18.33,
1,Maze001,14.007,3.2500,-0.9990,3.2500,18.33,
1,Maze001,14.012,3.2500,-0.9990,3.2500,18.33,
1,Maze001,14.016,3.2500,-0.9990,3.2500,18.33,
1,Maze001,14.020,3.2500,-0.9990,3.2500,18.33,
1,Maze001,14.024,3.2500,-0.9990,3.2500,18.33,
1,Maze001,14.029,3.2500,-0.9990,3.2500,18.33,
1,Maze001,14.033,3.2500,-0.9990,3.2500,18.33,
1,Maze001,14.037,3.2500,-0.9990,3.2500,18.33,
1,Maze001,14.041,3.2500,-0.9990,3.2500,18.33,
1,Maze001,14.045,3.2500,-0.9990,3.2500,18.33,
1,Maze001,14.049,3.2500,-0.9990,3.2500,18.33,
1,Maze001,14.053,3.2500,-0.9990,3.2500,18.33,
1,Maze001,14.058,3.2500,-0.9990,3.2500,18.33,
1,Maze001,14.062,3.2500,-0.9990,3.2500,18.33,
1,Maze001,14.066,3.2500,-0.9990,3.2500,18.33,
1,Maze001,14.070,3.2500,-0.9990,3.2500,18.33,
1,Maze001,14.074,3.2500,-0.9990,3.2500,18.33,
1,Maze001,14.079,3.2500,-0.9990,3.2500,18.33,
1,Maze001,14.083,3.2500,-0.9990,3.2500,18.33,
1,Maze001,14.087,3.2500,-0.9990,3.2500,18.33,
1,Maze001,14.091,3.2500,-0.9990,3.2500,18.33,
1,Maze001,14.095,3.2500,-0.9990,3.2500,18.33,
1,Maze001,14.099,3.2500,-0.9990,3.2500,18.33,
1,Maze001,14.103,3.2500,-0.9990,3.2500,18.33,
1,Maze001,14.108,3.2500,-0.9990,3.2500,18.33,
1,Maze001,14.112,3.2500,-0.9990,3.2500,18.33,
1,Maze001,14.116,3.2500,-0.9990,3.2500,18.33,
1,Maze001,14.120,3.2500,-0.9990,3.2500,18.33,
1,Maze001,14.124,3.2500,-0.9990,3.2500,18.33,
1,Maze001,14.128,3.2500,-0.9990,3.2500,18.33,
1,Maze001,14.132,3.2500,-0.9990,3.2500,18.33,
1,Maze001,14.136,3.2500,-0.9990,3.2500,18.33,
1,Maze001,14.141,3.2500,-0.9990,3.2500,18.33,
1,Maze001,14.145,3.2500,-0.9990,3.2500,18.33,
1,Maze001,14.149,3.2500,-0.9990,3.2500,18.33,
1,Maze001,14.153,3.2500,-0.9990,3.2500,18.33,
1,Maze001,14.158,3.2500,-0.9990,3.2500,18.33,
1,Maze001,14.162,3.2500,-0.9990,3.2500,18.33,
1,Maze001,14.166,3.2500,-0.9990,3.2500,18.33,
1,Maze001,14.170,3.2500,-0.9990,3.2500,18.33,
1,Maze001,14.174,3.2500,-0.9990,3.2500,18.33,
1,Maze001,14.178,3.2500,-0.9990,3.2500,18.33,
1,Maze001,14.182,3.2500,-0.9990,3.2500,18.33,
1,Maze001,14.186,3.2500,-0.9990,3.2500,18.33,
1,Maze001,14.191,3.2500,-0.9990,3.2500,18.33,
1,Maze001,14.195,3.2500,-0.9990,3.2500,18.33,
1,Maze001,14.199,3.2500,-0.9990,3.2500,18.33,
1,Maze001,14.203,3.2500,-0.9990,3.2500,18.33,
1,Maze001,14.207,3.2500,-0.9990,3.2500,18.33,
1,Maze001,14.212,3.2500,-0.9990,3.2500,18.33,
1,Maze001,14.216,3.2500,-0.9990,3.2500,18.33,
1,Maze001,14.220,3.2500,-0.9990,3.2500,18.33,
1,Maze001,14.224,3.2500,-0.9990,3.2500,18.33,
1,Maze001,14.228,3.2500,-0.9990,3.2500,18.33,
1,Maze001,14.232,3.2500,-0.9990,3.2500,18.33,
1,Maze001,14.237,3.2500,-0.9990,3.2500,18.33,
1,Maze001,14.241,3.2500,-0.9990,3.2500,18.33,
1,Maze001,14.245,3.2500,-0.9990,3.2500,18.33,
1,Maze001,14.249,3.2500,-0.9990,3.2500,18.33,
1,Maze001,14.253,3.2500,-0.9990,3.2500,18.33,
1,Maze001,14.258,3.2500,-0.9990,3.2500,18.33,
1,Maze001,14.262,3.2500,-0.9990,3.2500,18.33,
1,Maze001,14.266,3.2500,-0.9990,3.2500,18.33,
1,Maze001,14.270,3.2500,-0.9990,3.2500,18.33,
1,Maze001,14.274,3.2500,-0.9990,3.2500,18.33,
1,Maze001,14.278,3.2500,-0.9990,3.2500,18.33,
1,Maze001,14.282,3.2500,-0.9990,3.2500,18.33,
1,Maze001,14.287,3.2500,-0.9990,3.2500,18.33,
1,Maze001,14.291,3.2500,-0.9990,3.2500,18.33,
1,Maze001,14.295,3.2500,-0.9990,3.2500,18.33,
1,Maze001,14.299,3.2500,-0.9990,3.2500,18.33,
1,Maze001,14.304,3.2500,-0.9990,3.2500,18.33,
1,Maze001,14.308,3.2500,-0.9990,3.2500,18.33,
1,Maze001,14.312,3.2500,-0.9990,3.2500,18.33,
1,Maze001,14.316,3.2500,-0.9990,3.2500,18.33,
1,Maze001,14.320,3.2500,-0.9990,3.2500,18.33,
1,Maze001,14.324,3.2500,-0.9990,3.2500,18.33,
1,Maze001,14.328,3.2500,-0.9990,3.2500,18.33,
1,Maze001,14.332,3.2500,-0.9990,3.2500,18.33,
1,Maze001,14.336,3.2500,-0.9990,3.2500,18.33,
1,Maze001,14.341,3.2500,-0.9990,3.2500,18.33,
1,Maze001,14.345,3.2500,-0.9990,3.2500,18.33,
1,Maze001,14.349,3.2500,-0.9990,3.2500,18.33,
1,Maze001,14.353,3.2500,-0.9990,3.2500,18.33,
1,Maze001,14.357,3.2500,-0.9990,3.2500,18.33,
1,Maze001,14.362,3.2500,-0.9990,3.2500,18.33,
1,Maze001,14.366,3.2500,-0.9990,3.2500,18.33,
1,Maze001,14.370,3.2500,-0.9990,3.2500,18.33,
1,Maze001,14.374,3.2500,-0.9990,3.2500,18.33,
1,Maze001,14.378,3.2500,-0.9990,3.2500,18.33,
1,Maze001,14.383,3.2500,-0.9990,3.2500,18.33,
1,Maze001,14.387,3.2500,-0.9990,3.2500,18.33,
1,Maze001,14.391,3.2500,-0.9990,3.2500,18.33,
1,Maze001,14.395,3.2500,-0.9990,3.2500,18.33,
1,Maze001,14.399,3.2500,-0.9990,3.2500,18.33,
1,Maze001,14.403,3.2500,-0.9990,3.2500,18.33,
1,Maze001,14.407,3.2500,-0.9990,3.2500,18.33,
1,Maze001,14.412,3.2500,-0.9990,3.2500,18.33,
1,Maze001,14.416,3.2500,-0.9990,3.2500,18.33,
1,Maze001,14.420,3.2500,-0.9990,3.2500,18.33,
1,Maze001,14.424,3.2500,-0.9990,3.2500,18.33,
1,Maze001,14.428,3.2500,-0.9990,3.2500,18.33,
1,Maze001,14.432,3.2500,-0.9990,3.2500,18.33,
1,Maze001,14.437,3.2500,-0.9990,3.2500,18.33,
1,Maze001,14.441,3.2500,-0.9990,3.2500,18.33,
1,Maze001,14.445,3.2500,-0.9990,3.2500,18.33,
1,Maze001,14.449,3.2500,-0.9990,3.2500,18.33,
1,Maze001,14.453,3.2500,-0.9990,3.2500,18.33,
1,Maze001,14.457,3.2500,-0.9990,3.2500,18.33,
1,Maze001,14.462,3.2500,-0.9990,3.2500,18.33,
1,Maze001,14.466,3.2500,-0.9990,3.2500,18.33,
1,Maze001,14.470,3.2500,-0.9990,3.2500,18.33,
1,Maze001,14.474,3.2500,-0.9990,3.2500,18.33,
1,Maze001,14.478,3.2500,-0.9990,3.2500,18.33,
1,Maze001,14.482,3.2500,-0.9990,3.2500,18.33,
1,Maze001,14.487,3.2500,-0.9990,3.2500,18.33,
1,Maze001,14.491,3.2500,-0.9990,3.2500,18.33,
1,Maze001,14.495,3.2500,-0.9990,3.2500,18.33,
1,Maze001,14.499,3.2500,-0.9990,3.2500,18.33,
1,Maze001,14.503,3.2500,-0.9990,3.2500,18.33,
1,Maze001,14.507,3.2500,-0.9990,3.2500,18.33,
1,Maze001,14.512,3.2500,-0.9990,3.2500,18.33,
1,Maze001,14.516,3.2500,-0.9990,3.2500,18.33,
1,Maze001,14.520,3.2500,-0.9990,3.2500,18.33,
1,Maze001,14.524,3.2500,-0.9990,3.2500,18.33,
1,Maze001,14.528,3.2500,-0.9990,3.2500,18.33,
1,Maze001,14.532,3.2500,-0.9990,3.2500,18.33,
1,Maze001,14.537,3.2500,-0.9990,3.2500,18.33,
1,Maze001,14.541,3.2500,-0.9990,3.2500,18.33,
1,Maze001,14.545,3.2500,-0.9990,3.2500,18.33,
1,Maze001,14.549,3.2500,-0.9990,3.2500,18.33,
1,Maze001,14.553,3.2500,-0.9990,3.2500,18.33,
1,Maze001,14.558,3.2500,-0.9990,3.2500,18.33,
1,Maze001,14.562,3.2500,-0.9990,3.2500,18.33,
1,Maze001,14.566,3.2500,-0.9990,3.2500,18.33,
1,Maze001,14.570,3.2500,-0.9990,3.2500,18.33,
1,Maze001,14.574,3.2500,-0.9990,3.2500,18.33,
1,Maze001,14.578,3.2500,-0.9990,3.2500,18.33,
1,Maze001,14.582,3.2500,-0.9990,3.2500,18.33,
1,Maze001,14.587,3.2500,-0.9990,3.2500,18.33,
1,Maze001,14.591,3.2500,-0.9990,3.2500,18.33,
1,Maze001,14.595,3.2500,-0.9990,3.2500,18.33,
1,Maze001,14.599,3.2500,-0.9990,3.2500,18.33,
1,Maze001,14.603,3.2500,-0.9990,3.2500,18.33,
1,Maze001,14.607,3.2500,-0.9990,3.2500,18.33,
1,Maze001,14.612,3.2500,-0.9990,3.2500,18.33,
1,Maze001,14.616,3.2500,-0.9990,3.2500,18.33,
1,Maze001,14.620,3.2500,-0.9990,3.2500,18.33,
1,Maze001,14.624,3.2500,-0.9990,3.2500,18.33,
1,Maze001,14.628,3.2500,-0.9990,3.2500,18.33,
1,Maze001,14.632,3.2500,-0.9990,3.2500,18.33,
1,Maze001,14.636,3.2500,-0.9990,3.2500,18.33,
1,Maze001,14.640,3.2500,-0.9990,3.2500,18.33,
1,Maze001,14.645,3.2500,-0.9990,3.2500,18.33,
1,Maze001,14.649,3.2500,-0.9990,3.2500,18.33,
1,Maze001,14.653,3.2500,-0.9990,3.2500,18.33,
1,Maze001,14.657,3.2500,-0.9990,3.2500,18.33,
1,Maze001,14.662,3.2500,-0.9990,3.2500,18.33,
1,Maze001,14.666,3.2500,-0.9990,3.2500,18.33,
1,Maze001,14.670,3.2500,-0.9990,3.2500,18.33,
1,Maze001,14.674,3.2500,-0.9990,3.2500,18.33,
1,Maze001,14.678,3.2500,-0.9990,3.2500,18.33,
1,Maze001,14.682,3.2500,-0.9990,3.2500,18.33,
1,Maze001,14.686,3.2500,-0.9990,3.2500,18.33,
1,Maze001,14.691,3.2500,-0.9990,3.2500,18.33,
1,Maze001,14.695,3.2500,-0.9990,3.2500,18.33,
1,Maze001,14.699,3.2500,-0.9990,3.2500,18.33,
1,Maze001,14.703,3.2500,-0.9990,3.2500,18.33,
1,Maze001,14.707,3.2500,-0.9990,3.2500,18.33,
1,Maze001,14.711,3.2500,-0.9990,3.2500,18.33,
1,Maze001,14.716,3.2500,-0.9990,3.2500,18.33,
1,Maze001,14.720,3.2500,-0.9990,3.2500,18.33,
1,Maze001,14.724,3.2500,-0.9990,3.2500,18.33,
1,Maze001,14.728,3.2500,-0.9990,3.2500,18.33,
1,Maze001,14.732,3.2500,-0.9990,3.2500,18.33,
1,Maze001,14.737,3.2500,-0.9990,3.2500,18.33,
1,Maze001,14.741,3.2500,-0.9990,3.2500,18.33,
1,Maze001,14.745,3.2500,-0.9990,3.2500,18.33,
1,Maze001,14.749,3.2500,-0.9990,3.2500,18.33,
1,Maze001,14.753,3.2500,-0.9990,3.2500,18.33,
1,Maze001,14.758,3.2500,-0.9990,3.2500,18.33,
1,Maze001,14.762,3.2500,-0.9990,3.2500,18.33,
1,Maze001,14.766,3.2500,-0.9990,3.2500,18.33,
1,Maze001,14.770,3.2500,-0.9990,3.2500,18.33,
1,Maze001,14.774,3.2500,-0.9990,3.2500,18.33,
1,Maze001,14.778,3.2500,-0.9990,3.2500,18.33,
1,Maze001,14.782,3.2500,-0.9990,3.2500,18.33,
1,Maze001,14.787,3.2500,-0.9990,3.2500,18.33,
1,Maze001,14.791,3.2500,-0.9990,3.2500,18.33,
1,Maze001,14.795,3.2500,-0.9990,3.2500,18.33,
1,Maze001,14.799,3.2500,-0.9990,3.2500,18.33,
1,Maze001,14.803,3.2500,-0.9990,3.2500,18.33,
1,Maze001,14.807,3.2500,-0.9990,3.2500,18.33,
1,Maze001,14.811,3.2500,-0.9990,3.2500,18.33,
1,Maze001,14.816,3.2500,-0.9990,3.2500,18.33,
1,Maze001,14.820,3.2500,-0.9990,3.2500,18.33,
1,Maze001,14.824,3.2500,-0.9990,3.2500,18.33,
1,Maze001,14.828,3.2500,-0.9990,3.2500,18.33,
1,Maze001,14.832,3.2500,-0.9990,3.2500,18.33,
1,Maze001,14.836,3.2500,-0.9990,3.2500,18.33,
1,Maze001,14.841,3.2500,-0.9990,3.2500,18.33,
1,Maze001,14.845,3.2500,-0.9990,3.2500,18.33,
1,Maze001,14.849,3.2500,-0.9990,3.2500,18.33,
1,Maze001,14.853,3.2500,-0.9990,3.2500,18.33,
1,Maze001,14.857,3.2500,-0.9990,3.2500,18.33,
1,Maze001,14.861,3.2500,-0.9990,3.2500,18.33,
1,Maze001,14.866,3.2500,-0.9990,3.2500,18.33,
1,Maze001,14.870,3.2500,-0.9990,3.2500,18.33,
1,Maze001,14.874,3.2500,-0.9990,3.2500,18.33,
1,Maze001,14.878,3.2500,-0.9990,3.2500,18.33,
1,Maze001,14.882,3.2500,-0.9990,3.2500,18.33,
1,Maze001,14.886,3.2500,-0.9990,3.2500,18.33,
1,Maze001,14.891,3.2500,-0.9990,3.2500,18.33,
1,Maze001,14.895,3.2500,-0.9990,3.2500,18.33,
1,Maze001,14.900,3.2500,-0.9990,3.2500,18.33,
1,Maze001,14.907,3.2500,-0.9990,3.2500,18.33,
1,Maze001,14.912,3.2500,-0.9990,3.2500,18.33,
1,Maze001,14.916,3.2500,-0.9990,3.2500,18.33,
1,Maze001,14.920,3.2500,-0.9990,3.2500,18.33,
1,Maze001,14.924,3.2500,-0.9990,3.2500,18.33,
1,Maze001,14.928,3.2500,-0.9990,3.2500,18.33,
1,Maze001,14.933,3.2500,-0.9990,3.2500,18.33,
1,Maze001,14.936,3.2500,-0.9990,3.2500,18.33,
1,Maze001,14.941,3.2500,-0.9990,3.2500,18.33,
1,Maze001,14.945,3.2500,-0.9990,3.2500,18.33,
1,Maze001,14.949,3.2500,-0.9990,3.2500,18.33,
1,Maze001,14.953,3.2500,-0.9990,3.2500,18.33,
1,Maze001,14.957,3.2500,-0.9990,3.2500,18.33,
1,Maze001,14.962,3.2500,-0.9990,3.2500,18.33,
1,Maze001,14.966,3.2500,-0.9990,3.2500,18.33,
1,Maze001,14.970,3.2500,-0.9990,3.2500,18.33,
1,Maze001,14.974,3.2500,-0.9990,3.2500,18.33,
1,Maze001,14.978,3.2500,-0.9990,3.2500,18.33,
1,Maze001,14.983,3.2500,-0.9990,3.2500,18.33,
1,Maze001,14.987,3.2500,-0.9990,3.2500,18.33,
1,Maze001,14.991,3.2500,-0.9990,3.2500,18.33,
1,Maze001,14.995,3.2500,-0.9990,3.2500,18.33,
1,Maze001,14.999,3.2500,-0.9990,3.2500,18.33,
1,Maze001,15.004,3.2500,-0.9990,3.2500,18.33,
1,Maze001,15.008,3.2500,-0.9990,3.2500,18.33,
1,Maze001,15.012,3.2500,-0.9990,3.2500,18.33,
1,Maze001,15.016,3.2500,-0.9990,3.2500,18.33,
1,Maze001,15.020,3.2500,-0.9990,3.2500,18.33,
1,Maze001,15.025,3.2500,-0.9990,3.2500,18.33,
1,Maze001,15.029,3.2500,-0.9990,3.2500,18.33,
1,Maze001,15.033,3.2500,-0.9990,3.2500,18.33,
1,Maze001,15.037,3.2500,-0.9990,3.2500,18.33,
1,Maze001,15.041,3.2500,-0.9990,3.2500,18.33,
1,Maze001,15.045,3.2500,-0.9990,3.2500,18.33,
1,Maze001,15.049,3.2500,-0.9990,3.2500,18.33,
1,Maze001,15.054,3.2500,-0.9990,3.2500,18.33,
1,Maze001,15.057,3.2500,-0.9990,3.2500,18.33,
1,Maze001,15.062,3.2500,-0.9990,3.2500,18.33,
1,Maze001,15.066,3.2500,-0.9990,3.2500,18.33,
1,Maze001,15.070,3.2500,-0.9990,3.2500,18.33,
1,Maze001,15.074,3.2500,-0.9990,3.2500,18.33,
1,Maze001,15.078,3.2500,-0.9990,3.2500,18.33,
1,Maze001,15.082,3.2500,-0.9990,3.2500,18.33,
1,Maze001,15.087,3.2500,-0.9990,3.2500,18.33,
1,Maze001,15.091,3.2500,-0.9990,3.2500,18.33,
1,Maze001,15.095,3.2500,-0.9990,3.2500,18.33,
1,Maze001,15.099,3.2500,-0.9990,3.2500,18.33,
1,Maze001,15.103,3.2500,-0.9990,3.2500,18.33,
1,Maze001,15.107,3.2500,-0.9990,3.2500,18.33,
1,Maze001,15.111,3.2500,-0.9990,3.2500,18.33,
1,Maze001,15.116,3.2500,-0.9990,3.2500,18.33,
1,Maze001,15.120,3.2500,-0.9990,3.2500,18.33,
1,Maze001,15.124,3.2500,-0.9990,3.2500,18.33,
1,Maze001,15.128,3.2500,-0.9990,3.2500,18.33,
1,Maze001,15.133,3.2500,-0.9990,3.2500,18.33,
1,Maze001,15.136,3.2500,-0.9990,3.2500,18.33,
1,Maze001,15.141,3.2500,-0.9990,3.2500,18.33,
1,Maze001,15.145,3.2500,-0.9990,3.2500,18.33,
1,Maze001,15.149,3.2500,-0.9990,3.2500,18.33,
1,Maze001,15.153,3.2500,-0.9990,3.2500,18.33,
1,Maze001,15.157,3.2500,-0.9990,3.2500,18.33,
1,Maze001,15.162,3.2500,-0.9990,3.2500,18.33,
1,Maze001,15.166,3.2500,-0.9990,3.2500,18.33,
1,Maze001,15.170,3.2500,-0.9990,3.2500,18.33,
1,Maze001,15.174,3.2500,-0.9990,3.2500,18.33,
1,Maze001,15.179,3.2500,-0.9990,3.2500,18.33,
1,Maze001,15.183,3.2500,-0.9990,3.2500,18.33,
1,Maze001,15.187,3.2500,-0.9990,3.2500,18.33,
1,Maze001,15.191,3.2500,-0.9990,3.2500,18.33,
1,Maze001,15.195,3.2500,-0.9990,3.2500,18.33,
1,Maze001,15.199,3.2500,-0.9990,3.2500,18.33,
1,Maze001,15.203,3.2500,-0.9990,3.2500,18.33,
1,Maze001,15.207,3.2500,-0.9990,3.2500,18.33,
1,Maze001,15.212,3.2500,-0.9990,3.2500,18.33,
1,Maze001,15.216,3.2500,-0.9990,3.2500,18.33,
1,Maze001,15.220,3.2500,-0.9990,3.2500,18.33,
1,Maze001,15.224,3.2500,-0.9990,3.2500,18.33,
1,Maze001,15.228,3.2500,-0.9990,3.2500,18.33,
1,Maze001,15.232,3.2500,-0.9990,3.2500,18.33,
1,Maze001,15.236,3.2500,-0.9990,3.2500,18.33,
1,Maze001,15.241,3.2500,-0.9990,3.2500,18.33,
1,Maze001,15.245,3.2500,-0.9990,3.2500,18.33,
1,Maze001,15.249,3.2500,-0.9990,3.2500,18.33,
1,Maze001,15.254,3.2500,-0.9990,3.2500,18.33,
1,Maze001,15.262,3.2500,-0.9990,3.2500,18.33,
1,Maze001,15.266,3.2500,-0.9990,3.2500,18.33,
1,Maze001,15.270,3.2500,-0.9990,3.2500,18.33,
1,Maze001,15.274,3.2500,-0.9990,3.2500,18.33,
1,Maze001,15.278,3.2500,-0.9990,3.2500,18.33,
1,Maze001,15.282,3.2500,-0.9990,3.2500,18.33,
1,Maze001,15.287,3.2500,-0.9990,3.2500,18.33,
1,Maze001,15.291,3.2500,-0.9990,3.2500,18.33,
1,Maze001,15.295,3.2500,-0.9990,3.2500,18.33,
1,Maze001,15.299,3.2500,-0.9990,3.2500,18.33,
1,Maze001,15.303,3.2500,-0.9990,3.2500,18.33,
1,Maze001,15.307,3.2500,-0.9990,3.2500,18.33,
1,Maze001,15.312,3.2500,-0.9990,3.2500,18.33,
1,Maze001,15.316,3.2500,-0.9990,3.2500,18.33,
1,Maze001,15.320,3.2500,-0.9990,3.2500,18.33,
1,Maze001,15.324,3.2500,-0.9990,3.2500,18.33,
1,Maze001,15.328,3.2500,-0.9990,3.2500,18.33,
1,Maze001,15.332,3.2500,-0.9990,3.2500,18.33,
1,Maze001,15.336,3.2500,-0.9990,3.2500,18.33,
1,Maze001,15.341,3.2500,-0.9990,3.2500,18.33,
1,Maze001,15.345,3.2500,-0.9990,3.2500,18.33,
1,Maze001,15.350,3.2500,-0.9990,3.2500,18.33,
1,Maze001,15.353,3.2500,-0.9990,3.2500,18.33,
1,Maze001,15.357,3.2500,-0.9990,3.2500,18.33,
1,Maze001,15.362,3.2500,-0.9990,3.2500,18.33,
1,Maze001,15.366,3.2500,-0.9990,3.2500,18.33,
1,Maze001,15.370,3.2500,-0.9990,3.2500,18.33,
1,Maze001,15.374,3.2500,-0.9990,3.2500,18.33,
1,Maze001,15.379,3.2500,-0.9990,3.2500,18.33,
1,Maze001,15.382,3.2500,-0.9990,3.2500,18.33,
1,Maze001,15.387,3.2500,-0.9990,3.2500,18.33,
1,Maze001,15.391,3.2500,-0.9990,3.2500,18.33,
1,Maze001,15.395,3.2500,-0.9990,3.2500,18.33,
1,Maze001,15.399,3.2500,-0.9990,3.2500,18.33,
1,Maze001,15.403,3.2500,-0.9990,3.2500,18.33,
1,Maze001,15.407,3.2500,-0.9990,3.2500,18.33,
1,Maze001,15.412,3.2500,-0.9990,3.2500,18.33,
1,Maze001,15.416,3.2500,-0.9990,3.2500,18.33,
1,Maze001,15.420,3.2500,-0.9990,3.2500,18.33,
1,Maze001,15.424,3.2500,-0.9990,3.2500,18.33,
1,Maze001,15.429,3.2500,-0.9990,3.2500,18.33,
1,Maze001,15.433,3.2500,-0.9990,3.2500,18.33,
1,Maze001,15.437,3.2500,-0.9990,3.2500,18.33,
1,Maze001,15.441,3.2500,-0.9990,3.2500,18.33,
1,Maze001,15.445,3.2500,-0.9990,3.2500,18.33,
1,Maze001,15.449,3.2500,-0.9990,3.2500,18.33,
1,Maze001,15.453,3.2500,-0.9990,3.2500,18.33,
1,Maze001,15.457,3.2500,-0.9990,3.2500,18.33,
1,Maze001,15.461,3.2500,-0.9990,3.2500,18.33,
1,Maze001,15.466,3.2500,-0.9990,3.2500,18.33,
1,Maze001,15.470,3.2500,-0.9990,3.2500,18.33,
1,Maze001,15.474,3.2500,-0.9990,3.2500,18.33,
1,Maze001,15.478,3.2500,-0.9990,3.2500,18.33,
1,Maze001,15.482,3.2500,-0.9990,3.2500,18.33,
1,Maze001,15.486,3.2500,-0.9990,3.2500,18.33,
1,Maze001,15.490,3.2500,-0.9990,3.2500,18.33,
1,Maze001,15.494,3.2500,-0.9990,3.2500,18.33,
1,Maze001,15.499,3.2500,-0.9990,3.2500,18.33,
1,Maze001,15.503,3.2500,-0.9990,3.2500,18.33,
1,Maze001,15.508,3.2500,-0.9990,3.2500,18.33,
1,Maze001,15.511,3.2500,-0.9990,3.2500,18.33,
1,Maze001,15.515,3.2500,-0.9990,3.2500,18.33,
1,Maze001,15.519,3.2500,-0.9990,3.2500,18.33,
1,Maze001,15.524,3.2500,-0.9990,3.2500,18.33,
1,Maze001,15.528,3.2500,-0.9990,3.2500,18.33,
1,Maze001,15.532,3.2500,-0.9990,3.2500,18.33,
1,Maze001,15.537,3.2500,-0.9990,3.2500,18.33,
1,Maze001,15.541,3.2500,-0.9990,3.2500,18.33,
1,Maze001,15.545,3.2500,-0.9990,3.2500,18.33,
1,Maze001,15.549,3.2500,-0.9990,3.2500,18.33,
1,Maze001,15.553,3.2500,-0.9990,3.2500,18.33,
1,Maze001,15.557,3.2500,-0.9990,3.2500,18.33,
1,Maze001,15.561,3.2500,-0.9990,3.2500,18.33,
1,Maze001,15.566,3.2500,-0.9990,3.2500,18.33,
1,Maze001,15.572,3.2500,-0.9990,3.2500,18.33,
1,Maze001,15.575,3.2500,-0.9990,3.2500,18.33,
1,Maze001,15.578,3.2500,-0.9990,3.2500,18.33,
1,Maze001,15.582,3.2500,-0.9990,3.2500,18.33,
1,Maze001,15.586,3.2500,-0.9990,3.2500,18.33,
1,Maze001,15.591,3.2500,-0.9990,3.2500,18.33,
1,Maze001,15.595,3.2500,-0.9990,3.2500,18.33,
1,Maze001,15.599,3.2500,-0.9990,3.2500,18.33,
1,Maze001,15.603,3.2500,-0.9990,3.2500,18.33,
1,Maze001,15.607,3.2500,-0.9990,3.2500,18.33,
1,Maze001,15.612,3.2500,-0.9990,3.2500,18.33,
1,Maze001,15.616,3.2500,-0.9990,3.2500,18.33,
1,Maze001,15.620,3.2500,-0.9990,3.2500,18.33,
1,Maze001,15.624,3.2500,-0.9990,3.2500,18.33,
1,Maze001,15.628,3.2500,-0.9990,3.2500,18.33,
1,Maze001,15.632,3.2500,-0.9990,3.2500,18.33,
1,Maze001,15.636,3.2500,-0.9990,3.2500,18.33,
1,Maze001,15.641,3.2500,-0.9990,3.2500,18.33,
1,Maze001,15.645,3.2500,-0.9990,3.2500,18.33,
1,Maze001,15.649,3.2500,-0.9990,3.2500,18.33,
1,Maze001,15.653,3.2500,-0.9990,3.2500,18.33,
1,Maze001,15.657,3.2500,-0.9990,3.2500,18.33,
1,Maze001,15.662,3.2500,-0.9990,3.2500,18.33,
1,Maze001,15.666,3.2500,-0.9990,3.2500,18.33,
1,Maze001,15.670,3.2500,-0.9990,3.2500,18.33,
1,Maze001,15.674,3.2500,-0.9990,3.2500,18.33,
1,Maze001,15.678,3.2500,-0.9990,3.2500,18.33,
1,Maze001,15.682,3.2500,-0.9990,3.2500,18.33,
1,Maze001,15.687,3.2500,-0.9990,3.2500,18.33,
1,Maze001,15.691,3.2500,-0.9990,3.2500,18.33,
1,Maze001,15.695,3.2500,-0.9990,3.2500,18.33,
1,Maze001,15.699,3.2500,-0.9990,3.2500,18.33,
1,Maze001,15.704,3.2500,-0.9990,3.2500,18.33,
1,Maze001,15.708,3.2500,-0.9990,3.2500,18.33,
1,Maze001,15.712,3.2500,-0.9990,3.2500,18.33,
1,Maze001,15.716,3.2500,-0.9990,3.2500,18.33,
1,Maze001,15.720,3.2500,-0.9990,3.2500,18.33,
1,Maze001,15.725,3.2500,-0.9990,3.2500,18.33,
1,Maze001,15.728,3.2500,-0.9990,3.2500,18.33,
1,Maze001,15.733,3.2500,-0.9990,3.2500,18.33,
1,Maze001,15.737,3.2500,-0.9990,3.2500,18.33,
1,Maze001,15.741,3.2500,-0.9990,3.2500,18.33,
1,Maze001,15.745,3.2500,-0.9990,3.2500,18.33,
1,Maze001,15.749,3.2500,-0.9990,3.2500,18.33,
1,Maze001,15.754,3.2500,-0.9990,3.2500,18.33,
1,Maze001,15.758,3.2500,-0.9990,3.2500,18.33,
1,Maze001,15.762,3.2500,-0.9990,3.2500,18.33,
1,Maze001,15.766,3.2500,-0.9990,3.2500,18.33,
1,Maze001,15.770,3.2500,-0.9990,3.2500,18.33,
1,Maze001,15.774,3.2500,-0.9990,3.2500,18.33,
1,Maze001,15.778,3.2500,-0.9990,3.2500,18.33,
1,Maze001,15.782,3.2500,-0.9990,3.2500,18.33,
1,Maze001,15.786,3.2500,-0.9990,3.2500,18.33,
1,Maze001,15.791,3.2500,-0.9990,3.2500,18.33,
1,Maze001,15.795,3.2500,-0.9990,3.2500,18.33,
1,Maze001,15.799,3.2500,-0.9990,3.2500,18.33,
1,Maze001,15.803,3.2500,-0.9990,3.2500,18.33,
1,Maze001,15.807,3.2500,-0.9990,3.2500,18.33,
1,Maze001,15.812,3.2500,-0.9990,3.2500,18.33,
1,Maze001,15.816,3.2500,-0.9990,3.2500,18.33,
1,Maze001,15.820,3.2500,-0.9990,3.2500,18.33,
1,Maze001,15.824,3.2500,-0.9990,3.2500,18.33,
1,Maze001,15.828,3.2500,-0.9990,3.2500,18.33,
1,Maze001,15.833,3.2500,-0.9990,3.2500,18.33,
1,Maze001,15.837,3.2500,-0.9990,3.2500,18.33,
1,Maze001,15.841,3.2500,-0.9990,3.2500,18.33,
1,Maze001,15.845,3.2500,-0.9990,3.2500,18.33,
1,Maze001,15.849,3.2500,-0.9990,3.2500,18.33,
1,Maze001,15.853,3.2500,-0.9990,3.2500,18.33,
1,Maze001,15.858,3.2500,-0.9990,3.2500,18.33,
1,Maze001,15.861,3.2500,-0.9990,3.2500,18.33,
1,Maze001,15.866,3.2500,-0.9990,3.2500,18.33,
1,Maze001,15.870,3.2500,-0.9990,3.2500,18.33,
1,Maze001,15.874,3.2500,-0.9990,3.2500,18.33,
1,Maze001,15.878,3.2500,-0.9990,3.2500,18.33,
1,Maze001,15.882,3.2500,-0.9990,3.2500,18.33,
1,Maze001,15.886,3.2500,-0.9990,3.2500,18.33,
1,Maze001,15.891,3.2500,-0.9990,3.2500,18.33,
1,Maze001,15.895,3.2500,-0.9990,3.2500,18.33,
1,Maze001,15.899,3.2500,-0.9990,3.2500,18.33,
1,Maze001,15.903,3.2500,-0.9990,3.2500,18.33,
1,Maze001,15.907,3.2500,-0.9990,3.2500,18.33,
1,Maze001,15.911,3.2500,-0.9990,3.2500,18.33,
1,Maze001,15.915,3.2500,-0.9990,3.2500,18.33,
1,Maze001,15.920,3.2500,-0.9990,3.2500,18.33,
1,Maze001,15.924,3.2500,-0.9990,3.2500,18.33,
1,Maze001,15.928,3.2500,-0.9990,3.2500,18.33,
1,Maze001,15.932,3.2500,-0.9990,3.2500,18.33,
1,Maze001,15.937,3.2500,-0.9990,3.2500,18.33,
1,Maze001,15.941,3.2500,-0.9990,3.2500,18.33,
1,Maze001,15.945,3.2500,-0.9990,3.2500,18.33,
1,Maze001,15.949,3.2500,-0.9990,3.2500,18.33,
1,Maze001,15.953,3.2500,-0.9990,3.2500,18.33,
1,Maze001,15.957,3.2500,-0.9990,3.2500,18.33,
1,Maze001,15.962,3.2500,-0.9990,3.2500,18.33,
1,Maze001,15.966,3.2500,-0.9990,3.2500,18.33,
1,Maze001,15.970,3.2500,-0.9990,3.2500,18.33,
1,Maze001,15.974,3.2500,-0.9990,3.2500,18.33,
1,Maze001,15.978,3.2500,-0.9990,3.2500,18.33,
1,Maze001,15.982,3.2500,-0.9990,3.2500,18.33,
1,Maze001,15.986,3.2500,-0.9990,3.2500,18.33,
1,Maze001,15.991,3.2500,-0.9990,3.2500,18.33,
1,Maze001,15.995,3.2500,-0.9990,3.2500,18.33,
1,Maze001,15.999,3.2500,-0.9990,3.2500,18.33,
1,Maze001,16.003,3.2500,-0.9990,3.2500,18.33,
1,Maze001,16.007,3.2500,-0.9990,3.2500,18.33,
1,Maze001,16.011,3.2500,-0.9990,3.2500,18.33,
1,Maze001,16.015,3.2500,-0.9990,3.2500,18.33,
1,Maze001,16.019,3.2500,-0.9990,3.2500,18.33,
1,Maze001,16.024,3.2500,-0.9990,3.2500,18.33,
1,Maze001,16.028,3.2500,-0.9990,3.2500,18.33,
1,Maze001,16.033,3.2500,-0.9990,3.2500,18.33,
1,Maze001,16.037,3.2500,-0.9990,3.2500,18.33,
1,Maze001,16.041,3.2500,-0.9990,3.2500,18.33,
1,Maze001,16.045,3.2500,-0.9990,3.2500,18.33,
1,Maze001,16.049,3.2500,-0.9990,3.2500,18.33,
1,Maze001,16.053,3.2500,-0.9990,3.2500,18.33,
1,Maze001,16.057,3.2500,-0.9990,3.2500,18.33,
1,Maze001,16.061,3.2500,-0.9990,3.2500,18.33,
1,Maze001,16.065,3.2500,-0.9990,3.2500,18.33,
1,Maze001,16.070,3.2500,-0.9990,3.2500,18.33,
1,Maze001,16.074,3.2500,-0.9990,3.2500,18.33,
1,Maze001,16.078,3.2500,-0.9990,3.2500,18.33,
1,Maze001,16.082,3.2500,-0.9990,3.2500,18.33,
1,Maze001,16.086,3.2500,-0.9990,3.2500,18.33,
1,Maze001,16.090,3.2500,-0.9990,3.2500,18.33,
1,Maze001,16.095,3.2500,-0.9990,3.2500,18.33,
1,Maze001,16.099,3.2500,-0.9990,3.2500,18.33,
1,Maze001,16.103,3.2500,-0.9990,3.2500,18.33,
1,Maze001,16.107,3.2500,-0.9990,3.2500,18.33,
1,Maze001,16.111,3.2500,-0.9990,3.2500,18.33,
1,Maze001,16.116,3.2500,-0.9990,3.2500,18.33,
1,Maze001,16.120,3.2500,-0.9990,3.2500,18.33,
1,Maze001,16.124,3.2500,-0.9990,3.2500,18.33,
1,Maze001,16.128,3.2500,-0.9990,3.2500,18.33,
1,Maze001,16.132,3.2500,-0.9990,3.2500,18.33,
1,Maze001,16.137,3.2500,-0.9990,3.2500,18.33,
1,Maze001,16.141,3.2500,-0.9990,3.2500,18.33,
1,Maze001,16.145,3.2500,-0.9990,3.2500,18.33,
1,Maze001,16.149,3.2500,-0.9990,3.2500,18.33,
1,Maze001,16.153,3.2500,-0.9990,3.2500,18.33,
1,Maze001,16.157,3.2500,-0.9990,3.2500,18.33,
1,Maze001,16.161,3.2500,-0.9990,3.2500,18.33,
1,Maze001,16.166,3.2500,-0.9990,3.2500,18.33,
1,Maze001,16.170,3.2500,-0.9990,3.2500,18.33,
1,Maze001,16.174,3.2500,-0.9990,3.2500,18.33,
1,Maze001,16.178,3.2500,-0.9990,3.2500,18.33,
1,Maze001,16.182,3.2500,-0.9990,3.2500,18.33,
1,Maze001,16.186,3.2500,-0.9990,3.2500,18.33,
1,Maze001,16.191,3.2500,-0.9990,3.2500,18.33,
1,Maze001,16.195,3.2500,-0.9990,3.2500,18.33,
1,Maze001,16.199,3.2500,-0.9990,3.2500,18.33,
1,Maze001,16.203,3.2500,-0.9990,3.2500,18.33,
1,Maze001,16.207,3.2500,-0.9990,3.2500,18.33,
1,Maze001,16.211,3.2500,-0.9990,3.2500,18.33,
1,Maze001,16.215,3.2500,-0.9990,3.2500,18.33,
1,Maze001,16.220,3.2500,-0.9990,3.2500,18.33,
1,Maze001,16.224,3.2500,-0.9990,3.2500,18.33,
1,Maze001,16.228,3.2500,-0.9990,3.2500,18.33,
1,Maze001,16.232,3.2500,-0.9990,3.2500,18.33,
1,Maze001,16.237,3.2500,-0.9990,3.2500,18.33,
1,Maze001,16.241,3.2500,-0.9990,3.2500,18.33,
1,Maze001,16.245,3.2500,-0.9990,3.2500,18.33,
1,Maze001,16.249,3.2500,-0.9990,3.2500,18.33,
1,Maze001,16.253,3.2500,-0.9990,3.2500,18.33,
1,Maze001,16.258,3.2500,-0.9990,3.2500,18.33,
1,Maze001,16.262,3.2500,-0.9990,3.2500,18.33,
1,Maze001,16.266,3.2500,-0.9990,3.2500,18.33,
1,Maze001,16.270,3.2500,-0.9990,3.2500,18.33,
1,Maze001,16.274,3.2500,-0.9990,3.2500,18.33,
1,Maze001,16.279,3.2500,-0.9990,3.2500,18.33,
1,Maze001,16.282,3.2500,-0.9990,3.2500,18.33,
1,Maze001,16.286,3.2500,-0.9990,3.2500,18.33,
1,Maze001,16.290,3.2500,-0.9990,3.2500,18.33,
1,Maze001,16.295,3.2500,-0.9990,3.2500,18.33,
1,Maze001,16.299,3.2500,-0.9990,3.2500,18.33,
1,Maze001,16.303,3.2500,-0.9990,3.2500,18.33,
1,Maze001,16.307,3.2500,-0.9990,3.2500,18.33,
1,Maze001,16.312,3.2500,-0.9990,3.2500,18.33,
1,Maze001,16.316,3.2500,-0.9990,3.2500,18.33,
1,Maze001,16.320,3.2500,-0.9990,3.2500,18.33,
1,Maze001,16.324,3.2500,-0.9990,3.2500,18.33,
1,Maze001,16.328,3.2500,-0.9990,3.2500,18.33,
1,Maze001,16.332,3.2500,-0.9990,3.2500,18.33,
1,Maze001,16.336,3.2500,-0.9990,3.2500,18.33,
1,Maze001,16.340,3.2500,-0.9990,3.2500,18.33,
1,Maze001,16.344,3.2500,-0.9990,3.2500,18.33,
1,Maze001,16.349,3.2500,-0.9990,3.2500,18.33,
1,Maze001,16.353,3.2500,-0.9990,3.2500,18.33,
1,Maze001,16.357,3.2500,-0.9990,3.2500,18.33,
1,Maze001,16.361,3.2500,-0.9990,3.2500,18.33,
1,Maze001,16.365,3.2500,-0.9990,3.2500,18.33,
1,Maze001,16.369,3.2500,-0.9990,3.2500,18.33,
1,Maze001,16.374,3.2500,-0.9990,3.2500,18.33,
1,Maze001,16.378,3.2500,-0.9990,3.2500,18.33,
1,Maze001,16.382,3.2500,-0.9990,3.2500,18.33,
1,Maze001,16.386,3.2500,-0.9990,3.2500,18.33,
1,Maze001,16.391,3.2500,-0.9990,3.2500,18.33,
1,Maze001,16.395,3.2500,-0.9990,3.2500,18.33,
1,Maze001,16.399,3.2500,-0.9990,3.2500,18.33,
1,Maze001,16.403,3.2500,-0.9990,3.2500,18.33,
1,Maze001,16.407,3.2500,-0.9990,3.2500,18.33,
1,Maze001,16.411,3.2500,-0.9990,3.2500,18.33,
1,Maze001,16.415,3.2500,-0.9990,3.2500,18.33,
1,Maze001,16.419,3.2500,-0.9990,3.2500,18.33,
1,Maze001,16.424,3.2500,-0.9990,3.2500,18.33,
1,Maze001,16.428,3.2500,-0.9990,3.2500,18.33,
1,Maze001,16.432,3.2500,-0.9990,3.2500,18.33,
1,Maze001,16.436,3.2500,-0.9990,3.2500,18.33,
1,Maze001,16.441,3.2500,-0.9990,3.2500,18.33,
1,Maze001,16.446,3.2500,-0.9990,3.2500,18.33,
1,Maze001,16.449,3.2500,-0.9990,3.2500,18.33,
1,Maze001,16.454,3.2500,-0.9990,3.2500,18.33,
1,Maze001,16.457,3.2500,-0.9990,3.2500,18.33,
1,Maze001,16.462,3.2500,-0.9990,3.2500,18.33,
1,Maze001,16.465,3.2500,-0.9990,3.2500,18.33,
1,Maze001,16.469,3.2500,-0.9990,3.2500,18.33,
1,Maze001,16.474,3.2500,-0.9990,3.2500,18.33,
1,Maze001,16.478,3.2500,-0.9990,3.2500,18.33,
1,Maze001,16.482,3.2500,-0.9990,3.2500,18.33,
1,Maze001,16.486,3.2500,-0.9990,3.2500,18.33,
1,Maze001,16.490,3.2500,-0.9990,3.2500,18.33,
1,Maze001,16.494,3.2500,-0.9990,3.2500,18.33,
1,Maze001,16.499,3.2500,-0.9990,3.2500,18.33,
1,Maze001,16.503,3.2500,-0.9990,3.2500,18.33,
1,Maze001,16.507,3.2500,-0.9990,3.2500,18.33,
1,Maze001,16.511,3.2500,-0.9990,3.2500,18.33,
1,Maze001,16.515,3.2500,-0.9990,3.2500,18.33,
1,Maze001,16.519,3.2500,-0.9990,3.2500,18.33,
1,Maze001,16.524,3.2500,-0.9990,3.2500,18.33,
1,Maze001,16.528,3.2500,-0.9990,3.2500,18.33,
1,Maze001,16.532,3.2500,-0.9990,3.2500,18.33,
1,Maze001,16.536,3.2500,-0.9990,3.2500,18.33,
1,Maze001,16.541,3.2500,-0.9990,3.2500,18.33,
1,Maze001,16.545,3.2500,-0.9990,3.2500,18.33,
1,Maze001,16.549,3.2500,-0.9990,3.2500,18.33,
1,Maze001,16.553,3.2500,-0.9990,3.2500,18.33,
1,Maze001,16.557,3.2500,-0.9990,3.2500,18.33,
1,Maze001,16.561,3.2500,-0.9990,3.2500,18.33,
1,Maze001,16.566,3.2500,-0.9990,3.2500,18.33,
1,Maze001,16.570,3.2500,-0.9990,3.2500,18.33,
1,Maze001,16.574,3.2500,-0.9990,3.2500,18.33,
1,Maze001,16.578,3.2500,-0.9990,3.2500,18.33,
1,Maze001,16.582,3.2500,-0.9990,3.2500,18.33,
1,Maze001,16.586,3.2500,-0.9990,3.2500,18.33,
1,Maze001,16.590,3.2500,-0.9990,3.2500,18.33,
1,Maze001,16.595,3.2500,-0.9990,3.2500,18.33,
1,Maze001,16.599,3.2500,-0.9990,3.2500,18.33,
1,Maze001,16.603,3.2500,-0.9990,3.2500,18.33,
1,Maze001,16.607,3.2500,-0.9990,3.2500,18.33,
1,Maze001,16.612,3.2500,-0.9990,3.2500,18.33,
1,Maze001,16.616,3.2500,-0.9990,3.2500,18.33,
1,Maze001,16.620,3.2500,-0.9990,3.2500,18.33,
1,Maze001,16.624,3.2500,-0.9990,3.2500,18.33,
1,Maze001,16.628,3.2500,-0.9990,3.2500,18.33,
1,Maze001,16.632,3.2500,-0.9990,3.2500,18.33,
1,Maze001,16.636,3.2500,-0.9990,3.2500,18.33,
1,Maze001,16.640,3.2500,-0.9990,3.2500,18.33,
1,Maze001,16.645,3.2500,-0.9990,3.2500,18.33,
1,Maze001,16.649,3.2500,-0.9990,3.2500,18.33,
1,Maze001,16.653,3.2500,-0.9990,3.2500,18.33,
1,Maze001,16.657,3.2500,-0.9990,3.2500,18.33,
1,Maze001,16.662,3.2500,-0.9990,3.2500,18.33,
1,Maze001,16.666,3.2500,-0.9990,3.2500,18.33,
1,Maze001,16.670,3.2500,-0.9990,3.2500,18.33,
1,Maze001,16.674,3.2500,-0.9990,3.2500,18.33,
1,Maze001,16.678,3.2500,-0.9990,3.2500,18.33,
1,Maze001,16.682,3.2500,-0.9990,3.2500,18.33,
1,Maze001,16.686,3.2500,-0.9990,3.2500,18.33,
1,Maze001,16.691,3.2500,-0.9990,3.2500,18.33,
1,Maze001,16.694,3.2500,-0.9990,3.2500,18.33,
1,Maze001,16.699,3.2500,-0.9990,3.2500,18.33,
1,Maze001,16.703,3.2500,-0.9990,3.2500,18.33,
1,Maze001,16.707,3.2500,-0.9990,3.2500,18.33,
1,Maze001,16.711,3.2500,-0.9990,3.2500,18.33,
1,Maze001,16.715,3.2500,-0.9990,3.2500,18.33,
1,Maze001,16.719,3.2500,-0.9990,3.2500,18.33,
1,Maze001,16.724,3.2500,-0.9990,3.2500,18.33,
1,Maze001,16.728,3.2500,-0.9990,3.2500,18.33,
1,Maze001,16.732,3.2500,-0.9990,3.2500,18.33,
1,Maze001,16.736,3.2500,-0.9990,3.2500,18.33,
1,Maze001,16.740,3.2500,-0.9990,3.2500,18.33,
1,Maze001,16.745,3.2500,-0.9990,3.2500,18.33,
1,Maze001,16.749,3.2500,-0.9990,3.2500,18.33,
1,Maze001,16.753,3.2500,-0.9990,3.2500,18.33,
1,Maze001,16.757,3.2500,-0.9990,3.2500,18.33,
1,Maze001,16.761,3.2500,-0.9990,3.2500,18.33,
1,Maze001,16.766,3.2500,-0.9990,3.2500,18.33,
1,Maze001,16.770,3.2500,-0.9990,3.2500,18.33,
1,Maze001,16.774,3.2500,-0.9990,3.2500,18.33,
1,Maze001,16.778,3.2500,-0.9990,3.2500,18.33,
1,Maze001,16.782,3.2500,-0.9990,3.2500,18.33,
1,Maze001,16.787,3.2500,-0.9990,3.2500,18.33,
1,Maze001,16.790,3.2500,-0.9990,3.2500,18.33,
1,Maze001,16.795,3.2500,-0.9990,3.2500,18.33,
1,Maze001,16.799,3.2500,-0.9990,3.2500,18.33,
1,Maze001,16.803,3.2500,-0.9990,3.2500,18.33,
1,Maze001,16.807,3.2500,-0.9990,3.2500,18.33,
1,Maze001,16.811,3.2500,-0.9990,3.2500,18.33,
1,Maze001,16.815,3.2500,-0.9990,3.2500,18.33,
1,Maze001,16.820,3.2500,-0.9990,3.2500,18.33,
1,Maze001,16.824,3.2500,-0.9990,3.2500,18.33,
1,Maze001,16.828,3.2500,-0.9990,3.2500,18.33,
1,Maze001,16.832,3.2500,-0.9990,3.2500,18.33,
1,Maze001,16.836,3.2500,-0.9990,3.2500,18.33,
1,Maze001,16.841,3.2500,-0.9990,3.2500,18.33,
1,Maze001,16.845,3.2500,-0.9990,3.2500,18.33,
1,Maze001,16.850,3.2500,-0.9990,3.2500,18.33,
1,Maze001,16.853,3.2500,-0.9990,3.2500,18.33,
1,Maze001,16.857,3.2500,-0.9990,3.2500,18.33,
1,Maze001,16.861,3.2500,-0.9990,3.2500,18.33,
1,Maze001,16.865,3.2500,-0.9990,3.2500,18.33,
1,Maze001,16.870,3.2500,-0.9990,3.2500,18.33,
1,Maze001,16.874,3.2500,-0.9990,3.2500,18.33,
1,Maze001,16.878,3.2500,-0.9990,3.2500,18.33,
1,Maze001,16.882,3.2500,-0.9990,3.2500,18.33,
1,Maze001,16.887,3.2500,-0.9990,3.2500,18.33,
1,Maze001,16.891,3.2500,-0.9990,3.2500,18.33,
1,Maze001,16.895,3.2500,-0.9990,3.2500,18.33,
1,Maze001,16.899,3.2500,-0.9990,3.2500,18.33,
1,Maze001,16.903,3.2500,-0.9990,3.2500,18.33,
1,Maze001,16.907,3.2500,-0.9990,3.2500,18.33,
1,Maze001,16.911,3.2500,-0.9990,3.2500,18.33,
1,Maze001,16.915,3.2500,-0.9990,3.2500,18.33,
1,Maze001,16.920,3.2500,-0.9990,3.2500,18.33,
1,Maze001,16.924,3.2500,-0.9990,3.2500,18.33,
1,Maze001,16.928,3.2500,-0.9990,3.2500,18.33,
1,Maze001,16.932,3.2500,-0.9990,3.2500,18.33,
1,Maze001,16.936,3.2500,-0.9990,3.2500,18.33,
1,Maze001,16.941,3.2500,-0.9990,3.2500,18.33,
1,Maze001,16.945,3.2500,-0.9990,3.2500,18.33,
1,Maze001,16.949,3.2500,-0.9990,3.2500,18.33,
1,Maze001,16.953,3.2500,-0.9990,3.2500,18.33,
1,Maze001,16.957,3.2500,-0.9990,3.2500,18.33,
1,Maze001,16.962,3.2500,-0.9990,3.2500,18.33,
1,Maze001,16.965,3.2500,-0.9990,3.2500,18.33,
1,Maze001,16.970,3.2500,-0.9990,3.2500,18.33,
1,Maze001,16.974,3.2500,-0.9990,3.2500,18.33,
1,Maze001,16.978,3.2500,-0.9990,3.2500,18.33,
1,Maze001,16.982,3.2500,-0.9990,3.2500,18.33,
1,Maze001,16.986,3.2500,-0.9990,3.2500,18.33,
1,Maze001,16.990,3.2500,-0.9990,3.2500,18.33,
1,Maze001,16.995,3.2500,-0.9990,3.2500,18.33,
1,Maze001,16.999,3.2500,-0.9990,3.2500,18.33,
1,Maze001,17.003,3.2500,-0.9990,3.2500,18.33,
1,Maze001,17.007,3.2500,-0.9990,3.2500,18.33,
1,Maze001,17.011,3.2500,-0.9990,3.2500,18.33,
1,Maze001,17.015,3.2500,-0.9990,3.2500,18.33,
1,Maze001,17.020,3.2500,-0.9990,3.2500,18.33,
1,Maze001,17.024,3.2500,-0.9990,3.2500,18.33,
1,Maze001,17.028,3.2500,-0.9990,3.2500,18.33,
1,Maze001,17.032,3.2500,-0.9990,3.2500,18.33,
1,Maze001,17.036,3.2500,-0.9990,3.2500,18.33,
1,Maze001,17.041,3.2500,-0.9990,3.2500,18.33,
1,Maze001,17.045,3.2500,-0.9990,3.2500,18.33,
1,Maze001,17.049,3.2500,-0.9990,3.2500,18.33,
1,Maze001,17.053,3.2500,-0.9990,3.2500,18.33,
1,Maze001,17.057,3.2500,-0.9990,3.2500,18.33,
1,Maze001,17.061,3.2500,-0.9990,3.2500,18.33,
1,Maze001,17.065,3.2500,-0.9990,3.2500,18.33,
1,Maze001,17.070,3.2500,-0.9990,3.2500,18.33,
1,Maze001,17.074,3.2500,-0.9990,3.2500,18.33,
1,Maze001,17.078,3.2500,-0.9990,3.2500,18.33,
1,Maze001,17.082,3.2500,-0.9990,3.2500,18.33,
1,Maze001,17.086,3.2500,-0.9990,3.2500,18.33,
1,Maze001,17.090,3.2500,-0.9990,3.2500,18.33,
1,Maze001,17.095,3.2500,-0.9990,3.2500,18.33,
1,Maze001,17.099,3.2500,-0.9990,3.2500,18.33,
1,Maze001,17.103,3.2500,-0.9990,3.2500,18.33,
1,Maze001,17.107,3.2500,-0.9990,3.2500,18.33,
1,Maze001,17.111,3.2500,-0.9990,3.2500,18.33,
1,Maze001,17.116,3.2500,-0.9990,3.2500,18.33,
1,Maze001,17.120,3.2500,-0.9990,3.2500,18.33,
1,Maze001,17.124,3.2500,-0.9990,3.2500,18.33,
1,Maze001,17.128,3.2500,-0.9990,3.2500,18.33,
1,Maze001,17.132,3.2500,-0.9990,3.2500,18.33,
1,Maze001,17.136,3.2500,-0.9990,3.2500,18.33,
1,Maze001,17.140,3.2500,-0.9990,3.2500,18.33,
1,Maze001,17.144,3.2500,-0.9990,3.2500,18.33,
1,Maze001,17.149,3.2500,-0.9990,3.2500,18.33,
1,Maze001,17.153,3.2500,-0.9990,3.2500,18.33,
1,Maze001,17.157,3.2500,-0.9990,3.2500,18.33,
1,Maze001,17.163,3.2500,-0.9990,3.2500,18.33,
1,Maze001,17.170,3.2500,-0.9990,3.2500,18.33,
1,Maze001,17.174,3.2500,-0.9990,3.2500,18.33,
1,Maze001,17.178,3.2500,-0.9990,3.2500,18.33,
1,Maze001,17.182,3.2500,-0.9990,3.2500,18.33,
1,Maze001,17.186,3.2500,-0.9990,3.2500,18.33,
1,Maze001,17.191,3.2500,-0.9990,3.2500,18.33,
1,Maze001,17.195,3.2500,-0.9990,3.2500,18.33,
1,Maze001,17.199,3.2500,-0.9990,3.2500,18.33,
1,Maze001,17.203,3.2500,-0.9990,3.2500,18.33,
1,Maze001,17.207,3.2500,-0.9990,3.2500,18.33,
1,Maze001,17.211,3.2500,-0.9990,3.2500,18.33,
1,Maze001,17.215,3.2500,-0.9990,3.2500,18.33,
1,Maze001,17.220,3.2500,-0.9990,3.2500,18.33,
1,Maze001,17.224,3.2500,-0.9990,3.2500,18.33,
1,Maze001,17.228,3.2500,-0.9990,3.2500,18.33,
1,Maze001,17.232,3.2500,-0.9990,3.2500,18.33,
1,Maze001,17.237,3.2500,-0.9990,3.2500,18.33,
1,Maze001,17.241,3.2500,-0.9990,3.2500,18.33,
1,Maze001,17.245,3.2500,-0.9990,3.2500,18.33,
1,Maze001,17.249,3.2500,-0.9990,3.2500,18.33,
1,Maze001,17.253,3.2500,-0.9990,3.2500,18.33,
1,Maze001,17.257,3.2500,-0.9990,3.2500,18.33,
1,Maze001,17.262,3.2500,-0.9990,3.2500,18.33,
1,Maze001,17.266,3.2500,-0.9990,3.2500,18.33,
1,Maze001,17.270,3.2500,-0.9990,3.2500,18.33,
1,Maze001,17.274,3.2500,-0.9990,3.2500,18.33,
1,Maze001,17.278,3.2500,-0.9990,3.2500,18.33,
1,Maze001,17.282,3.2500,-0.9990,3.2500,18.33,
1,Maze001,17.286,3.2500,-0.9990,3.2500,18.33,
1,Maze001,17.291,3.2500,-0.9990,3.2500,18.33,
1,Maze001,17.295,3.2500,-0.9990,3.2500,18.33,
1,Maze001,17.299,3.2500,-0.9990,3.2500,18.33,
1,Maze001,17.303,3.2500,-0.9990,3.2500,18.33,
1,Maze001,17.307,3.2500,-0.9990,3.2500,18.33,
1,Maze001,17.311,3.2500,-0.9990,3.2500,18.33,
1,Maze001,17.316,3.2500,-0.9990,3.2500,18.33,
1,Maze001,17.319,3.2500,-0.9990,3.2500,18.33,
1,Maze001,17.324,3.2500,-0.9990,3.2500,18.33,
1,Maze001,17.328,3.2500,-0.9990,3.2500,18.33,
1,Maze001,17.332,3.2500,-0.9990,3.2500,18.33,
1,Maze001,17.336,3.2500,-0.9990,3.2500,18.33,
1,Maze001,17.340,3.2500,-0.9990,3.2500,18.33,
1,Maze001,17.345,3.2500,-0.9990,3.2500,18.33,
1,Maze001,17.348,3.2500,-0.9990,3.2500,18.33,
1,Maze001,17.353,3.2500,-0.9990,3.2500,18.33,
1,Maze001,17.357,3.2500,-0.9990,3.2500,18.33,
1,Maze001,17.361,3.2500,-0.9990,3.2500,18.33,
1,Maze001,17.365,3.2500,-0.9990,3.2500,18.33,
1,Maze001,17.370,3.2500,-0.9990,3.2500,18.33,
1,Maze001,17.374,3.2500,-0.9990,3.2500,18.33,
1,Maze001,17.378,3.2500,-0.9990,3.2500,18.33,
1,Maze001,17.382,3.2500,-0.9990,3.2500,18.33,
1,Maze001,17.386,3.2500,-0.9990,3.2500,18.33,
1,Maze001,17.390,3.2500,-0.9990,3.2500,18.33,
1,Maze001,17.394,3.2500,-0.9990,3.2500,18.33,
1,Maze001,17.399,3.2500,-0.9990,3.2500,18.33,
1,Maze001,17.403,3.2500,-0.9990,3.2500,18.33,
1,Maze001,17.407,3.2500,-0.9990,3.2500,18.33,
1,Maze001,17.411,3.2500,-0.9990,3.2500,18.33,
1,Maze001,17.415,3.2500,-0.9990,3.2500,18.33,
1,Maze001,17.420,3.2500,-0.9990,3.2500,18.33,
1,Maze001,17.424,3.2500,-0.9990,3.2500,18.33,
1,Maze001,17.428,3.2500,-0.9990,3.2500,18.33,
1,Maze001,17.432,3.2500,-0.9990,3.2500,18.33,
1,Maze001,17.436,3.2500,-0.9990,3.2500,18.33,
1,Maze001,17.440,3.2500,-0.9990,3.2500,18.33,
1,Maze001,17.445,3.2500,-0.9990,3.2500,18.33,
1,Maze001,17.449,3.2500,-0.9990,3.2500,18.33,
1,Maze001,17.453,3.2500,-0.9990,3.2500,18.33,
1,Maze001,17.457,3.2500,-0.9990,3.2500,18.33,
1,Maze001,17.462,3.2500,-0.9990,3.2500,18.33,
1,Maze001,17.466,3.2500,-0.9990,3.2500,18.33,
1,Maze001,17.470,3.2500,-0.9990,3.2500,18.33,
1,Maze001,17.474,3.2500,-0.9990,3.2500,18.33,
1,Maze001,17.478,3.2500,-0.9990,3.2500,18.33,
1,Maze001,17.482,3.2500,-0.9990,3.2500,18.33,
1,Maze001,17.486,3.2500,-0.9990,3.2500,18.33,
1,Maze001,17.491,3.2500,-0.9990,3.2500,18.33,
1,Maze001,17.495,3.2500,-0.9990,3.2500,18.33,
1,Maze001,17.499,3.2500,-0.9990,3.2500,18.33,
1,Maze001,17.503,3.2500,-0.9990,3.2500,18.33,
1,Maze001,17.507,3.2500,-0.9990,3.2500,18.33,
1,Maze001,17.512,3.2500,-0.9990,3.2500,18.33,
1,Maze001,17.516,3.2500,-0.9990,3.2500,18.33,
1,Maze001,17.520,3.2500,-0.9990,3.2500,18.33,
1,Maze001,17.524,3.2500,-0.9990,3.2500,18.33,
1,Maze001,17.528,3.2500,-0.9990,3.2500,18.33,
1,Maze001,17.532,3.2500,-0.9990,3.2500,18.33,
1,Maze001,17.536,3.2500,-0.9990,3.2500,18.33,
1,Maze001,17.541,3.2500,-0.9990,3.2500,18.33,
1,Maze001,17.545,3.2500,-0.9990,3.2500,18.33,
1,Maze001,17.549,3.2500,-0.9990,3.2500,18.33,
1,Maze001,17.553,3.2500,-0.9990,3.2500,18.33,
1,Maze001,17.557,3.2500,-0.9990,3.2500,18.33,
1,Maze001,17.561,3.2500,-0.9990,3.2500,18.33,
1,Maze001,17.565,3.2500,-0.9990,3.2500,18.33,
1,Maze001,17.569,3.2500,-0.9990,3.2500,18.33,
1,Maze001,17.574,3.2500,-0.9990,3.2500,18.33,
1,Maze001,17.578,3.2500,-0.9990,3.2500,18.33,
1,Maze001,17.582,3.2500,-0.9990,3.2500,18.33,
1,Maze001,17.586,3.2500,-0.9990,3.2500,18.33,
1,Maze001,17.591,3.2500,-0.9990,3.2500,18.33,
1,Maze001,17.595,3.2500,-0.9990,3.2500,18.33,
1,Maze001,17.599,3.2500,-0.9990,3.2500,18.33,
1,Maze001,17.603,3.2500,-0.9990,3.2500,18.33,
1,Maze001,17.607,3.2500,-0.9990,3.2500,18.33,
1,Maze001,17.611,3.2500,-0.9990,3.2500,18.33,
1,Maze001,17.616,3.2500,-0.9990,3.2500,18.33,
1,Maze001,17.620,3.2500,-0.9990,3.2500,18.33,
1,Maze001,17.624,3.2500,-0.9990,3.2500,18.33,
1,Maze001,17.628,3.2500,-0.9990,3.2500,18.33,
1,Maze001,17.632,3.2500,-0.9990,3.2500,18.33,
1,Maze001,17.636,3.2500,-0.9990,3.2500,18.33,
1,Maze001,17.641,3.2500,-0.9990,3.2500,18.33,
1,Maze001,17.645,3.2500,-0.9990,3.2500,18.33,
1,Maze001,17.649,3.2500,-0.9990,3.2500,18.33,
1,Maze001,17.653,3.2500,-0.9990,3.2500,18.33,
1,Maze001,17.657,3.2500,-0.9990,3.2500,18.33,
1,Maze001,17.661,3.2500,-0.9990,3.2500,18.33,
1,Maze001,17.665,3.2500,-0.9990,3.2500,18.33,
1,Maze001,17.670,3.2500,-0.9990,3.2500,18.33,
1,Maze001,17.674,3.2500,-0.9990,3.2500,18.33,
1,Maze001,17.678,3.2500,-0.9990,3.2500,18.33,
1,Maze001,17.682,3.2500,-0.9990,3.2500,18.33,
1,Maze001,17.686,3.2500,-0.9990,3.2500,18.33,
1,Maze001,17.691,3.2500,-0.9990,3.2500,18.33,
1,Maze001,17.695,3.2500,-0.9990,3.2500,18.33,
1,Maze001,17.699,3.2500,-0.9990,3.2500,18.33,
1,Maze001,17.703,3.2500,-0.9990,3.2500,18.33,
1,Maze001,17.707,3.2500,-0.9990,3.2500,18.33,
1,Maze001,17.711,3.2500,-0.9990,3.2500,18.33,
1,Maze001,17.716,3.2500,-0.9990,3.2500,18.33,
1,Maze001,17.720,3.2500,-0.9990,3.2500,18.33,
1,Maze001,17.724,3.2500,-0.9990,3.2500,18.33,
1,Maze001,17.728,3.2500,-0.9990,3.2500,18.33,
1,Maze001,17.732,3.2500,-0.9990,3.2500,18.33,
1,Maze001,17.736,3.2500,-0.9990,3.2500,18.33,
1,Maze001,17.740,3.2500,-0.9990,3.2500,18.33,
1,Maze001,17.745,3.2500,-0.9990,3.2500,18.33,
1,Maze001,17.749,3.2500,-0.9990,3.2500,18.33,
1,Maze001,17.753,3.2500,-0.9990,3.2500,18.33,
1,Maze001,17.757,3.2500,-0.9990,3.2500,18.33,
1,Maze001,17.761,3.2500,-0.9990,3.2500,18.33,
1,Maze001,17.765,3.2500,-0.9990,3.2500,18.33,
1,Maze001,17.770,3.2500,-0.9990,3.2500,18.33,
1,Maze001,17.774,3.2500,-0.9990,3.2500,18.33,
1,Maze001,17.778,3.2500,-0.9990,3.2500,18.33,
1,Maze001,17.782,3.2500,-0.9990,3.2500,18.33,
1,Maze001,17.786,3.2500,-0.9990,3.2500,18.33,
1,Maze001,17.790,3.2500,-0.9990,3.2500,18.33,
1,Maze001,17.795,3.2500,-0.9990,3.2500,18.33,
1,Maze001,17.799,3.2500,-0.9990,3.2500,18.33,
1,Maze001,17.803,3.2500,-0.9990,3.2500,18.33,
1,Maze001,17.807,3.2500,-0.9990,3.2500,18.33,
1,Maze001,17.811,3.2500,-0.9990,3.2500,18.33,
1,Maze001,17.815,3.2500,-0.9990,3.2500,18.33,
1,Maze001,17.820,3.2500,-0.9990,3.2500,18.33,
1,Maze001,17.824,3.2500,-0.9990,3.2500,18.33,
1,Maze001,17.828,3.2500,-0.9990,3.2500,18.33,
1,Maze001,17.832,3.2500,-0.9990,3.2500,18.33,
1,Maze001,17.836,3.2500,-0.9990,3.2500,18.33,
1,Maze001,17.840,3.2500,-0.9990,3.2500,18.33,
1,Maze001,17.845,3.2500,-0.9990,3.2500,18.33,
1,Maze001,17.849,3.2500,-0.9990,3.2500,18.33,
1,Maze001,17.853,3.2500,-0.9990,3.2500,18.33,
1,Maze001,17.857,3.2500,-0.9990,3.2500,18.33,
1,Maze001,17.861,3.2500,-0.9990,3.2500,18.33,
1,Maze001,17.865,3.2500,-0.9990,3.2500,18.33,
1,Maze001,17.869,3.2500,-0.9990,3.2500,18.33,
1,Maze001,17.873,3.2500,-0.9990,3.2500,18.33,
1,Maze001,17.877,3.2500,-0.9990,3.2500,18.33,
1,Maze001,17.882,3.2500,-0.9990,3.2500,18.33,
1,Maze001,17.886,3.2500,-0.9990,3.2500,18.33,
1,Maze001,17.890,3.2500,-0.9990,3.2500,18.33,
1,Maze001,17.895,3.2500,-0.9990,3.2500,18.33,
1,Maze001,17.899,3.2500,-0.9990,3.2500,18.33,
1,Maze001,17.903,3.2500,-0.9990,3.2500,18.33,
1,Maze001,17.907,3.2500,-0.9990,3.2500,18.33,
1,Maze001,17.911,3.2500,-0.9990,3.2500,18.33,
1,Maze001,17.915,3.2500,-0.9990,3.2500,18.33,
1,Maze001,17.920,3.2500,-0.9990,3.2500,18.33,
1,Maze001,17.924,3.2500,-0.9990,3.2500,18.33,
1,Maze001,17.928,3.2500,-0.9990,3.2500,18.33,
1,Maze001,17.932,3.2500,-0.9990,3.2500,18.33,
1,Maze001,17.936,3.2500,-0.9990,3.2500,18.33,
1,Maze001,17.940,3.2500,-0.9990,3.2500,18.33,
1,Maze001,17.944,3.2500,-0.9990,3.2500,18.33,
1,Maze001,17.948,3.2500,-0.9990,3.2500,18.33,
1,Maze001,17.953,3.2500,-0.9990,3.2500,18.33,
1,Maze001,17.957,3.2500,-0.9990,3.2500,18.33,
1,Maze001,17.961,3.2500,-0.9990,3.2500,18.33,
1,Maze001,17.966,3.2500,-0.9990,3.2500,18.33,
1,Maze001,17.970,3.2500,-0.9990,3.2500,18.33,
1,Maze001,17.974,3.2500,-0.9990,3.2500,18.33,
1,Maze001,17.978,3.2500,-0.9990,3.2500,18.33,
1,Maze001,17.982,3.2500,-0.9990,3.2500,18.33,
1,Maze001,17.986,3.2500,-0.9990,3.2500,18.33,
1,Maze001,17.990,3.2500,-0.9990,3.2500,18.33,
1,Maze001,17.995,3.2500,-0.9990,3.2500,18.33,
1,Maze001,17.999,3.2500,-0.9990,3.2500,18.33,
1,Maze001,18.003,3.2500,-0.9990,3.2500,18.33,
1,Maze001,18.007,3.2500,-0.9990,3.2500,18.33,
1,Maze001,18.011,3.2500,-0.9990,3.2500,18.33,
1,Maze001,18.015,3.2500,-0.9990,3.2500,18.33,
1,Maze001,18.020,3.2500,-0.9990,3.2500,18.33,
1,Maze001,18.024,3.2500,-0.9990,3.2500,18.33,
1,Maze001,18.028,3.2500,-0.9990,3.2500,18.33,
1,Maze001,18.032,3.2500,-0.9990,3.2500,18.33,
1,Maze001,18.036,3.2500,-0.9990,3.2500,18.33,
1,Maze001,18.040,3.2500,-0.9990,3.2500,18.33,
1,Maze001,18.045,3.2500,-0.9990,3.2500,18.33,
1,Maze001,18.049,3.2500,-0.9990,3.2500,18.33,
1,Maze001,18.053,3.2500,-0.9990,3.2500,18.33,
1,Maze001,18.057,3.2500,-0.9990,3.2500,18.33,
1,Maze001,18.061,3.2500,-0.9990,3.2500,18.33,
1,Maze001,18.065,3.2500,-0.9990,3.2500,18.33,
1,Maze001,18.070,3.2500,-0.9990,3.2500,18.33,
1,Maze001,18.074,3.2500,-0.9990,3.2500,18.33,
1,Maze001,18.078,3.2500,-0.9990,3.2500,18.33,
1,Maze001,18.082,3.2500,-0.9990,3.2500,18.33,
1,Maze001,18.086,3.2500,-0.9990,3.2500,18.33,
1,Maze001,18.090,3.2500,-0.9990,3.2500,18.33,
1,Maze001,18.095,3.2500,-0.9990,3.2500,18.33,
1,Maze001,18.098,3.2500,-0.9990,3.2500,18.33,
1,Maze001,18.103,3.2500,-0.9990,3.2500,18.33,
1,Maze001,18.107,3.2500,-0.9990,3.2500,18.33,
1,Maze001,18.111,3.2500,-0.9990,3.2500,18.33,
1,Maze001,18.115,3.2500,-0.9990,3.2500,18.33,
1,Maze001,18.119,3.2500,-0.9990,3.2500,18.33,
1,Maze001,18.124,3.2500,-0.9990,3.2500,18.33,
1,Maze001,18.128,3.2500,-0.9990,3.2500,18.33,
1,Maze001,18.132,3.2500,-0.9990,3.2500,18.33,
1,Maze001,18.136,3.2500,-0.9990,3.2500,18.33,
1,Maze001,18.141,3.2500,-0.9990,3.2500,18.33,
1,Maze001,18.145,3.2500,-0.9990,3.2500,18.33,
1,Maze001,18.149,3.2500,-0.9990,3.2500,18.33,
1,Maze001,18.153,3.2500,-0.9990,3.2500,18.33,
1,Maze001,18.157,3.2500,-0.9990,3.2500,18.33,
1,Maze001,18.161,3.2500,-0.9990,3.2500,18.33,
1,Maze001,18.165,3.2500,-0.9990,3.2500,18.33,
1,Maze001,18.170,3.2500,-0.9990,3.2500,18.33,
1,Maze001,18.174,3.2500,-0.9990,3.2500,18.33,
1,Maze001,18.178,3.2500,-0.9990,3.2500,18.33,
1,Maze001,18.182,3.2500,-0.9990,3.2500,18.33,
1,Maze001,18.186,3.2500,-0.9990,3.2500,18.33,
1,Maze001,18.190,3.2500,-0.9990,3.2500,18.33,
1,Maze001,18.195,3.2500,-0.9990,3.2500,18.33,
1,Maze001,18.199,3.2500,-0.9990,3.2500,18.33,
1,Maze001,18.203,3.2500,-0.9990,3.2500,18.33,
1,Maze001,18.207,3.2500,-0.9990,3.2500,18.33,
1,Maze001,18.211,3.2500,-0.9990,3.2500,18.33,
1,Maze001,18.216,3.2500,-0.9990,3.2500,18.33,
1,Maze001,18.219,3.2500,-0.9990,3.2500,18.33,
1,Maze001,18.224,3.2500,-0.9990,3.2500,18.33,
1,Maze001,18.228,3.2500,-0.9990,3.2500,18.33,
1,Maze001,18.232,3.2500,-0.9990,3.2500,18.33,
1,Maze001,18.236,3.2500,-0.9990,3.2500,18.33,
1,Maze001,18.240,3.2500,-0.9990,3.2500,18.33,
1,Maze001,18.245,3.2500,-0.9990,3.2500,18.33,
1,Maze001,18.249,3.2500,-0.9990,3.2500,18.33,
1,Maze001,18.253,3.2500,-0.9990,3.2500,18.33,
1,Maze001,18.257,3.2500,-0.9990,3.2500,18.33,
1,Maze001,18.262,3.2500,-0.9990,3.2500,18.33,
1,Maze001,18.265,3.2500,-0.9990,3.2500,18.33,
1,Maze001,18.270,3.2500,-0.9990,3.2500,18.33,
1,Maze001,18.274,3.2500,-0.9990,3.2500,18.33,
1,Maze001,18.278,3.2500,-0.9990,3.2500,18.33,
1,Maze001,18.282,3.2500,-0.9990,3.2500,18.33,
1,Maze001,18.286,3.2500,-0.9990,3.2500,18.33,
1,Maze001,18.290,3.2500,-0.9990,3.2500,18.33,
1,Maze001,18.295,3.2500,-0.9990,3.2500,18.33,
1,Maze001,18.299,3.2500,-0.9990,3.2500,18.33,
1,Maze001,18.303,3.2500,-0.9990,3.2500,18.33,
1,Maze001,18.307,3.2500,-0.9990,3.2500,18.33,
1,Maze001,18.311,3.2500,-0.9990,3.2500,18.33,
1,Maze001,18.315,3.2500,-0.9990,3.2500,18.33,
1,Maze001,18.320,3.2500,-0.9990,3.2500,18.33,
1,Maze001,18.324,3.2500,-0.9990,3.2500,18.33,
1,Maze001,18.328,3.2500,-0.9990,3.2500,18.33,
1,Maze001,18.332,3.2500,-0.9990,3.2500,18.33,
1,Maze001,18.336,3.2500,-0.9990,3.2500,18.33,
1,Maze001,18.340,3.2500,-0.9990,3.2500,18.33,
1,Maze001,18.345,3.2500,-0.9990,3.2500,18.33,
1,Maze001,18.349,3.2500,-0.9990,3.2500,18.33,
1,Maze001,18.353,3.2500,-0.9990,3.2500,18.33,
1,Maze001,18.357,3.2500,-0.9990,3.2500,18.33,
1,Maze001,18.361,3.2500,-0.9990,3.2500,18.33,
1,Maze001,18.365,3.2500,-0.9990,3.2500,18.33,
1,Maze001,18.370,3.2500,-0.9990,3.2500,18.33,
1,Maze001,18.374,3.2500,-0.9990,3.2500,18.33,
1,Maze001,18.378,3.2500,-0.9990,3.2500,18.33,
1,Maze001,18.382,3.2500,-0.9990,3.2500,18.33,
1,Maze001,18.386,3.2500,-0.9990,3.2500,18.33,
1,Maze001,18.390,3.2500,-0.9990,3.2500,18.33,
1,Maze001,18.394,3.2500,-0.9990,3.2500,18.33,
1,Maze001,18.398,3.2500,-0.9990,3.2500,18.33,
1,Maze001,18.402,3.2500,-0.9990,3.2500,18.33,
1,Maze001,18.407,3.2500,-0.9990,3.2500,18.33,
1,Maze001,18.411,3.2500,-0.9990,3.2500,18.33,
1,Maze001,18.415,3.2500,-0.9990,3.2500,18.33,
1,Maze001,18.420,3.2500,-0.9990,3.2500,18.33,
1,Maze001,18.423,3.2500,-0.9990,3.2500,18.33,
1,Maze001,18.427,3.2500,-0.9990,3.2500,18.33,
1,Maze001,18.432,3.2500,-0.9990,3.2500,18.33,
1,Maze001,18.436,3.2500,-0.9990,3.2500,18.33,
1,Maze001,18.440,3.2500,-0.9990,3.2500,18.33,
1,Maze001,18.444,3.2500,-0.9990,3.2500,18.33,
1,Maze001,18.449,3.2500,-0.9990,3.2500,18.33,
1,Maze001,18.453,3.2500,-0.9990,3.2500,18.33,
1,Maze001,18.457,3.2500,-0.9990,3.2500,18.33,
1,Maze001,18.461,3.2500,-0.9990,3.2500,18.33,
1,Maze001,18.466,3.2500,-0.9990,3.2500,18.33,
1,Maze001,18.470,3.2500,-0.9990,3.2500,18.33,
1,Maze001,18.474,3.2500,-0.9990,3.2500,18.33,
1,Maze001,18.478,3.2500,-0.9990,3.2500,18.33,
1,Maze001,18.483,3.2500,-0.9990,3.2500,18.33,
1,Maze001,18.486,3.2500,-0.9990,3.2500,18.33,
1,Maze001,18.490,3.2500,-0.9990,3.2500,18.33,
1,Maze001,18.495,3.2500,-0.9990,3.2500,18.33,
1,Maze001,18.499,3.2500,-0.9990,3.2500,18.33,
1,Maze001,18.503,3.2500,-0.9990,3.2500,18.33,
1,Maze001,18.507,3.2500,-0.9990,3.2500,18.33,
1,Maze001,18.511,3.2500,-0.9990,3.2500,18.33,
1,Maze001,18.515,3.2500,-0.9990,3.2500,18.33,
1,Maze001,18.520,3.2500,-0.9990,3.2500,18.33,
1,Maze001,18.524,3.2500,-0.9990,3.2500,18.33,
1,Maze001,18.528,3.2500,-0.9990,3.2500,18.33,
1,Maze001,18.532,3.2500,-0.9990,3.2500,18.33,
1,Maze001,18.536,3.2500,-0.9990,3.2500,18.33,
1,Maze001,18.540,3.2500,-0.9990,3.2500,18.33,
1,Maze001,18.545,3.2500,-0.9990,3.2500,18.33,
1,Maze001,18.549,3.2500,-0.9990,3.2500,18.33,
1,Maze001,18.553,3.2500,-0.9990,3.2500,18.33,
1,Maze001,18.557,3.2500,-0.9990,3.2500,18.33,
1,Maze001,18.561,3.2500,-0.9990,3.2500,18.33,
1,Maze001,18.565,3.2500,-0.9990,3.2500,18.33,
1,Maze001,18.569,3.2500,-0.9990,3.2500,18.33,
1,Maze001,18.574,3.2500,-0.9990,3.2500,18.33,
1,Maze001,18.578,3.2500,-0.9990,3.2500,18.33,
1,Maze001,18.582,3.2500,-0.9990,3.2500,18.33,
1,Maze001,18.586,3.2500,-0.9990,3.2500,18.33,
1,Maze001,18.591,3.2500,-0.9990,3.2500,18.33,
1,Maze001,18.594,3.2500,-0.9990,3.2500,18.33,
1,Maze001,18.599,3.2500,-0.9990,3.2500,18.33,
1,Maze001,18.603,3.2500,-0.9990,3.2500,18.33,
1,Maze001,18.607,3.2500,-0.9990,3.2500,18.33,
1,Maze001,18.611,3.2500,-0.9990,3.2500,18.33,
1,Maze001,18.615,3.2500,-0.9990,3.2500,18.33,
1,Maze001,18.620,3.2500,-0.9990,3.2500,18.33,
1,Maze001,18.624,3.2500,-0.9990,3.2500,18.33,
1,Maze001,18.628,3.2500,-0.9990,3.2500,18.33,
1,Maze001,18.632,3.2500,-0.9990,3.2500,18.33,
1,Maze001,18.636,3.2500,-0.9990,3.2500,18.33,
1,Maze001,18.640,3.2500,-0.9990,3.2500,18.33,
1,Maze001,18.644,3.2500,-0.9990,3.2500,18.33,
1,Maze001,18.648,3.2500,-0.9990,3.2500,18.33,
1,Maze001,18.653,3.2500,-0.9990,3.2500,18.33,
1,Maze001,18.657,3.2500,-0.9990,3.2500,18.33,
1,Maze001,18.661,3.2500,-0.9990,3.2500,18.33,
1,Maze001,18.665,3.2500,-0.9990,3.2500,18.33,
1,Maze001,18.669,3.2500,-0.9990,3.2500,18.33,
1,Maze001,18.674,3.2500,-0.9990,3.2500,18.33,
1,Maze001,18.678,3.2500,-0.9990,3.2500,18.33,
1,Maze001,18.682,3.2500,-0.9990,3.2500,18.33,
1,Maze001,18.686,3.2500,-0.9990,3.2500,18.33,
1,Maze001,18.690,3.2500,-0.9990,3.2500,18.33,
1,Maze001,18.695,3.2500,-0.9990,3.2500,18.33,
1,Maze001,18.699,3.2500,-0.9990,3.2500,18.33,
1,Maze001,18.703,3.2500,-0.9990,3.2500,18.33,
1,Maze001,18.707,3.2500,-0.9990,3.2500,18.33,
1,Maze001,18.711,3.2500,-0.9990,3.2500,18.33,
1,Maze001,18.715,3.2500,-0.9990,3.2500,18.33,
1,Maze001,18.720,3.2500,-0.9990,3.2500,18.33,
1,Maze001,18.724,3.2500,-0.9990,3.2500,18.33,
1,Maze001,18.728,3.2500,-0.9990,3.2500,18.33,
1,Maze001,18.732,3.2500,-0.9990,3.2500,18.33,
1,Maze001,18.736,3.2500,-0.9990,3.2500,18.33,
1,Maze001,18.740,3.2500,-0.9990,3.2500,18.33,
1,Maze001,18.745,3.2500,-0.9990,3.2500,18.33,
1,Maze001,18.749,3.2500,-0.9990,3.2500,18.33,
1,Maze001,18.753,3.2500,-0.9990,3.2500,18.33,
1,Maze001,18.757,3.2500,-0.9990,3.2500,18.33,
1,Maze001,18.761,3.2500,-0.9990,3.2500,18.33,
1,Maze001,18.765,3.2500,-0.9990,3.2500,18.33,
1,Maze001,18.769,3.2500,-0.9990,3.2500,18.33,
1,Maze001,18.774,3.2500,-0.9990,3.2500,18.33,
1,Maze001,18.778,3.2500,-0.9990,3.2500,18.33,
1,Maze001,18.782,3.2500,-0.9990,3.2500,18.33,
1,Maze001,18.786,3.2500,-0.9990,3.2500,18.33,
1,Maze001,18.790,3.2500,-0.9990,3.2500,18.33,
1,Maze001,18.794,3.2500,-0.9990,3.2500,18.33,
1,Maze001,18.799,3.2500,-0.9990,3.2500,18.33,
1,Maze001,18.803,3.2500,-0.9990,3.2500,18.33,
1,Maze001,18.807,3.2500,-0.9990,3.2500,18.33,
1,Maze001,18.830,3.2500,-0.9990,3.2500,18.33,
1,Maze001,18.845,3.2500,-0.9990,3.2500,18.33,
1,Maze001,18.852,3.2500,-0.9990,3.2500,18.33,
1,Maze001,18.858,3.2500,-0.9990,3.2500,18.33,
1,Maze001,18.868,3.2500,-0.9990,3.2500,18.33,
1,Maze001,18.874,3.2500,-0.9990,3.2500,18.33,
1,Maze001,18.879,3.2500,-0.9990,3.2500,18.33,
1,Maze001,18.885,3.2500,-0.9990,3.2500,18.33,
1,Maze001,18.893,3.2500,-0.9990,3.2500,18.33,
1,Maze001,18.898,3.2500,-0.9990,3.2500,18.33,
1,Maze001,18.905,3.2500,-0.9990,3.2500,18.33,
1,Maze001,18.909,3.2500,-0.9990,3.2500,18.33,
1,Maze001,18.914,3.2500,-0.9990,3.2500,18.33,
1,Maze001,18.920,3.2500,-0.9990,3.2500,18.33,
1,Maze001,18.924,3.2500,-0.9990,3.2500,18.33,
1,Maze001,18.930,3.2500,-0.9990,3.2500,18.33,
1,Maze001,18.936,3.2500,-0.9990,3.2500,18.33,
1,Maze001,18.940,3.2500,-0.9990,3.2500,18.33,
1,Maze001,18.952,3.2500,-0.9990,3.2500,18.33,
1,Maze001,18.957,3.2500,-0.9990,3.2500,18.33,
1,Maze001,18.961,3.2500,-0.9990,3.2500,18.33,
1,Maze001,18.974,3.2500,-0.9990,3.2500,18.33,
1,Maze001,18.979,3.2500,-0.9990,3.2500,18.33,
1,Maze001,18.985,3.2500,-0.9990,3.2500,18.33,
1,Maze001,18.990,3.2500,-0.9990,3.2500,18.33,
1,Maze001,18.995,3.2500,-0.9990,3.2500,18.33,
1,Maze001,19.000,3.2500,-0.9990,3.2500,18.33,
1,Maze001,19.004,3.2500,-0.9990,3.2500,18.33,
1,Maze001,19.009,3.2500,-0.9990,3.2500,18.33,
1,Maze001,19.014,3.2500,-0.9990,3.2500,18.33,
1,Maze001,19.019,3.2500,-0.9990,3.2500,18.33,
1,Maze001,19.036,3.2500,-0.9990,3.2500,18.33,
1,Maze001,19.042,3.2500,-0.9990,3.2500,18.33,
1,Maze001,19.050,3.2500,-0.9990,3.2500,18.33,
1,Maze001,19.056,3.2500,-0.9990,3.2500,18.33,
1,Maze001,19.066,3.2500,-0.9990,3.2500,18.33,
1,Maze001,19.072,3.2500,-0.9990,3.2500,18.33,
1,Maze001,19.077,3.2500,-0.9990,3.2500,18.33,
1,Maze001,19.083,3.2500,-0.9990,3.2500,18.33,
1,Maze001,19.090,3.2500,-0.9990,3.2500,18.33,
1,Maze001,19.095,3.2500,-0.9990,3.2500,18.33,
1,Maze001,19.107,3.2500,-0.9990,3.2500,18.33,
1,Maze001,19.119,3.2500,-0.9990,3.2500,18.33,
1,Maze001,19.123,3.2500,-0.9990,3.2500,18.33,
1,Maze001,19.134,3.2500,-0.9990,3.2500,18.33,
1,Maze001,19.139,3.2500,-0.9990,3.2500,18.33,
1,Maze001,19.146,3.2500,-0.9990,3.2500,18.33,
1,Maze001,19.151,3.2500,-0.9990,3.2500,18.33,
1,Maze001,19.155,3.2500,-0.9990,3.2500,18.33,
1,Maze001,19.167,3.2500,-0.9990,3.2500,18.33,
1,Maze001,19.172,3.2500,-0.9990,3.2500,18.33,
1,Maze001,19.176,3.2500,-0.9990,3.2500,18.33,
1,Maze001,19.185,3.2500,-0.9990,3.2500,18.33,
1,Maze001,19.189,3.2500,-0.9990,3.2500,18.33,
1,Maze001,19.198,3.2500,-0.9990,3.2500,18.33,
1,Maze001,19.405,3.2500,-0.9990,3.2500,18.33,
1,Maze001,19.409,3.2500,-0.9990,3.2500,18.33,
1,Maze001,19.414,3.2500,-0.9990,3.2500,18.33,
1,Maze001,19.419,3.2500,-0.9990,3.2500,18.33,
1,Maze001,19.424,3.2500,-0.9990,3.2500,18.33,
1,Maze001,19.429,3.2500,-0.9990,3.2500,18.33,
1,Maze001,19.436,3.2500,-0.9990,3.2500,18.33,
1,Maze001,19.440,3.2500,-0.9990,3.2500,18.33,
1,Maze001,19.450,3.2500,-0.9990,3.2500,18.33,
1,Maze001,19.454,3.2500,-0.9990,3.2500,18.33,
1,Maze001,19.459,3.2500,-0.9990,3.2500,18.33,
1,Maze001,19.463,3.2500,-0.9990,3.2500,18.33,
1,Maze001,19.471,3.2500,-0.9990,3.2500,18.33,
1,Maze001,19.475,3.2500,-0.9990,3.2500,18.33,
1,Maze001,19.481,3.2500,-0.9990,3.2500,18.33,
1,Maze001,19.485,3.2500,-0.9990,3.2500,18.33,
1,Maze001,19.493,3.2500,-0.9990,3.2500,18.33,
1,Maze001,19.700,3.2500,-0.9990,3.2500,18.33,
1,Maze001,19.703,3.2500,-0.9990,3.2500,18.33,
1,Maze001,19.707,3.2500,-0.9990,3.2500,18.33,
1,Maze001,19.914,3.2500,-0.9990,3.2500,18.33,
1,Maze001,19.918,3.2500,-0.9990,3.2500,18.33,
1,Maze001,20.123,3.2500,-0.9990,3.2500,18.33,
1,Maze001,20.128,3.2500,-0.9990,3.2500,18.33,
1,Maze001,20.132,3.2500,-0.9990,3.2500,18.33,
1,Maze001,20.136,3.2500,-0.9990,3.2500,18.33,
1,Maze001,20.140,3.2500,-0.9990,3.2500,18.33,
1,Maze001,20.144,3.2500,-0.9990,3.2500,18.33,
1,Maze001,20.148,3.2500,-0.9990,3.2500,18.33,
1,Maze001,20.152,3.2500,-0.9990,3.2500,18.33,
1,Maze001,20.157,3.2500,-0.9990,3.2500,18.33,
1,Maze001,20.161,3.2500,-0.9990,3.2500,18.33,
1,Maze001,20.165,3.2500,-0.9990,3.2500,18.33,
1,Maze001,20.170,3.2500,-0.9990,3.2500,18.33,
1,Maze001,20.173,3.2500,-0.9990,3.2500,18.33,
1,Maze001,20.178,3.2500,-0.9990,3.2500,18.33,
1,Maze001,20.182,3.2500,-0.9990,3.2500,18.33,
1,Maze001,20.186,3.2500,-0.9990,3.2500,18.33,
1,Maze001,20.190,3.2500,-0.9990,3.2500,18.33,
1,Maze001,20.195,3.2500,-0.9990,3.2500,18.33,
1,Maze001,20.198,3.2500,-0.9990,3.2500,18.33,
1,Maze001,20.202,3.2500,-0.9990,3.2500,18.33,
1,Maze001,20.207,3.2500,-0.9990,3.2500,18.33,
1,Maze001,20.211,3.2500,-0.9990,3.2500,18.33,
1,Maze001,20.216,3.2500,-0.9990,3.2500,18.33,
1,Maze001,20.219,3.2500,-0.9990,3.2500,18.33,
1,Maze001,20.224,3.2500,-0.9990,3.2500,18.33,
1,Maze001,20.227,3.2500,-0.9990,3.2500,18.33,
1,Maze001,20.232,3.2500,-0.9990,3.2500,18.33,
1,Maze001,20.236,3.2500,-0.9990,3.2500,18.33,
1,Maze001,20.240,3.2500,-0.9990,3.2500,18.33,
1,Maze001,20.245,3.2500,-0.9990,3.2500,18.33,
1,Maze001,20.249,3.2500,-0.9990,3.2500,18.33,
1,Maze001,20.253,3.2500,-0.9990,3.2500,18.33,
1,Maze001,20.257,3.2500,-0.9990,3.2500,18.33,
1,Maze001,20.262,3.2500,-0.9990,3.2500,18.33,
1,Maze001,20.266,3.2500,-0.9990,3.2500,18.33,
1,Maze001,20.269,3.2500,-0.9990,3.2500,18.33,
1,Maze001,20.274,3.2500,-0.9990,3.2500,18.33,
1,Maze001,20.278,3.2500,-0.9990,3.2500,18.33,
1,Maze001,20.282,3.2500,-0.9990,3.2500,18.33,
1,Maze001,20.286,3.2500,-0.9990,3.2500,18.33,
1,Maze001,20.290,3.2500,-0.9990,3.2500,18.33,
1,Maze001,20.295,3.2500,-0.9990,3.2500,18.33,
1,Maze001,20.298,3.2500,-0.9990,3.2500,18.33,
1,Maze001,20.303,3.2500,-0.9990,3.2500,18.33,
1,Maze001,20.307,3.2500,-0.9990,3.2500,18.33,
1,Maze001,20.311,3.2500,-0.9990,3.2500,18.33,
1,Maze001,20.315,3.2500,-0.9990,3.2500,18.33,
1,Maze001,20.320,3.2500,-0.9990,3.2500,18.33,
1,Maze001,20.324,3.2500,-0.9990,3.2500,18.33,
1,Maze001,20.328,3.2500,-0.9990,3.2500,18.33,
1,Maze001,20.332,3.2500,-0.9990,3.2500,18.33,
1,Maze001,20.336,3.2500,-0.9990,3.2500,18.33,
1,Maze001,20.340,3.2500,-0.9990,3.2500,18.33,
1,Maze001,20.344,3.2500,-0.9990,3.2500,18.33,
1,Maze001,20.349,3.2500,-0.9990,3.2500,18.33,
1,Maze001,20.353,3.2500,-0.9990,3.2500,18.33,
1,Maze001,20.357,3.2500,-0.9990,3.2500,18.33,
1,Maze001,20.361,3.2500,-0.9990,3.2500,18.33,
1,Maze001,20.365,3.2500,-0.9990,3.2500,18.33,
1,Maze001,20.369,3.2500,-0.9990,3.2500,18.33,
1,Maze001,20.374,3.2500,-0.9990,3.2500,18.33,
1,Maze001,20.378,3.2500,-0.9990,3.2500,18.33,
1,Maze001,20.382,3.2500,-0.9990,3.2500,18.33,
1,Maze001,20.386,3.2500,-0.9990,3.2500,18.33,
1,Maze001,20.390,3.2500,-0.9990,3.2500,18.33,
1,Maze001,20.394,3.2500,-0.9990,3.2500,18.33,
1,Maze001,20.399,3.2500,-0.9990,3.2500,18.33,
1,Maze001,20.402,3.2500,-0.9990,3.2500,18.33,
1,Maze001,20.407,3.2500,-0.9990,3.2500,18.33,
1,Maze001,20.411,3.2500,-0.9990,3.2500,18.33,
1,Maze001,20.415,3.2500,-0.9990,3.2500,18.33,
1,Maze001,20.420,3.2500,-0.9990,3.2500,18.33,
1,Maze001,20.423,3.2500,-0.9990,3.2500,18.33,
1,Maze001,20.428,3.2500,-0.9990,3.2500,18.33,
1,Maze001,20.433,3.2500,-0.9990,3.2500,18.33,
1,Maze001,20.436,3.2500,-0.9990,3.2500,18.33,
1,Maze001,20.440,3.2500,-0.9990,3.2500,18.33,
1,Maze001,20.445,3.2500,-0.9990,3.2500,18.33,
1,Maze001,20.449,3.2500,-0.9990,3.2500,18.33,
1,Maze001,20.453,3.2500,-0.9990,3.2500,18.33,
1,Maze001,20.457,3.2500,-0.9990,3.2500,18.33,
1,Maze001,20.461,3.2500,-0.9990,3.2500,18.33,
1,Maze001,20.465,3.2500,-0.9990,3.2500,18.33,
1,Maze001,20.469,3.2500,-0.9990,3.2500,18.33,
1,Maze001,20.474,3.2500,-0.9990,3.2500,18.33,
1,Maze001,20.477,3.2500,-0.9990,3.2500,18.33,
1,Maze001,20.482,3.2500,-0.9990,3.2500,18.33,
1,Maze001,20.486,3.2500,-0.9990,3.2500,18.33,
1,Maze001,20.490,3.2500,-0.9990,3.2500,18.33,
1,Maze001,20.495,3.2500,-0.9990,3.2500,18.33,
1,Maze001,20.499,3.2500,-0.9990,3.2500,18.33,
1,Maze001,20.510,3.2500,-0.9990,3.2500,18.33,
1,Maze001,20.514,3.2500,-0.9990,3.2500,18.33,
1,Maze001,20.520,3.2500,-0.9990,3.2500,18.33,
1,Maze001,20.524,3.2500,-0.9990,3.2500,18.33,
1,Maze001,20.528,3.2500,-0.9990,3.2500,18.33,
1,Maze001,20.532,3.2500,-0.9990,3.2500,18.33,
1,Maze001,20.536,3.2500,-0.9990,3.2500,18.33,
1,Maze001,20.541,3.2500,-0.9990,3.2500,18.33,
1,Maze001,20.545,3.2500,-0.9990,3.2500,18.33,
1,Maze001,20.549,3.2500,-0.9990,3.2500,18.33,
1,Maze001,20.553,3.2500,-0.9990,3.2500,18.33,
1,Maze001,20.557,3.2500,-0.9990,3.2500,18.33,
1,Maze001,20.562,3.2500,-0.9990,3.2500,18.33,
1,Maze001,20.566,3.2500,-0.9990,3.2500,18.33,
1,Maze001,20.570,3.2500,-0.9990,3.2500,18.33,
1,Maze001,20.574,3.2500,-0.9990,3.2500,18.33,
1,Maze001,20.578,3.2500,-0.9990,3.2500,18.33,
1,Maze001,20.582,3.2500,-0.9990,3.2500,18.33,
1,Maze001,20.586,3.2500,-0.9990,3.2500,18.33,
1,Maze001,20.590,3.2500,-0.9990,3.2500,18.33,
1,Maze001,20.594,3.2500,-0.9990,3.2500,18.33,
1,Maze001,20.598,3.2500,-0.9990,3.2500,18.33,
1,Maze001,20.602,3.2500,-0.9990,3.2500,18.33,
1,Maze001,20.607,3.2500,-0.9990,3.2500,18.33,
1,Maze001,20.611,3.2500,-0.9990,3.2500,18.33,
1,Maze001,20.615,3.2500,-0.9990,3.2500,18.33,
1,Maze001,20.620,3.2500,-0.9990,3.2500,18.33,
1,Maze001,20.624,3.2500,-0.9990,3.2500,18.23,
1,Maze001,20.628,3.2500,-0.9990,3.2500,18.23,
1,Maze001,20.634,3.2500,-0.9990,3.2500,18.18,
1,Maze001,20.638,3.2500,-0.9990,3.2500,18.18,
1,Maze001,20.645,3.2500,-0.9990,3.2500,18.18,
1,Maze001,20.649,3.2500,-0.9990,3.2500,18.18,
1,Maze001,20.653,3.2500,-0.9990,3.2500,18.18,
1,Maze001,20.657,3.2500,-0.9990,3.2500,18.18,
1,Maze001,20.661,3.2500,-0.9990,3.2500,18.18,
1,Maze001,20.665,3.2500,-0.9990,3.2500,18.18,
1,Maze001,20.670,3.2500,-0.9990,3.2500,18.18,
1,Maze001,20.674,3.2500,-0.9990,3.2500,18.18,
1,Maze001,20.678,3.2500,-0.9990,3.2500,18.18,
1,Maze001,20.682,3.2500,-0.9990,3.2500,18.18,
1,Maze001,20.686,3.2500,-0.9990,3.2500,18.18,
1,Maze001,20.692,3.2500,-0.9990,3.2500,18.18,
1,Maze001,20.695,3.2500,-0.9990,3.2500,18.18,
1,Maze001,20.698,3.2500,-0.9990,3.2500,18.18,
1,Maze001,20.703,3.2500,-0.9990,3.2500,18.18,
1,Maze001,20.707,3.2500,-0.9990,3.2500,18.18,
1,Maze001,20.712,3.2500,-0.9990,3.2500,18.18,
1,Maze001,20.715,3.2500,-0.9990,3.2500,18.18,
1,Maze001,20.719,3.2500,-0.9990,3.2500,18.18,
1,Maze001,20.724,3.2500,-0.9990,3.2500,18.18,
1,Maze001,20.728,3.2500,-0.9990,3.2500,18.18,
1,Maze001,20.732,3.2500,-0.9990,3.2500,18.18,
1,Maze001,20.736,3.2500,-0.9990,3.2500,18.18,
1,Maze001,20.740,3.2500,-0.9990,3.2500,18.18,
1,Maze001,20.745,3.2500,-0.9990,3.2500,18.18,
1,Maze001,20.748,3.2500,-0.9990,3.2500,18.18,
1,Maze001,20.752,3.2500,-0.9990,3.2500,18.18,
1,Maze001,20.756,3.2500,-0.9990,3.2500,18.18,
1,Maze001,20.761,3.2500,-0.9990,3.2500,18.18,
1,Maze001,20.765,3.2500,-0.9990,3.2500,18.18,
1,Maze001,20.769,3.2500,-0.9990,3.2500,18.18,
1,Maze001,20.773,3.2500,-0.9990,3.2500,18.18,
1,Maze001,20.777,3.2500,-0.9990,3.2500,18.18,
1,Maze001,20.782,3.2500,-0.9990,3.2500,18.18,
1,Maze001,20.786,3.2500,-0.9990,3.2500,18.18,
1,Maze001,20.790,3.2500,-0.9990,3.2500,18.18,
1,Maze001,20.794,3.2500,-0.9990,3.2500,18.18,
1,Maze001,20.798,3.2500,-0.9990,3.2500,18.18,
1,Maze001,20.802,3.2500,-0.9990,3.2500,18.18,
1,Maze001,20.806,3.2500,-0.9990,3.2500,18.18,
1,Maze001,20.811,3.2500,-0.9990,3.2500,18.18,
1,Maze001,20.815,3.2500,-0.9990,3.2500,18.18,
1,Maze001,20.819,3.2500,-0.9990,3.2500,18.18,
1,Maze001,20.823,3.2500,-0.9990,3.2500,18.18,
1,Maze001,20.827,3.2500,-0.9990,3.2500,18.18,
1,Maze001,20.831,3.2500,-0.9990,3.2500,18.18,
1,Maze001,20.836,3.2500,-0.9990,3.2500,18.18,
1,Maze001,20.840,3.2500,-0.9990,3.2500,18.18,
1,Maze001,20.844,3.2500,-0.9990,3.2500,18.18,
1,Maze001,20.848,3.2500,-0.9990,3.2500,18.18,
1,Maze001,20.852,3.2500,-0.9990,3.2500,18.18,
1,Maze001,20.857,3.2500,-0.9990,3.2500,18.18,
1,Maze001,20.861,3.2500,-0.9990,3.2500,18.18,
1,Maze001,20.865,3.2500,-0.9990,3.2500,18.18,
1,Maze001,20.869,3.2500,-0.9990,3.2500,18.18,
1,Maze001,20.873,3.2500,-0.9990,3.2500,18.18,
1,Maze001,20.878,3.2500,-0.9990,3.2500,18.18,
1,Maze001,20.882,3.2500,-0.9990,3.2500,18.18,
1,Maze001,20.886,3.2500,-0.9990,3.2500,18.18,
1,Maze001,20.890,3.2500,-0.9990,3.2500,18.18,
1,Maze001,20.894,3.2500,-0.9990,3.2500,18.18,
1,Maze001,20.899,3.2500,-0.9990,3.2500,18.18,
1,Maze001,20.902,3.2500,-0.9990,3.2500,18.18,
1,Maze001,20.906,3.2500,-0.9990,3.2500,18.18,
1,Maze001,20.911,3.2500,-0.9990,3.2500,18.18,
1,Maze001,20.915,3.2500,-0.9990,3.2500,18.18,
1,Maze001,20.919,3.2500,-0.9990,3.2500,18.18,
1,Maze001,20.923,3.2500,-0.9990,3.2500,18.18,
1,Maze001,20.928,3.2500,-0.9990,3.2500,18.18,
1,Maze001,20.931,3.2500,-0.9990,3.2500,18.18,
1,Maze001,20.935,3.2500,-0.9990,3.2500,18.18,
1,Maze001,20.940,3.2500,-0.9990,3.2500,18.18,
1,Maze001,20.944,3.2500,-0.9990,3.2500,18.18,
1,Maze001,20.948,3.2500,-0.9990,3.2500,18.18,
1,Maze001,20.952,3.2500,-0.9990,3.2500,18.18,
1,Maze001,20.956,3.2500,-0.9990,3.2500,18.18,
1,Maze001,20.961,3.2500,-0.9990,3.2500,18.18,
1,Maze001,20.965,3.2500,-0.9990,3.2500,18.18,
1,Maze001,20.969,3.2500,-0.9990,3.2500,18.18,
1,Maze001,20.973,3.2500,-0.9990,3.2500,18.18,
1,Maze001,20.977,3.2500,-0.9990,3.2500,18.18,
1,Maze001,20.982,3.2500,-0.9990,3.2500,18.18,
1,Maze001,20.986,3.2500,-0.9990,3.2500,18.18,
1,Maze001,20.990,3.2500,-0.9990,3.2500,18.18,
1,Maze001,20.994,3.2500,-0.9990,3.2500,18.18,
1,Maze001,20.998,3.2500,-0.9990,3.2500,18.18,
1,Maze001,21.002,3.2500,-0.9990,3.2500,18.18,
1,Maze001,21.007,3.2500,-0.9990,3.2500,18.18,
1,Maze001,21.011,3.2500,-0.9990,3.2500,18.18,
1,Maze001,21.015,3.2500,-0.9990,3.2500,18.18,
1,Maze001,21.019,3.2500,-0.9990,3.2500,18.18,
1,Maze001,21.023,3.2500,-0.9990,3.2500,18.18,
1,Maze001,21.027,3.2500,-0.9990,3.2500,18.18,
1,Maze001,21.032,3.2500,-0.9990,3.2500,18.18,
1,Maze001,21.036,3.2500,-0.9990,3.2500,18.18,
1,Maze001,21.040,3.2500,-0.9990,3.2500,18.18,
1,Maze001,21.044,3.2500,-0.9990,3.2500,18.18,
1,Maze001,21.048,3.2500,-0.9990,3.2500,18.18,
1,Maze001,21.053,3.2500,-0.9990,3.2500,18.18,
1,Maze001,21.057,3.2500,-0.9990,3.2500,18.18,
1,Maze001,21.061,3.2500,-0.9990,3.2500,18.18,
1,Maze001,21.065,3.2500,-0.9990,3.2500,18.18,
1,Maze001,21.069,3.2500,-0.9990,3.2500,18.18,
1,Maze001,21.073,3.2500,-0.9990,3.2500,18.18,
1,Maze001,21.078,3.2500,-0.9990,3.2500,18.18,
1,Maze001,21.082,3.2500,-0.9990,3.2500,18.18,
1,Maze001,21.086,3.2500,-0.9990,3.2500,18.18,
1,Maze001,21.090,3.2500,-0.9990,3.2500,18.18,
1,Maze001,21.094,3.2500,-0.9990,3.2500,18.18,
1,Maze001,21.098,3.2500,-0.9990,3.2500,18.18,
1,Maze001,21.103,3.2500,-0.9990,3.2500,18.18,
1,Maze001,21.106,3.2500,-0.9990,3.2500,18.18,
1,Maze001,21.111,3.2500,-0.9990,3.2500,18.18,
1,Maze001,21.115,3.2500,-0.9990,3.2500,18.18,
1,Maze001,21.119,3.2500,-0.9990,3.2500,18.18,
1,Maze001,21.123,3.2500,-0.9990,3.2500,18.18,
1,Maze001,21.128,3.2500,-0.9990,3.2500,18.18,
1,Maze001,21.132,3.2500,-0.9990,3.2500,18.18,
1,Maze001,21.136,3.2500,-0.9990,3.2500,18.18,
1,Maze001,21.140,3.2500,-0.9990,3.2500,18.18,
1,Maze001,21.144,3.2500,-0.9990,3.2500,18.18,
1,Maze001,21.148,3.2500,-0.9990,3.2500,18.18,
1,Maze001,21.152,3.2500,-0.9990,3.2500,18.18,
1,Maze001,21.156,3.2500,-0.9990,3.2500,18.18,
1,Maze001,21.161,3.2500,-0.9990,3.2500,18.18,
1,Maze001,21.165,3.2500,-0.9990,3.2500,18.18,
1,Maze001,21.169,3.2500,-0.9990,3.2500,18.18,
1,Maze001,21.174,3.2500,-0.9990,3.2500,18.18,
1,Maze001,21.177,3.2500,-0.9990,3.2500,18.18,
1,Maze001,21.182,3.2500,-0.9990,3.2500,18.18,
1,Maze001,21.186,3.2500,-0.9990,3.2500,18.18,
1,Maze001,21.190,3.2500,-0.9990,3.2500,18.18,
1,Maze001,21.194,3.2500,-0.9990,3.2500,18.18,
1,Maze001,21.198,3.2500,-0.9990,3.2500,18.18,
1,Maze001,21.202,3.2500,-0.9990,3.2500,18.18,
1,Maze001,21.206,3.2500,-0.9990,3.2500,18.18,
1,Maze001,21.211,3.2500,-0.9990,3.2500,18.18,
1,Maze001,21.215,3.2500,-0.9990,3.2500,18.18,
1,Maze001,21.219,3.2500,-0.9990,3.2500,18.18,
1,Maze001,21.223,3.2500,-0.9990,3.2500,18.18,
1,Maze001,21.227,3.2500,-0.9990,3.2500,18.18,
1,Maze001,21.231,3.2500,-0.9990,3.2500,18.18,
1,Maze001,21.235,3.2500,-0.9990,3.2500,18.18,
1,Maze001,21.240,3.2500,-0.9990,3.2500,18.18,
1,Maze001,21.244,3.2500,-0.9990,3.2500,18.18,
1,Maze001,21.248,3.2500,-0.9990,3.2500,18.18,
1,Maze001,21.252,3.2500,-0.9990,3.2500,18.18,
1,Maze001,21.257,3.2500,-0.9990,3.2500,18.18,
1,Maze001,21.261,3.2500,-0.9990,3.2500,18.18,
1,Maze001,21.266,3.2500,-0.9990,3.2500,18.18,
1,Maze001,21.270,3.2500,-0.9990,3.2500,18.18,
1,Maze001,21.274,3.2500,-0.9990,3.2500,18.18,
1,Maze001,21.278,3.2500,-0.9990,3.2500,18.18,
1,Maze001,21.282,3.2500,-0.9990,3.2500,18.18,
1,Maze001,21.286,3.2500,-0.9990,3.2500,18.18,
1,Maze001,21.290,3.2500,-0.9990,3.2500,18.18,
1,Maze001,21.295,3.2500,-0.9990,3.2500,18.18,
1,Maze001,21.299,3.2500,-0.9990,3.2500,18.18,
1,Maze001,21.303,3.2500,-0.9990,3.2500,18.18,
1,Maze001,21.307,3.2500,-0.9990,3.2500,18.18,
1,Maze001,21.311,3.2500,-0.9990,3.2500,18.18,
1,Maze001,21.315,3.2500,-0.9990,3.2500,18.18,
1,Maze001,21.319,3.2500,-0.9990,3.2500,18.18,
1,Maze001,21.323,3.2500,-0.9990,3.2500,18.18,
1,Maze001,21.327,3.2500,-0.9990,3.2500,18.18,
1,Maze001,21.331,3.2500,-0.9990,3.2500,18.18,
1,Maze001,21.335,3.2500,-0.9990,3.2500,18.18,
1,Maze001,21.340,3.2500,-0.9990,3.2500,18.18,
1,Maze001,21.344,3.2500,-0.9990,3.2500,18.18,
1,Maze001,21.348,3.2500,-0.9990,3.2500,18.18,
1,Maze001,21.353,3.2500,-0.9990,3.2500,18.18,
1,Maze001,21.357,3.2500,-0.9990,3.2500,18.18,
1,Maze001,21.361,3.2500,-0.9990,3.2500,18.18,
1,Maze001,21.366,3.2500,-0.9990,3.2500,18.18,
1,Maze001,21.369,3.2500,-0.9990,3.2500,18.18,
1,Maze001,21.373,3.2500,-0.9990,3.2500,18.18,
1,Maze001,21.378,3.2500,-0.9990,3.2500,18.18,
1,Maze001,21.382,3.2500,-0.9990,3.2500,18.18,
1,Maze001,21.386,3.2500,-0.9990,3.2500,18.18,
1,Maze001,21.390,3.2500,-0.9990,3.2500,18.18,
1,Maze001,21.394,3.2500,-0.9990,3.2500,18.18,
1,Maze001,21.398,3.2500,-0.9990,3.2500,18.18,
1,Maze001,21.402,3.2500,-0.9990,3.2500,18.18,
1,Maze001,21.407,3.2500,-0.9990,3.2500,18.18,
1,Maze001,21.412,3.2500,-0.9990,3.2500,18.18,
1,Maze001,21.415,3.2500,-0.9990,3.2500,18.18,
1,Maze001,21.419,3.2500,-0.9990,3.2500,18.18,
1,Maze001,21.423,3.2500,-0.9990,3.2500,18.18,
1,Maze001,21.427,3.2500,-0.9990,3.2500,18.18,
1,Maze001,21.431,3.2500,-0.9990,3.2500,18.18,
1,Maze001,21.436,3.2500,-0.9990,3.2500,18.18,
1,Maze001,21.440,3.2500,-0.9990,3.2500,18.18,
1,Maze001,21.444,3.2500,-0.9990,3.2500,18.18,
1,Maze001,21.448,3.2500,-0.9990,3.2500,18.18,
1,Maze001,21.452,3.2500,-0.9990,3.2500,18.18,
1,Maze001,21.456,3.2500,-0.9990,3.2500,18.18,
1,Maze001,21.460,3.2500,-0.9990,3.2500,18.18,
1,Maze001,21.465,3.2500,-0.9990,3.2500,18.18,
1,Maze001,21.469,3.2500,-0.9990,3.2500,18.18,
1,Maze001,21.474,3.2500,-0.9990,3.2500,18.18,
1,Maze001,21.477,3.2500,-0.9990,3.2500,18.18,
1,Maze001,21.481,3.2500,-0.9990,3.2500,18.18,
1,Maze001,21.486,3.2500,-0.9990,3.2500,18.18,
1,Maze001,21.490,3.2500,-0.9990,3.2500,18.18,
1,Maze001,21.494,3.2500,-0.9990,3.2500,18.18,
1,Maze001,21.498,3.2500,-0.9990,3.2500,18.18,
1,Maze001,21.502,3.2500,-0.9990,3.2500,18.18,
1,Maze001,21.507,3.2500,-0.9990,3.2500,18.18,
1,Maze001,21.511,3.2500,-0.9990,3.2500,18.18,
1,Maze001,21.515,3.2500,-0.9990,3.2500,18.18,
1,Maze001,21.520,3.2500,-0.9990,3.2500,18.18,
1,Maze001,21.523,3.2500,-0.9990,3.2500,18.18,
1,Maze001,21.527,3.2500,-0.9990,3.2500,18.18,
1,Maze001,21.532,3.2500,-0.9990,3.2500,18.18,
1,Maze001,21.536,3.2500,-0.9990,3.2500,18.18,
1,Maze001,21.540,3.2500,-0.9990,3.2500,18.18,
1,Maze001,21.544,3.2500,-0.9990,3.2500,18.18,
1,Maze001,21.548,3.2500,-0.9990,3.2500,18.18,
1,Maze001,21.552,3.2500,-0.9990,3.2500,18.18,
1,Maze001,21.556,3.2500,-0.9990,3.2500,18.18,
1,Maze001,21.561,3.2500,-0.9990,3.2500,18.18,
1,Maze001,21.565,3.2500,-0.9990,3.2500,18.18,
1,Maze001,21.569,3.2500,-0.9990,3.2500,18.18,
1,Maze001,21.573,3.2500,-0.9990,3.2500,18.18,
1,Maze001,21.577,3.2500,-0.9990,3.2500,18.18,
1,Maze001,21.581,3.2500,-0.9990,3.2500,18.18,
1,Maze001,21.586,3.2500,-0.9990,3.2500,18.18,
1,Maze001,21.590,3.2500,-0.9990,3.2500,18.18,
1,Maze001,21.594,3.2500,-0.9990,3.2500,18.18,
1,Maze001,21.599,3.2500,-0.9990,3.2500,18.18,
1,Maze001,21.602,3.2500,-0.9990,3.2500,18.18,
1,Maze001,21.607,3.2500,-0.9990,3.2500,18.18,
1,Maze001,21.611,3.2500,-0.9990,3.2500,18.18,
1,Maze001,21.615,3.2500,-0.9990,3.2500,18.18,
1,Maze001,21.619,3.2500,-0.9990,3.2500,18.18,
1,Maze001,21.623,3.2500,-0.9990,3.2500,18.18,
1,Maze001,21.628,3.2500,-0.9990,3.2500,18.18,
1,Maze001,21.632,3.2500,-0.9990,3.2500,18.18,
1,Maze001,21.636,3.2500,-0.9990,3.2500,18.18,
1,Maze001,21.640,3.2500,-0.9990,3.2500,18.18,
1,Maze001,21.644,3.2500,-0.9990,3.2500,18.18,
1,Maze001,21.648,3.2500,-0.9990,3.2500,18.18,
1,Maze001,21.652,3.2500,-0.9990,3.2500,18.18,
1,Maze001,21.657,3.2500,-0.9990,3.2500,18.18,
1,Maze001,21.662,3.2500,-0.9990,3.2500,18.18,
1,Maze001,21.665,3.2500,-0.9990,3.2500,18.18,
1,Maze001,21.669,3.2500,-0.9990,3.2500,18.18,
1,Maze001,21.673,3.2500,-0.9990,3.2500,18.18,
1,Maze001,21.678,3.2500,-0.9990,3.2500,18.18,
1,Maze001,21.682,3.2500,-0.9990,3.2500,18.18,
1,Maze001,21.686,3.2500,-0.9990,3.2500,18.18,
1,Maze001,21.690,3.2500,-0.9990,3.2500,18.18,
1,Maze001,21.694,3.2500,-0.9990,3.2500,18.18,
1,Maze001,21.698,3.2500,-0.9990,3.2500,18.18,
1,Maze001,21.702,3.2500,-0.9990,3.2500,18.18,
1,Maze001,21.707,3.2500,-0.9990,3.2500,18.18,
1,Maze001,21.712,3.2500,-0.9990,3.2500,18.18,
1,Maze001,21.715,3.2500,-0.9990,3.2500,18.18,
1,Maze001,21.720,3.2500,-0.9990,3.2500,18.18,
1,Maze001,21.926,3.2500,-0.9990,3.2500,18.18,
1,Maze001,21.930,3.2500,-0.9990,3.2500,18.18,
1,Maze001,21.936,3.2500,-0.9990,3.2500,18.18,
1,Maze001,21.940,3.2500,-0.9990,3.2500,18.18,
1,Maze001,21.945,3.2500,-0.9990,3.2500,18.18,
1,Maze001,22.151,3.2500,-0.9990,3.2500,18.18,
1,Maze001,22.157,3.2500,-0.9990,3.2500,18.18,
1,Maze001,22.161,3.2500,-0.9990,3.2500,18.18,
1,Maze001,22.165,3.2500,-0.9990,3.2500,18.18,
1,Maze001,22.169,3.2500,-0.9990,3.2500,18.18,
1,Maze001,22.174,3.2500,-0.9990,3.2500,18.18,
1,Maze001,22.177,3.2500,-0.9990,3.2500,18.18,
1,Maze001,22.182,3.2500,-0.9990,3.2500,18.18,
1,Maze001,22.185,3.2500,-0.9990,3.2500,18.18,
1,Maze001,22.190,3.2500,-0.9990,3.2500,18.18,
1,Maze001,22.194,3.2500,-0.9990,3.2500,18.18,
1,Maze001,22.198,3.2500,-0.9990,3.2500,18.18,
1,Maze001,22.202,3.2500,-0.9990,3.2500,18.18,
1,Maze001,22.206,3.2500,-0.9990,3.2500,18.18,
1,Maze001,22.211,3.2500,-0.9990,3.2500,18.18,
1,Maze001,22.215,3.2500,-0.9990,3.2500,18.18,
1,Maze001,22.219,3.2500,-0.9990,3.2500,18.18,
1,Maze001,22.223,3.2500,-0.9990,3.2500,18.18,
1,Maze001,22.227,3.2500,-0.9990,3.2500,18.18,
1,Maze001,22.231,3.2500,-0.9990,3.2500,18.18,
1,Maze001,22.236,3.2500,-0.9990,3.2500,18.18,
1,Maze001,22.240,3.2500,-0.9990,3.2500,18.18,
1,Maze001,22.244,3.2500,-0.9990,3.2500,18.18,
1,Maze001,22.248,3.2500,-0.9990,3.2500,18.18,
1,Maze001,22.253,3.2500,-0.9990,3.2500,18.18,
1,Maze001,22.257,3.2500,-0.9990,3.2500,18.18,
1,Maze001,22.261,3.2500,-0.9990,3.2500,18.18,
1,Maze001,22.265,3.2500,-0.9990,3.2500,18.18,
1,Maze001,22.269,3.2500,-0.9990,3.2500,18.18,
1,Maze001,22.273,3.2500,-0.9990,3.2500,18.18,
1,Maze001,22.277,3.2500,-0.9990,3.2500,18.18,
1,Maze001,22.282,3.2500,-0.9990,3.2500,18.18,
1,Maze001,22.286,3.2500,-0.9990,3.2500,18.18,
1,Maze001,22.290,3.2500,-0.9990,3.2500,18.18,
1,Maze001,22.294,3.2500,-0.9990,3.2500,18.18,
1,Maze001,22.299,3.2500,-0.9990,3.2500,18.18,
1,Maze001,22.303,3.2500,-0.9990,3.2500,18.18,
1,Maze001,22.307,3.2500,-0.9990,3.2500,18.18,
1,Maze001,22.311,3.2500,-0.9990,3.2500,18.18,
1,Maze001,22.315,3.2500,-0.9990,3.2500,18.18,
1,Maze001,22.319,3.2500,-0.9990,3.2500,18.18,
1,Maze001,22.323,3.2500,-0.9990,3.2500,18.18,
1,Maze001,22.327,3.2500,-0.9990,3.2500,18.18,
1,Maze001,22.331,3.2500,-0.9990,3.2500,18.18,
1,Maze001,22.335,3.2500,-0.9990,3.2500,18.18,
1,Maze001,22.340,3.2500,-0.9990,3.2500,18.18,
1,Maze001,22.344,3.2500,-0.9990,3.2500,18.18,
1,Maze001,22.348,3.2500,-0.9990,3.2500,18.18,
1,Maze001,22.352,3.2500,-0.9990,3.2500,18.18,
1,Maze001,22.356,3.2500,-0.9990,3.2500,18.18,
1,Maze001,22.361,3.2500,-0.9990,3.2500,18.18,
1,Maze001,22.365,3.2500,-0.9990,3.2500,18.18,
1,Maze001,22.369,3.2500,-0.9990,3.2500,18.18,
1,Maze001,22.373,3.2500,-0.9990,3.2500,18.18,
1,Maze001,22.377,3.2500,-0.9990,3.2500,18.18,
1,Maze001,22.382,3.2500,-0.9990,3.2500,18.18,
1,Maze001,22.386,3.2500,-0.9990,3.2500,18.18,
1,Maze001,22.390,3.2500,-0.9990,3.2500,18.18,
1,Maze001,22.394,3.2500,-0.9990,3.2500,18.18,
1,Maze001,22.398,3.2500,-0.9990,3.2500,18.18,
1,Maze001,22.402,3.2500,-0.9990,3.2500,18.18,
1,Maze001,22.406,3.2500,-0.9990,3.2500,18.18,
1,Maze001,22.410,3.2500,-0.9990,3.2500,18.18,
1,Maze001,22.415,3.2500,-0.9990,3.2500,18.18,
1,Maze001,22.419,3.2500,-0.9990,3.2500,18.18,
1,Maze001,22.423,3.2500,-0.9990,3.2500,18.18,
1,Maze001,22.427,3.2500,-0.9990,3.2500,18.18,
1,Maze001,22.431,3.2500,-0.9990,3.2500,18.18,
1,Maze001,22.435,3.2500,-0.9990,3.2500,18.18,
1,Maze001,22.440,3.2500,-0.9990,3.2500,18.18,
1,Maze001,22.444,3.2500,-0.9990,3.2500,18.18,
1,Maze001,22.448,3.2500,-0.9990,3.2500,18.18,
1,Maze001,22.452,3.2500,-0.9990,3.2500,18.18,
1,Maze001,22.457,3.2500,-0.9990,3.2500,18.18,
1,Maze001,22.461,3.2500,-0.9990,3.2500,18.18,
1,Maze001,22.465,3.2500,-0.9990,3.2500,18.18,
1,Maze001,22.469,3.2500,-0.9990,3.2500,18.18,
1,Maze001,22.473,3.2500,-0.9990,3.2500,18.18,
1,Maze001,22.477,3.2500,-0.9990,3.2500,18.18,
1,Maze001,22.481,3.2500,-0.9990,3.2500,18.18,
1,Maze001,22.485,3.2500,-0.9990,3.2500,18.18,
1,Maze001,22.490,3.2500,-0.9990,3.2500,18.18,
1,Maze001,22.494,3.2500,-0.9990,3.2500,18.18,
1,Maze001,22.498,3.2500,-0.9990,3.2500,18.18,
1,Maze001,22.502,3.2500,-0.9990,3.2500,18.18,
1,Maze001,22.506,3.2500,-0.9990,3.2500,18.18,
1,Maze001,22.510,3.2500,-0.9990,3.2500,18.18,
1,Maze001,22.515,3.2500,-0.9990,3.2500,18.18,
1,Maze001,22.520,3.2500,-0.9990,3.2500,18.18,
1,Maze001,22.523,3.2500,-0.9990,3.2500,18.18,
1,Maze001,22.528,3.2500,-0.9990,3.2500,18.18,
1,Maze001,22.532,3.2500,-0.9990,3.2500,18.18,
1,Maze001,22.536,3.2500,-0.9990,3.2500,18.18,
1,Maze001,22.540,3.2500,-0.9990,3.2500,18.18,
1,Maze001,22.544,3.2500,-0.9990,3.2500,18.18,
1,Maze001,22.548,3.2500,-0.9990,3.2500,18.18,
1,Maze001,22.552,3.2500,-0.9990,3.2500,18.18,
1,Maze001,22.556,3.2500,-0.9990,3.2500,18.18,
1,Maze001,22.560,3.2500,-0.9990,3.2500,18.18,
1,Maze001,22.565,3.2500,-0.9990,3.2500,18.18,
1,Maze001,22.569,3.2500,-0.9990,3.2500,18.18,
1,Maze001,22.573,3.2500,-0.9990,3.2500,18.18,
1,Maze001,22.578,3.2500,-0.9990,3.2500,18.18,
1,Maze001,22.581,3.2500,-0.9990,3.2500,18.18,
1,Maze001,22.585,3.2500,-0.9990,3.2500,18.18,
1,Maze001,22.590,3.2500,-0.9990,3.2500,18.18,
1,Maze001,22.594,3.2500,-0.9990,3.2500,18.18,
1,Maze001,22.598,3.2500,-0.9990,3.2500,18.18,
1,Maze001,22.602,3.2500,-0.9990,3.2500,18.18,
1,Maze001,22.606,3.2500,-0.9990,3.2500,18.18,
1,Maze001,22.611,3.2500,-0.9990,3.2500,18.18,
1,Maze001,22.615,3.2500,-0.9990,3.2500,18.18,
1,Maze001,22.619,3.2500,-0.9990,3.2500,18.18,
1,Maze001,22.623,3.2500,-0.9990,3.2500,18.18,
1,Maze001,22.627,3.2500,-0.9990,3.2500,18.18,
1,Maze001,22.631,3.2500,-0.9990,3.2500,18.18,
1,Maze001,22.635,3.2500,-0.9990,3.2500,18.18,
1,Maze001,22.639,3.2500,-0.9990,3.2500,18.18,
1,Maze001,22.644,3.2500,-0.9990,3.2500,18.18,
1,Maze001,22.648,3.2500,-0.9990,3.2500,18.18,
1,Maze001,22.652,3.2500,-0.9990,3.2500,18.18,
1,Maze001,22.656,3.2500,-0.9990,3.2500,18.18,
1,Maze001,22.660,3.2500,-0.9990,3.2500,18.18,
1,Maze001,22.666,3.2500,-0.9990,3.2500,18.18,
1,Maze001,22.669,3.2500,-0.9990,3.2500,18.18,
1,Maze001,22.673,3.2500,-0.9990,3.2500,18.18,
1,Maze001,22.677,3.2500,-0.9990,3.2500,18.18,
1,Maze001,22.681,3.2500,-0.9990,3.2500,18.18,
1,Maze001,22.685,3.2500,-0.9990,3.2500,18.18,
1,Maze001,22.690,3.2500,-0.9990,3.2500,18.18,
1,Maze001,22.694,3.2500,-0.9990,3.2500,18.18,
1,Maze001,22.698,3.2500,-0.9990,3.2500,18.18,
1,Maze001,22.702,3.2500,-0.9990,3.2500,18.18,
1,Maze001,22.706,3.2500,-0.9990,3.2500,18.18,
1,Maze001,22.711,3.2500,-0.9990,3.2500,18.18,
1,Maze001,22.715,3.2500,-0.9990,3.2500,18.18,
1,Maze001,22.719,3.2500,-0.9990,3.2500,18.18,
1,Maze001,22.723,3.2500,-0.9990,3.2500,18.18,
1,Maze001,22.727,3.2500,-0.9990,3.2500,18.18,
1,Maze001,22.731,3.2500,-0.9990,3.2500,18.18,
1,Maze001,22.736,3.2500,-0.9990,3.2500,18.18,
1,Maze001,22.740,3.2500,-0.9990,3.2500,18.18,
1,Maze001,22.744,3.2500,-0.9990,3.2500,18.18,
1,Maze001,22.748,3.2500,-0.9990,3.2500,18.18,
1,Maze001,22.752,3.2500,-0.9990,3.2500,18.18,
1,Maze001,22.756,3.2500,-0.9990,3.2500,18.18,
1,Maze001,22.761,3.2500,-0.9990,3.2500,18.18,
1,Maze001,22.765,3.2500,-0.9990,3.2500,18.18,
1,Maze001,22.769,3.2500,-0.9990,3.2500,18.18,
1,Maze001,22.773,3.2500,-0.9990,3.2500,18.18,
1,Maze001,22.777,3.2500,-0.9990,3.2500,18.18,
1,Maze001,22.781,3.2500,-0.9990,3.2500,18.18,
1,Maze001,22.785,3.2500,-0.9990,3.2500,18.18,
1,Maze001,22.790,3.2500,-0.9990,3.2500,18.18,
1,Maze001,22.794,3.2500,-0.9990,3.2500,18.18,
1,Maze001,22.798,3.2500,-0.9990,3.2500,18.18,
1,Maze001,22.802,3.2500,-0.9990,3.2500,18.18,
1,Maze001,22.806,3.2500,-0.9990,3.2500,18.18,
1,Maze001,22.811,3.2500,-0.9990,3.2500,18.18,
1,Maze001,22.815,3.2500,-0.9990,3.2500,18.18,
1,Maze001,22.819,3.2500,-0.9990,3.2500,18.18,
1,Maze001,22.823,3.2500,-0.9990,3.2500,18.18,
1,Maze001,22.828,3.2500,-0.9990,3.2500,18.18,
1,Maze001,22.831,3.2500,-0.9990,3.2500,18.18,
1,Maze001,22.836,3.2500,-0.9990,3.2500,18.18,
1,Maze001,22.840,3.2500,-0.9990,3.2500,18.18,
1,Maze001,22.844,3.2500,-0.9990,3.2500,18.18,
1,Maze001,22.848,3.2500,-0.9990,3.2500,18.18,
1,Maze001,22.852,3.2500,-0.9990,3.2500,18.18,
1,Maze001,22.857,3.2500,-0.9990,3.2500,18.18,
1,Maze001,22.861,3.2500,-0.9990,3.2500,18.18,
1,Maze001,22.865,3.2500,-0.9990,3.2500,18.18,
1,Maze001,22.869,3.2500,-0.9990,3.2500,18.18,
1,Maze001,22.873,3.2500,-0.9990,3.2500,18.18,
1,Maze001,22.877,3.2500,-0.9990,3.2500,18.18,
1,Maze001,22.881,3.2500,-0.9990,3.2500,18.18,
1,Maze001,22.885,3.2500,-0.9990,3.2500,18.18,
1,Maze001,22.890,3.2500,-0.9990,3.2500,18.18,
1,Maze001,22.894,3.2500,-0.9990,3.2500,18.18,
1,Maze001,22.898,3.2500,-0.9990,3.2500,18.18,
1,Maze001,22.903,3.2500,-0.9990,3.2500,18.18,
1,Maze001,23.110,3.2500,-0.9990,3.2500,18.18,
1,Maze001,23.115,3.2500,-0.9990,3.2500,18.18,
1,Maze001,23.119,3.2500,-0.9990,3.2500,18.18,
1,Maze001,23.123,3.2500,-0.9990,3.2500,18.18,
1,Maze001,23.127,3.2500,-0.9990,3.2500,18.18,
1,Maze001,23.131,3.2500,-0.9990,3.2500,18.18,
1,Maze001,23.135,3.2500,-0.9990,3.2500,18.18,
1,Maze001,23.140,3.2500,-0.9990,3.2500,18.18,
1,Maze001,23.144,3.2500,-0.9990,3.2500,18.18,
1,Maze001,23.148,3.2500,-0.9990,3.2500,18.18,
1,Maze001,23.152,3.2500,-0.9990,3.2500,18.18,
1,Maze001,23.156,3.2500,-0.9990,3.2500,18.18,
1,Maze001,23.161,3.2500,-0.9990,3.2500,18.18,
1,Maze001,23.165,3.2500,-0.9990,3.2500,18.18,
1,Maze001,23.169,3.2500,-0.9990,3.2500,18.18,
1,Maze001,23.173,3.2500,-0.9990,3.2500,18.18,
1,Maze001,23.177,3.2500,-0.9990,3.2500,18.18,
1,Maze001,23.182,3.2500,-0.9990,3.2500,18.18,
1,Maze001,23.186,3.2500,-0.9990,3.2500,18.18,
1,Maze001,23.190,3.2500,-0.9990,3.2500,18.18,
1,Maze001,23.194,3.2500,-0.9990,3.2500,18.18,
1,Maze001,23.198,3.2500,-0.9990,3.2500,18.18,
1,Maze001,23.202,3.2500,-0.9990,3.2500,18.18,
1,Maze001,23.206,3.2500,-0.9990,3.2500,18.18,
1,Maze001,23.212,3.2500,-0.9990,3.2500,18.18,
1,Maze001,23.215,3.2500,-0.9990,3.2500,18.18,
1,Maze001,23.219,3.2500,-0.9990,3.2500,18.18,
1,Maze001,23.223,3.2500,-0.9990,3.2500,18.18,
1,Maze001,23.227,3.2500,-0.9990,3.2500,18.18,
1,Maze001,23.232,3.2500,-0.9990,3.2500,18.18,
1,Maze001,23.236,3.2500,-0.9990,3.2500,18.18,
1,Maze001,23.240,3.2500,-0.9990,3.2500,18.18,
1,Maze001,23.244,3.2500,-0.9990,3.2500,18.18,
1,Maze001,23.249,3.2500,-0.9990,3.2500,18.18,
1,Maze001,23.252,3.2500,-0.9990,3.2500,18.18,
1,Maze001,23.256,3.2500,-0.9990,3.2500,18.18,
1,Maze001,23.261,3.2500,-0.9990,3.2500,18.18,
1,Maze001,23.265,3.2500,-0.9990,3.2500,18.18,
1,Maze001,23.269,3.2500,-0.9990,3.2500,18.18,
1,Maze001,23.273,3.2500,-0.9990,3.2500,18.18,
1,Maze001,23.277,3.2500,-0.9990,3.2500,18.18,
1,Maze001,23.281,3.2500,-0.9990,3.2500,18.18,
1,Maze001,23.285,3.2500,-0.9990,3.2500,18.18,
1,Maze001,23.289,3.2500,-0.9990,3.2500,18.18,
1,Maze001,23.294,3.2500,-0.9990,3.2500,18.18,
1,Maze001,23.298,3.2500,-0.9990,3.2500,18.18,
1,Maze001,23.302,3.2500,-0.9990,3.2500,18.18,
1,Maze001,23.306,3.2500,-0.9990,3.2500,18.18,
1,Maze001,23.311,3.2500,-0.9990,3.2500,18.18,
1,Maze001,23.315,3.2500,-0.9990,3.2500,18.18,
1,Maze001,23.319,3.2500,-0.9990,3.2500,18.18,
1,Maze001,23.323,3.2500,-0.9990,3.2500,18.18,
1,Maze001,23.327,3.2500,-0.9990,3.2500,18.18,
1,Maze001,23.331,3.2500,-0.9990,3.2500,18.18,
1,Maze001,23.336,3.2500,-0.9990,3.2500,18.18,
1,Maze001,23.340,3.2500,-0.9990,3.2500,18.18,
1,Maze001,23.346,3.2500,-0.9990,3.2500,18.18,
1,Maze001,23.349,3.2500,-0.9990,3.2500,18.18,
1,Maze001,23.356,3.2500,-0.9990,3.2500,18.18,
1,Maze001,23.361,3.2500,-0.9990,3.2500,18.18,
1,Maze001,23.365,3.2500,-0.9990,3.2500,18.18,
1,Maze001,23.369,3.2500,-0.9990,3.2500,18.18,
1,Maze001,23.373,3.2500,-0.9990,3.2500,18.18,
1,Maze001,23.377,3.2500,-0.9990,3.2500,18.18,
1,Maze001,23.382,3.2500,-0.9990,3.2500,18.18,
1,Maze001,23.385,3.2500,-0.9990,3.2500,18.18,
1,Maze001,23.390,3.2500,-0.9990,3.2500,18.18,
1,Maze001,23.394,3.2500,-0.9990,3.2500,18.18,
1,Maze001,23.398,3.2500,-0.9990,3.2500,18.18,
1,Maze001,23.402,3.2500,-0.9990,3.2500,18.18,
1,Maze001,23.407,3.2500,-0.9990,3.2500,18.18,
1,Maze001,23.411,3.2500,-0.9990,3.2500,18.18,
1,Maze001,23.415,3.2500,-0.9990,3.2500,18.18,
1,Maze001,23.419,3.2500,-0.9990,3.2500,18.18,
1,Maze001,23.423,3.2500,-0.9990,3.2500,18.18,
1,Maze001,23.427,3.2500,-0.9990,3.2500,18.18,
1,Maze001,23.431,3.2500,-0.9990,3.2500,18.18,
1,Maze001,23.436,3.2500,-0.9990,3.2500,18.18,
1,Maze001,23.440,3.2500,-0.9990,3.2500,18.18,
1,Maze001,23.444,3.2500,-0.9990,3.2500,18.18,
1,Maze001,23.448,3.2500,-0.9990,3.2500,18.18,
1,Maze001,23.452,3.2500,-0.9990,3.2500,18.18,
1,Maze001,23.456,3.2500,-0.9990,3.2500,18.18,
1,Maze001,23.461,3.2500,-0.9990,3.2500,18.18,
1,Maze001,23.465,3.2500,-0.9990,3.2500,18.18,
1,Maze001,23.469,3.2500,-0.9990,3.2500,18.18,
1,Maze001,23.473,3.2500,-0.9990,3.2500,18.18,
1,Maze001,23.477,3.2500,-0.9990,3.2500,18.18,
1,Maze001,23.482,3.2500,-0.9990,3.2500,18.18,
1,Maze001,23.486,3.2500,-0.9990,3.2500,18.18,
1,Maze001,23.490,3.2500,-0.9990,3.2500,18.18,
1,Maze001,23.494,3.2500,-0.9990,3.2500,18.18,
1,Maze001,23.498,3.2500,-0.9990,3.2500,18.18,
1,Maze001,23.502,3.2500,-0.9990,3.2500,18.18,
1,Maze001,23.506,3.2500,-0.9990,3.2500,18.18,
1,Maze001,23.511,3.2500,-0.9990,3.2500,18.18,
1,Maze001,23.515,3.2500,-0.9990,3.2500,18.18,
1,Maze001,23.519,3.2500,-0.9990,3.2500,18.18,
1,Maze001,23.523,3.2500,-0.9990,3.2500,18.18,
1,Maze001,23.527,3.2500,-0.9990,3.2500,18.18,
1,Maze001,23.532,3.2500,-0.9990,3.2500,18.18,
1,Maze001,23.536,3.2500,-0.9990,3.2500,18.18,
1,Maze001,23.540,3.2500,-0.9990,3.2500,18.18,
1,Maze001,23.544,3.2500,-0.9990,3.2500,18.18,
1,Maze001,23.548,3.2500,-0.9990,3.2500,18.18,
1,Maze001,23.552,3.2500,-0.9990,3.2500,18.18,
1,Maze001,23.556,3.2500,-0.9990,3.2500,18.18,
1,Maze001,23.561,3.2500,-0.9990,3.2500,18.18,
1,Maze001,23.565,3.2500,-0.9990,3.2500,18.18,
1,Maze001,23.569,3.2500,-0.9990,3.2500,18.18,
1,Maze001,23.573,3.2500,-0.9990,3.2500,18.18,
1,Maze001,23.577,3.2500,-0.9990,3.2500,18.18,
1,Maze001,23.581,3.2500,-0.9990,3.2500,18.18,
1,Maze001,23.585,3.2500,-0.9990,3.2500,18.18,
1,Maze001,23.589,3.2500,-0.9990,3.2500,18.18,
1,Maze001,23.594,3.2500,-0.9990,3.2500,18.18,
1,Maze001,23.598,3.2500,-0.9990,3.2500,18.18,
1,Maze001,23.602,3.2500,-0.9990,3.2500,18.18,
1,Maze001,23.606,3.2500,-0.9990,3.2500,18.18,
1,Maze001,23.611,3.2500,-0.9990,3.2500,18.18,
1,Maze001,23.615,3.2500,-0.9990,3.2500,18.18,
1,Maze001,23.619,3.2500,-0.9990,3.2500,18.18,
1,Maze001,23.623,3.2500,-0.9990,3.2500,18.18,
1,Maze001,23.627,3.2500,-0.9990,3.2500,18.18,
1,Maze001,23.631,3.2500,-0.9990,3.2500,18.18,
1,Maze001,23.635,3.2500,-0.9990,3.2500,18.18,
1,Maze001,23.640,3.2500,-0.9990,3.2500,18.18,
1,Maze001,23.644,3.2500,-0.9990,3.2500,18.18,
1,Maze001,23.648,3.2500,-0.9990,3.2500,18.18,
1,Maze001,23.652,3.2500,-0.9990,3.2500,18.18,
1,Maze001,23.656,3.2500,-0.9990,3.2500,18.18,
1,Maze001,23.660,3.2500,-0.9990,3.2500,18.18,
1,Maze001,23.664,3.2500,-0.9990,3.2500,18.18,
1,Maze001,23.669,3.2500,-0.9990,3.2500,18.18,
1,Maze001,23.673,3.2500,-0.9990,3.2500,18.18,
1,Maze001,23.677,3.2500,-0.9990,3.2500,18.18,
1,Maze001,23.681,3.2500,-0.9990,3.2500,18.18,
1,Maze001,23.685,3.2500,-0.9990,3.2500,18.18,
1,Maze001,23.690,3.2500,-0.9990,3.2500,18.18,
1,Maze001,23.694,3.2500,-0.9990,3.2500,18.18,
1,Maze001,23.698,3.2500,-0.9990,3.2500,18.18,
1,Maze001,23.703,3.2500,-0.9990,3.2500,18.18,
1,Maze001,23.706,3.2500,-0.9990,3.2500,18.18,
1,Maze001,23.710,3.2500,-0.9990,3.2500,18.18,
1,Maze001,23.715,3.2500,-0.9990,3.2500,18.18,
1,Maze001,23.719,3.2500,-0.9990,3.2500,18.18,
1,Maze001,23.723,3.2500,-0.9990,3.2500,18.18,
1,Maze001,23.727,3.2500,-0.9990,3.2500,18.18,
1,Maze001,23.731,3.2500,-0.9990,3.2500,18.18,
1,Maze001,23.735,3.2500,-0.9990,3.2500,18.18,
1,Maze001,23.740,3.2500,-0.9990,3.2500,18.18,
1,Maze001,23.744,3.2500,-0.9990,3.2500,18.18,
1,Maze001,23.748,3.2500,-0.9990,3.2500,18.18,
1,Maze001,23.752,3.2500,-0.9990,3.2500,18.18,
1,Maze001,23.756,3.2500,-0.9990,3.2500,18.18,
1,Maze001,23.761,3.2500,-0.9990,3.2500,18.18,
1,Maze001,23.765,3.2500,-0.9990,3.2500,18.18,
1,Maze001,23.769,3.2500,-0.9990,3.2500,18.18,
1,Maze001,23.773,3.2500,-0.9990,3.2500,18.18,
1,Maze001,23.777,3.2500,-0.9990,3.2500,18.18,
1,Maze001,23.782,3.2500,-0.9990,3.2500,18.18,
1,Maze001,23.787,3.2500,-0.9990,3.2500,18.18,
1,Maze001,23.790,3.2500,-0.9990,3.2500,18.18,
1,Maze001,23.794,3.2500,-0.9990,3.2500,18.18,
1,Maze001,23.798,3.2500,-0.9990,3.2500,18.18,
1,Maze001,23.802,3.2500,-0.9990,3.2500,18.18,
1,Maze001,23.807,3.2500,-0.9990,3.2500,18.18,
1,Maze001,23.811,3.2500,-0.9990,3.2500,18.18,
1,Maze001,23.815,3.2500,-0.9990,3.2500,18.18,
1,Maze001,23.819,3.2500,-0.9990,3.2500,18.18,
1,Maze001,23.824,3.2500,-0.9990,3.2500,18.18,
1,Maze001,23.827,3.2500,-0.9990,3.2500,18.18,
1,Maze001,23.831,3.2500,-0.9990,3.2500,18.18,
1,Maze001,23.835,3.2500,-0.9990,3.2500,18.18,
1,Maze001,23.840,3.2500,-0.9990,3.2500,18.18,
1,Maze001,23.844,3.2500,-0.9990,3.2500,18.18,
1,Maze001,23.848,3.2500,-0.9990,3.2500,18.18,
1,Maze001,23.852,3.2500,-0.9990,3.2500,18.18,
1,Maze001,23.856,3.2500,-0.9990,3.2500,18.18,
1,Maze001,23.861,3.2500,-0.9990,3.2500,18.18,
1,Maze001,23.865,3.2500,-0.9990,3.2500,18.18,
1,Maze001,23.869,3.2500,-0.9990,3.2500,18.18,
1,Maze001,23.874,3.2500,-0.9990,3.2500,18.18,
1,Maze001,23.877,3.2500,-0.9990,3.2500,18.18,
1,Maze001,23.881,3.2500,-0.9990,3.2500,18.18,
1,Maze001,23.885,3.2500,-0.9990,3.2500,18.18,
1,Maze001,23.890,3.2500,-0.9990,3.2500,18.18,
1,Maze001,23.895,3.2500,-0.9990,3.2500,18.18,
1,Maze001,23.898,3.2500,-0.9990,3.2500,18.18,
1,Maze001,23.902,3.2500,-0.9990,3.2500,18.18,
1,Maze001,23.907,3.2500,-0.9990,3.2500,18.18,
1,Maze001,23.911,3.2500,-0.9990,3.2500,18.18,
1,Maze001,23.915,3.2500,-0.9990,3.2500,18.18,
1,Maze001,23.919,3.2500,-0.9990,3.2500,18.18,
1,Maze001,23.923,3.2500,-0.9990,3.2500,18.18,
1,Maze001,23.927,3.2500,-0.9990,3.2500,18.18,
1,Maze001,23.931,3.2500,-0.9990,3.2500,18.18,
1,Maze001,23.936,3.2500,-0.9990,3.2500,18.18,
1,Maze001,23.940,3.2500,-0.9990,3.2500,18.18,
1,Maze001,23.944,3.2500,-0.9990,3.2500,18.18,
1,Maze001,23.948,3.2500,-0.9990,3.2500,18.18,
1,Maze001,23.952,3.2500,-0.9990,3.2500,18.18,
1,Maze001,23.956,3.2500,-0.9990,3.2500,18.18,
1,Maze001,23.961,3.2500,-0.9990,3.2500,18.18,
1,Maze001,23.965,3.2500,-0.9990,3.2500,18.18,
1,Maze001,23.969,3.2500,-0.9990,3.2500,18.18,
1,Maze001,23.973,3.2500,-0.9990,3.2500,18.18,
1,Maze001,23.977,3.2500,-0.9990,3.2500,18.18,
1,Maze001,23.982,3.2500,-0.9990,3.2500,18.18,
1,Maze001,23.985,3.2500,-0.9990,3.2500,18.18,
1,Maze001,23.990,3.2500,-0.9990,3.2500,18.18,
1,Maze001,23.994,3.2500,-0.9990,3.2500,18.18,
1,Maze001,23.998,3.2500,-0.9990,3.2500,18.18,
1,Maze001,24.002,3.2500,-0.9990,3.2500,18.18,
1,Maze001,24.006,3.2500,-0.9990,3.2500,18.18,
1,Maze001,24.011,3.2500,-0.9990,3.2500,18.18,
1,Maze001,24.015,3.2500,-0.9990,3.2500,18.18,
1,Maze001,24.019,3.2500,-0.9990,3.2500,18.18,
1,Maze001,24.023,3.2500,-0.9990,3.2500,18.18,
1,Maze001,24.028,3.2500,-0.9990,3.2500,18.18,
1,Maze001,24.032,3.2500,-0.9990,3.2500,18.18,
1,Maze001,24.036,3.2500,-0.9990,3.2500,18.18,
1,Maze001,24.040,3.2500,-0.9990,3.2500,18.18,
1,Maze001,24.044,3.2500,-0.9990,3.2500,18.18,
1,Maze001,24.048,3.2500,-0.9990,3.2500,18.18,
1,Maze001,24.052,3.2500,-0.9990,3.2500,18.18,
1,Maze001,24.057,3.2500,-0.9990,3.2500,18.18,
1,Maze001,24.061,3.2500,-0.9990,3.2500,18.18,
1,Maze001,24.065,3.2500,-0.9990,3.2500,18.18,
1,Maze001,24.069,3.2500,-0.9990,3.2500,18.18,
1,Maze001,24.073,3.2500,-0.9990,3.2500,18.18,
1,Maze001,24.077,3.2500,-0.9990,3.2500,18.18,
1,Maze001,24.081,3.2500,-0.9990,3.2500,18.18,
1,Maze001,24.085,3.2500,-0.9990,3.2500,18.18,
1,Maze001,24.090,3.2500,-0.9990,3.2500,18.18,
1,Maze001,24.094,3.2500,-0.9990,3.2500,18.18,
1,Maze001,24.098,3.2500,-0.9990,3.2500,18.18,
1,Maze001,24.102,3.2500,-0.9990,3.2500,18.18,
1,Maze001,24.106,3.2500,-0.9990,3.2500,18.18,
1,Maze001,24.111,3.2500,-0.9990,3.2500,18.18,
1,Maze001,24.115,3.2500,-0.9990,3.2500,18.18,
1,Maze001,24.119,3.2500,-0.9990,3.2500,18.18,
1,Maze001,24.123,3.2500,-0.9990,3.2500,18.18,
1,Maze001,24.127,3.2500,-0.9990,3.2500,18.18,
1,Maze001,24.131,3.2500,-0.9990,3.2500,18.18,
1,Maze001,24.135,3.2500,-0.9990,3.2500,18.18,
1,Maze001,24.140,3.2500,-0.9990,3.2500,18.18,
1,Maze001,24.144,3.2500,-0.9990,3.2500,18.18,
1,Maze001,24.148,3.2500,-0.9990,3.2500,18.18,
1,Maze001,24.153,3.2500,-0.9990,3.2500,18.18,
1,Maze001,24.157,3.2500,-0.9990,3.2500,18.18,
1,Maze001,24.161,3.2500,-0.9990,3.2500,18.18,
1,Maze001,24.166,3.2500,-0.9990,3.2500,18.18,
1,Maze001,24.169,3.2500,-0.9990,3.2500,18.18,
1,Maze001,24.173,3.2500,-0.9990,3.2500,18.18,
1,Maze001,24.177,3.2500,-0.9990,3.2500,18.18,
1,Maze001,24.181,3.2500,-0.9990,3.2500,18.18,
1,Maze001,24.185,3.2500,-0.9990,3.2500,18.18,
1,Maze001,24.190,3.2500,-0.9990,3.2500,18.18,
1,Maze001,24.194,3.2500,-0.9990,3.2500,18.18,
1,Maze001,24.199,3.2500,-0.9990,3.2500,18.18,
1,Maze001,24.202,3.2500,-0.9990,3.2500,18.18,
1,Maze001,24.206,3.2500,-0.9990,3.2500,18.18,
1,Maze001,24.210,3.2500,-0.9990,3.2500,18.18,
1,Maze001,24.215,3.2500,-0.9990,3.2500,18.18,
1,Maze001,24.219,3.2500,-0.9990,3.2500,18.18,
1,Maze001,24.223,3.2500,-0.9990,3.2500,18.18,
1,Maze001,24.227,3.2500,-0.9990,3.2500,18.18,
1,Maze001,24.231,3.2500,-0.9990,3.2500,18.18,
1,Maze001,24.235,3.2500,-0.9990,3.2500,18.18,
1,Maze001,24.240,3.2500,-0.9990,3.2500,18.18,
1,Maze001,24.244,3.2500,-0.9990,3.2500,18.18,
1,Maze001,24.248,3.2500,-0.9990,3.2500,18.18,
1,Maze001,24.252,3.2500,-0.9990,3.2500,18.18,
1,Maze001,24.256,3.2500,-0.9990,3.2500,18.18,
1,Maze001,24.261,3.2500,-0.9990,3.2500,18.18,
1,Maze001,24.265,3.2500,-0.9990,3.2500,18.18,
1,Maze001,24.269,3.2500,-0.9990,3.2500,18.18,
1,Maze001,24.273,3.2500,-0.9990,3.2500,18.18,
1,Maze001,24.277,3.2500,-0.9990,3.2500,18.18,
1,Maze001,24.281,3.2500,-0.9990,3.2500,18.18,
1,Maze001,24.285,3.2500,-0.9990,3.2500,18.18,
1,Maze001,24.290,3.2500,-0.9990,3.2500,18.18,
1,Maze001,24.294,3.2500,-0.9990,3.2500,18.18,
1,Maze001,24.298,3.2500,-0.9990,3.2500,18.18,
1,Maze001,24.302,3.2500,-0.9990,3.2500,18.18,
1,Maze001,24.306,3.2500,-0.9990,3.2500,18.18,
1,Maze001,24.310,3.2500,-0.9990,3.2500,18.18,
1,Maze001,24.315,3.2500,-0.9990,3.2500,18.18,
1,Maze001,24.319,3.2500,-0.9990,3.2500,18.18,
1,Maze001,24.323,3.2500,-0.9990,3.2500,18.18,
1,Maze001,24.328,3.2500,-0.9990,3.2500,18.18,
1,Maze001,24.331,3.2500,-0.9990,3.2500,18.18,
1,Maze001,24.335,3.2500,-0.9990,3.2500,18.18,
1,Maze001,24.340,3.2500,-0.9990,3.2500,18.18,
1,Maze001,24.344,3.2500,-0.9990,3.2500,18.18,
1,Maze001,24.348,3.2500,-0.9990,3.2500,18.18,
1,Maze001,24.352,3.2500,-0.9990,3.2500,18.18,
1,Maze001,24.356,3.2500,-0.9990,3.2500,18.18,
1,Maze001,24.360,3.2500,-0.9990,3.2500,18.18,
1,Maze001,24.365,3.2500,-0.9990,3.2500,18.18,
1,Maze001,24.369,3.2500,-0.9990,3.2500,18.18,
1,Maze001,24.373,3.2500,-0.9990,3.2500,18.18,
1,Maze001,24.377,3.2500,-0.9990,3.2500,18.18,
1,Maze001,24.381,3.2500,-0.9990,3.2500,18.18,
1,Maze001,24.386,3.2500,-0.9990,3.2500,18.18,
1,Maze001,24.390,3.2500,-0.9990,3.2500,18.18,
1,Maze001,24.395,3.2500,-0.9990,3.2500,18.18,
1,Maze001,24.402,3.2500,-0.9990,3.2500,18.18,
1,Maze001,24.406,3.2500,-0.9990,3.2500,18.18,
1,Maze001,24.410,3.2500,-0.9990,3.2500,18.18,
1,Maze001,24.415,3.2500,-0.9990,3.2500,18.18,
1,Maze001,24.419,3.2500,-0.9990,3.2500,18.18,
1,Maze001,24.423,3.2500,-0.9990,3.2500,18.18,
1,Maze001,24.427,3.2500,-0.9990,3.2500,18.18,
1,Maze001,24.432,3.2500,-0.9990,3.2500,18.18,
1,Maze001,24.435,3.2500,-0.9990,3.2500,18.18,
1,Maze001,24.440,3.2500,-0.9990,3.2500,18.18,
1,Maze001,24.444,3.2500,-0.9990,3.2500,18.18,
1,Maze001,24.448,3.2500,-0.9990,3.2500,18.18,
1,Maze001,24.452,3.2500,-0.9990,3.2500,18.18,
1,Maze001,24.456,3.2500,-0.9990,3.2500,18.18,
1,Maze001,24.461,3.2500,-0.9990,3.2500,18.18,
1,Maze001,24.465,3.2500,-0.9990,3.2500,18.18,
1,Maze001,24.469,3.2500,-0.9990,3.2500,18.18,
1,Maze001,24.473,3.2500,-0.9990,3.2500,18.18,
1,Maze001,24.478,3.2500,-0.9990,3.2500,18.18,
1,Maze001,24.481,3.2500,-0.9990,3.2500,18.18,
1,Maze001,24.486,3.2500,-0.9990,3.2500,18.18,
1,Maze001,24.489,3.2500,-0.9990,3.2500,18.18,
1,Maze001,24.494,3.2500,-0.9990,3.2500,18.18,
1,Maze001,24.498,3.2500,-0.9990,3.2500,18.18,
1,Maze001,24.502,3.2500,-0.9990,3.2500,18.18,
1,Maze001,24.506,3.2500,-0.9990,3.2500,18.18,
1,Maze001,24.510,3.2500,-0.9990,3.2500,18.18,
1,Maze001,24.515,3.2500,-0.9990,3.2500,18.18,
1,Maze001,24.519,3.2500,-0.9990,3.2500,18.18,
1,Maze001,24.523,3.2500,-0.9990,3.2500,18.18,
1,Maze001,24.527,3.2500,-0.9990,3.2500,18.18,
1,Maze001,24.531,3.2500,-0.9990,3.2500,18.18,
1,Maze001,24.536,3.2500,-0.9990,3.2500,18.18,
1,Maze001,24.540,3.2500,-0.9990,3.2500,18.18,
1,Maze001,24.544,3.2500,-0.9990,3.2500,18.18,
1,Maze001,24.548,3.2500,-0.9990,3.2500,18.18,
1,Maze001,24.552,3.2500,-0.9990,3.2500,18.18,
1,Maze001,24.556,3.2500,-0.9990,3.2500,18.18,
1,Maze001,24.560,3.2500,-0.9990,3.2500,18.18,
1,Maze001,24.565,3.2500,-0.9990,3.2500,18.18,
1,Maze001,24.569,3.2500,-0.9990,3.2500,18.18,
1,Maze001,24.573,3.2500,-0.9990,3.2500,18.18,
1,Maze001,24.577,3.2500,-0.9990,3.2500,18.18,
1,Maze001,24.581,3.2500,-0.9990,3.2500,18.18,
1,Maze001,24.585,3.2500,-0.9990,3.2500,18.18,
1,Maze001,24.590,3.2500,-0.9990,3.2500,18.18,
1,Maze001,24.593,3.2500,-0.9990,3.2500,18.18,
1,Maze001,24.598,3.2500,-0.9990,3.2500,18.18,
1,Maze001,24.602,3.2500,-0.9990,3.2500,18.18,
1,Maze001,24.606,3.2500,-0.9990,3.2500,18.18,
1,Maze001,24.610,3.2500,-0.9990,3.2500,18.18,
1,Maze001,24.615,3.2500,-0.9990,3.2500,18.18,
1,Maze001,24.619,3.2500,-0.9990,3.2500,18.18,
1,Maze001,24.623,3.2500,-0.9990,3.2500,18.18,
1,Maze001,24.627,3.2500,-0.9990,3.2500,18.18,
1,Maze001,24.632,3.2500,-0.9990,3.2500,18.18,
1,Maze001,24.636,3.2500,-0.9990,3.2500,18.18,
1,Maze001,24.640,3.2500,-0.9990,3.2500,18.18,
1,Maze001,24.644,3.2500,-0.9990,3.2500,18.18,
1,Maze001,24.648,3.2500,-0.9990,3.2500,18.18,
1,Maze001,24.652,3.2500,-0.9990,3.2500,18.18,
1,Maze001,24.656,3.2500,-0.9990,3.2500,18.18,
1,Maze001,24.660,3.2500,-0.9990,3.2500,18.18,
1,Maze001,24.665,3.2500,-0.9990,3.2500,18.18,
1,Maze001,24.669,3.2500,-0.9990,3.2500,18.18,
1,Maze001,24.673,3.2500,-0.9990,3.2500,18.18,
1,Maze001,24.677,3.2500,-0.9990,3.2500,18.18,
1,Maze001,24.681,3.2500,-0.9990,3.2500,18.18,
1,Maze001,24.685,3.2500,-0.9990,3.2500,18.18,
1,Maze001,24.690,3.2500,-0.9990,3.2500,18.18,
1,Maze001,24.694,3.2500,-0.9990,3.2500,18.18,
1,Maze001,24.698,3.2500,-0.9990,3.2500,18.18,
1,Maze001,24.702,3.2500,-0.9990,3.2500,18.18,
1,Maze001,24.706,3.2500,-0.9990,3.2500,18.18,
1,Maze001,24.711,3.2500,-0.9990,3.2500,18.18,
1,Maze001,24.714,3.2500,-0.9990,3.2500,18.18,
1,Maze001,24.719,3.2500,-0.9990,3.2500,18.18,
1,Maze001,24.723,3.2500,-0.9990,3.2500,18.18,
1,Maze001,24.727,3.2500,-0.9990,3.2500,18.18,
1,Maze001,24.731,3.2500,-0.9990,3.2500,18.18,
1,Maze001,24.735,3.2500,-0.9990,3.2500,18.18,
1,Maze001,24.740,3.2500,-0.9990,3.2500,18.18,
1,Maze001,24.744,3.2500,-0.9990,3.2500,18.18,
1,Maze001,24.748,3.2500,-0.9990,3.2500,18.18,
1,Maze001,24.752,3.2500,-0.9990,3.2500,18.18,
1,Maze001,24.756,3.2500,-0.9990,3.2500,18.18,
1,Maze001,24.761,3.2500,-0.9990,3.2500,18.18,
1,Maze001,24.765,3.2500,-0.9990,3.2500,18.18,
1,Maze001,24.769,3.2500,-0.9990,3.2500,18.18,
1,Maze001,24.773,3.2500,-0.9990,3.2500,18.18,
1,Maze001,24.777,3.2500,-0.9990,3.2500,18.18,
1,Maze001,24.781,3.2500,-0.9990,3.2500,18.18,
1,Maze001,24.785,3.2500,-0.9990,3.2500,18.18,
1,Maze001,24.789,3.2500,-0.9990,3.2500,18.18,
1,Maze001,24.794,3.2500,-0.9990,3.2500,18.18,
1,Maze001,24.798,3.2500,-0.9990,3.2500,18.18,
1,Maze001,24.802,3.2500,-0.9990,3.2500,18.18,
1,Maze001,24.807,3.2500,-0.9990,3.2500,18.18,
1,Maze001,24.810,3.2500,-0.9990,3.2500,18.18,
1,Maze001,24.815,3.2500,-0.9990,3.2500,18.18,
1,Maze001,24.819,3.2500,-0.9990,3.2500,18.18,
1,Maze001,24.823,3.2500,-0.9990,3.2500,18.18,
1,Maze001,24.827,3.2500,-0.9990,3.2500,18.18,
1,Maze001,24.831,3.2500,-0.9990,3.2500,18.18,
1,Maze001,24.836,3.2500,-0.9990,3.2500,18.18,
1,Maze001,24.840,3.2500,-0.9990,3.2500,18.18,
1,Maze001,24.844,3.2500,-0.9990,3.2500,18.18,
1,Maze001,24.848,3.2500,-0.9990,3.2500,18.18,
1,Maze001,24.852,3.2500,-0.9990,3.2500,18.18,
1,Maze001,24.856,3.2500,-0.9990,3.2500,18.18,
1,Maze001,24.860,3.2500,-0.9990,3.2500,18.18,
1,Maze001,24.865,3.2500,-0.9990,3.2500,18.18,
1,Maze001,24.869,3.2500,-0.9990,3.2500,18.18,
1,Maze001,24.873,3.2500,-0.9990,3.2500,18.18,
1,Maze001,24.877,3.2500,-0.9990,3.2500,18.18,
1,Maze001,24.881,3.2500,-0.9990,3.2500,18.18,
1,Maze001,24.885,3.2500,-0.9990,3.2500,18.18,
1,Maze001,24.890,3.2500,-0.9990,3.2500,18.18,
1,Maze001,24.894,3.2500,-0.9990,3.2500,18.18,
1,Maze001,24.898,3.2500,-0.9990,3.2500,18.18,
1,Maze001,24.902,3.2500,-0.9990,3.2500,18.18,
1,Maze001,24.906,3.2500,-0.9990,3.2500,18.18,
1,Maze001,24.910,3.2500,-0.9990,3.2500,18.18,
1,Maze001,24.915,3.2500,-0.9990,3.2500,18.18,
1,Maze001,24.919,3.2500,-0.9990,3.2500,18.18,
1,Maze001,24.923,3.2500,-0.9990,3.2500,18.18,
1,Maze001,24.927,3.2500,-0.9990,3.2500,18.18,
1,Maze001,24.931,3.2500,-0.9990,3.2500,18.18,
1,Maze001,24.936,3.2500,-0.9990,3.2500,18.18,
1,Maze001,24.940,3.2500,-0.9990,3.2500,18.18,
1,Maze001,24.944,3.2500,-0.9990,3.2500,18.18,
1,Maze001,24.948,3.2500,-0.9990,3.2500,18.18,
1,Maze001,24.952,3.2500,-0.9990,3.2500,18.18,
1,Maze001,24.956,3.2500,-0.9990,3.2500,18.18,
1,Maze001,24.960,3.2500,-0.9990,3.2500,18.18,
1,Maze001,24.965,3.2500,-0.9990,3.2500,18.18,
1,Maze001,24.969,3.2500,-0.9990,3.2500,18.18,
1,Maze001,24.973,3.2500,-0.9990,3.2500,18.18,
1,Maze001,24.977,3.2500,-0.9990,3.2500,18.18,
1,Maze001,24.981,3.2500,-0.9990,3.2500,18.18,
1,Maze001,24.985,3.2500,-0.9990,3.2500,18.18,
1,Maze001,24.989,3.2500,-0.9990,3.2500,18.18,
1,Maze001,24.994,3.2500,-0.9990,3.2500,18.18,
1,Maze001,24.998,3.2500,-0.9990,3.2500,18.18,
1,Maze001,25.002,3.2500,-0.9990,3.2500,18.18,
1,Maze001,25.006,3.2500,-0.9990,3.2500,18.18,
1,Maze001,25.010,3.2500,-0.9990,3.2500,18.18,
1,Maze001,25.014,3.2500,-0.9990,3.2500,18.18,
1,Maze001,25.019,3.2500,-0.9990,3.2500,18.18,
1,Maze001,25.023,3.2500,-0.9990,3.2500,18.18,
1,Maze001,25.027,3.2500,-0.9990,3.2500,18.18,
1,Maze001,25.031,3.2500,-0.9990,3.2500,18.18,
1,Maze001,25.035,3.2500,-0.9990,3.2500,18.18,
1,Maze001,25.039,3.2500,-0.9990,3.2500,18.18,
1,Maze001,25.044,3.2500,-0.9990,3.2500,18.18,
1,Maze001,25.048,3.2500,-0.9990,3.2500,18.18,
1,Maze001,25.052,3.2500,-0.9990,3.2500,18.18,
1,Maze001,25.056,3.2500,-0.9990,3.2500,18.18,
1,Maze001,25.060,3.2500,-0.9990,3.2500,18.18,
1,Maze001,25.065,3.2500,-0.9990,3.2500,18.18,
1,Maze001,25.069,3.2500,-0.9990,3.2500,18.18,
1,Maze001,25.073,3.2500,-0.9990,3.2500,18.18,
1,Maze001,25.077,3.2500,-0.9990,3.2500,18.18,
1,Maze001,25.081,3.2500,-0.9990,3.2500,18.18,
1,Maze001,25.085,3.2500,-0.9990,3.2500,18.18,
1,Maze001,25.089,3.2500,-0.9990,3.2500,18.18,
1,Maze001,25.094,3.2500,-0.9990,3.2500,18.18,
1,Maze001,25.098,3.2500,-0.9990,3.2500,18.18,
1,Maze001,25.102,3.2500,-0.9990,3.2500,18.18,
1,Maze001,25.106,3.2500,-0.9990,3.2500,18.18,
1,Maze001,25.110,3.2500,-0.9990,3.2500,18.18,
1,Maze001,25.115,3.2500,-0.9990,3.2500,18.18,
1,Maze001,25.119,3.2500,-0.9990,3.2500,18.18,
1,Maze001,25.123,3.2500,-0.9990,3.2500,18.18,
1,Maze001,25.127,3.2500,-0.9990,3.2500,18.18,
1,Maze001,25.131,3.2500,-0.9990,3.2500,18.18,
1,Maze001,25.135,3.2500,-0.9990,3.2500,18.18,
1,Maze001,25.139,3.2500,-0.9990,3.2500,18.18,
1,Maze001,25.143,3.2500,-0.9990,3.2500,18.18,
1,Maze001,25.148,3.2500,-0.9990,3.2500,18.18,
1,Maze001,25.152,3.2500,-0.9990,3.2500,18.18,
1,Maze001,25.156,3.2500,-0.9990,3.2500,18.18,
1,Maze001,25.161,3.2500,-0.9990,3.2500,18.18,
1,Maze001,25.164,3.2500,-0.9990,3.2500,18.18,
1,Maze001,25.168,3.2500,-0.9990,3.2500,18.18,
1,Maze001,25.173,3.2500,-0.9990,3.2500,18.18,
1,Maze001,25.177,3.2500,-0.9990,3.2500,18.18,
1,Maze001,25.181,3.2500,-0.9990,3.2500,18.18,
1,Maze001,25.185,3.2500,-0.9990,3.2500,18.18,
1,Maze001,25.190,3.2500,-0.9990,3.2500,18.18,
1,Maze001,25.194,3.2500,-0.9990,3.2500,18.18,
1,Maze001,25.198,3.2500,-0.9990,3.2500,18.18,
1,Maze001,25.202,3.2500,-0.9990,3.2500,18.18,
1,Maze001,25.206,3.2500,-0.9990,3.2500,18.18,
1,Maze001,25.211,3.2500,-0.9990,3.2500,18.18,
1,Maze001,25.214,3.2500,-0.9990,3.2500,18.18,
1,Maze001,25.219,3.2500,-0.9990,3.2500,18.18,
1,Maze001,25.223,3.2500,-0.9990,3.2500,18.18,
1,Maze001,25.228,3.2500,-0.9990,3.2500,18.18,
1,Maze001,25.231,3.2500,-0.9990,3.2500,18.18,
1,Maze001,25.235,3.2500,-0.9990,3.2500,18.18,
1,Maze001,25.240,3.2500,-0.9990,3.2500,18.18,
1,Maze001,25.244,3.2500,-0.9990,3.2500,18.18,
1,Maze001,25.248,3.2500,-0.9990,3.2500,18.18,
1,Maze001,25.252,3.2500,-0.9990,3.2500,18.18,
1,Maze001,25.256,3.2500,-0.9990,3.2500,18.18,
1,Maze001,25.261,3.2500,-0.9990,3.2500,18.18,
1,Maze001,25.265,3.2500,-0.9990,3.2500,18.18,
1,Maze001,25.268,3.2500,-0.9990,3.2500,18.18,
1,Maze001,25.273,3.2500,-0.9990,3.2500,18.18,
1,Maze001,25.277,3.2500,-0.9990,3.2500,18.18,
1,Maze001,25.281,3.2500,-0.9990,3.2500,18.18,
1,Maze001,25.285,3.2500,-0.9990,3.2500,18.18,
1,Maze001,25.290,3.2500,-0.9990,3.2500,18.18,
1,Maze001,25.293,3.2500,-0.9990,3.2500,18.18,
1,Maze001,25.298,3.2500,-0.9990,3.2500,18.18,
1,Maze001,25.302,3.2500,-0.9990,3.2500,18.18,
1,Maze001,25.306,3.2500,-0.9990,3.2500,18.18,
1,Maze001,25.311,3.2500,-0.9990,3.2500,18.18,
1,Maze001,25.314,3.2500,-0.9990,3.2500,18.18,
1,Maze001,25.319,3.2500,-0.9990,3.2500,18.18,
1,Maze001,25.323,3.2500,-0.9990,3.2500,18.18,
1,Maze001,25.327,3.2500,-0.9990,3.2500,18.18,
1,Maze001,25.331,3.2500,-0.9990,3.2500,18.18,
1,Maze001,25.335,3.2500,-0.9990,3.2500,18.18,
1,Maze001,25.339,3.2500,-0.9990,3.2500,18.18,
1,Maze001,25.343,3.2500,-0.9990,3.2500,18.18,
1,Maze001,25.348,3.2500,-0.9990,3.2500,18.18,
1,Maze001,25.352,3.2500,-0.9990,3.2500,18.18,
1,Maze001,25.356,3.2500,-0.9990,3.2500,18.18,
1,Maze001,25.360,3.2500,-0.9990,3.2500,18.18,
1,Maze001,25.365,3.2500,-0.9990,3.2500,18.18,
1,Maze001,25.369,3.2500,-0.9990,3.2500,18.18,
1,Maze001,25.373,3.2500,-0.9990,3.2500,18.18,
1,Maze001,25.377,3.2500,-0.9990,3.2500,18.18,
1,Maze001,25.381,3.2500,-0.9990,3.2500,18.18,
1,Maze001,25.385,3.2500,-0.9990,3.2500,18.18,
1,Maze001,25.389,3.2500,-0.9990,3.2500,18.18,
1,Maze001,25.394,3.2500,-0.9990,3.2500,18.18,
1,Maze001,25.398,3.2500,-0.9990,3.2500,18.18,
1,Maze001,25.402,3.2500,-0.9990,3.2500,18.18,
1,Maze001,25.406,3.2500,-0.9990,3.2500,18.18,
1,Maze001,25.411,3.2500,-0.9990,3.2500,18.18,
1,Maze001,25.414,3.2500,-0.9990,3.2500,18.18,
1,Maze001,25.419,3.2500,-0.9990,3.2500,18.18,
1,Maze001,25.423,3.2500,-0.9990,3.2500,18.18,
1,Maze001,25.427,3.2500,-0.9990,3.2500,18.18,
1,Maze001,25.431,3.2500,-0.9990,3.2500,18.18,
1,Maze001,25.435,3.2500,-0.9990,3.2500,18.18,
1,Maze001,25.439,3.2500,-0.9990,3.2500,18.18,
1,Maze001,25.444,3.2500,-0.9990,3.2500,18.18,
1,Maze001,25.448,3.2500,-0.9990,3.2500,18.18,
1,Maze001,25.452,3.2500,-0.9990,3.2500,18.18,
1,Maze001,25.456,3.2500,-0.9990,3.2500,18.18,
1,Maze001,25.460,3.2500,-0.9990,3.2500,18.18,
1,Maze001,25.464,3.2500,-0.9990,3.2500,18.18,
1,Maze001,25.469,3.2500,-0.9990,3.2500,18.18,
1,Maze001,25.473,3.2500,-0.9990,3.2500,18.18,
1,Maze001,25.477,3.2500,-0.9990,3.2500,18.18,
1,Maze001,25.481,3.2500,-0.9990,3.2500,18.18,
1,Maze001,25.485,3.2500,-0.9990,3.2500,18.18,
1,Maze001,25.489,3.2500,-0.9990,3.2500,18.18,
1,Maze001,25.494,3.2500,-0.9990,3.2500,18.18,
1,Maze001,25.498,3.2500,-0.9990,3.2500,18.18,
1,Maze001,25.502,3.2500,-0.9990,3.2500,18.18,
1,Maze001,25.506,3.2500,-0.9990,3.2500,18.18,
1,Maze001,25.510,3.2500,-0.9990,3.2500,18.18,
1,Maze001,25.514,3.2500,-0.9990,3.2500,18.18,
1,Maze001,25.519,3.2500,-0.9990,3.2500,18.18,
1,Maze001,25.523,3.2500,-0.9990,3.2500,18.18,
1,Maze001,25.527,3.2500,-0.9990,3.2500,18.18,
1,Maze001,25.531,3.2500,-0.9990,3.2500,18.18,
1,Maze001,25.535,3.2500,-0.9990,3.2500,18.18,
1,Maze001,25.539,3.2500,-0.9990,3.2500,18.18,
1,Maze001,25.543,3.2500,-0.9990,3.2500,18.18,
1,Maze001,25.548,3.2500,-0.9990,3.2500,18.18,
1,Maze001,25.552,3.2500,-0.9990,3.2500,18.18,
1,Maze001,25.557,3.2500,-0.9990,3.2500,18.18,
1,Maze001,25.561,3.2500,-0.9990,3.2500,18.18,
1,Maze001,25.565,3.2500,-0.9990,3.2500,18.18,
1,Maze001,25.569,3.2500,-0.9990,3.2500,18.18,
1,Maze001,25.573,3.2500,-0.9990,3.2500,18.18,
1,Maze001,25.577,3.2500,-0.9990,3.2500,18.18,
1,Maze001,25.581,3.2500,-0.9990,3.2500,18.18,
1,Maze001,25.585,3.2500,-0.9990,3.2500,18.18,
1,Maze001,25.589,3.2500,-0.9990,3.2500,18.18,
1,Maze001,25.593,3.2500,-0.9990,3.2500,18.18,
1,Maze001,25.598,3.2500,-0.9990,3.2500,18.18,
1,Maze001,25.602,3.2500,-0.9990,3.2500,18.18,
1,Maze001,25.606,3.2500,-0.9990,3.2500,18.18,
1,Maze001,25.610,3.2500,-0.9990,3.2500,18.18,
1,Maze001,25.614,3.2500,-0.9990,3.2500,18.18,
1,Maze001,25.619,3.2500,-0.9990,3.2500,18.18,
1,Maze001,25.623,3.2500,-0.9990,3.2500,18.18,
1,Maze001,25.627,3.2500,-0.9990,3.2500,18.18,
1,Maze001,25.631,3.2500,-0.9990,3.2500,18.18,
1,Maze001,25.635,3.2500,-0.9990,3.2500,18.18,
1,Maze001,25.639,3.2500,-0.9990,3.2500,18.18,
1,Maze001,25.644,3.2500,-0.9990,3.2500,18.18,
1,Maze001,25.648,3.2500,-0.9990,3.2500,18.18,
1,Maze001,25.652,3.2500,-0.9990,3.2500,18.18,
1,Maze001,25.656,3.2500,-0.9990,3.2500,18.18,
1,Maze001,25.660,3.2500,-0.9990,3.2500,18.18,
1,Maze001,25.665,3.2500,-0.9990,3.2500,18.18,
1,Maze001,25.669,3.2500,-0.9990,3.2500,18.18,
1,Maze001,25.673,3.2500,-0.9990,3.2500,18.18,
1,Maze001,25.677,3.2500,-0.9990,3.2500,18.18,
1,Maze001,25.681,3.2500,-0.9990,3.2500,18.18,
1,Maze001,25.685,3.2500,-0.9990,3.2500,18.18,
1,Maze001,25.689,3.2500,-0.9990,3.2500,18.18,
1,Maze001,25.694,3.2500,-0.9990,3.2500,18.18,
1,Maze001,25.698,3.2500,-0.9990,3.2500,18.18,
1,Maze001,25.702,3.2500,-0.9990,3.2500,18.18,
1,Maze001,25.706,3.2500,-0.9990,3.2500,18.18,
1,Maze001,25.710,3.2500,-0.9990,3.2500,18.18,
1,Maze001,25.715,3.2500,-0.9990,3.2500,18.18,
1,Maze001,25.718,3.2500,-0.9990,3.2500,18.18,
1,Maze001,25.723,3.2500,-0.9990,3.2500,18.18,
1,Maze001,25.727,3.2500,-0.9990,3.2500,18.18,
1,Maze001,25.731,3.2500,-0.9990,3.2500,18.18,
1,Maze001,25.735,3.2500,-0.9990,3.2500,18.18,
1,Maze001,25.740,3.2500,-0.9990,3.2500,18.18,
1,Maze001,25.744,3.2500,-0.9990,3.2500,18.18,
1,Maze001,25.748,3.2500,-0.9990,3.2500,18.18,
1,Maze001,25.752,3.2500,-0.9990,3.2500,18.18,
1,Maze001,25.757,3.2500,-0.9990,3.2500,18.18,
1,Maze001,25.760,3.2500,-0.9990,3.2500,18.18,
1,Maze001,25.764,3.2500,-0.9990,3.2500,18.18,
1,Maze001,25.769,3.2500,-0.9990,3.2500,18.18,
1,Maze001,25.773,3.2500,-0.9990,3.2500,18.18,
1,Maze001,25.777,3.2500,-0.9990,3.2500,18.18,
1,Maze001,25.781,3.2500,-0.9990,3.2500,18.18,
1,Maze001,25.785,3.2500,-0.9990,3.2500,18.18,
1,Maze001,25.789,3.2500,-0.9990,3.2500,18.18,
1,Maze001,25.794,3.2500,-0.9990,3.2500,18.18,
1,Maze001,25.798,3.2500,-0.9990,3.2500,18.18,
1,Maze001,25.802,3.2500,-0.9990,3.2500,18.18,
1,Maze001,25.806,3.2500,-0.9990,3.2500,18.18,
1,Maze001,25.810,3.2500,-0.9990,3.2500,18.18,
1,Maze001,25.815,3.2500,-0.9990,3.2500,18.18,
1,Maze001,25.819,3.2500,-0.9990,3.2500,18.18,
1,Maze001,25.823,3.2500,-0.9990,3.2500,18.18,
1,Maze001,25.827,3.2500,-0.9990,3.2500,18.18,
1,Maze001,25.831,3.2500,-0.9990,3.2500,18.18,
1,Maze001,25.835,3.2500,-0.9990,3.2500,18.18,
1,Maze001,25.839,3.2500,-0.9990,3.2500,18.18,
1,Maze001,25.844,3.2500,-0.9990,3.2500,18.18,
1,Maze001,25.848,3.2500,-0.9990,3.2500,18.18,
1,Maze001,25.852,3.2500,-0.9990,3.2500,18.18,
1,Maze001,25.856,3.2500,-0.9990,3.2500,18.18,
1,Maze001,25.860,3.2500,-0.9990,3.2500,18.18,
1,Maze001,25.865,3.2500,-0.9990,3.2500,18.18,
1,Maze001,25.869,3.2500,-0.9990,3.2500,18.18,
1,Maze001,25.873,3.2500,-0.9990,3.2500,18.18,
1,Maze001,25.877,3.2500,-0.9990,3.2500,18.18,
1,Maze001,25.881,3.2500,-0.9990,3.2500,18.18,
1,Maze001,25.885,3.2500,-0.9990,3.2500,18.18,
1,Maze001,25.889,3.2500,-0.9990,3.2500,18.18,
1,Maze001,25.894,3.2500,-0.9990,3.2500,18.18,
1,Maze001,25.898,3.2500,-0.9990,3.2500,18.18,
1,Maze001,25.902,3.2500,-0.9990,3.2500,18.18,
1,Maze001,25.906,3.2500,-0.9990,3.2500,18.18,
1,Maze001,25.911,3.2500,-0.9990,3.2500,18.18,
1,Maze001,25.914,3.2500,-0.9990,3.2500,18.18,
1,Maze001,25.918,3.2500,-0.9990,3.2500,18.18,
1,Maze001,25.923,3.2500,-0.9990,3.2500,18.18,
1,Maze001,25.927,3.2500,-0.9990,3.2500,18.18,
1,Maze001,25.931,3.2500,-0.9990,3.2500,18.18,
1,Maze001,25.935,3.2500,-0.9990,3.2500,18.18,
1,Maze001,25.939,3.2500,-0.9990,3.2500,18.18,
1,Maze001,25.943,3.2500,-0.9990,3.2500,18.18,
1,Maze001,25.947,3.2500,-0.9990,3.2500,18.18,
1,Maze001,25.952,3.2500,-0.9990,3.2500,18.18,
1,Maze001,25.956,3.2500,-0.9990,3.2500,18.18,
1,Maze001,25.961,3.2500,-0.9990,3.2500,18.18,
1,Maze001,25.964,3.2500,-0.9990,3.2500,18.18,
1,Maze001,25.968,3.2500,-0.9990,3.2500,18.18,
1,Maze001,25.973,3.2500,-0.9990,3.2500,18.18,
1,Maze001,25.977,3.2500,-0.9990,3.2500,18.18,
1,Maze001,25.981,3.2500,-0.9990,3.2500,18.18,
1,Maze001,25.985,3.2500,-0.9990,3.2500,18.18,
1,Maze001,25.989,3.2500,-0.9990,3.2500,18.18,
1,Maze001,25.993,3.2500,-0.9990,3.2500,18.18,
1,Maze001,25.998,3.2500,-0.9990,3.2500,18.18,
1,Maze001,26.002,3.2500,-0.9990,3.2500,18.18,
1,Maze001,26.006,3.2500,-0.9990,3.2500,18.18,
1,Maze001,26.010,3.2500,-0.9990,3.2500,18.18,
1,Maze001,26.014,3.2500,-0.9990,3.2500,18.18,
1,Maze001,26.018,3.2500,-0.9990,3.2500,18.18,
1,Maze001,26.022,3.2500,-0.9990,3.2500,18.18,
1,Maze001,26.027,3.2500,-0.9990,3.2500,18.18,
1,Maze001,26.031,3.2500,-0.9990,3.2500,18.18,
1,Maze001,26.035,3.2500,-0.9990,3.2500,18.18,
1,Maze001,26.039,3.2500,-0.9990,3.2500,18.18,
1,Maze001,26.044,3.2500,-0.9990,3.2500,18.18,
1,Maze001,26.048,3.2500,-0.9990,3.2500,18.18,
1,Maze001,26.052,3.2500,-0.9990,3.2500,18.18,
1,Maze001,26.056,3.2500,-0.9990,3.2500,18.18,
1,Maze001,26.060,3.2500,-0.9990,3.2500,18.18,
1,Maze001,26.065,3.2500,-0.9990,3.2500,18.18,
1,Maze001,26.069,3.2500,-0.9990,3.2500,18.18,
1,Maze001,26.073,3.2500,-0.9990,3.2500,18.18,
1,Maze001,26.077,3.2500,-0.9990,3.2500,18.18,
1,Maze001,26.081,3.2500,-0.9990,3.2500,18.18,
1,Maze001,26.085,3.2500,-0.9990,3.2500,18.18,
1,Maze001,26.089,3.2500,-0.9990,3.2500,18.18,
1,Maze001,26.094,3.2500,-0.9990,3.2500,18.18,
1,Maze001,26.098,3.2500,-0.9990,3.2500,18.18,
1,Maze001,26.102,3.2500,-0.9990,3.2500,18.18,
1,Maze001,26.106,3.2500,-0.9990,3.2500,18.18,
1,Maze001,26.110,3.2500,-0.9990,3.2500,18.18,
1,Maze001,26.115,3.2500,-0.9990,3.2500,18.18,
1,Maze001,26.119,3.2500,-0.9990,3.2500,18.18,
1,Maze001,26.123,3.2500,-0.9990,3.2500,18.18,
1,Maze001,26.127,3.2500,-0.9990,3.2500,18.18,
1,Maze001,26.131,3.2500,-0.9990,3.2500,18.18,
1,Maze001,26.135,3.2500,-0.9990,3.2500,18.18,
1,Maze001,26.140,3.2500,-0.9990,3.2500,18.18,
1,Maze001,26.144,3.2500,-0.9990,3.2500,18.18,
1,Maze001,26.148,3.2500,-0.9990,3.2500,18.18,
1,Maze001,26.152,3.2500,-0.9990,3.2500,18.18,
1,Maze001,26.156,3.2500,-0.9990,3.2500,18.18,
1,Maze001,26.161,3.2500,-0.9990,3.2500,18.18,
1,Maze001,26.165,3.2500,-0.9990,3.2500,18.18,
1,Maze001,26.169,3.2500,-0.9990,3.2500,18.18,
1,Maze001,26.173,3.2500,-0.9990,3.2500,18.18,
1,Maze001,26.177,3.2500,-0.9990,3.2500,18.18,
1,Maze001,26.182,3.2500,-0.9990,3.2500,18.18,
1,Maze001,26.190,3.2500,-0.9990,3.2500,18.18,
1,Maze001,26.194,3.2500,-0.9990,3.2500,18.18,
1,Maze001,26.198,3.2500,-0.9990,3.2500,18.18,
1,Maze001,26.202,3.2500,-0.9990,3.2500,18.18,
1,Maze001,26.206,3.2500,-0.9990,3.2500,18.18,
1,Maze001,26.210,3.2500,-0.9990,3.2500,18.18,
1,Maze001,26.214,3.2500,-0.9990,3.2500,18.18,
1,Maze001,26.220,3.2500,-0.9990,3.2500,18.18,
1,Maze001,26.223,3.2500,-0.9990,3.2500,18.18,
1,Maze001,26.227,3.2500,-0.9990,3.2500,18.18,
1,Maze001,26.231,3.2500,-0.9990,3.2500,18.18,
1,Maze001,26.235,3.2500,-0.9990,3.2500,18.18,
1,Maze001,26.239,3.2500,-0.9990,3.2500,18.18,
1,Maze001,26.243,3.2500,-0.9990,3.2500,18.18,
1,Maze001,26.247,3.2500,-0.9990,3.2500,18.18,
1,Maze001,26.252,3.2500,-0.9990,3.2500,18.18,
1,Maze001,26.256,3.2500,-0.9990,3.2500,18.18,
1,Maze001,26.261,3.2500,-0.9990,3.2500,18.18,
1,Maze001,26.265,3.2500,-0.9990,3.2500,18.18,
1,Maze001,26.268,3.2500,-0.9990,3.2500,18.18,
1,Maze001,26.273,3.2500,-0.9990,3.2500,18.18,
1,Maze001,26.277,3.2500,-0.9990,3.2500,18.18,
1,Maze001,26.281,3.2500,-0.9990,3.2500,18.18,
1,Maze001,26.285,3.2500,-0.9990,3.2500,18.18,
1,Maze001,26.289,3.2500,-0.9990,3.2500,18.18,
1,Maze001,26.294,3.2500,-0.9990,3.2500,18.18,
1,Maze001,26.298,3.2500,-0.9990,3.2500,18.18,
1,Maze001,26.302,3.2500,-0.9990,3.2500,18.18,
1,Maze001,26.306,3.2500,-0.9990,3.2500,18.18,
1,Maze001,26.311,3.2500,-0.9990,3.2500,18.18,
1,Maze001,26.315,3.2500,-0.9990,3.2500,18.18,
1,Maze001,26.319,3.2500,-0.9990,3.2500,18.18,
1,Maze001,26.323,3.2500,-0.9990,3.2500,18.18,
1,Maze001,26.327,3.2500,-0.9990,3.2500,18.18,
1,Maze001,26.331,3.2500,-0.9990,3.2500,18.18,
1,Maze001,26.335,3.2500,-0.9990,3.2500,18.18,
1,Maze001,26.339,3.2500,-0.9990,3.2500,18.18,
1,Maze001,26.343,3.2500,-0.9990,3.2500,18.18,
1,Maze001,26.347,3.2500,-0.9990,3.2500,18.18,
1,Maze001,26.352,3.2500,-0.9990,3.2500,18.18,
1,Maze001,26.356,3.2500,-0.9990,3.2500,18.18,
1,Maze001,26.360,3.2500,-0.9990,3.2500,18.18,
1,Maze001,26.364,3.2500,-0.9990,3.2500,18.18,
1,Maze001,26.369,3.2500,-0.9990,3.2500,18.18,
1,Maze001,26.373,3.2500,-0.9990,3.2500,18.18,
1,Maze001,26.377,3.2500,-0.9990,3.2500,18.18,
1,Maze001,26.381,3.2500,-0.9990,3.2500,18.18,
1,Maze001,26.385,3.2500,-0.9990,3.2500,18.18,
1,Maze001,26.389,3.2500,-0.9990,3.2500,18.18,
1,Maze001,26.393,3.2500,-0.9990,3.2500,18.18,
1,Maze001,26.398,3.2500,-0.9990,3.2500,18.18,
1,Maze001,26.402,3.2500,-0.9990,3.2500,18.18,
1,Maze001,26.406,3.2500,-0.9990,3.2500,18.18,
1,Maze001,26.411,3.2500,-0.9990,3.2500,18.18,
1,Maze001,26.414,3.2500,-0.9990,3.2500,18.18,
1,Maze001,26.418,3.2500,-0.9990,3.2500,18.18,
1,Maze001,26.423,3.2500,-0.9990,3.2500,18.18,
1,Maze001,26.427,3.2500,-0.9990,3.2500,18.18,
1,Maze001,26.431,3.2500,-0.9990,3.2500,18.18,
1,Maze001,26.435,3.2500,-0.9990,3.2500,18.18,
1,Maze001,26.439,3.2500,-0.9990,3.2500,18.18,
1,Maze001,26.443,3.2500,-0.9990,3.2500,18.18,
1,Maze001,26.448,3.2500,-0.9990,3.2500,18.18,
1,Maze001,26.452,3.2500,-0.9990,3.2500,18.18,
1,Maze001,26.456,3.2500,-0.9990,3.2500,18.18,
1,Maze001,26.460,3.2500,-0.9990,3.2500,18.18,
1,Maze001,26.464,3.2500,-0.9990,3.2500,18.18,
1,Maze001,26.468,3.2500,-0.9990,3.2500,18.18,
1,Maze001,26.473,3.2500,-0.9990,3.2500,18.18,
1,Maze001,26.477,3.2500,-0.9990,3.2500,18.18,
1,Maze001,26.482,3.2500,-0.9990,3.2500,18.18,
1,Maze001,26.485,3.2500,-0.9990,3.2500,18.18,
1,Maze001,26.490,3.2500,-0.9990,3.2500,18.18,
1,Maze001,26.493,3.2500,-0.9990,3.2500,18.18,
1,Maze001,26.498,3.2500,-0.9990,3.2500,18.18,
1,Maze001,26.502,3.2500,-0.9990,3.2500,18.18,
1,Maze001,26.506,3.2500,-0.9990,3.2500,18.18,
1,Maze001,26.510,3.2500,-0.9990,3.2500,18.18,
1,Maze001,26.514,3.2500,-0.9990,3.2500,18.18,
1,Maze001,26.518,3.2500,-0.9990,3.2500,18.18,
1,Maze001,26.523,3.2500,-0.9990,3.2500,18.18,
1,Maze001,26.527,3.2500,-0.9990,3.2500,18.18,
1,Maze001,26.532,3.2500,-0.9990,3.2500,18.18,
1,Maze001,26.535,3.2500,-0.9990,3.2500,18.18,
1,Maze001,26.539,3.2500,-0.9990,3.2500,18.18,
1,Maze001,26.543,3.2500,-0.9990,3.2500,18.18,
1,Maze001,26.548,3.2500,-0.9990,3.2500,18.18,
1,Maze001,26.552,3.2500,-0.9990,3.2500,18.18,
1,Maze001,26.556,3.2500,-0.9990,3.2500,18.18,
1,Maze001,26.560,3.2500,-0.9990,3.2500,18.18,
1,Maze001,26.565,3.2500,-0.9990,3.2500,18.18,
1,Maze001,26.569,3.2500,-0.9990,3.2500,18.18,
1,Maze001,26.573,3.2500,-0.9990,3.2500,18.18,
1,Maze001,26.577,3.2500,-0.9990,3.2500,18.18,
1,Maze001,26.581,3.2500,-0.9990,3.2500,18.18,
1,Maze001,26.585,3.2500,-0.9990,3.2500,18.18,
1,Maze001,26.589,3.2500,-0.9990,3.2500,18.18,
1,Maze001,26.593,3.2500,-0.9990,3.2500,18.18,
1,Maze001,26.598,3.2500,-0.9990,3.2500,18.18,
1,Maze001,26.602,3.2500,-0.9990,3.2500,18.18,
1,Maze001,26.606,3.2500,-0.9990,3.2500,18.18,
1,Maze001,26.610,3.2500,-0.9990,3.2500,18.18,
1,Maze001,26.614,3.2500,-0.9990,3.2500,18.18,
1,Maze001,26.618,3.2500,-0.9990,3.2500,18.18,
1,Maze001,26.623,3.2500,-0.9990,3.2500,18.18,
1,Maze001,26.627,3.2500,-0.9990,3.2500,18.18,
1,Maze001,26.631,3.2500,-0.9990,3.2500,18.18,
1,Maze001,26.635,3.2500,-0.9990,3.2500,18.18,
1,Maze001,26.640,3.2500,-0.9990,3.2500,18.18,
1,Maze001,26.644,3.2500,-0.9990,3.2500,18.18,
1,Maze001,26.647,3.2500,-0.9990,3.2500,18.18,
1,Maze001,26.652,3.2500,-0.9990,3.2500,18.18,
1,Maze001,26.656,3.2500,-0.9990,3.2500,18.18,
1,Maze001,26.660,3.2500,-0.9990,3.2500,18.18,
1,Maze001,26.664,3.2500,-0.9990,3.2500,18.18,
1,Maze001,26.668,3.2500,-0.9990,3.2500,18.18,
1,Maze001,26.672,3.2500,-0.9990,3.2500,18.18,
1,Maze001,26.677,3.2500,-0.9990,3.2500,18.18,
1,Maze001,26.681,3.2500,-0.9990,3.2500,18.18,
1,Maze001,26.685,3.2500,-0.9990,3.2500,18.18,
1,Maze001,26.689,3.2500,-0.9990,3.2500,18.18,
1,Maze001,26.694,3.2500,-0.9990,3.2500,18.18,
1,Maze001,26.698,3.2500,-0.9990,3.2500,18.18,
1,Maze001,26.702,3.2500,-0.9990,3.2500,18.18,
1,Maze001,26.706,3.2500,-0.9990,3.2500,18.18,
1,Maze001,26.710,3.2500,-0.9990,3.2500,18.18,
1,Maze001,26.714,3.2500,-0.9990,3.2500,18.18,
1,Maze001,26.718,3.2500,-0.9990,3.2500,18.18,
1,Maze001,26.723,3.2500,-0.9990,3.2500,18.18,
1,Maze001,26.727,3.2500,-0.9990,3.2500,18.18,
1,Maze001,26.731,3.2500,-0.9990,3.2500,18.18,
1,Maze001,26.735,3.2500,-0.9990,3.2500,18.18,
1,Maze001,26.739,3.2500,-0.9990,3.2500,18.18,
1,Maze001,26.743,3.2500,-0.9990,3.2500,18.18,
1,Maze001,26.749,3.2500,-0.9990,3.2500,18.18,
1,Maze001,26.752,3.2500,-0.9990,3.2500,18.18,
1,Maze001,26.757,3.2500,-0.9990,3.2500,18.18,
1,Maze001,26.760,3.2500,-0.9990,3.2500,18.18,
1,Maze001,26.764,3.2500,-0.9990,3.2500,18.18,
1,Maze001,26.768,3.2500,-0.9990,3.2500,18.18,
1,Maze001,26.772,3.2500,-0.9990,3.2500,18.18,
1,Maze001,26.777,3.2500,-0.9990,3.2500,18.18,
1,Maze001,26.781,3.2500,-0.9990,3.2500,18.18,
1,Maze001,26.785,3.2500,-0.9990,3.2500,18.18,
1,Maze001,26.789,3.2500,-0.9990,3.2500,18.18,
1,Maze001,26.793,3.2500,-0.9990,3.2500,18.18,
1,Maze001,26.798,3.2500,-0.9990,3.2500,18.18,
1,Maze001,26.802,3.2500,-0.9990,3.2500,18.18,
1,Maze001,26.806,3.2500,-0.9990,3.2500,18.18,
1,Maze001,26.810,3.2500,-0.9990,3.2500,18.18,
1,Maze001,26.815,3.2500,-0.9990,3.2500,18.18,
1,Maze001,26.819,3.2500,-0.9990,3.2500,18.18,
1,Maze001,26.823,3.2500,-0.9990,3.2500,18.18,
1,Maze001,26.827,3.2500,-0.9990,3.2500,18.18,
1,Maze001,26.831,3.2500,-0.9990,3.2500,18.18,
1,Maze001,26.835,3.2500,-0.9990,3.2500,18.18,
1,Maze001,26.840,3.2500,-0.9990,3.2500,18.18,
1,Maze001,26.844,3.2500,-0.9990,3.2500,18.18,
1,Maze001,26.848,3.2500,-0.9990,3.2500,18.18,
1,Maze001,26.852,3.2500,-0.9990,3.2500,18.18,
1,Maze001,26.857,3.2500,-0.9990,3.2500,18.18,
1,Maze001,26.861,3.2500,-0.9990,3.2500,18.18,
1,Maze001,26.865,3.2500,-0.9990,3.2500,18.18,
1,Maze001,26.869,3.2500,-0.9990,3.2500,18.18,
1,Maze001,26.873,3.2500,-0.9990,3.2500,18.18,
1,Maze001,26.877,3.2500,-0.9990,3.2500,18.18,
1,Maze001,26.881,3.2500,-0.9990,3.2500,18.18,
1,Maze001,26.885,3.2500,-0.9990,3.2500,18.18,
1,Maze001,26.890,3.2500,-0.9990,3.2500,18.18,
1,Maze001,26.894,3.2500,-0.9990,3.2500,18.18,
1,Maze001,26.898,3.2500,-0.9990,3.2500,18.18,
1,Maze001,26.902,3.2500,-0.9990,3.2500,18.18,
1,Maze001,26.906,3.2500,-0.9990,3.2500,18.18,
1,Maze001,26.911,3.2500,-0.9990,3.2500,18.18,
1,Maze001,26.915,3.2500,-0.9990,3.2500,18.18,
1,Maze001,26.918,3.2500,-0.9990,3.2500,18.18,
1,Maze001,26.922,3.2500,-0.9990,3.2500,18.18,
1,Maze001,26.927,3.2500,-0.9990,3.2500,18.18,
1,Maze001,26.931,3.2500,-0.9990,3.2500,18.18,
1,Maze001,26.936,3.2500,-0.9990,3.2500,18.18,
1,Maze001,26.939,3.2500,-0.9990,3.2500,18.18,
1,Maze001,26.943,3.2500,-0.9990,3.2500,18.18,
1,Maze001,26.947,3.2500,-0.9990,3.2500,18.18,
1,Maze001,26.952,3.2500,-0.9990,3.2500,18.18,
1,Maze001,26.956,3.2500,-0.9990,3.2500,18.18,
1,Maze001,26.960,3.2500,-0.9990,3.2500,18.18,
1,Maze001,26.964,3.2500,-0.9990,3.2500,18.18,
1,Maze001,26.969,3.2500,-0.9990,3.2500,18.18,
1,Maze001,26.973,3.2500,-0.9990,3.2500,18.18,
1,Maze001,26.977,3.2500,-0.9990,3.2500,18.18,
1,Maze001,26.981,3.2500,-0.9990,3.2500,18.18,
1,Maze001,26.985,3.2500,-0.9990,3.2500,18.18,
1,Maze001,26.989,3.2500,-0.9990,3.2500,18.18,
1,Maze001,26.993,3.2500,-0.9990,3.2500,18.18,
1,Maze001,26.998,3.2500,-0.9990,3.2500,18.18,
1,Maze001,27.002,3.2500,-0.9990,3.2500,18.18,
1,Maze001,27.006,3.2500,-0.9990,3.2500,18.18,
1,Maze001,27.010,3.2500,-0.9990,3.2500,18.18,
1,Maze001,27.014,3.2500,-0.9990,3.2500,18.18,
1,Maze001,27.018,3.2500,-0.9990,3.2500,18.18,
1,Maze001,27.023,3.2500,-0.9990,3.2500,18.18,
1,Maze001,27.026,3.2500,-0.9990,3.2500,18.18,
1,Maze001,27.031,3.2500,-0.9990,3.2500,18.18,
1,Maze001,27.035,3.2500,-0.9990,3.2500,18.18,
1,Maze001,27.039,3.2500,-0.9990,3.2500,18.18,
1,Maze001,27.043,3.2500,-0.9990,3.2500,18.18,
1,Maze001,27.047,3.2500,-0.9990,3.2500,18.18,
1,Maze001,27.051,3.2500,-0.9990,3.2500,18.18,
1,Maze001,27.056,3.2500,-0.9990,3.2500,18.18,
1,Maze001,27.060,3.2500,-0.9990,3.2500,18.18,
1,Maze001,27.064,3.2500,-0.9990,3.2500,18.18,
1,Maze001,27.068,3.2500,-0.9990,3.2500,18.18,
1,Maze001,27.073,3.2500,-0.9990,3.2500,18.18,
1,Maze001,27.077,3.2500,-0.9990,3.2500,18.18,
1,Maze001,27.081,3.2500,-0.9990,3.2500,18.18,
1,Maze001,27.085,3.2500,-0.9990,3.2500,18.18,
1,Maze001,27.089,3.2500,-0.9990,3.2500,18.18,
1,Maze001,27.093,3.2500,-0.9990,3.2500,18.18,
1,Maze001,27.097,3.2500,-0.9990,3.2500,18.18,
1,Maze001,27.102,3.2500,-0.9990,3.2500,18.18,
1,Maze001,27.106,3.2500,-0.9990,3.2500,18.18,
1,Maze001,27.110,3.2500,-0.9990,3.2500,18.18,
1,Maze001,27.114,3.2500,-0.9990,3.2500,18.18,
1,Maze001,27.118,3.2500,-0.9990,3.2500,18.18,
1,Maze001,27.122,3.2500,-0.9990,3.2500,18.18,
1,Maze001,27.127,3.2500,-0.9990,3.2500,18.18,
1,Maze001,27.131,3.2500,-0.9990,3.2500,18.18,
1,Maze001,27.135,3.2500,-0.9990,3.2500,18.18,
1,Maze001,27.140,3.2500,-0.9990,3.2500,18.18,
1,Maze001,27.143,3.2500,-0.9990,3.2500,18.18,
1,Maze001,27.148,3.2500,-0.9990,3.2500,18.18,
1,Maze001,27.152,3.2500,-0.9990,3.2500,18.18,
1,Maze001,27.157,3.2500,-0.9990,3.2500,18.18,
1,Maze001,27.160,3.2500,-0.9990,3.2500,18.18,
1,Maze001,27.164,3.2500,-0.9990,3.2500,18.18,
1,Maze001,27.168,3.2500,-0.9990,3.2500,18.18,
1,Maze001,27.173,3.2500,-0.9990,3.2500,18.18,
1,Maze001,27.178,3.2500,-0.9990,3.2500,18.18,
1,Maze001,27.185,3.2500,-0.9990,3.2500,18.18,
1,Maze001,27.190,3.2500,-0.9990,3.2500,18.18,
1,Maze001,27.194,3.2500,-0.9990,3.2500,18.18,
1,Maze001,27.198,3.2500,-0.9990,3.2500,18.18,
1,Maze001,27.202,3.2500,-0.9990,3.2500,18.18,
1,Maze001,27.206,3.2500,-0.9990,3.2500,18.18,
1,Maze001,27.210,3.2500,-0.9990,3.2500,18.18,
1,Maze001,27.215,3.2500,-0.9990,3.2500,18.18,
1,Maze001,27.219,3.2500,-0.9990,3.2500,18.18,
1,Maze001,27.223,3.2500,-0.9990,3.2500,18.18,
1,Maze001,27.227,3.2500,-0.9990,3.2500,18.18,
1,Maze001,27.231,3.2500,-0.9990,3.2500,18.18,
1,Maze001,27.235,3.2500,-0.9990,3.2500,18.18,
1,Maze001,27.239,3.2500,-0.9990,3.2500,18.18,
1,Maze001,27.243,3.2500,-0.9990,3.2500,18.18,
1,Maze001,27.247,3.2500,-0.9990,3.2500,18.18,
1,Maze001,27.252,3.2500,-0.9990,3.2500,18.18,
1,Maze001,27.256,3.2500,-0.9990,3.2500,18.18,
1,Maze001,27.260,3.2500,-0.9990,3.2500,18.18,
1,Maze001,27.265,3.2500,-0.9990,3.2500,18.18,
1,Maze001,27.269,3.2500,-0.9990,3.2500,18.18,
1,Maze001,27.273,3.2500,-0.9990,3.2500,18.18,
1,Maze001,27.278,3.2500,-0.9990,3.2500,18.18,
1,Maze001,27.281,3.2500,-0.9990,3.2500,18.18,
1,Maze001,27.285,3.2500,-0.9990,3.2500,18.18,
1,Maze001,27.290,3.2500,-0.9990,3.2500,18.18,
1,Maze001,27.294,3.2500,-0.9990,3.2500,18.18,
1,Maze001,27.298,3.2500,-0.9990,3.2500,18.18,
1,Maze001,27.302,3.2500,-0.9990,3.2500,18.18,
1,Maze001,27.306,3.2500,-0.9990,3.2500,18.18,
1,Maze001,27.311,3.2500,-0.9990,3.2500,18.18,
1,Maze001,27.315,3.2500,-0.9990,3.2500,18.18,
1,Maze001,27.318,3.2500,-0.9990,3.2500,18.18,
1,Maze001,27.323,3.2500,-0.9990,3.2500,18.18,
1,Maze001,27.327,3.2500,-0.9990,3.2500,18.18,
1,Maze001,27.331,3.2500,-0.9990,3.2500,18.18,
1,Maze001,27.335,3.2500,-0.9990,3.2500,18.18,
1,Maze001,27.339,3.2500,-0.9990,3.2500,18.18,
1,Maze001,27.343,3.2500,-0.9990,3.2500,18.18,
1,Maze001,27.348,3.2500,-0.9990,3.2500,18.18,
1,Maze001,27.352,3.2500,-0.9990,3.2500,18.18,
1,Maze001,27.356,3.2500,-0.9990,3.2500,18.18,
1,Maze001,27.360,3.2500,-0.9990,3.2500,18.18,
1,Maze001,27.364,3.2500,-0.9990,3.2500,18.18,
1,Maze001,27.368,3.2500,-0.9990,3.2500,18.18,
1,Maze001,27.373,3.2500,-0.9990,3.2500,18.18,
1,Maze001,27.377,3.2500,-0.9990,3.2500,18.18,
1,Maze001,27.381,3.2500,-0.9990,3.2500,18.18,
1,Maze001,27.385,3.2500,-0.9990,3.2500,18.18,
1,Maze001,27.389,3.2500,-0.9990,3.2500,18.18,
1,Maze001,27.393,3.2500,-0.9990,3.2500,18.18,
1,Maze001,27.397,3.2500,-0.9990,3.2500,18.18,
1,Maze001,27.401,3.2500,-0.9990,3.2500,18.18,
1,Maze001,27.406,3.2500,-0.9990,3.2500,18.18,
1,Maze001,27.410,3.2500,-0.9990,3.2500,18.18,
1,Maze001,27.414,3.2500,-0.9990,3.2500,18.18,
1,Maze001,27.418,3.2500,-0.9990,3.2500,18.18,
1,Maze001,27.422,3.2500,-0.9990,3.2500,18.18,
1,Maze001,27.426,3.2500,-0.9990,3.2500,18.18,
1,Maze001,27.431,3.2500,-0.9990,3.2500,18.18,
1,Maze001,27.435,3.2500,-0.9990,3.2500,18.18,
1,Maze001,27.439,3.2500,-0.9990,3.2500,18.18,
1,Maze001,27.443,3.2500,-0.9990,3.2500,18.18,
1,Maze001,27.447,3.2500,-0.9990,3.2500,18.18,
1,Maze001,27.452,3.2500,-0.9990,3.2500,18.18,
1,Maze001,27.456,3.2500,-0.9990,3.2500,18.18,
1,Maze001,27.460,3.2500,-0.9990,3.2500,18.18,
1,Maze001,27.464,3.2500,-0.9990,3.2500,18.18,
1,Maze001,27.469,3.2500,-0.9990,3.2500,18.18,
1,Maze001,27.473,3.2500,-0.9990,3.2500,18.18,
1,Maze001,27.477,3.2500,-0.9990,3.2500,18.18,
1,Maze001,27.482,3.2500,-0.9990,3.2500,18.18,
1,Maze001,27.486,3.2500,-0.9990,3.2500,18.18,
1,Maze001,27.490,3.2500,-0.9990,3.2500,18.18,
1,Maze001,27.494,3.2500,-0.9990,3.2500,18.18,
1,Maze001,27.498,3.2500,-0.9990,3.2500,18.18,
1,Maze001,27.502,3.2500,-0.9990,3.2500,18.18,
1,Maze001,27.506,3.2500,-0.9990,3.2500,18.18,
1,Maze001,27.510,3.2500,-0.9990,3.2500,18.18,
1,Maze001,27.514,3.2500,-0.9990,3.2500,18.18,
1,Maze001,27.518,3.2500,-0.9990,3.2500,18.18,
1,Maze001,27.523,3.2500,-0.9990,3.2500,18.18,
1,Maze001,27.527,3.2500,-0.9990,3.2500,18.18,
1,Maze001,27.531,3.2500,-0.9990,3.2500,18.18,
1,Maze001,27.535,3.2500,-0.9990,3.2500,18.18,
1,Maze001,27.540,3.2500,-0.9990,3.2500,18.18,
1,Maze001,27.544,3.2500,-0.9990,3.2500,18.18,
1,Maze001,27.548,3.2500,-0.9990,3.2500,18.18,
1,Maze001,27.552,3.2500,-0.9990,3.2500,18.18,
1,Maze001,27.556,3.2500,-0.9990,3.2500,18.18,
1,Maze001,27.560,3.2500,-0.9990,3.2500,18.18,
1,Maze001,27.564,3.2500,-0.9990,3.2500,18.18,
1,Maze001,27.568,3.2500,-0.9990,3.2500,18.18,
1,Maze001,27.572,3.2500,-0.9990,3.2500,18.18,
1,Maze001,27.576,3.2500,-0.9990,3.2500,18.18,
1,Maze001,27.581,3.2500,-0.9990,3.2500,18.18,
1,Maze001,27.586,3.2500,-0.9990,3.2500,18.18,
1,Maze001,27.590,3.2500,-0.9990,3.2500,18.18,
1,Maze001,27.594,3.2500,-0.9990,3.2500,18.18,
1,Maze001,27.598,3.2500,-0.9990,3.2500,18.18,
1,Maze001,27.602,3.2500,-0.9990,3.2500,18.18,
1,Maze001,27.606,3.2500,-0.9990,3.2500,18.18,
1,Maze001,27.610,3.2500,-0.9990,3.2500,18.18,
1,Maze001,27.614,3.2500,-0.9990,3.2500,18.18,
1,Maze001,27.618,3.2500,-0.9990,3.2500,18.18,
1,Maze001,27.623,3.2500,-0.9990,3.2500,18.18,
1,Maze001,27.627,3.2500,-0.9990,3.2500,18.18,
1,Maze001,27.631,3.2500,-0.9990,3.2500,18.18,
1,Maze001,27.635,3.2500,-0.9990,3.2500,18.18,
1,Maze001,27.639,3.2500,-0.9990,3.2500,18.18,
1,Maze001,27.643,3.2500,-0.9990,3.2500,18.18,
1,Maze001,27.648,3.2500,-0.9990,3.2500,18.18,
1,Maze001,27.652,3.2500,-0.9990,3.2500,18.18,
1,Maze001,27.656,3.2500,-0.9990,3.2500,18.18,
1,Maze001,27.660,3.2500,-0.9990,3.2500,18.18,
1,Maze001,27.664,3.2500,-0.9990,3.2500,18.18,
1,Maze001,27.668,3.2500,-0.9990,3.2500,18.18,
1,Maze001,27.672,3.2500,-0.9990,3.2500,18.18,
1,Maze001,27.676,3.2500,-0.9990,3.2500,18.18,
1,Maze001,27.680,3.2500,-0.9990,3.2500,18.18,
1,Maze001,27.685,3.2500,-0.9990,3.2500,18.18,
1,Maze001,27.689,3.2500,-0.9990,3.2500,18.18,
1,Maze001,27.693,3.2500,-0.9990,3.2500,18.18,
1,Maze001,27.697,3.2500,-0.9990,3.2500,18.18,
1,Maze001,27.702,3.2500,-0.9990,3.2500,18.18,
1,Maze001,27.706,3.2500,-0.9990,3.2500,18.18,
1,Maze001,27.710,3.2500,-0.9990,3.2500,18.18,
1,Maze001,27.714,3.2500,-0.9990,3.2500,18.18,
1,Maze001,27.718,3.2500,-0.9990,3.2500,18.18,
1,Maze001,27.722,3.2500,-0.9990,3.2500,18.18,
1,Maze001,27.726,3.2500,-0.9990,3.2500,18.18,
1,Maze001,27.731,3.2500,-0.9990,3.2500,18.18,
1,Maze001,27.735,3.2500,-0.9990,3.2500,18.18,
1,Maze001,27.739,3.2500,-0.9990,3.2500,18.18,
1,Maze001,27.743,3.2500,-0.9990,3.2500,18.18,
1,Maze001,27.747,3.2500,-0.9990,3.2500,18.18,
1,Maze001,27.752,3.2500,-0.9990,3.2500,18.18,
1,Maze001,27.756,3.2500,-0.9990,3.2500,18.18,
1,Maze001,27.760,3.2500,-0.9990,3.2500,18.18,
1,Maze001,27.764,3.2500,-0.9990,3.2500,18.18,
1,Maze001,27.768,3.2500,-0.9990,3.2500,18.18,
1,Maze001,27.773,3.2500,-0.9990,3.2500,18.18,
1,Maze001,27.777,3.2500,-0.9990,3.2500,18.18,
1,Maze001,27.781,3.2500,-0.9990,3.2500,18.18,
1,Maze001,27.785,3.2500,-0.9990,3.2500,18.18,
1,Maze001,27.789,3.2500,-0.9990,3.2500,18.18,
1,Maze001,27.794,3.2500,-0.9990,3.2500,18.18,
1,Maze001,27.798,3.2500,-0.9990,3.2500,18.18,
1,Maze001,27.802,3.2500,-0.9990,3.2500,18.18,
1,Maze001,27.806,3.2500,-0.9990,3.2500,18.18,
1,Maze001,27.810,3.2500,-0.9990,3.2500,18.18,
1,Maze001,27.814,3.2500,-0.9990,3.2500,18.18,
1,Maze001,27.818,3.2500,-0.9990,3.2500,18.18,
1,Maze001,27.823,3.2500,-0.9990,3.2500,18.18,
1,Maze001,27.827,3.2500,-0.9990,3.2500,18.18,
1,Maze001,27.831,3.2500,-0.9990,3.2500,18.18,
1,Maze001,27.835,3.2500,-0.9990,3.2500,18.18,
1,Maze001,27.839,3.2500,-0.9990,3.2500,18.18,
1,Maze001,27.843,3.2500,-0.9990,3.2500,18.18,
1,Maze001,27.847,3.2500,-0.9990,3.2500,18.18,
1,Maze001,27.852,3.2500,-0.9990,3.2500,18.18,
1,Maze001,27.856,3.2500,-0.9990,3.2500,18.18,
1,Maze001,27.860,3.2500,-0.9990,3.2500,18.18,
1,Maze001,27.864,3.2500,-0.9990,3.2500,18.18,
1,Maze001,27.868,3.2500,-0.9990,3.2500,18.18,
1,Maze001,27.873,3.2500,-0.9990,3.2500,18.18,
1,Maze001,27.877,3.2500,-0.9990,3.2500,18.18,
1,Maze001,27.881,3.2500,-0.9990,3.2500,18.18,
1,Maze001,27.885,3.2500,-0.9990,3.2500,18.18,
1,Maze001,27.889,3.2500,-0.9990,3.2500,18.18,
1,Maze001,27.893,3.2500,-0.9990,3.2500,18.18,
1,Maze001,27.898,3.2500,-0.9990,3.2500,18.18,
1,Maze001,27.902,3.2500,-0.9990,3.2500,18.18,
1,Maze001,27.906,3.2500,-0.9990,3.2500,18.18,
1,Maze001,27.910,3.2500,-0.9990,3.2500,18.18,
1,Maze001,27.914,3.2500,-0.9990,3.2500,18.18,
1,Maze001,27.919,3.2500,-0.9990,3.2500,18.18,
1,Maze001,27.923,3.2500,-0.9990,3.2500,18.18,
1,Maze001,27.927,3.2500,-0.9990,3.2500,18.18,
1,Maze001,27.931,3.2500,-0.9990,3.2500,18.18,
1,Maze001,27.936,3.2500,-0.9990,3.2500,18.18,
1,Maze001,27.939,3.2500,-0.9990,3.2500,18.18,
1,Maze001,27.943,3.2500,-0.9990,3.2500,18.18,
1,Maze001,27.947,3.2500,-0.9990,3.2500,18.18,
1,Maze001,27.951,3.2500,-0.9990,3.2500,18.18,
1,Maze001,27.955,3.2500,-0.9990,3.2500,18.18,
1,Maze001,27.960,3.2500,-0.9990,3.2500,18.18,
1,Maze001,27.964,3.2500,-0.9990,3.2500,18.18,
1,Maze001,27.968,3.2500,-0.9990,3.2500,18.18,
1,Maze001,27.972,3.2500,-0.9990,3.2500,18.18,
1,Maze001,27.976,3.2500,-0.9990,3.2500,18.18,
1,Maze001,27.981,3.2500,-0.9990,3.2500,18.18,
1,Maze001,27.985,3.2500,-0.9990,3.2500,18.18,
1,Maze001,27.989,3.2500,-0.9990,3.2500,18.18,
1,Maze001,27.993,3.2500,-0.9990,3.2500,18.18,
1,Maze001,27.997,3.2500,-0.9990,3.2500,18.18,
1,Maze001,28.002,3.2500,-0.9990,3.2500,18.18,
1,Maze001,28.006,3.2500,-0.9990,3.2500,18.18,
1,Maze001,28.010,3.2500,-0.9990,3.2500,18.18,
1,Maze001,28.014,3.2500,-0.9990,3.2500,18.18,
1,Maze001,28.018,3.2500,-0.9990,3.2500,18.18,
1,Maze001,28.022,3.2500,-0.9990,3.2500,18.18,
1,Maze001,28.028,3.2500,-0.9990,3.2500,18.18,
1,Maze001,28.031,3.2500,-0.9990,3.2500,18.18,
1,Maze001,28.035,3.2500,-0.9990,3.2500,18.18,
1,Maze001,28.039,3.2500,-0.9990,3.2500,18.18,
1,Maze001,28.043,3.2500,-0.9990,3.2500,18.18,
1,Maze001,28.048,3.2500,-0.9990,3.2500,18.18,
1,Maze001,28.052,3.2500,-0.9990,3.2500,18.18,
1,Maze001,28.056,3.2500,-0.9990,3.2500,18.18,
1,Maze001,28.060,3.2500,-0.9990,3.2500,18.18,
1,Maze001,28.065,3.2500,-0.9990,3.2500,18.18,
1,Maze001,28.068,3.2500,-0.9990,3.2500,18.18,
1,Maze001,28.073,3.2500,-0.9990,3.2500,18.18,
1,Maze001,28.077,3.2500,-0.9990,3.2500,18.18,
1,Maze001,28.081,3.2500,-0.9990,3.2500,18.18,
1,Maze001,28.085,3.2500,-0.9990,3.2500,18.18,
1,Maze001,28.089,3.2500,-0.9990,3.2500,18.18,
1,Maze001,28.093,3.2500,-0.9990,3.2500,18.18,
1,Maze001,28.098,3.2500,-0.9990,3.2500,18.18,
1,Maze001,28.102,3.2500,-0.9990,3.2500,18.18,
1,Maze001,28.106,3.2500,-0.9990,3.2500,18.18,
1,Maze001,28.110,3.2500,-0.9990,3.2500,18.18,
1,Maze001,28.114,3.2500,-0.9990,3.2500,18.18,
1,Maze001,28.118,3.2500,-0.9990,3.2500,18.18,
1,Maze001,28.123,3.2500,-0.9990,3.2500,18.18,
1,Maze001,28.127,3.2500,-0.9990,3.2500,18.18,
1,Maze001,28.131,3.2500,-0.9990,3.2500,18.18,
1,Maze001,28.135,3.2500,-0.9990,3.2500,18.18,
1,Maze001,28.139,3.2500,-0.9990,3.2500,18.18,
1,Maze001,28.143,3.2500,-0.9990,3.2500,18.18,
1,Maze001,28.148,3.2500,-0.9990,3.2500,18.18,
1,Maze001,28.152,3.2500,-0.9990,3.2500,18.18,
1,Maze001,28.156,3.2500,-0.9990,3.2500,18.18,
1,Maze001,28.160,3.2500,-0.9990,3.2500,18.18,
1,Maze001,28.164,3.2500,-0.9990,3.2500,18.18,
1,Maze001,28.168,3.2500,-0.9990,3.2500,18.18,
1,Maze001,28.172,3.2500,-0.9990,3.2500,18.18,
1,Maze001,28.176,3.2500,-0.9990,3.2500,18.18,
1,Maze001,28.180,3.2500,-0.9990,3.2500,18.18,
1,Maze001,28.185,3.2500,-0.9990,3.2500,18.18,
1,Maze001,28.189,3.2500,-0.9990,3.2500,18.18,
1,Maze001,28.193,3.2500,-0.9990,3.2500,18.18,
1,Maze001,28.197,3.2500,-0.9990,3.2500,18.18,
1,Maze001,28.202,3.2500,-0.9990,3.2500,18.18,
1,Maze001,28.206,3.2500,-0.9990,3.2500,18.18,
1,Maze001,28.210,3.2500,-0.9990,3.2500,18.18,
1,Maze001,28.214,3.2500,-0.9990,3.2500,18.18,
1,Maze001,28.218,3.2500,-0.9990,3.2500,18.18,
1,Maze001,28.223,3.2500,-0.9990,3.2500,18.18,
1,Maze001,28.227,3.2500,-0.9990,3.2500,18.18,
1,Maze001,28.231,3.2500,-0.9990,3.2500,18.18,
1,Maze001,28.235,3.2500,-0.9990,3.2500,18.18,
1,Maze001,28.239,3.2500,-0.9990,3.2500,18.18,
1,Maze001,28.243,3.2500,-0.9990,3.2500,18.18,
1,Maze001,28.251,3.2500,-0.9990,3.2500,18.18,
1,Maze001,28.256,3.2500,-0.9990,3.2500,18.18,
1,Maze001,28.260,3.2500,-0.9990,3.2500,18.18,
1,Maze001,28.264,3.2500,-0.9990,3.2500,18.18,
1,Maze001,28.268,3.2500,-0.9990,3.2500,18.18,
1,Maze001,28.272,3.2500,-0.9990,3.2500,18.18,
1,Maze001,28.277,3.2500,-0.9990,3.2500,18.18,
1,Maze001,28.281,3.2500,-0.9990,3.2500,18.18,
1,Maze001,28.285,3.2500,-0.9990,3.2500,18.18,
1,Maze001,28.289,3.2500,-0.9990,3.2500,18.18,
1,Maze001,28.294,3.2500,-0.9990,3.2500,18.18,
1,Maze001,28.298,3.2500,-0.9990,3.2500,18.18,
1,Maze001,28.302,3.2500,-0.9990,3.2500,18.18,
1,Maze001,28.306,3.2500,-0.9990,3.2500,18.18,
1,Maze001,28.311,3.2500,-0.9990,3.2500,18.18,
1,Maze001,28.314,3.2500,-0.9990,3.2500,18.18,
1,Maze001,28.318,3.2500,-0.9990,3.2500,18.18,
1,Maze001,28.322,3.2500,-0.9990,3.2500,18.18,
1,Maze001,28.327,3.2500,-0.9990,3.2500,18.18,
1,Maze001,28.331,3.2500,-0.9990,3.2500,18.18,
1,Maze001,28.335,3.2500,-0.9990,3.2500,18.18,
1,Maze001,28.339,3.2500,-0.9990,3.2500,18.18,
1,Maze001,28.343,3.2500,-0.9990,3.2500,18.18,
1,Maze001,28.347,3.2500,-0.9990,3.2500,18.18,
1,Maze001,28.351,3.2500,-0.9990,3.2500,18.18,
1,Maze001,28.355,3.2500,-0.9990,3.2500,18.18,
1,Maze001,28.360,3.2500,-0.9990,3.2500,18.18,
1,Maze001,28.364,3.2500,-0.9990,3.2500,18.18,
1,Maze001,28.369,3.2500,-0.9990,3.2500,18.18,
1,Maze001,28.575,3.2500,-0.9990,3.2500,18.18,
1,Maze001,28.582,3.2500,-0.9990,3.2500,18.18,
1,Maze001,28.590,3.2500,-0.9990,3.2500,18.18,
1,Maze001,28.594,3.2500,-0.9990,3.2500,18.18,
1,Maze001,28.799,3.2500,-0.9990,3.2500,18.18,
1,Maze001,28.806,3.2500,-0.9990,3.2500,18.18,
1,Maze001,28.810,3.2500,-0.9990,3.2500,18.18,
1,Maze001,28.814,3.2500,-0.9990,3.2500,18.18,
1,Maze001,28.818,3.2500,-0.9990,3.2500,18.18,
1,Maze001,28.823,3.2500,-0.9990,3.2500,18.18,
1,Maze001,28.826,3.2500,-0.9990,3.2500,18.18,
1,Maze001,28.831,3.2500,-0.9990,3.2500,18.18,
1,Maze001,28.835,3.2500,-0.9990,3.2500,18.18,
1,Maze001,28.840,3.2500,-0.9990,3.2500,18.18,
1,Maze001,28.843,3.2500,-0.9990,3.2500,18.18,
1,Maze001,28.847,3.2500,-0.9990,3.2500,18.18,
1,Maze001,28.852,3.2500,-0.9990,3.2500,18.18,
1,Maze001,28.856,3.2500,-0.9990,3.2500,18.18,
1,Maze001,28.860,3.2500,-0.9990,3.2500,18.18,
1,Maze001,28.864,3.2500,-0.9990,3.2500,18.18,
1,Maze001,28.868,3.2500,-0.9990,3.2500,18.18,
1,Maze001,28.872,3.2500,-0.9990,3.2500,18.18,
1,Maze001,28.876,3.2500,-0.9990,3.2500,18.18,
1,Maze001,28.880,3.2500,-0.9990,3.2500,18.18,
1,Maze001,28.885,3.2500,-0.9990,3.2500,18.18,
1,Maze001,28.891,3.2500,-0.9990,3.2500,18.18,
1,Maze001,29.095,3.2500,-0.9990,3.2500,18.18,
1,Maze001,29.103,3.2500,-0.9990,3.2500,18.18,
1,Maze001,29.106,3.2500,-0.9990,3.2500,18.18,
1,Maze001,29.312,3.2500,-0.9990,3.2500,18.18,
1,Maze001,29.316,3.2500,-0.9990,3.2500,18.18,
1,Maze001,29.522,3.2500,-0.9990,3.2500,18.18,
1,Maze001,29.528,3.2500,-0.9990,3.2500,18.18,
1,Maze001,29.734,3.2500,-0.9990,3.2500,18.18,
1,Maze001,29.737,3.2500,-0.9990,3.2500,18.18,
1,Maze001,29.743,3.2500,-0.9990,3.2500,18.18,
1,Maze001,29.747,3.2500,-0.9990,3.2500,18.18,
1,Maze001,29.752,3.2500,-0.9990,3.2500,18.18,
1,Maze001,29.756,3.2500,-0.9990,3.2500,18.18,
1,Maze001,29.760,3.2500,-0.9990,3.2500,18.18,
1,Maze001,29.764,3.2500,-0.9990,3.2500,18.18,
1,Maze001,29.768,3.2500,-0.9990,3.2500,18.18,
1,Maze001,29.772,3.2500,-0.9990,3.2500,18.18,
1,Maze001,29.776,3.2500,-0.9990,3.2500,18.18,
1,Maze001,29.781,3.2500,-0.9990,3.2500,18.18,
1,Maze001,29.785,3.2500,-0.9990,3.2500,18.18,
1,Maze001,29.789,3.2500,-0.9990,3.2500,18.18,
1,Maze001,29.793,3.2500,-0.9990,3.2500,18.18,
1,Maze001,29.797,3.2500,-0.9990,3.2500,18.18,
1,Maze001,29.802,3.2500,-0.9990,3.2500,18.18,
1,Maze001,29.805,3.2500,-0.9990,3.2500,18.18,
1,Maze001,29.810,3.2500,-0.9990,3.2500,18.18,
1,Maze001,29.814,3.2500,-0.9990,3.2500,18.18,
1,Maze001,29.818,3.2500,-0.9990,3.2500,18.18,
1,Maze001,29.823,3.2500,-0.9990,3.2500,18.18,
1,Maze001,29.826,3.2500,-0.9990,3.2500,18.18,
1,Maze001,29.831,3.2500,-0.9990,3.2500,18.18,
1,Maze001,29.835,3.2500,-0.9990,3.2500,18.18,
1,Maze001,29.839,3.2500,-0.9990,3.2500,18.18,
1,Maze001,29.843,3.2500,-0.9990,3.2500,18.18,
1,Maze001,29.848,3.2500,-0.9990,3.2500,18.18,
1,Maze001,29.851,3.2500,-0.9990,3.2500,18.18,
1,Maze001,29.856,3.2500,-0.9990,3.2500,18.18,
1,Maze001,29.860,3.2500,-0.9990,3.2500,18.18,
1,Maze001,29.864,3.2500,-0.9990,3.2500,18.18,
1,Maze001,29.868,3.2500,-0.9990,3.2500,18.18,
1,Maze001,29.872,3.2500,-0.9990,3.2500,18.18,
1,Maze001,29.876,3.2500,-0.9990,3.2500,18.18,
1,Maze001,29.880,3.2500,-0.9990,3.2500,18.18,
1,Maze001,29.885,3.2500,-0.9990,3.2500,18.18,
1,Maze001,29.889,3.2500,-0.9990,3.2500,18.18,
1,Maze001,29.893,3.2500,-0.9990,3.2500,18.18,
1,Maze001,29.897,3.2500,-0.9990,3.2500,18.18,
1,Maze001,29.901,3.2500,-0.9990,3.2500,18.18,
1,Maze001,29.906,3.2500,-0.9990,3.2500,18.18,
1,Maze001,29.910,3.2500,-0.9990,3.2500,18.18,
1,Maze001,29.914,3.2500,-0.9990,3.2500,18.18,
1,Maze001,29.919,3.2500,-0.9990,3.2500,18.18,
1,Maze001,29.922,3.2500,-0.9990,3.2500,18.18,
1,Maze001,29.927,3.2500,-0.9990,3.2500,18.18,
1,Maze001,29.931,3.2500,-0.9990,3.2500,18.18,
1,Maze001,29.935,3.2500,-0.9990,3.2500,18.18,
1,Maze001,29.939,3.2500,-0.9990,3.2500,18.18,
1,Maze001,29.943,3.2500,-0.9990,3.2500,18.18,
1,Maze001,29.948,3.2500,-0.9990,3.2500,18.18,
1,Maze001,29.951,3.2500,-0.9990,3.2500,18.18,
1,Maze001,29.955,3.2500,-0.9990,3.2500,18.18,
1,Maze001,29.960,3.2500,-0.9990,3.2500,18.18,
1,Maze001,29.964,3.2500,-0.9990,3.2500,18.18,
1,Maze001,29.968,3.2500,-0.9990,3.2500,18.18,
1,Maze001,29.972,3.2500,-0.9990,3.2500,18.18,
1,Maze001,29.977,3.2500,-0.9990,3.2500,18.18,
1,Maze001,29.980,3.2500,-0.9990,3.2500,18.18,
1,Maze001,29.985,3.2500,-0.9990,3.2500,18.18,
1,Maze001,29.990,3.2500,-0.9990,3.2500,18.18,
1,Maze001,29.993,3.2500,-0.9990,3.2500,18.18,
1,Maze001,29.997,3.2500,-0.9990,3.2500,18.18,
1,Maze001,30.002,3.2500,-0.9990,3.2500,18.18,
1,Maze001,30.006,3.2500,-0.9990,3.2500,18.18,
1,Maze001,30.010,3.2500,-0.9990,3.2500,18.18,
1,Maze001,30.014,3.2500,-0.9990,3.2500,18.18,
1,Maze001,30.018,3.2500,-0.9990,3.2500,18.18,
1,Maze001,30.022,3.2500,-0.9990,3.2500,18.18,
1,Maze001,30.027,3.2500,-0.9990,3.2500,18.18,
1,Maze001,30.031,3.2500,-0.9990,3.2500,18.18,
1,Maze001,30.035,3.2500,-0.9990,3.2500,18.18,
1,Maze001,30.039,3.2500,-0.9990,3.2500,18.18,
1,Maze001,30.043,3.2500,-0.9990,3.2500,18.18,
1,Maze001,30.047,3.2500,-0.9990,3.2500,18.18,
1,Maze001,30.052,3.2500,-0.9990,3.2500,18.18,
1,Maze001,30.056,3.2500,-0.9990,3.2500,18.18,
1,Maze001,30.060,3.2500,-0.9990,3.2500,18.18,
1,Maze001,30.064,3.2500,-0.9990,3.2500,18.18,
1,Maze001,30.069,3.2500,-0.9990,3.2500,18.18,
1,Maze001,30.076,3.2500,-0.9990,3.2500,18.18,
1,Maze001,30.081,3.2500,-0.9990,3.2500,18.18,
1,Maze001,30.084,3.2500,-0.9990,3.2500,18.18,
1,Maze001,30.089,3.2500,-0.9990,3.2500,18.18,
1,Maze001,30.093,3.2500,-0.9990,3.2500,18.18,
1,Maze001,30.098,3.2500,-0.9990,3.2500,18.18,
1,Maze001,30.102,3.2500,-0.9990,3.2500,18.18,
1,Maze001,30.105,3.2500,-0.9990,3.2500,18.18,
1,Maze001,30.110,3.2500,-0.9990,3.2500,18.18,
1,Maze001,30.114,3.2500,-0.9990,3.2500,18.18,
1,Maze001,30.119,3.2500,-0.9990,3.2500,18.18,
1,Maze001,30.123,3.2500,-0.9990,3.2500,18.18,
1,Maze001,30.131,3.2500,-0.9990,3.2500,18.18,
1,Maze001,30.135,3.2500,-0.9990,3.2500,18.18,
1,Maze001,30.139,3.2500,-0.9990,3.2500,18.18,
1,Maze001,30.144,3.2500,-0.9990,3.2500,18.18,
1,Maze001,30.147,3.2500,-0.9990,3.2500,18.28,
1,Maze001,30.152,3.2500,-0.9990,3.2500,18.28,
1,Maze001,30.156,3.2500,-0.9990,3.2500,18.28,
1,Maze001,30.160,3.2500,-0.9990,3.2500,18.33,
1,Maze001,30.164,3.2500,-0.9990,3.2500,18.33,
1,Maze001,30.168,3.2500,-0.9990,3.2500,18.33,
1,Maze001,30.173,3.2500,-0.9990,3.2500,18.33,
1,Maze001,30.181,3.2500,-0.9990,3.2500,18.39,
1,Maze001,30.185,3.2500,-0.9990,3.2500,18.39,
1,Maze001,30.190,3.2500,-0.9990,3.2500,18.39,
1,Maze001,30.197,3.2500,-0.9990,3.2500,18.39,
1,Maze001,30.202,3.2500,-0.9990,3.2500,18.49,
1,Maze001,30.206,3.2500,-0.9990,3.2500,18.49,
1,Maze001,30.210,3.2500,-0.9990,3.2500,18.49,
1,Maze001,30.214,3.2500,-0.9990,3.2500,18.49,
1,Maze001,30.218,3.2500,-0.9990,3.2500,18.49,
1,Maze001,30.223,3.2500,-0.9990,3.2500,18.49,
1,Maze001,30.227,3.2500,-0.9990,3.2500,18.49,
1,Maze001,30.231,3.2500,-0.9990,3.2500,18.54,
1,Maze001,30.236,3.2500,-0.9990,3.2500,18.54,
1,Maze001,30.239,3.2500,-0.9990,3.2500,18.54,
1,Maze001,30.243,3.2500,-0.9990,3.2500,18.54,
1,Maze001,30.247,3.2500,-0.9990,3.2500,18.54,
1,Maze001,30.252,3.2500,-0.9990,3.2500,18.54,
1,Maze001,30.256,3.2500,-0.9990,3.2500,18.54,
1,Maze001,30.260,3.2500,-0.9990,3.2500,18.54,
1,Maze001,30.264,3.2500,-0.9990,3.2500,18.54,
1,Maze001,30.268,3.2500,-0.9990,3.2500,18.54,
1,Maze001,30.272,3.2500,-0.9990,3.2500,18.54,
1,Maze001,30.277,3.2500,-0.9990,3.2500,18.54,
1,Maze001,30.281,3.2500,-0.9990,3.2500,18.54,
1,Maze001,30.285,3.2500,-0.9990,3.2500,18.54,
1,Maze001,30.289,3.2500,-0.9990,3.2500,18.54,
1,Maze001,30.293,3.2500,-0.9990,3.2500,18.54,
1,Maze001,30.298,3.2500,-0.9990,3.2500,18.54,
1,Maze001,30.302,3.2500,-0.9990,3.2500,18.54,
1,Maze001,30.306,3.2500,-0.9990,3.2500,18.54,
1,Maze001,30.310,3.2500,-0.9990,3.2500,18.54,
1,Maze001,30.314,3.2500,-0.9990,3.2500,18.54,
1,Maze001,30.318,3.2500,-0.9990,3.2500,18.54,
1,Maze001,30.322,3.2500,-0.9990,3.2500,18.54,
1,Maze001,30.326,3.2500,-0.9990,3.2500,18.54,
1,Maze001,30.331,3.2500,-0.9990,3.2500,18.54,
1,Maze001,30.335,3.2500,-0.9990,3.2500,18.54,
1,Maze001,30.339,3.2500,-0.9990,3.2500,18.54,
1,Maze001,30.343,3.2500,-0.9990,3.2500,18.54,
1,Maze001,30.347,3.2500,-0.9990,3.2500,18.54,
1,Maze001,30.352,3.2500,-0.9990,3.2500,18.54,
1,Maze001,30.355,3.2500,-0.9990,3.2500,18.54,
1,Maze001,30.360,3.2500,-0.9990,3.2500,18.54,
1,Maze001,30.364,3.2500,-0.9990,3.2500,18.54,
1,Maze001,30.368,3.2500,-0.9990,3.2500,18.54,
1,Maze001,30.372,3.2500,-0.9990,3.2500,18.54,
1,Maze001,30.376,3.2500,-0.9990,3.2500,18.54,
1,Maze001,30.380,3.2500,-0.9990,3.2500,18.54,
1,Maze001,30.384,3.2500,-0.9990,3.2500,18.54,
1,Maze001,30.389,3.2500,-0.9990,3.2500,18.54,
1,Maze001,30.393,3.2500,-0.9990,3.2500,18.54,
1,Maze001,30.397,3.2500,-0.9990,3.2500,18.54,
1,Maze001,30.401,3.2500,-0.9990,3.2500,18.54,
1,Maze001,30.405,3.2500,-0.9990,3.2500,18.54,
1,Maze001,30.410,3.2500,-0.9990,3.2500,18.54,
1,Maze001,30.414,3.2500,-0.9990,3.2500,18.54,
1,Maze001,30.418,3.2500,-0.9990,3.2500,18.54,
1,Maze001,30.422,3.2500,-0.9990,3.2500,18.54,
1,Maze001,30.426,3.2500,-0.9990,3.2500,18.54,
1,Maze001,30.431,3.2500,-0.9990,3.2500,18.54,
1,Maze001,30.434,3.2500,-0.9990,3.2500,18.54,
1,Maze001,30.439,3.2500,-0.9990,3.2500,18.54,
1,Maze001,30.443,3.2500,-0.9990,3.2500,18.54,
1,Maze001,30.447,3.2500,-0.9990,3.2500,18.54,
1,Maze001,30.451,3.2500,-0.9990,3.2500,18.54,
1,Maze001,30.456,3.2500,-0.9990,3.2500,18.54,
1,Maze001,30.460,3.2500,-0.9990,3.2500,18.54,
1,Maze001,30.464,3.2500,-0.9990,3.2500,18.54,
1,Maze001,30.468,3.2500,-0.9990,3.2500,18.54,
1,Maze001,30.472,3.2500,-0.9990,3.2500,18.54,
1,Maze001,30.476,3.2500,-0.9990,3.2500,18.54,
1,Maze001,30.481,3.2500,-0.9990,3.2500,18.54,
1,Maze001,30.485,3.2500,-0.9990,3.2500,18.54,
1,Maze001,30.489,3.2500,-0.9990,3.2500,18.54,
1,Maze001,30.493,3.2500,-0.9990,3.2500,18.54,
1,Maze001,30.498,3.2500,-0.9990,3.2500,18.54,
1,Maze001,30.502,3.2500,-0.9990,3.2500,18.54,
1,Maze001,30.506,3.2500,-0.9990,3.2500,18.54,
1,Maze001,30.510,3.2500,-0.9990,3.2500,18.54,
1,Maze001,30.514,3.2500,-0.9990,3.2500,18.54,
1,Maze001,30.518,3.2500,-0.9990,3.2500,18.54,
1,Maze001,30.523,3.2500,-0.9990,3.2500,18.54,
1,Maze001,30.526,3.2500,-0.9990,3.2500,18.54,
1,Maze001,30.532,3.2500,-0.9990,3.2500,18.54,
1,Maze001,30.536,3.2500,-0.9990,3.2500,18.54,
1,Maze001,30.539,3.2500,-0.9990,3.2500,18.54,
1,Maze001,30.544,3.2500,-0.9990,3.2500,18.54,
1,Maze001,30.547,3.2500,-0.9990,3.2500,18.54,
1,Maze001,30.552,3.2500,-0.9990,3.2500,18.54,
1,Maze001,30.556,3.2500,-0.9990,3.2500,18.54,
1,Maze001,30.560,3.2500,-0.9990,3.2500,18.54,
1,Maze001,30.564,3.2500,-0.9990,3.2500,18.54,
1,Maze001,30.568,3.2500,-0.9990,3.2500,18.54,
1,Maze001,30.573,3.2500,-0.9990,3.2500,18.54,
1,Maze001,30.576,3.2500,-0.9990,3.2500,18.54,
1,Maze001,30.581,3.2500,-0.9990,3.2500,18.54,
1,Maze001,30.585,3.2500,-0.9990,3.2500,18.54,
1,Maze001,30.590,3.2500,-0.9990,3.2500,18.54,
1,Maze001,30.593,3.2500,-0.9990,3.2500,18.54,
1,Maze001,30.597,3.2500,-0.9990,3.2500,18.54,
1,Maze001,30.602,3.2500,-0.9990,3.2500,18.54,
1,Maze001,30.606,3.2500,-0.9990,3.2500,18.54,
1,Maze001,30.611,3.2500,-0.9990,3.2500,18.54,
1,Maze001,30.614,3.2500,-0.9990,3.2500,18.54,
1,Maze001,30.619,3.2500,-0.9990,3.2500,18.54,
1,Maze001,30.623,3.2500,-0.9990,3.2500,18.54,
1,Maze001,30.627,3.2500,-0.9990,3.2500,18.54,
1,Maze001,30.631,3.2500,-0.9990,3.2500,18.54,
1,Maze001,30.635,3.2500,-0.9990,3.2500,18.54,
1,Maze001,30.639,3.2500,-0.9990,3.2500,18.54,
1,Maze001,30.644,3.2500,-0.9990,3.2500,18.54,
1,Maze001,30.647,3.2500,-0.9990,3.2500,18.54,
1,Maze001,30.652,3.2500,-0.9990,3.2500,18.54,
1,Maze001,30.656,3.2500,-0.9990,3.2500,18.54,
1,Maze001,30.660,3.2500,-0.9990,3.2500,18.54,
1,Maze001,30.664,3.2500,-0.9990,3.2500,18.54,
1,Maze001,30.668,3.2500,-0.9990,3.2500,18.54,
1,Maze001,30.673,3.2500,-0.9990,3.2500,18.54,
1,Maze001,30.676,3.2500,-0.9990,3.2500,18.54,
1,Maze001,30.681,3.2500,-0.9990,3.2500,18.54,
1,Maze001,30.685,3.2500,-0.9990,3.2500,18.54,
1,Maze001,30.689,3.2500,-0.9990,3.2500,18.54,
1,Maze001,30.693,3.2500,-0.9990,3.2500,18.54,
1,Maze001,30.697,3.2500,-0.9990,3.2500,18.54,
1,Maze001,30.702,3.2500,-0.9990,3.2500,18.54,
1,Maze001,30.705,3.2500,-0.9990,3.2500,18.54,
1,Maze001,30.710,3.2500,-0.9990,3.2500,18.54,
1,Maze001,30.714,3.2500,-0.9990,3.2500,18.54,
1,Maze001,30.718,3.2500,-0.9990,3.2500,18.54,
1,Maze001,30.723,3.2500,-0.9990,3.2500,18.54,
1,Maze001,30.727,3.2500,-0.9990,3.2500,18.54,
1,Maze001,30.731,3.2500,-0.9990,3.2500,18.54,
1,Maze001,30.737,3.2500,-0.9990,3.2500,18.54,
2,Maze001,0.203,3.2500,-0.9990,3.2500,45.00,
2,Maze001,0.413,3.2500,-0.9990,3.2500,45.00,
2,Maze001,0.417,3.2500,-0.9990,3.2500,45.00,
2,Maze001,0.624,3.2500,-0.9990,3.2500,45.00,
2,Maze001,0.627,3.2500,-0.9990,3.2500,45.00,
2,Maze001,0.631,3.2500,-0.9990,3.2500,45.00,
2,Maze001,0.636,3.2500,-0.9990,3.2500,45.00,
2,Maze001,0.640,3.2500,-0.9990,3.2500,45.00,
2,Maze001,0.644,3.2500,-0.9990,3.2500,45.00,
2,Maze001,0.648,3.2500,-0.9990,3.2500,45.00,
2,Maze001,0.653,3.2500,-0.9990,3.2500,45.00,
2,Maze001,0.657,3.2500,-0.9990,3.2500,45.00,
2,Maze001,0.864,3.2500,-0.9990,3.2500,45.00,
2,Maze001,0.866,3.2500,-0.9990,3.2500,45.00,
2,Maze001,0.873,3.2500,-0.9990,3.2500,45.00,
2,Maze001,0.877,3.2500,-0.9990,3.2500,45.00,
2,Maze001,0.881,3.2500,-0.9990,3.2500,45.00,
2,Maze001,0.885,3.2500,-0.9990,3.2500,45.00,
2,Maze001,0.889,3.2500,-0.9990,3.2500,45.00,
2,Maze001,0.894,3.2500,-0.9990,3.2500,45.00,
2,Maze001,0.898,3.2500,-0.9990,3.2500,45.00,
2,Maze001,0.902,3.2500,-0.9990,3.2500,45.00,
2,Maze001,0.907,3.2500,-0.9990,3.2500,45.00,
2,Maze001,0.910,3.2500,-0.9990,3.2500,45.00,
2,Maze001,0.915,3.2500,-0.9990,3.2500,45.00,
2,Maze001,0.919,3.2500,-0.9990,3.2500,45.00,
2,Maze001,0.923,3.2500,-0.9990,3.2500,45.00,
2,Maze001,0.927,3.2500,-0.9990,3.2500,45.00,
2,Maze001,0.932,3.2500,-0.9990,3.2500,45.00,
2,Maze001,0.935,3.2500,-0.9990,3.2500,45.00,
2,Maze001,0.940,3.2500,-0.9990,3.2500,45.00,
2,Maze001,0.944,3.2500,-0.9990,3.2500,45.00,
2,Maze001,0.948,3.2500,-0.9990,3.2500,45.00,
2,Maze001,0.952,3.2500,-0.9990,3.2500,45.00,
2,Maze001,0.957,3.2500,-0.9990,3.2500,45.00,
2,Maze001,0.961,3.2500,-0.9990,3.2500,45.00,
2,Maze001,0.965,3.2500,-0.9990,3.2500,45.00,
2,Maze001,0.969,3.2500,-0.9990,3.2500,45.00,
2,Maze001,0.973,3.2500,-0.9990,3.2500,45.00,
2,Maze001,0.978,3.2500,-0.9990,3.2500,45.00,
2,Maze001,0.981,3.2500,-0.9990,3.2500,45.00,
2,Maze001,0.985,3.2500,-0.9990,3.2500,45.00,
2,Maze001,0.990,3.2500,-0.9990,3.2500,45.00,
2,Maze001,0.994,3.2500,-0.9990,3.2500,45.00,
2,Maze001,0.998,3.2500,-0.9990,3.2500,45.00,
2,Maze001,1.003,3.2500,-0.9990,3.2500,45.00,
2,Maze001,1.007,3.2500,-0.9990,3.2500,45.00,
2,Maze001,1.010,3.2500,-0.9990,3.2500,45.00,
2,Maze001,1.014,3.2500,-0.9990,3.2500,45.00,
2,Maze001,1.019,3.2500,-0.9990,3.2500,45.00,
2,Maze001,1.023,3.2500,-0.9990,3.2500,45.00,
2,Maze001,1.027,3.2500,-0.9990,3.2500,45.00,
2,Maze001,1.031,3.2500,-0.9990,3.2500,45.00,
2,Maze001,1.035,3.2500,-0.9990,3.2500,45.00,
2,Maze001,1.040,3.2500,-0.9990,3.2500,45.00,
2,Maze001,1.044,3.2500,-0.9990,3.2500,45.00,
2,Maze001,1.048,3.2500,-0.9990,3.2500,45.00,
2,Maze001,1.052,3.2500,-0.9990,3.2500,45.00,
2,Maze001,1.056,3.2500,-0.9990,3.2500,45.00,
2,Maze001,1.060,3.2500,-0.9990,3.2500,45.00,
2,Maze001,1.066,3.2500,-0.9990,3.2500,45.00,
2,Maze001,1.069,3.2500,-0.9990,3.2500,45.00,
2,Maze001,1.073,3.2500,-0.9990,3.2500,45.00,
2,Maze001,1.078,3.2500,-0.9990,3.2500,45.00,
2,Maze001,1.081,3.2500,-0.9990,3.2500,45.00,
2,Maze001,1.086,3.2500,-0.9990,3.2500,45.00,
2,Maze001,1.090,3.2500,-0.9990,3.2500,45.00,
2,Maze001,1.094,3.2500,-0.9990,3.2500,45.00,
2,Maze001,1.098,3.2500,-0.9990,3.2500,45.00,
2,Maze001,1.103,3.2500,-0.9990,3.2500,45.00,
2,Maze001,1.310,3.2500,-0.9990,3.2500,45.00,
2,Maze001,1.313,3.2500,-0.9990,3.2500,45.00,
2,Maze001,1.319,3.2500,-0.9990,3.2500,45.00,
2,Maze001,1.323,3.2500,-0.9990,3.2500,45.00,
2,Maze001,1.327,3.2500,-0.9990,3.2500,45.00,
2,Maze001,1.331,3.2500,-0.9990,3.2500,45.00,
2,Maze001,1.336,3.2500,-0.9990,3.2500,45.00,
2,Maze001,1.542,3.2500,-0.9990,3.2500,45.00,
2,Maze001,1.548,3.2500,-0.9990,3.2500,45.00,
2,Maze001,1.552,3.2500,-0.9990,3.2500,45.00,
2,Maze001,1.556,3.2500,-0.9990,3.2500,45.00,
2,Maze001,1.560,3.2500,-0.9990,3.2500,45.00,
2,Maze001,1.564,3.2500,-0.9990,3.2500,45.00,
2,Maze001,1.568,3.2500,-0.9990,3.2500,45.00,
2,Maze001,1.573,3.2500,-0.9990,3.2500,45.00,
2,Maze001,1.577,3.2500,-0.9990,3.2500,45.00,
2,Maze001,1.581,3.2500,-0.9990,3.2500,45.00,
2,Maze001,1.585,3.2500,-0.9990,3.2500,45.00,
2,Maze001,1.590,3.2500,-0.9990,3.2500,45.00,
2,Maze001,1.594,3.2500,-0.9990,3.2500,45.00,
2,Maze001,1.598,3.2500,-0.9990,3.2500,45.00,
2,Maze001,1.602,3.2500,-0.9990,3.2500,45.00,
2,Maze001,1.606,3.2500,-0.9990,3.2500,45.00,
2,Maze001,1.610,3.2500,-0.9990,3.2500,45.00,
2,Maze001,1.615,3.2500,-0.9990,3.2500,45.00,
2,Maze001,1.619,3.2500,-0.9990,3.2500,45.00,
2,Maze001,1.623,3.2500,-0.9990,3.2500,49.79,
2,Maze001,1.627,3.2500,-0.9990,3.2500,49.79,
2,Maze001,1.633,3.2500,-0.9990,3.2500,50.31,
2,Maze001,1.636,3.2500,-0.9990,3.2500,51.20,
2,Maze001,1.640,3.2500,-0.9990,3.2500,51.20,
2,Maze001,1.644,3.2500,-0.9990,3.2500,51.20,
2,Maze001,1.648,3.2500,-0.9990,3.2500,52.29,
2,Maze001,1.652,3.2500,-0.9990,3.2500,53.28,
2,Maze001,1.656,3.2500,-0.9990,3.2500,53.28,
2,Maze001,1.662,3.2500,-0.9990,3.2500,54.38,
2,Maze001,1.665,3.2500,-0.9990,3.2500,54.38,
2,Maze001,1.669,3.2500,-0.9990,3.2500,55.21,
2,Maze001,1.673,3.2500,-0.9990,3.2500,55.21,
2,Maze001,1.677,3.2500,-0.9990,3.2500,56.09,
2,Maze001,1.681,3.2500,-0.9990,3.2500,56.88,
2,Maze001,1.686,3.2500,-0.9990,3.2500,56.88,
2,Maze001,1.691,3.2500,-0.9990,3.2500,57.60,
2,Maze001,1.694,3.2500,-0.9990,3.2500,58.18,
2,Maze001,1.698,3.2500,-0.9990,3.2500,58.18,
2,Maze001,1.703,3.2500,-0.9990,3.2500,58.59,
2,Maze001,1.706,3.2500,-0.9990,3.2500,58.59,
2,Maze001,1.710,3.2500,-0.9990,3.2500,59.01,
2,Maze001,1.714,3.2500,-0.9990,3.2500,59.01,
2,Maze001,1.719,3.2500,-0.9990,3.2500,59.38,
2,Maze001,1.723,3.2500,-0.9990,3.2500,59.69,
2,Maze001,1.727,3.2500,-0.9990,3.2500,59.69,
2,Maze001,1.731,3.2500,-0.9990,3.2500,60.05,
2,Maze001,1.735,3.2500,-0.9990,3.2500,60.05,
2,Maze001,1.740,3.2500,-0.9990,3.2500,60.36,
2,Maze001,1.743,3.2500,-0.9990,3.2500,60.68,
2,Maze001,1.748,3.2500,-0.9990,3.2500,60.68,
2,Maze001,1.752,3.2500,-0.9990,3.2500,60.89,
2,Maze001,1.756,3.2500,-0.9990,3.2500,60.89,
2,Maze001,1.761,3.2500,-0.9990,3.2500,61.35,
2,Maze001,1.764,3.2500,-0.9990,3.2500,61.35,
2,Maze001,1.770,3.2500,-0.9990,3.2500,61.82,
2,Maze001,1.773,3.2500,-0.9990,3.2500,62.19,
2,Maze001,1.777,3.2500,-0.9990,3.2500,62.19,
2,Maze001,1.782,3.2500,-0.9990,3.2500,62.50,
2,Maze001,1.789,3.2500,-0.9990,3.2500,62.50,
2,Maze001,1.794,3.2500,-0.9990,3.2500,62.76,
2,Maze001,1.798,3.2500,-0.9990,3.2500,62.97,
2,Maze001,1.802,3.2500,-0.9990,3.2500,63.23,
2,Maze001,1.806,3.2500,-0.9990,3.2500,63.23,
2,Maze001,1.810,3.2500,-0.9990,3.2500,63.33,
2,Maze001,1.815,3.2500,-0.9990,3.2500,63.33,
2,Maze001,1.819,3.2500,-0.9990,3.2500,63.44,
2,Maze001,1.823,3.2500,-0.9990,3.2500,63.49,
2,Maze001,1.827,3.2500,-0.9990,3.2500,63.49,
2,Maze001,1.831,3.2500,-0.9990,3.2500,63.59,
2,Maze001,1.835,3.2500,-0.9990,3.2500,63.59,
2,Maze001,1.839,3.2500,-0.9990,3.2500,63.75,
2,Maze001,1.845,3.2500,-0.9990,3.2500,63.85,
2,Maze001,1.848,3.2500,-0.9990,3.2500,63.85,
2,Maze001,1.852,3.2500,-0.9990,3.2500,63.91,
2,Maze001,1.856,3.2500,-0.9990,3.2500,63.91,
2,Maze001,1.861,3.2500,-0.9990,3.2500,64.01,
2,Maze001,1.864,3.2500,-0.9990,3.2500,64.01,
2,Maze001,1.869,3.2500,-0.9990,3.2500,64.22,
2,Maze001,1.873,3.2500,-0.9990,3.2500,64.32,
2,Maze001,1.877,3.2500,-0.9990,3.2500,64.32,
2,Maze001,1.881,3.2500,-0.9990,3.2500,64.58,
2,Maze001,1.885,3.2500,-0.9990,3.2500,64.58,
2,Maze001,1.890,3.2500,-0.9990,3.2500,64.90,
2,Maze001,1.894,3.2500,-0.9990,3.2500,65.10,
2,Maze001,1.898,3.2500,-0.9990,3.2500,65.10,
2,Maze001,1.902,3.2500,-0.9990,3.2500,65.52,
2,Maze001,1.906,3.2500,-0.9990,3.2500,65.52,
2,Maze001,1.910,3.2500,-0.9990,3.2500,65.89,
2,Maze001,1.914,3.2500,-0.9990,3.2500,65.89,
2,Maze001,1.919,3.2500,-0.9990,3.2500,66.30,
2,Maze001,1.923,3.2500,-0.9990,3.2500,66.67,
2,Maze001,1.927,3.2500,-0.9990,3.2500,66.67,
2,Maze001,1.931,3.2500,-0.9990,3.2500,66.82,
2,Maze001,1.935,3.2500,-0.9990,3.2500,66.82,
2,Maze001,1.940,3.2500,-0.9990,3.2500,66.93,
2,Maze001,1.944,3.2500,-0.9990,3.2500,67.03,
2,Maze001,1.948,3.2500,-0.9990,3.2500,67.03,
2,Maze001,1.952,3.2500,-0.9990,3.2500,67.19,
2,Maze001,1.956,3.2500,-0.9990,3.2500,67.19,
2,Maze001,1.960,3.2500,-0.9990,3.2500,67.19,
2,Maze001,1.965,3.2500,-0.9990,3.2500,67.19,
2,Maze001,1.969,3.2500,-0.9990,3.2500,67.19,
2,Maze001,1.973,3.2500,-0.9990,3.2500,67.19,
2,Maze001,1.977,3.2500,-0.9990,3.2500,67.19,
2,Maze001,1.981,3.2500,-0.9990,3.2500,67.24,
2,Maze001,1.986,3.2500,-0.9990,3.2500,67.24,
2,Maze001,1.989,3.2500,-0.9990,3.2500,67.24,
2,Maze001,1.993,3.2500,-0.9990,3.2500,67.24,
2,Maze001,1.998,3.2500,-0.9990,3.2500,67.24,
2,Maze001,2.002,3.2500,-0.9990,3.2500,67.24,
2,Maze001,2.006,3.2500,-0.9990,3.2500,67.24,
2,Maze001,2.010,3.2500,-0.9990,3.2500,67.24,
2,Maze001,2.014,3.2500,-0.9990,3.2500,67.24,
2,Maze001,2.018,3.2500,-0.9990,3.2500,67.24,
2,Maze001,2.023,3.2500,-0.9990,3.2500,67.24,
2,Maze001,2.027,3.2500,-0.9990,3.2500,67.24,
2,Maze001,2.031,3.2500,-0.9990,3.2500,67.24,
2,Maze001,2.035,3.2500,-0.9990,3.2500,67.24,
2,Maze001,2.039,3.2500,-0.9990,3.2500,67.24,
2,Maze001,2.044,3.2500,-0.9990,3.2500,67.24,
2,Maze001,2.048,3.2500,-0.9990,3.2500,67.24,
2,Maze001,2.052,3.2500,-0.9990,3.2500,67.24,
2,Maze001,2.056,3.2500,-0.9990,3.2500,67.24,
2,Maze001,2.061,3.2500,-0.9990,3.2500,67.24,
2,Maze001,2.065,3.2500,-0.9990,3.2500,67.24,
2,Maze001,2.069,3.2500,-0.9990,3.2500,67.24,
2,Maze001,2.073,3.2500,-0.9990,3.2500,67.24,
2,Maze001,2.077,3.2500,-0.9990,3.2500,67.24,
2,Maze001,2.082,3.2500,-0.9990,3.2500,67.24,
2,Maze001,2.085,3.2500,-0.9990,3.2500,67.08,
2,Maze001,2.090,3.2500,-0.9990,3.2500,67.08,
2,Maze001,2.094,3.2500,-0.9990,3.2500,66.93,
2,Maze001,2.099,3.2500,-0.9990,3.2500,66.93,
2,Maze001,2.106,3.2500,-0.9990,3.2500,66.77,
2,Maze001,2.111,3.2500,-0.9990,3.2500,66.56,
2,Maze001,2.114,3.2500,-0.9990,3.2500,66.20,
2,Maze001,2.119,3.2500,-0.9990,3.2500,66.20,
2,Maze001,2.123,3.2500,-0.9990,3.2500,65.89,
2,Maze001,2.127,3.2500,-0.9990,3.2500,65.89,
2,Maze001,2.132,3.2500,-0.9990,3.2500,65.47,
2,Maze001,2.136,3.2500,-0.9990,3.2500,65.05,
2,Maze001,2.140,3.2500,-0.9990,3.2500,65.05,
2,Maze001,2.144,3.2500,-0.9990,3.2500,64.69,
2,Maze001,2.151,3.2500,-0.9990,3.2500,64.69,
2,Maze001,2.156,3.2500,-0.9990,3.2500,64.69,
2,Maze001,2.161,3.2500,-0.9990,3.2500,64.69,
2,Maze001,2.165,3.2500,-0.9990,3.2500,64.06,
2,Maze001,2.169,3.2500,-0.9990,3.2500,64.06,
2,Maze001,2.177,3.2500,-0.9990,3.2500,62.92,
2,Maze001,2.182,3.2500,-0.9990,3.2500,62.76,
2,Maze001,2.186,3.2500,-0.9990,3.2500,62.76,
2,Maze001,2.190,3.2500,-0.9990,3.2500,62.76,
2,Maze001,2.195,3.2500,-0.9990,3.2500,62.76,
2,Maze001,2.199,3.2500,-0.9990,3.2500,62.29,
2,Maze001,2.206,3.2500,-0.9990,3.2500,62.29,
2,Maze001,2.211,3.2500,-0.9990,3.2500,62.29,
2,Maze001,2.215,3.2500,-0.9990,3.2500,62.29,
2,Maze001,2.219,3.2500,-0.9990,3.2500,61.51,
2,Maze001,2.223,3.2500,-0.9990,3.2500,61.20,
2,Maze001,2.227,3.2500,-0.9990,3.2500,61.20,
2,Maze001,2.231,3.2500,-0.9990,3.2500,60.73,
2,Maze001,2.236,3.2500,-0.9990,3.2500,60.26,
2,Maze001,2.240,3.2500,-0.9990,3.2500,60.26,
2,Maze001,2.244,3.2500,-0.9990,3.2500,59.64,
2,Maze001,2.248,3.2500,-0.9990,3.2500,59.64,
2,Maze001,2.253,3.2500,-0.9990,3.2500,59.11,
2,Maze001,2.256,3.2500,-0.9990,3.2500,58.44,
2,Maze001,2.260,3.2500,-0.9990,3.2500,58.44,
2,Maze001,2.264,3.2500,-0.9990,3.2500,57.92,
2,Maze001,2.269,3.2500,-0.9990,3.2500,57.92,
2,Maze001,2.273,3.2500,-0.9990,3.2500,57.34,
2,Maze001,2.277,3.2500,-0.9990,3.2500,57.34,
2,Maze001,2.281,3.2500,-0.9990,3.2500,57.03,
2,Maze001,2.285,3.2500,-0.9990,3.2500,56.61,
2,Maze001,2.290,3.2500,-0.9990,3.2500,56.61,
2,Maze001,2.294,3.2500,-0.9990,3.2500,56.41,
2,Maze001,2.298,3.2500,-0.9990,3.2500,56.41,
2,Maze001,2.302,3.2500,-0.9990,3.2500,56.04,
2,Maze001,2.306,3.2500,-0.9990,3.2500,55.83,
2,Maze001,2.310,3.2500,-0.9990,3.2500,55.83,
2,Maze001,2.314,3.2500,-0.9990,3.2500,55.42,
2,Maze001,2.318,3.2500,-0.9990,3.2500,55.42,
2,Maze001,2.323,3.2500,-0.9990,3.2500,55.10,
2,Maze001,2.327,3.2500,-0.9990,3.2500,55.10,
2,Maze001,2.332,3.2500,-0.9990,3.2500,54.69,
2,Maze001,2.336,3.2500,-0.9990,3.2500,54.38,
2,Maze001,2.339,3.2500,-0.9990,3.2500,54.38,
2,Maze001,2.344,3.2500,-0.9990,3.2500,53.91,
2,Maze001,2.347,3.2500,-0.9990,3.2500,53.91,
2,Maze001,2.352,3.2500,-0.9990,3.2500,53.65,
2,Maze001,2.356,3.2500,-0.9990,3.2500,53.33,
2,Maze001,2.360,3.2500,-0.9990,3.2500,53.33,
2,Maze001,2.364,3.2500,-0.9990,3.2500,53.13,
2,Maze001,2.368,3.2500,-0.9990,3.2500,53.13,
2,Maze001,2.373,3.2500,-0.9990,3.2500,52.92,
2,Maze001,2.377,3.2500,-0.9990,3.2500,52.86,
2,Maze001,2.381,3.2500,-0.9990,3.2500,52.86,
2,Maze001,2.385,3.2500,-0.9990,3.2500,52.86,
2,Maze001,2.389,3.2500,-0.9990,3.2500,52.86,
2,Maze001,2.393,3.2500,-0.9990,3.2500,52.86,
2,Maze001,2.398,3.2500,-0.9990,3.2500,52.86,
2,Maze001,2.402,3.2500,-0.9990,3.2500,52.81,
2,Maze001,2.407,3.2500,-0.9990,3.2500,52.81,
2,Maze001,2.612,3.2500,-0.9990,3.2500,52.81,
2,Maze001,2.619,3.2500,-0.9990,3.2500,52.76,
2,Maze001,2.623,3.2500,-0.9990,3.2500,52.76,
2,Maze001,2.626,3.2500,-0.9990,3.2500,52.76,
2,Maze001,2.631,3.2500,-0.9990,3.2500,52.76,
2,Maze001,2.635,3.2500,-0.9990,3.2500,52.76,
2,Maze001,2.639,3.2500,-0.9990,3.2500,52.76,
2,Maze001,2.643,3.2500,-0.9990,3.2500,52.76,
2,Maze001,2.647,3.2500,-0.9990,3.2500,52.76,
2,Maze001,2.651,3.2500,-0.9990,3.2500,52.76,
2,Maze001,2.656,3.2500,-0.9990,3.2500,52.76,
2,Maze001,2.660,3.2500,-0.9990,3.2500,52.76,
2,Maze001,2.664,3.2500,-0.9990,3.2500,52.76,
2,Maze001,2.668,3.2500,-0.9990,3.2500,52.76,
2,Maze001,2.673,3.2500,-0.9990,3.2500,52.76,
2,Maze001,2.677,3.2500,-0.9990,3.2500,52.76,
2,Maze001,2.681,3.2500,-0.9990,3.2500,52.76,
2,Maze001,2.685,3.2500,-0.9990,3.2500,52.76,
2,Maze001,2.689,3.2500,-0.9990,3.2500,52.76,
2,Maze001,2.694,3.2500,-0.9990,3.2500,52.76,
2,Maze001,2.697,3.2500,-0.9990,3.2500,52.76,
2,Maze001,2.701,3.2500,-0.9990,3.2500,52.76,
2,Maze001,2.706,3.2500,-0.9990,3.2500,52.76,
2,Maze001,2.710,3.2500,-0.9990,3.2500,52.76,
2,Maze001,2.714,3.2500,-0.9990,3.2500,52.76,
2,Maze001,2.718,3.2500,-0.9990,3.2500,52.76,
2,Maze001,2.723,3.2500,-0.9990,3.2500,52.76,
2,Maze001,2.726,3.2500,-0.9990,3.2500,52.76,
2,Maze001,2.731,3.2500,-0.9990,3.2500,52.76,
2,Maze001,2.736,3.2500,-0.9990,3.2500,52.76,
2,Maze001,2.942,3.2500,-0.9990,3.2500,52.76,
2,Maze001,2.945,3.2500,-0.9990,3.2500,52.71,
2,Maze001,2.951,3.2500,-0.9990,3.2500,52.71,
2,Maze001,2.956,3.2500,-0.9990,3.2500,52.71,
2,Maze001,2.960,3.2500,-0.9990,3.2500,52.71,
2,Maze001,2.964,3.2500,-0.9990,3.2500,52.71,
2,Maze001,2.968,3.2500,-0.9990,3.2500,52.71,
2,Maze001,2.972,3.2500,-0.9990,3.2500,52.71,
2,Maze001,2.977,3.2500,-0.9990,3.2500,52.71,
2,Maze001,2.981,3.2500,-0.9990,3.2500,52.71,
2,Maze001,2.985,3.2500,-0.9990,3.2500,52.71,
2,Maze001,2.989,3.2500,-0.9990,3.2500,52.71,
2,Maze001,2.993,3.2500,-0.9990,3.2500,52.71,
2,Maze001,2.998,3.2500,-0.9990,3.2500,52.71,
2,Maze001,3.002,3.2500,-0.9990,3.2500,52.71,
2,Maze001,3.006,3.2500,-0.9990,3.2500,52.71,
2,Maze001,3.010,3.2500,-0.9990,3.2500,52.71,
2,Maze001,3.014,3.2500,-0.9990,3.2500,52.71,
2,Maze001,3.018,3.2500,-0.9990,3.2500,52.71,
2,Maze001,3.022,3.2500,-0.9990,3.2500,52.71,
2,Maze001,3.027,3.2500,-0.9990,3.2500,52.71,
2,Maze001,3.033,3.2500,-0.9990,3.2500,52.71,
2,Maze001,3.237,3.2500,-0.9990,3.2500,52.71,
2,Maze001,3.243,3.2500,-0.9990,3.2500,52.71,
2,Maze001,3.247,3.2500,-0.9990,3.2500,52.71,
2,Maze001,3.452,3.2500,-0.9990,3.2500,52.71,
2,Maze001,3.456,3.2500,-0.9990,3.2500,52.71,
2,Maze001,3.460,3.2500,-0.9990,3.2500,52.71,
2,Maze001,3.665,3.2500,-0.9990,3.2500,52.71,
2,Maze001,3.669,3.2500,-0.9990,3.2500,52.71,
2,Maze001,3.672,3.2500,-0.9990,3.2500,52.71,
2,Maze001,3.877,3.2500,-0.9990,3.2500,52.71,
2,Maze001,3.883,3.2500,-0.9990,3.2500,52.71,
2,Maze001,3.889,3.2500,-0.9990,3.2500,52.71,
2,Maze001,4.095,3.2500,-0.9990,3.2500,52.71,
2,Maze001,4.103,3.2500,-0.9990,3.2500,47.76,
2,Maze001,4.106,3.2500,-0.9990,3.2500,47.76,
2,Maze001,4.111,3.2500,-0.9990,3.2500,47.76,
2,Maze001,4.114,3.2500,-0.9990,3.2500,47.76,
2,Maze001,4.118,3.2500,-0.9990,3.2500,47.76,
2,Maze001,4.124,3.2500,-0.9990,3.2500,47.76,
2,Maze001,4.126,3.2500,-0.9990,3.2500,47.76,
2,Maze001,4.133,3.2500,-0.9990,3.2500,47.76,
2,Maze001,4.136,3.2500,-0.9990,3.2500,47.76,
2,Maze001,4.139,3.2500,-0.9990,3.2500,47.76,
2,Maze001,4.144,3.2500,-0.9990,3.2500,47.76,
2,Maze001,4.149,3.2500,-0.9990,3.2500,47.76,
2,Maze001,4.357,3.2500,-0.9990,3.2500,47.76,
2,Maze001,4.361,3.2500,-0.9990,3.2500,47.76,
2,Maze001,4.368,3.2500,-0.9990,3.2500,47.76,
2,Maze001,4.574,3.2500,-0.9990,3.2500,47.76,
2,Maze001,4.577,3.2500,-0.9990,3.2500,47.76,
2,Maze001,4.582,3.2500,-0.9990,3.2500,47.76,
2,Maze001,4.585,3.2500,-0.9990,3.2500,47.76,
2,Maze001,4.589,3.2500,-0.9990,3.2500,47.76,
2,Maze001,4.593,3.2500,-0.9990,3.2500,47.76,
2,Maze001,4.597,3.2500,-0.9990,3.2500,47.76,
2,Maze001,4.601,3.2500,-0.9990,3.2500,47.76,
2,Maze001,4.605,3.2500,-0.9990,3.2500,47.76,
2,Maze001,4.610,3.2500,-0.9990,3.2500,47.76,
2,Maze001,4.614,3.2500,-0.9990,3.2500,47.76,
2,Maze001,4.618,3.2500,-0.9990,3.2500,47.76,
2,Maze001,4.622,3.2500,-0.9990,3.2500,47.76,
2,Maze001,4.627,3.2500,-0.9990,3.2500,47.76,
2,Maze001,4.631,3.2500,-0.9990,3.2500,47.76,
2,Maze001,4.636,3.2500,-0.9990,3.2500,47.76,
2,Maze001,4.639,3.2500,-0.9990,3.2500,47.76,
2,Maze001,4.644,3.2500,-0.9990,3.2500,47.76,
2,Maze001,4.648,3.2500,-0.9990,3.2500,47.76,
2,Maze001,4.652,3.2500,-0.9990,3.2500,47.76,
2,Maze001,4.656,3.2500,-0.9990,3.2500,47.76,
2,Maze001,4.660,3.2500,-0.9990,3.2500,47.76,
2,Maze001,4.664,3.2500,-0.9990,3.2500,47.76,
2,Maze001,4.668,3.2500,-0.9990,3.2500,47.76,
2,Maze001,4.672,3.2500,-0.9990,3.2500,47.76,
2,Maze001,4.676,3.2500,-0.9990,3.2500,47.76,
2,Maze001,4.681,3.2500,-0.9990,3.2500,47.76,
2,Maze001,4.685,3.2500,-0.9990,3.2500,47.76,
2,Maze001,4.689,3.2500,-0.9990,3.2500,47.76,
2,Maze001,4.693,3.2500,-0.9990,3.2500,47.76,
2,Maze001,4.697,3.2500,-0.9990,3.2500,47.76,
2,Maze001,4.701,3.2500,-0.9990,3.2500,47.76,
2,Maze001,4.706,3.2500,-0.9990,3.2500,47.76,
2,Maze001,4.710,3.2500,-0.9990,3.2500,47.76,
2,Maze001,4.714,3.2500,-0.9990,3.2500,47.76,
2,Maze001,4.719,3.2500,-0.9990,3.2500,47.76,
2,Maze001,4.722,3.2500,-0.9990,3.2500,47.76,
2,Maze001,4.726,3.2500,-0.9990,3.2500,47.76,
2,Maze001,4.731,3.2500,-0.9990,3.2500,47.76,
2,Maze001,4.736,3.2500,-0.9990,3.2500,47.76,
2,Maze001,4.739,3.2500,-0.9990,3.2500,47.76,
2,Maze001,4.743,3.2500,-0.9990,3.2500,47.76,
2,Maze001,4.747,3.2500,-0.9990,3.2500,47.76,
2,Maze001,4.752,3.2500,-0.9990,3.2500,47.76,
2,Maze001,4.756,3.2500,-0.9990,3.2500,47.76,
2,Maze001,4.760,3.2500,-0.9990,3.2500,47.76,
2,Maze001,4.764,3.2500,-0.9990,3.2500,47.76,
2,Maze001,4.768,3.2500,-0.9990,3.2500,47.76,
2,Maze001,4.772,3.2500,-0.9990,3.2500,47.76,
2,Maze001,4.776,3.2500,-0.9990,3.2500,47.76,
2,Maze001,4.781,3.2500,-0.9990,3.2500,47.76,
2,Maze001,4.784,3.2500,-0.9990,3.2500,47.76,
2,Maze001,4.789,3.2500,-0.9990,3.2500,47.76,
2,Maze001,4.793,3.2500,-0.9990,3.2500,47.76,
2,Maze001,4.797,3.2500,-0.9990,3.2500,47.76,
2,Maze001,4.801,3.2500,-0.9990,3.2500,47.76,
2,Maze001,4.805,3.2500,-0.9990,3.2500,47.76,
2,Maze001,4.809,3.2500,-0.9990,3.2500,47.76,
2,Maze001,4.814,3.2500,-0.9990,3.2500,47.76,
2,Maze001,4.818,3.2500,-0.9990,3.2500,47.76,
2,Maze001,4.822,3.2500,-0.9990,3.2500,47.76,
2,Maze001,4.827,3.2500,-0.9990,3.2500,47.76,
2,Maze001,4.830,3.2500,-0.9990,3.2500,47.76,
2,Maze001,4.835,3.2500,-0.9990,3.2500,47.76,
2,Maze001,4.839,3.2500,-0.9990,3.2500,47.76,
2,Maze001,4.843,3.2500,-0.9990,3.2500,47.76,
2,Maze001,4.847,3.2500,-0.9990,3.2500,47.86,
2,Maze001,4.851,3.2500,-0.9990,3.2500,47.86,
2,Maze001,4.856,3.2500,-0.9990,3.2500,47.86,
2,Maze001,4.860,3.2500,-0.9990,3.2500,47.86,
2,Maze001,4.864,3.2500,-0.9990,3.2500,47.92,
2,Maze001,4.868,3.2500,-0.9990,3.2500,47.97,
2,Maze001,4.872,3.2500,-0.9990,3.2500,47.97,
2,Maze001,4.877,3.2500,-0.9990,3.2500,47.97,
2,Maze001,4.880,3.2500,-0.9990,3.2500,47.97,
2,Maze001,4.885,3.2500,-0.9990,3.2500,47.97,
2,Maze001,4.889,3.2500,-0.9990,3.2500,47.97,
2,Maze001,4.893,3.2500,-0.9990,3.2500,47.97,
2,Maze001,4.897,3.2500,-0.9990,3.2500,48.02,
2,Maze001,4.902,3.2500,-0.9990,3.2500,48.02,
2,Maze001,4.907,3.2500,-0.9990,3.2500,48.07,
2,Maze001,4.910,3.2500,-0.9990,3.2500,48.13,
2,Maze001,4.914,3.2500,-0.9990,3.2500,48.13,
2,Maze001,4.918,3.2500,-0.9990,3.2500,48.13,
2,Maze001,4.922,3.2500,-0.9990,3.2500,48.13,
2,Maze001,4.926,3.2500,-0.9990,3.2500,48.13,
2,Maze001,4.930,3.2500,-0.9990,3.2500,48.13,
2,Maze001,4.935,3.2500,-0.9990,3.2500,48.13,
2,Maze001,4.939,3.2500,-0.9990,3.2500,48.13,
2,Maze001,4.943,3.2500,-0.9990,3.2500,48.18,
2,Maze001,4.947,3.2500,-0.9990,3.2500,48.18,
2,Maze001,4.951,3.2500,-0.9990,3.2500,48.18,
2,Maze001,4.956,3.2500,-0.9990,3.2500,48.18,
2,Maze001,4.960,3.2500,-0.9990,3.2500,48.18,
2,Maze001,4.964,3.2500,-0.9990,3.2500,48.23,
2,Maze001,4.968,3.2500,-0.9990,3.2500,48.23,
2,Maze001,4.972,3.2500,-0.9990,3.2500,48.23,
2,Maze001,4.976,3.2500,-0.9990,3.2500,48.23,
2,Maze001,4.981,3.2500,-0.9990,3.2500,48.23,
2,Maze001,4.985,3.2500,-0.9990,3.2500,48.23,
2,Maze001,4.989,3.2500,-0.9990,3.2500,48.23,
2,Maze001,4.993,3.2500,-0.9990,3.2500,48.23,
2,Maze001,4.997,3.2500,-0.9990,3.2500,48.23,
2,Maze001,5.001,3.2500,-0.9990,3.2500,48.23,
2,Maze001,5.005,3.2500,-0.9990,3.2500,48.23,
2,Maze001,5.010,3.2500,-0.9990,3.2500,48.23,
2,Maze001,5.014,3.2500,-0.9990,3.2500,48.23,
2,Maze001,5.018,3.2500,-0.9990,3.2500,48.23,
2,Maze001,5.022,3.2500,-0.9990,3.2500,48.23,
2,Maze001,5.026,3.2500,-0.9990,3.2500,48.23,
2,Maze001,5.031,3.2500,-0.9990,3.2500,48.23,
2,Maze001,5.035,3.2500,-0.9990,3.2500,48.23,
2,Maze001,5.039,3.2500,-0.9990,3.2500,48.23,
2,Maze001,5.043,3.2500,-0.9990,3.2500,48.23,
2,Maze001,5.047,3.2500,-0.9990,3.2500,48.23,
2,Maze001,5.051,3.2500,-0.9990,3.2500,48.23,
2,Maze001,5.056,3.2500,-0.9990,3.2500,48.23,
2,Maze001,5.060,3.2500,-0.9990,3.2500,48.23,
2,Maze001,5.064,3.2500,-0.9990,3.2500,48.23,
2,Maze001,5.068,3.2500,-0.9990,3.2500,48.23,
2,Maze001,5.072,3.2500,-0.9990,3.2500,48.23,
2,Maze001,5.077,3.2500,-0.9990,3.2500,48.23,
2,Maze001,5.081,3.2500,-0.9990,3.2500,48.23,
2,Maze001,5.085,3.2500,-0.9990,3.2500,48.23,
2,Maze001,5.089,3.2500,-0.9990,3.2500,48.23,
2,Maze001,5.094,3.2500,-0.9990,3.2500,48.23,
2,Maze001,5.098,3.2500,-0.9990,3.2500,48.23,
2,Maze001,5.102,3.2500,-0.9990,3.2500,48.23,
2,Maze001,5.106,3.2500,-0.9990,3.2500,48.23,
2,Maze001,5.111,3.2500,-0.9990,3.2500,48.23,
2,Maze001,5.114,3.2500,-0.9990,3.2500,48.23,
2,Maze001,5.118,3.2500,-0.9990,3.2500,48.23,
2,Maze001,5.122,3.2500,-0.9990,3.2500,48.23,
2,Maze001,5.127,3.2500,-0.9990,3.2500,48.23,
2,Maze001,5.130,3.2500,-0.9990,3.2500,48.23,
2,Maze001,5.135,3.2500,-0.9990,3.2500,48.23,
2,Maze001,5.139,3.2500,-0.9990,3.2500,48.23,
2,Maze001,5.143,3.2500,-0.9990,3.2500,48.23,
2,Maze001,5.147,3.2500,-0.9990,3.2500,48.23,
2,Maze001,5.151,3.2500,-0.9990,3.2500,48.23,
2,Maze001,5.155,3.2500,-0.9990,3.2500,48.23,
2,Maze001,5.160,3.2500,-0.9990,3.2500,48.23,
2,Maze001,5.164,3.2500,-0.9990,3.2500,48.23,
2,Maze001,5.168,3.2500,-0.9990,3.2500,48.23,
2,Maze001,5.173,3.2500,-0.9990,3.2500,48.23,
2,Maze001,5.177,3.2500,-0.9990,3.2500,48.23,
2,Maze001,5.181,3.2500,-0.9990,3.2500,48.23,
2,Maze001,5.185,3.2500,-0.9990,3.2500,48.23,
2,Maze001,5.190,3.2500,-0.9990,3.2500,48.23,
2,Maze001,5.193,3.2500,-0.9990,3.2500,48.23,
2,Maze001,5.197,3.2500,-0.9990,3.2500,48.23,
2,Maze001,5.202,3.2500,-0.9990,3.2500,48.23,
2,Maze001,5.206,3.2500,-0.9990,3.2500,48.23,
2,Maze001,5.210,3.2500,-0.9990,3.2500,48.23,
2,Maze001,5.214,3.2500,-0.9990,3.2500,48.23,
2,Maze001,5.218,3.2500,-0.9990,3.2500,48.23,
2,Maze001,5.222,3.2500,-0.9990,3.2500,48.23,
2,Maze001,5.226,3.2500,-0.9990,3.2500,48.23,
2,Maze001,5.231,3.2500,-0.9990,3.2500,48.23,
2,Maze001,5.235,3.2500,-0.9990,3.2500,48.23,
2,Maze001,5.239,3.2500,-0.9990,3.2500,48.23,
2,Maze001,5.243,3.2500,-0.9990,3.2500,48.23,
2,Maze001,5.247,3.2500,-0.9990,3.2500,48.23,
2,Maze001,5.251,3.2500,-0.9990,3.2500,48.23,
2,Maze001,5.256,3.2500,-0.9990,3.2500,48.23,
2,Maze001,5.260,3.2500,-0.9990,3.2500,48.23,
2,Maze001,5.264,3.2500,-0.9990,3.2500,48.23,
2,Maze001,5.268,3.2500,-0.9990,3.2500,48.23,
2,Maze001,5.272,3.2500,-0.9990,3.2500,48.23,
2,Maze001,5.276,3.2500,-0.9990,3.2500,48.23,
2,Maze001,5.281,3.2500,-0.9990,3.2500,48.23,
2,Maze001,5.285,3.2500,-0.9990,3.2500,48.23,
2,Maze001,5.289,3.2500,-0.9990,3.2500,48.23,
2,Maze001,5.293,3.2500,-0.9990,3.2500,48.23,
2,Maze001,5.297,3.2500,-0.9990,3.2500,48.23,
2,Maze001,5.301,3.2500,-0.9990,3.2500,48.23,
2,Maze001,5.305,3.2500,-0.9990,3.2500,48.23,
2,Maze001,5.310,3.2500,-0.9990,3.2500,48.23,
2,Maze001,5.314,3.2500,-0.9990,3.2500,48.23,
2,Maze001,5.318,3.2500,-0.9990,3.2500,48.23,
2,Maze001,5.322,3.2500,-0.9990,3.2500,48.23,
2,Maze001,5.327,3.2500,-0.9990,3.2500,48.23,
2,Maze001,5.331,3.2500,-0.9990,3.2500,48.23,
2,Maze001,5.335,3.2500,-0.9990,3.2500,48.23,
2,Maze001,5.339,3.2500,-0.9990,3.2500,48.23,
2,Maze001,5.343,3.2500,-0.9990,3.2500,48.23,
2,Maze001,5.347,3.2500,-0.9990,3.2500,48.23,
2,Maze001,5.351,3.2500,-0.9990,3.2500,48.23,
2,Maze001,5.356,3.2500,-0.9990,3.2500,48.23,
2,Maze001,5.359,3.2500,-0.9990,3.2500,48.23,
2,Maze001,5.364,3.2500,-0.9990,3.2500,48.23,
2,Maze001,5.368,3.2500,-0.9990,3.2500,48.23,
2,Maze001,5.372,3.2500,-0.9990,3.2500,48.23,
2,Maze001,5.376,3.2500,-0.9990,3.2500,48.23,
2,Maze001,5.381,3.2500,-0.9990,3.2500,48.23,
2,Maze001,5.385,3.2500,-0.9990,3.2500,48.23,
2,Maze001,5.389,3.2500,-0.9990,3.2500,48.23,
2,Maze001,5.393,3.2500,-0.9990,3.2500,48.23,
2,Maze001,5.397,3.2500,-0.9990,3.2500,48.23,
2,Maze001,5.401,3.2500,-0.9990,3.2500,48.23,
2,Maze001,5.406,3.2500,-0.9990,3.2500,48.23,
2,Maze001,5.410,3.2500,-0.9990,3.2500,48.23,
2,Maze001,5.414,3.2500,-0.9990,3.2500,48.23,
2,Maze001,5.418,3.2500,-0.9990,3.2500,48.23,
2,Maze001,5.423,3.2500,-0.9990,3.2500,48.23,
2,Maze001,5.426,3.2500,-0.9990,3.2500,48.23,
2,Maze001,5.430,3.2500,-0.9990,3.2500,48.23,
2,Maze001,5.435,3.2500,-0.9990,3.2500,48.23,
2,Maze001,5.439,3.2500,-0.9990,3.2500,48.23,
2,Maze001,5.443,3.2500,-0.9990,3.2500,48.23,
2,Maze001,5.447,3.2500,-0.9990,3.2500,48.23,
2,Maze001,5.451,3.2500,-0.9990,3.2500,48.23,
2,Maze001,5.455,3.2500,-0.9990,3.2500,48.23,
2,Maze001,5.459,3.2500,-0.9990,3.2500,48.23,
2,Maze001,5.464,3.2500,-0.9990,3.2500,48.23,
2,Maze001,5.468,3.2500,-0.9990,3.2500,48.23,
2,Maze001,5.472,3.2500,-0.9990,3.2500,48.23,
2,Maze001,5.476,3.2500,-0.9990,3.2500,48.23,
2,Maze001,5.480,3.2500,-0.9990,3.2500,48.23,
2,Maze001,5.485,3.2500,-0.9990,3.2500,48.23,
2,Maze001,5.489,3.2500,-0.9990,3.2500,48.23,
2,Maze001,5.493,3.2500,-0.9990,3.2500,48.23,
2,Maze001,5.497,3.2500,-0.9990,3.2500,48.23,
2,Maze001,5.501,3.2500,-0.9990,3.2500,48.23,
2,Maze001,5.505,3.2500,-0.9990,3.2500,48.23,
2,Maze001,5.510,3.2500,-0.9990,3.2500,48.23,
2,Maze001,5.514,3.2500,-0.9990,3.2500,48.23,
2,Maze001,5.518,3.2500,-0.9990,3.2500,48.23,
2,Maze001,5.522,3.2500,-0.9990,3.2500,48.23,
2,Maze001,5.526,3.2500,-0.9990,3.2500,48.23,
2,Maze001,5.531,3.2500,-0.9990,3.2500,48.23,
2,Maze001,5.535,3.2500,-0.9990,3.2500,48.23,
2,Maze001,5.539,3.2500,-0.9990,3.2500,48.23,
2,Maze001,5.543,3.2500,-0.9990,3.2500,48.23,
2,Maze001,5.547,3.2500,-0.9990,3.2500,48.23,
2,Maze001,5.551,3.2500,-0.9990,3.2500,48.23,
2,Maze001,5.555,3.2500,-0.9990,3.2500,48.23,
2,Maze001,5.560,3.2500,-0.9990,3.2500,48.23,
2,Maze001,5.564,3.2500,-0.9990,3.2500,48.23,
2,Maze001,5.568,3.2500,-0.9990,3.2500,48.23,
2,Maze001,5.572,3.2500,-0.9990,3.2500,48.23,
2,Maze001,5.577,3.2500,-0.9990,3.2500,48.23,
2,Maze001,5.581,3.2500,-0.9990,3.2500,48.23,
2,Maze001,5.589,3.2500,-0.9990,3.2500,48.23,
2,Maze001,5.593,3.2500,-0.9990,3.2500,48.23,
2,Maze001,5.597,3.2500,-0.9990,3.2500,48.23,
2,Maze001,5.601,3.2500,-0.9990,3.2500,48.23,
2,Maze001,5.606,3.2500,-0.9990,3.2500,48.23,
2,Maze001,5.610,3.2500,-0.9990,3.2500,48.23,
2,Maze001,5.614,3.2500,-0.9990,3.2500,48.23,
2,Maze001,5.618,3.2500,-0.9990,3.2500,48.23,
2,Maze001,5.622,3.2500,-0.9990,3.2500,48.23,
2,Maze001,5.627,3.2500,-0.9990,3.2500,48.23,
2,Maze001,5.631,3.2500,-0.9990,3.2500,48.23,
2,Maze001,5.635,3.2500,-0.9990,3.2500,48.23,
2,Maze001,5.640,3.2500,-0.9990,3.2500,48.23,
2,Maze001,5.643,3.2500,-0.9990,3.2500,48.23,
2,Maze001,5.647,3.2500,-0.9990,3.2500,48.23,
2,Maze001,5.652,3.2500,-0.9990,3.2500,48.23,
2,Maze001,5.655,3.2500,-0.9990,3.2500,48.23,
2,Maze001,5.660,3.2500,-0.9990,3.2500,48.23,
2,Maze001,5.664,3.2500,-0.9990,3.2500,48.23,
2,Maze001,5.668,3.2500,-0.9990,3.2500,48.23,
2,Maze001,5.672,3.2500,-0.9990,3.2500,48.23,
2,Maze001,5.676,3.2500,-0.9990,3.2500,48.23,
2,Maze001,5.681,3.2500,-0.9990,3.2500,48.23,
2,Maze001,5.686,3.2500,-0.9990,3.2500,48.23,
2,Maze001,5.689,3.2500,-0.9990,3.2500,48.23,
2,Maze001,5.693,3.2500,-0.9990,3.2500,48.23,
2,Maze001,5.697,3.2500,-0.9990,3.2500,48.23,
2,Maze001,5.702,3.2500,-0.9990,3.2500,48.23,
2,Maze001,5.706,3.2500,-0.9990,3.2500,48.23,
2,Maze001,5.710,3.2500,-0.9990,3.2500,48.23,
2,Maze001,5.714,3.2500,-0.9990,3.2500,48.23,
2,Maze001,5.718,3.2500,-0.9990,3.2500,48.23,
2,Maze001,5.724,3.2500,-0.9990,3.2500,48.23,
2,Maze001,5.726,3.2500,-0.9990,3.2500,48.23,
2,Maze001,5.731,3.2500,-0.9990,3.2500,48.23,
2,Maze001,5.735,3.2500,-0.9990,3.2500,48.23,
2,Maze001,5.739,3.2500,-0.9990,3.2500,48.23,
2,Maze001,5.743,3.2500,-0.9990,3.2500,48.23,
2,Maze001,5.747,3.2500,-0.9990,3.2500,48.23,
2,Maze001,5.751,3.2500,-0.9990,3.2500,48.23,
2,Maze001,5.756,3.2500,-0.9990,3.2500,48.23,
2,Maze001,5.760,3.2500,-0.9990,3.2500,48.23,
2,Maze001,5.764,3.2500,-0.9990,3.2500,48.23,
2,Maze001,5.768,3.2500,-0.9990,3.2500,48.23,
2,Maze001,5.772,3.2500,-0.9990,3.2500,48.23,
2,Maze001,5.776,3.2500,-0.9990,3.2500,48.23,
2,Maze001,5.781,3.2500,-0.9990,3.2500,48.23,
2,Maze001,5.785,3.2500,-0.9990,3.2500,48.23,
2,Maze001,5.789,3.2500,-0.9990,3.2500,48.23,
2,Maze001,5.793,3.2500,-0.9990,3.2500,48.23,
2,Maze001,5.798,3.2500,-0.9990,3.2500,48.23,
2,Maze001,5.801,3.2500,-0.9990,3.2500,48.23,
2,Maze001,5.805,3.2500,-0.9990,3.2500,48.23,
2,Maze001,5.809,3.2500,-0.9990,3.2500,48.23,
2,Maze001,5.814,3.2500,-0.9990,3.2500,48.23,
2,Maze001,5.818,3.2500,-0.9990,3.2500,48.23,
2,Maze001,5.822,3.2500,-0.9990,3.2500,48.23,
2,Maze001,5.826,3.2500,-0.9990,3.2500,48.23,
2,Maze001,5.831,3.2500,-0.9990,3.2500,48.23,
2,Maze001,5.836,3.2500,-0.9990,3.2500,48.23,
2,Maze001,5.839,3.2500,-0.9990,3.2500,48.23,
2,Maze001,5.843,3.2500,-0.9990,3.2500,48.23,
2,Maze001,5.847,3.2500,-0.9990,3.2500,48.23,
2,Maze001,5.851,3.2500,-0.9990,3.2500,48.23,
2,Maze001,5.856,3.2500,-0.9990,3.2500,48.23,
2,Maze001,5.860,3.2500,-0.9990,3.2500,48.23,
2,Maze001,5.864,3.2500,-0.9990,3.2500,48.23,
2,Maze001,5.868,3.2500,-0.9990,3.2500,48.23,
2,Maze001,5.873,3.2500,-0.9990,3.2500,48.23,
2,Maze001,5.876,3.2500,-0.9990,3.2500,48.23,
2,Maze001,5.881,3.2500,-0.9990,3.2500,48.23,
2,Maze001,5.885,3.2500,-0.9990,3.2500,48.23,
2,Maze001,5.889,3.2500,-0.9990,3.2500,48.23,
2,Maze001,5.893,3.2500,-0.9990,3.2500,48.23,
2,Maze001,5.897,3.2500,-0.9990,3.2500,48.23,
2,Maze001,5.901,3.2500,-0.9990,3.2500,48.23,
2,Maze001,5.906,3.2500,-0.9990,3.2500,48.23,
2,Maze001,5.910,3.2500,-0.9990,3.2500,48.23,
2,Maze001,5.914,3.2500,-0.9990,3.2500,48.23,
2,Maze001,5.919,3.2500,-0.9990,3.2500,48.23,
2,Maze001,5.922,3.2500,-0.9990,3.2500,48.23,
2,Maze001,5.926,3.2500,-0.9990,3.2500,48.23,
2,Maze001,5.931,3.2500,-0.9990,3.2500,48.23,
2,Maze001,5.935,3.2500,-0.9990,3.2500,48.23,
2,Maze001,5.939,3.2500,-0.9990,3.2500,48.23,
2,Maze001,5.943,3.2500,-0.9990,3.2500,48.23,
2,Maze001,5.947,3.2500,-0.9990,3.2500,48.23,
2,Maze001,5.951,3.2500,-0.9990,3.2500,48.23,
2,Maze001,5.955,3.2500,-0.9990,3.2500,48.23,
2,Maze001,5.960,3.2500,-0.9990,3.2500,48.23,
2,Maze001,5.964,3.2500,-0.9990,3.2500,48.23,
2,Maze001,5.968,3.2500,-0.9990,3.2500,48.23,
2,Maze001,5.972,3.2500,-0.9990,3.2500,48.23,
2,Maze001,5.976,3.2500,-0.9990,3.2500,48.23,
2,Maze001,5.981,3.2500,-0.9990,3.2500,48.23,
2,Maze001,5.984,3.2500,-0.9990,3.2500,48.23,
2,Maze001,5.989,3.2500,-0.9990,3.2500,48.23,
2,Maze001,5.994,3.2500,-0.9990,3.2500,48.23,
2,Maze001,6.001,3.2500,-0.9990,3.2500,48.23,
2,Maze001,6.005,3.2500,-0.9990,3.2500,48.23,
2,Maze001,6.010,3.2500,-0.9990,3.2500,48.23,
2,Maze001,6.014,3.2500,-0.9990,3.2500,48.23,
2,Maze001,6.018,3.2500,-0.9990,3.2500,48.23,
2,Maze001,6.022,3.2500,-0.9990,3.2500,48.23,
2,Maze001,6.026,3.2500,-0.9990,3.2500,48.23,
2,Maze001,6.030,3.2500,-0.9990,3.2500,48.23,
2,Maze001,6.035,3.2500,-0.9990,3.2500,48.23,
2,Maze001,6.039,3.2500,-0.9990,3.2500,48.23,
2,Maze001,6.044,3.2500,-0.9990,3.2500,48.23,
2,Maze001,6.047,3.2500,-0.9990,3.2500,48.23,
2,Maze001,6.052,3.2500,-0.9990,3.2500,48.23,
2,Maze001,6.055,3.2500,-0.9990,3.2500,48.23,
2,Maze001,6.059,3.2500,-0.9990,3.2500,48.23,
2,Maze001,6.064,3.2500,-0.9990,3.2500,48.23,
2,Maze001,6.068,3.2500,-0.9990,3.2500,48.23,
2,Maze001,6.072,3.2500,-0.9990,3.2500,48.23,
2,Maze001,6.076,3.2500,-0.9990,3.2500,48.23,
2,Maze001,6.080,3.2500,-0.9990,3.2500,48.23,
2,Maze001,6.084,3.2500,-0.9990,3.2500,48.23,
2,Maze001,6.089,3.2500,-0.9990,3.2500,48.23,
2,Maze001,6.093,3.2500,-0.9990,3.2500,48.23,
2,Maze001,6.097,3.2500,-0.9990,3.2500,48.23,
2,Maze001,6.101,3.2500,-0.9990,3.2500,48.23,
2,Maze001,6.106,3.2500,-0.9990,3.2500,48.23,
2,Maze001,6.109,3.2500,-0.9990,3.2500,48.23,
2,Maze001,6.114,3.2500,-0.9990,3.2500,48.23,
2,Maze001,6.118,3.2500,-0.9990,3.2500,48.23,
2,Maze001,6.122,3.2500,-0.9990,3.2500,48.23,
2,Maze001,6.126,3.2500,-0.9990,3.2500,48.23,
2,Maze001,6.131,3.2500,-0.9990,3.2500,48.23,
2,Maze001,6.135,3.2500,-0.9990,3.2500,48.23,
2,Maze001,6.139,3.2500,-0.9990,3.2500,48.23,
2,Maze001,6.143,3.2500,-0.9990,3.2500,48.23,
2,Maze001,6.147,3.2500,-0.9990,3.2500,48.23,
2,Maze001,6.151,3.2500,-0.9990,3.2500,48.23,
2,Maze001,6.156,3.2500,-0.9990,3.2500,48.23,
2,Maze001,6.160,3.2500,-0.9990,3.2500,48.23,
2,Maze001,6.164,3.2500,-0.9990,3.2500,48.23,
2,Maze001,6.168,3.2500,-0.9990,3.2500,48.23,
2,Maze001,6.172,3.2500,-0.9990,3.2500,48.23,
2,Maze001,6.176,3.2500,-0.9990,3.2500,48.23,
2,Maze001,6.181,3.2500,-0.9990,3.2500,48.23,
2,Maze001,6.185,3.2500,-0.9990,3.2500,48.23,
2,Maze001,6.189,3.2500,-0.9990,3.2500,48.23,
2,Maze001,6.194,3.2500,-0.9990,3.2500,48.23,
2,Maze001,6.198,3.2500,-0.9990,3.2500,48.23,
2,Maze001,6.201,3.2500,-0.9990,3.2500,48.23,
2,Maze001,6.207,3.2500,-0.9990,3.2500,48.23,
2,Maze001,6.213,3.2500,-0.9990,3.2500,48.23,
2,Maze001,6.218,3.2500,-0.9990,3.2500,48.23,
2,Maze001,6.222,3.2500,-0.9990,3.2500,48.23,
2,Maze001,6.226,3.2500,-0.9990,3.2500,48.23,
2,Maze001,6.231,3.2500,-0.9990,3.2500,48.23,
2,Maze001,6.235,3.2500,-0.9990,3.2500,48.23,
2,Maze001,6.239,3.2500,-0.9990,3.2500,48.23,
2,Maze001,6.243,3.2500,-0.9990,3.2500,48.23,
2,Maze001,6.247,3.2500,-0.9990,3.2500,48.23,
2,Maze001,6.251,3.2500,-0.9990,3.2500,48.23,
2,Maze001,6.256,3.2500,-0.9990,3.2500,48.23,
2,Maze001,6.264,3.2500,-0.9990,3.2500,48.59,
2,Maze001,6.268,3.2500,-0.9990,3.2500,49.43,
2,Maze001,6.272,3.2500,-0.9990,3.2500,50.31,
2,Maze001,6.277,3.2500,-0.9990,3.2500,51.35,
2,Maze001,6.281,3.2500,-0.9990,3.2500,51.35,
2,Maze001,6.285,3.2500,-0.9990,3.2500,51.35,
2,Maze001,6.289,3.2500,-0.9990,3.2500,51.35,
2,Maze001,6.295,3.2500,-0.9990,3.2500,54.74,
2,Maze001,6.298,3.2500,-0.9990,3.2500,54.74,
2,Maze001,6.303,3.2500,-0.9990,3.2500,54.74,
2,Maze001,6.307,3.2500,-0.9990,3.2500,54.74,
2,Maze001,6.313,3.2500,-0.9990,3.2500,54.74,
2,Maze001,6.318,3.2500,-0.9990,3.2500,54.74,
2,Maze001,6.323,3.2500,-0.9990,3.2500,54.74,
2,Maze001,6.326,3.2500,-0.9990,3.2500,54.74,
2,Maze001,6.330,3.2500,-0.9990,3.2500,54.74,
2,Maze001,6.335,3.2500,-0.9990,3.2500,54.74,
2,Maze001,6.339,3.2500,-0.9990,3.2500,54.74,
2,Maze001,6.343,3.2500,-0.9990,3.2500,54.74,
2,Maze001,6.347,3.2500,-0.9990,3.2500,54.74,
2,Maze001,6.351,3.2500,-0.9990,3.2500,54.74,
2,Maze001,6.355,3.2500,-0.9990,3.2500,54.74,
2,Maze001,6.360,3.2500,-0.9990,3.2500,54.74,
2,Maze001,6.364,3.2500,-0.9990,3.2500,54.74,
2,Maze001,6.369,3.2500,-0.9990,3.2500,54.74,
2,Maze001,6.372,3.2500,-0.9990,3.2500,54.74,
2,Maze001,6.376,3.2500,-0.9990,3.2500,54.74,
2,Maze001,6.380,3.2500,-0.9990,3.2500,54.74,
2,Maze001,6.385,3.2500,-0.9990,3.2500,54.74,
2,Maze001,6.389,3.2500,-0.9990,3.2500,54.74,
2,Maze001,6.393,3.2500,-0.9990,3.2500,54.74,
2,Maze001,6.397,3.2500,-0.9990,3.2500,54.74,
2,Maze001,6.402,3.2500,-0.9990,3.2500,54.74,
2,Maze001,6.406,3.2500,-0.9990,3.2500,54.74,
2,Maze001,6.409,3.2500,-0.9990,3.2500,54.74,
2,Maze001,6.414,3.2500,-0.9990,3.2500,54.74,
2,Maze001,6.418,3.2500,-0.9990,3.2500,54.74,
2,Maze001,6.422,3.2500,-0.9990,3.2500,54.74,
2,Maze001,6.426,3.2500,-0.9990,3.2500,54.74,
2,Maze001,6.430,3.2500,-0.9990,3.2500,54.74,
2,Maze001,6.435,3.2500,-0.9990,3.2500,54.74,
2,Maze001,6.439,3.2500,-0.9990,3.2500,54.74,
2,Maze001,6.443,3.2500,-0.9990,3.2500,54.74,
2,Maze001,6.447,3.2500,-0.9990,3.2500,54.74,
2,Maze001,6.451,3.2500,-0.9990,3.2500,54.74,
2,Maze001,6.456,3.2500,-0.9990,3.2500,54.74,
2,Maze001,6.460,3.2500,-0.9990,3.2500,54.74,
2,Maze001,6.464,3.2500,-0.9990,3.2500,54.74,
2,Maze001,6.468,3.2500,-0.9990,3.2500,54.74,
2,Maze001,6.472,3.2500,-0.9990,3.2500,54.74,
2,Maze001,6.476,3.2500,-0.9990,3.2500,54.74,
2,Maze001,6.480,3.2500,-0.9990,3.2500,54.74,
2,Maze001,6.484,3.2500,-0.9990,3.2500,54.74,
2,Maze001,6.489,3.2500,-0.9990,3.2500,54.74,
2,Maze001,6.493,3.2500,-0.9990,3.2500,54.74,
2,Maze001,6.497,3.2500,-0.9990,3.2500,54.74,
2,Maze001,6.501,3.2500,-0.9990,3.2500,54.74,
2,Maze001,6.506,3.2500,-0.9990,3.2500,54.74,
2,Maze001,6.510,3.2500,-0.9990,3.2500,54.74,
2,Maze001,6.514,3.2500,-0.9990,3.2500,54.74,
2,Maze001,6.518,3.2500,-0.9990,3.2500,54.74,
2,Maze001,6.522,3.2500,-0.9990,3.2500,54.74,
2,Maze001,6.526,3.2500,-0.9990,3.2500,54.74,
2,Maze001,6.530,3.2500,-0.9990,3.2500,54.74,
2,Maze001,6.535,3.2500,-0.9990,3.2500,54.74,
2,Maze001,6.539,3.2500,-0.9990,3.2500,54.74,
2,Maze001,6.543,3.2500,-0.9990,3.2500,54.74,
2,Maze001,6.547,3.2500,-0.9990,3.2500,54.74,
2,Maze001,6.551,3.2500,-0.9990,3.2500,54.74,
2,Maze001,6.555,3.2500,-0.9990,3.2500,54.74,
2,Maze001,6.559,3.2500,-0.9990,3.2500,54.74,
2,Maze001,6.564,3.2500,-0.9990,3.2500,54.74,
2,Maze001,6.568,3.2500,-0.9990,3.2500,54.74,
2,Maze001,6.572,3.2500,-0.9990,3.2500,54.74,
2,Maze001,6.576,3.2500,-0.9990,3.2500,54.74,
2,Maze001,6.580,3.2500,-0.9990,3.2500,54.74,
2,Maze001,6.584,3.2500,-0.9990,3.2500,54.74,
2,Maze001,6.589,3.2500,-0.9990,3.2500,54.74,
2,Maze001,6.593,3.2500,-0.9990,3.2500,54.74,
2,Maze001,6.597,3.2500,-0.9990,3.2500,54.74,
2,Maze001,6.601,3.2500,-0.9990,3.2500,54.74,
2,Maze001,6.605,3.2500,-0.9990,3.2500,54.74,
2,Maze001,6.612,3.2500,-0.9990,3.2500,54.74,
2,Maze001,6.614,3.2500,-0.9990,3.2500,54.74,
2,Maze001,6.618,3.2500,-0.9990,3.2500,54.74,
2,Maze001,6.623,3.2500,-0.9990,3.2500,54.74,
2,Maze001,6.627,3.2500,-0.9990,3.2500,54.74,
2,Maze001,6.631,3.2500,-0.9990,3.2500,54.74,
2,Maze001,6.634,3.2500,-0.9990,3.2500,54.74,
2,Maze001,6.638,3.2500,-0.9990,3.2500,54.74,
2,Maze001,6.643,3.2500,-0.9990,3.2500,54.74,
2,Maze001,6.647,3.2500,-0.9990,3.2500,54.74,
2,Maze001,6.651,3.2500,-0.9990,3.2500,54.74,
2,Maze001,6.655,3.2500,-0.9990,3.2500,54.74,
2,Maze001,6.659,3.2500,-0.9990,3.2500,54.74,
2,Maze001,6.663,3.2500,-0.9990,3.2500,54.74,
2,Maze001,6.668,3.2500,-0.9990,3.2500,54.74,
2,Maze001,6.672,3.2500,-0.9990,3.2500,54.74,
2,Maze001,6.677,3.2500,-0.9990,3.2500,54.74,
2,Maze001,6.680,3.2500,-0.9990,3.2500,54.74,
2,Maze001,6.684,3.2500,-0.9990,3.2500,54.74,
2,Maze001,6.689,3.2500,-0.9990,3.2500,54.74,
2,Maze001,6.693,3.2500,-0.9990,3.2500,54.74,
2,Maze001,6.697,3.2500,-0.9990,3.2500,54.74,
2,Maze001,6.701,3.2500,-0.9990,3.2500,54.74,
2,Maze001,6.705,3.2500,-0.9990,3.2500,54.74,
2,Maze001,6.709,3.2500,-0.9990,3.2500,54.74,
2,Maze001,6.714,3.2500,-0.9990,3.2500,54.74,
2,Maze001,6.718,3.2500,-0.9990,3.2500,54.74,
2,Maze001,6.722,3.2500,-0.9990,3.2500,54.74,
2,Maze001,6.726,3.2500,-0.9990,3.2500,54.74,
2,Maze001,6.731,3.2500,-0.9990,3.2500,54.74,
2,Maze001,6.735,3.2500,-0.9990,3.2500,54.74,
2,Maze001,6.739,3.2500,-0.9990,3.2500,54.74,
2,Maze001,6.743,3.2500,-0.9990,3.2500,54.74,
2,Maze001,6.747,3.2500,-0.9990,3.2500,54.74,
2,Maze001,6.751,3.2500,-0.9990,3.2500,54.74,
2,Maze001,6.755,3.2500,-0.9990,3.2500,54.74,
2,Maze001,6.759,3.2500,-0.9990,3.2500,54.74,
2,Maze001,6.764,3.2500,-0.9990,3.2500,54.74,
2,Maze001,6.768,3.2500,-0.9990,3.2500,54.74,
2,Maze001,6.772,3.2500,-0.9990,3.2500,54.74,
2,Maze001,6.776,3.2500,-0.9990,3.2500,54.74,
2,Maze001,6.781,3.2500,-0.9990,3.2500,54.74,
2,Maze001,6.986,3.2500,-0.9990,3.2500,54.74,
2,Maze001,6.992,3.2500,-0.9990,3.2500,54.74,
2,Maze001,6.997,3.2500,-0.9990,3.2500,54.74,
2,Maze001,7.001,3.2500,-0.9990,3.2500,54.74,
2,Maze001,7.005,3.2500,-0.9990,3.2500,54.74,
2,Maze001,7.009,3.2500,-0.9990,3.2500,54.74,
2,Maze001,7.014,3.2500,-0.9990,3.2500,54.74,
2,Maze001,7.018,3.2500,-0.9990,3.2500,54.74,
2,Maze001,7.022,3.2500,-0.9990,3.2500,54.74,
2,Maze001,7.026,3.2500,-0.9990,3.2500,54.74,
2,Maze001,7.030,3.2500,-0.9990,3.2500,54.74,
2,Maze001,7.034,3.2500,-0.9990,3.2500,54.74,
2,Maze001,7.039,3.2500,-0.9990,3.2500,54.74,
2,Maze001,7.043,3.2500,-0.9990,3.2500,54.74,
2,Maze001,7.047,3.2500,-0.9990,3.2500,54.74,
2,Maze001,7.051,3.2500,-0.9990,3.2500,54.74,
2,Maze001,7.055,3.2500,-0.9990,3.2500,54.74,
2,Maze001,7.060,3.2500,-0.9990,3.2500,54.74,
2,Maze001,7.064,3.2500,-0.9990,3.2500,54.74,
2,Maze001,7.068,3.2500,-0.9990,3.2500,54.74,
2,Maze001,7.072,3.2500,-0.9990,3.2500,54.74,
2,Maze001,7.077,3.2500,-0.9990,3.2500,54.74,
2,Maze001,7.080,3.2500,-0.9990,3.2500,54.74,
2,Maze001,7.084,3.2500,-0.9990,3.2500,54.74,
2,Maze001,7.089,3.2500,-0.9990,3.2500,54.74,
2,Maze001,7.093,3.2500,-0.9990,3.2500,54.74,
2,Maze001,7.097,3.2500,-0.9990,3.2500,54.74,
2,Maze001,7.102,3.2500,-0.9990,3.2500,54.74,
2,Maze001,7.105,3.2500,-0.9990,3.2500,54.74,
2,Maze001,7.109,3.2500,-0.9990,3.2500,54.74,
2,Maze001,7.114,3.2500,-0.9990,3.2500,54.74,
2,Maze001,7.118,3.2500,-0.9990,3.2500,54.74,
2,Maze001,7.122,3.2500,-0.9990,3.2500,54.74,
2,Maze001,7.126,3.2500,-0.9990,3.2500,54.74,
2,Maze001,7.130,3.2500,-0.9990,3.2500,54.74,
2,Maze001,7.134,3.2500,-0.9990,3.2500,54.74,
2,Maze001,7.139,3.2500,-0.9990,3.2500,54.74,
2,Maze001,7.143,3.2500,-0.9990,3.2500,54.74,
2,Maze001,7.147,3.2500,-0.9990,3.2500,54.74,
2,Maze001,7.151,3.2500,-0.9990,3.2500,54.74,
2,Maze001,7.155,3.2500,-0.9990,3.2500,54.74,
2,Maze001,7.159,3.2500,-0.9990,3.2500,54.74,
2,Maze001,7.164,3.2500,-0.9990,3.2500,54.74,
2,Maze001,7.168,3.2500,-0.9990,3.2500,54.74,
2,Maze001,7.172,3.2500,-0.9990,3.2500,54.74,
2,Maze001,7.176,3.2500,-0.9990,3.2500,54.74,
2,Maze001,7.180,3.2500,-0.9990,3.2500,54.74,
2,Maze001,7.184,3.2500,-0.9990,3.2500,54.74,
2,Maze001,7.189,3.2500,-0.9990,3.2500,54.74,
2,Maze001,7.194,3.2500,-0.9990,3.2500,54.74,
2,Maze001,7.201,3.2500,-0.9990,3.2500,54.74,
2,Maze001,7.206,3.2500,-0.9990,3.2500,54.74,
2,Maze001,7.210,3.2500,-0.9990,3.2500,54.74,
2,Maze001,7.213,3.2500,-0.9990,3.2500,54.74,
2,Maze001,7.218,3.2500,-0.9990,3.2500,54.74,
2,Maze001,7.222,3.2500,-0.9990,3.2500,54.74,
2,Maze001,7.226,3.2500,-0.9990,3.2500,54.74,
2,Maze001,7.230,3.2500,-0.9990,3.2500,54.74,
2,Maze001,7.234,3.2500,-0.9990,3.2500,54.74,
2,Maze001,7.239,3.2500,-0.9990,3.2500,54.74,
2,Maze001,7.243,3.2500,-0.9990,3.2500,54.74,
2,Maze001,7.247,3.2500,-0.9990,3.2500,54.74,
2,Maze001,7.251,3.2500,-0.9990,3.2500,54.74,
2,Maze001,7.255,3.2500,-0.9990,3.2500,54.74,
2,Maze001,7.259,3.2500,-0.9990,3.2500,54.74,
2,Maze001,7.264,3.2500,-0.9990,3.2500,54.74,
2,Maze001,7.267,3.2500,-0.9990,3.2500,54.74,
2,Maze001,7.272,3.2500,-0.9990,3.2500,54.74,
2,Maze001,7.276,3.2500,-0.9990,3.2500,54.74,
2,Maze001,7.280,3.2500,-0.9990,3.2500,54.74,
2,Maze001,7.284,3.2500,-0.9990,3.2500,54.74,
2,Maze001,7.289,3.2500,-0.9990,3.2500,54.74,
2,Maze001,7.296,3.2500,-0.9990,3.2500,54.74,
2,Maze001,7.299,3.2500,-0.9990,3.2500,54.74,
2,Maze001,7.305,3.2500,-0.9990,3.2500,54.74,
2,Maze001,7.310,3.2500,-0.9990,3.2500,54.74,
2,Maze001,7.314,3.2500,-0.9990,3.2500,54.74,
2,Maze001,7.318,3.2500,-0.9990,3.2500,54.74,
2,Maze001,7.322,3.2500,-0.9990,3.2500,54.74,
2,Maze001,7.326,3.2500,-0.9990,3.2500,54.74,
2,Maze001,7.330,3.2500,-0.9990,3.2500,54.74,
2,Maze001,7.334,3.2500,-0.9990,3.2500,54.74,
2,Maze001,7.339,3.2500,-0.9990,3.2500,54.74,
2,Maze001,7.343,3.2500,-0.9990,3.2500,54.74,
2,Maze001,7.347,3.2500,-0.9990,3.2500,54.74,
2,Maze001,7.351,3.2500,-0.9990,3.2500,54.74,
2,Maze001,7.355,3.2500,-0.9990,3.2500,54.74,
2,Maze001,7.360,3.2500,-0.9990,3.2500,54.74,
2,Maze001,7.364,3.2500,-0.9990,3.2500,54.74,
2,Maze001,7.368,3.2500,-0.9990,3.2500,54.74,
2,Maze001,7.372,3.2500,-0.9990,3.2500,54.74,
2,Maze001,7.376,3.2500,-0.9990,3.2500,54.74,
2,Maze001,7.381,3.2500,-0.9990,3.2500,54.74,
2,Maze001,7.384,3.2500,-0.9990,3.2500,54.74,
2,Maze001,7.389,3.2500,-0.9990,3.2500,54.74,
2,Maze001,7.393,3.2500,-0.9990,3.2500,54.74,
2,Maze001,7.397,3.2500,-0.9990,3.2500,54.74,
2,Maze001,7.401,3.2500,-0.9990,3.2500,54.74,
2,Maze001,7.406,3.2500,-0.9990,3.2500,54.74,
2,Maze001,7.410,3.2500,-0.9990,3.2500,54.74,
2,Maze001,7.413,3.2500,-0.9990,3.2500,54.74,
2,Maze001,7.418,3.2500,-0.9990,3.2500,54.74,
2,Maze001,7.422,3.2500,-0.9990,3.2500,54.74,
2,Maze001,7.426,3.2500,-0.9990,3.2500,54.74,
2,Maze001,7.430,3.2500,-0.9990,3.2500,54.74,
2,Maze001,7.434,3.2500,-0.9990,3.2500,54.74,
2,Maze001,7.439,3.2500,-0.9990,3.2500,54.74,
2,Maze001,7.443,3.2500,-0.9990,3.2500,54.74,
2,Maze001,7.447,3.2500,-0.9990,3.2500,54.74,
2,Maze001,7.451,3.2500,-0.9990,3.2500,54.74,
2,Maze001,7.455,3.2500,-0.9990,3.2500,54.74,
2,Maze001,7.460,3.2500,-0.9990,3.2500,54.74,
2,Maze001,7.464,3.2500,-0.9990,3.2500,54.74,
2,Maze001,7.468,3.2500,-0.9990,3.2500,54.74,
2,Maze001,7.472,3.2500,-0.9990,3.2500,54.74,
2,Maze001,7.476,3.2500,-0.9990,3.2500,54.74,
2,Maze001,7.481,3.2500,-0.9990,3.2500,54.74,
2,Maze001,7.484,3.2500,-0.9990,3.2500,54.74,
2,Maze001,7.489,3.2500,-0.9990,3.2500,54.74,
2,Maze001,7.493,3.2500,-0.9990,3.2500,54.74,
2,Maze001,7.497,3.2500,-0.9990,3.2500,54.74,
2,Maze001,7.502,3.2500,-0.9990,3.2500,54.74,
2,Maze001,7.505,3.2500,-0.9990,3.2500,54.74,
2,Maze001,7.510,3.2500,-0.9990,3.2500,54.74,
2,Maze001,7.514,3.2500,-0.9990,3.2500,54.74,
2,Maze001,7.518,3.2500,-0.9990,3.2500,54.74,
2,Maze001,7.522,3.2500,-0.9990,3.2500,54.74,
2,Maze001,7.526,3.2500,-0.9990,3.2500,54.74,
2,Maze001,7.531,3.2500,-0.9990,3.2500,54.74,
2,Maze001,7.534,3.2500,-0.9990,3.2500,54.74,
2,Maze001,7.539,3.2500,-0.9990,3.2500,54.74,
2,Maze001,7.543,3.2500,-0.9990,3.2500,54.74,
2,Maze001,7.547,3.2500,-0.9990,3.2500,54.74,
2,Maze001,7.551,3.2500,-0.9990,3.2500,54.74,
2,Maze001,7.555,3.2500,-0.9990,3.2500,54.74,
2,Maze001,7.559,3.2500,-0.9990,3.2500,54.74,
2,Maze001,7.564,3.2500,-0.9990,3.2500,54.74,
2,Maze001,7.568,3.2500,-0.9990,3.2500,54.74,
2,Maze001,7.572,3.2500,-0.9990,3.2500,54.74,
2,Maze001,7.576,3.2500,-0.9990,3.2500,54.74,
2,Maze001,7.581,3.2500,-0.9990,3.2500,54.74,
2,Maze001,7.585,3.2500,-0.9990,3.2500,54.74,
2,Maze001,7.589,3.2500,-0.9990,3.2500,54.74,
2,Maze001,7.593,3.2500,-0.9990,3.2500,54.74,
2,Maze001,7.598,3.2500,-0.9990,3.2500,54.74,
2,Maze001,7.601,3.2500,-0.9990,3.2500,54.74,
2,Maze001,7.606,3.2500,-0.9990,3.2500,54.74,
2,Maze001,7.610,3.2500,-0.9990,3.2500,54.74,
2,Maze001,7.613,3.2500,-0.9990,3.2500,54.74,
2,Maze001,7.618,3.2500,-0.9990,3.2500,54.74,
2,Maze001,7.622,3.2500,-0.9990,3.2500,54.74,
2,Maze001,7.626,3.2500,-0.9990,3.2500,54.74,
2,Maze001,7.631,3.2500,-0.9990,3.2500,54.74,
2,Maze001,7.634,3.2500,-0.9990,3.2500,54.74,
2,Maze001,7.639,3.2500,-0.9990,3.2500,54.74,
2,Maze001,7.643,3.2500,-0.9990,3.2500,54.74,
2,Maze001,7.647,3.2500,-0.9990,3.2500,54.74,
2,Maze001,7.651,3.2500,-0.9990,3.2500,54.74,
2,Maze001,7.659,3.2500,-0.9990,3.2500,54.74,
2,Maze001,7.664,3.2500,-0.9990,3.2500,54.74,
2,Maze001,7.668,3.2500,-0.9990,3.2500,54.74,
2,Maze001,7.672,3.2500,-0.9990,3.2500,54.74,
2,Maze001,7.676,3.2500,-0.9990,3.2500,54.74,
2,Maze001,7.680,3.2500,-0.9990,3.2500,54.74,
2,Maze001,7.685,3.2500,-0.9990,3.2500,54.74,
2,Maze001,7.689,3.2500,-0.9990,3.2500,54.74,
2,Maze001,7.693,3.2500,-0.9990,3.2500,54.74,
2,Maze001,7.697,3.2500,-0.9990,3.2500,54.74,
2,Maze001,7.701,3.2500,-0.9990,3.2500,54.74,
2,Maze001,7.706,3.2500,-0.9990,3.2500,54.74,
2,Maze001,7.710,3.2500,-0.9990,3.2500,54.74,
2,Maze001,7.714,3.2500,-0.9990,3.2500,54.74,
2,Maze001,7.718,3.2500,-0.9990,3.2500,54.74,
2,Maze001,7.723,3.2500,-0.9990,3.2500,54.74,
2,Maze001,7.929,3.2500,-0.9990,3.2500,54.74,
2,Maze001,7.935,3.2500,-0.9990,3.2500,54.74,
2,Maze001,7.938,3.2500,-0.9990,3.2500,54.74,
2,Maze001,7.943,3.2500,-0.9990,3.2500,54.74,
2,Maze001,7.947,3.2500,-0.9990,3.2500,54.74,
2,Maze001,7.951,3.2500,-0.9990,3.2500,54.74,
2,Maze001,7.955,3.2500,-0.9990,3.2500,54.74,
2,Maze001,7.959,3.2500,-0.9990,3.2500,54.74,
2,Maze001,7.963,3.2500,-0.9990,3.2500,54.74,
2,Maze001,7.968,3.2500,-0.9990,3.2500,54.74,
2,Maze001,7.972,3.2500,-0.9990,3.2500,54.74,
2,Maze001,7.976,3.2500,-0.9990,3.2500,54.74,
2,Maze001,7.980,3.2500,-0.9990,3.2500,54.74,
2,Maze001,7.985,3.2500,-0.9990,3.2500,54.74,
2,Maze001,7.988,3.2500,-0.9990,3.2500,54.74,
2,Maze001,7.992,3.2500,-0.9990,3.2500,54.74,
2,Maze001,7.997,3.2500,-0.9990,3.2500,54.74,
2,Maze001,8.001,3.2500,-0.9990,3.2500,54.74,
2,Maze001,8.005,3.2500,-0.9990,3.2500,54.74,
2,Maze001,8.009,3.2500,-0.9990,3.2500,54.74,
2,Maze001,8.014,3.2500,-0.9990,3.2500,54.74,
2,Maze001,8.018,3.2500,-0.9990,3.2500,54.74,
2,Maze001,8.022,3.2500,-0.9990,3.2500,54.74,
2,Maze001,8.026,3.2500,-0.9990,3.2500,54.74,
2,Maze001,8.030,3.2500,-0.9990,3.2500,54.74,
2,Maze001,8.035,3.2500,-0.9990,3.2500,54.74,
2,Maze001,8.038,3.2500,-0.9990,3.2500,54.74,
2,Maze001,8.044,3.2500,-0.9990,3.2500,54.74,
2,Maze001,8.047,3.2500,-0.9990,3.2500,54.74,
2,Maze001,8.252,3.2500,-0.9990,3.2500,54.74,
2,Maze001,8.260,3.2500,-0.9990,3.2500,54.74,
2,Maze001,8.264,3.2500,-0.9990,3.2500,54.74,
2,Maze001,8.268,3.2500,-0.9990,3.2500,54.74,
2,Maze001,8.474,3.2500,-0.9990,3.2500,54.74,
2,Maze001,8.481,3.2500,-0.9990,3.2500,54.74,
2,Maze001,8.485,3.2500,-0.9990,3.2500,54.74,
2,Maze001,8.488,3.2500,-0.9990,3.2500,54.74,
2,Maze001,8.694,3.2500,-0.9990,3.2500,54.74,
2,Maze001,8.701,3.2500,-0.9990,3.2500,54.74,
2,Maze001,8.707,3.2500,-0.9990,3.2500,54.74,
2,Maze001,8.710,3.2500,-0.9990,3.2500,54.74,
2,Maze001,8.714,3.2500,-0.9990,3.2500,54.74,
2,Maze001,8.718,3.2500,-0.9990,3.2500,54.74,
2,Maze001,8.722,3.2500,-0.9990,3.2500,54.74,
2,Maze001,8.727,3.2500,-0.9990,3.2500,54.74,
2,Maze001,8.731,3.2500,-0.9990,3.2500,54.74,
2,Maze001,8.735,3.2500,-0.9990,3.2500,54.74,
2,Maze001,8.740,3.2500,-0.9990,3.2500,54.74,
2,Maze001,8.944,3.2500,-0.9990,3.2500,54.74,
2,Maze001,8.949,3.2500,-0.9990,3.2500,54.74,
2,Maze001,8.954,3.2500,-0.9990,3.2500,54.74,
2,Maze001,8.958,3.2500,-0.9990,3.2500,54.74,
2,Maze001,8.964,3.2500,-0.9990,3.2500,54.74,
2,Maze001,8.968,3.2500,-0.9990,3.2500,54.74,
2,Maze001,8.972,3.2500,-0.9990,3.2500,54.74,
2,Maze001,8.976,3.2500,-0.9990,3.2500,54.74,
2,Maze001,8.980,3.2500,-0.9990,3.2500,54.74,
2,Maze001,8.984,3.2500,-0.9990,3.2500,54.74,
2,Maze001,8.988,3.2500,-0.9990,3.2500,54.74,
2,Maze001,8.992,3.2500,-0.9990,3.2500,54.74,
2,Maze001,8.997,3.2500,-0.9990,3.2500,54.74,
2,Maze001,9.004,3.2500,-0.9990,3.2500,54.74,
2,Maze001,9.007,3.2500,-0.9990,3.2500,54.74,
2,Maze001,9.014,3.2500,-0.9990,3.2500,54.74,
2,Maze001,9.018,3.2500,-0.9990,3.2500,54.74,
2,Maze001,9.022,3.2500,-0.9990,3.2500,54.74,
2,Maze001,9.027,3.2500,-0.9990,3.2500,54.74,
2,Maze001,9.031,3.2500,-0.9990,3.2500,54.74,
2,Maze001,9.035,3.2500,-0.9990,3.2500,54.74,
2,Maze001,9.038,3.2500,-0.9990,3.2500,54.74,
2,Maze001,9.042,3.2500,-0.9990,3.2500,54.74,
2,Maze001,9.046,3.2500,-0.9990,3.2500,54.74,
2,Maze001,9.051,3.2500,-0.9990,3.2500,54.74,
2,Maze001,9.055,3.2500,-0.9990,3.2500,54.74,
2,Maze001,9.059,3.2500,-0.9990,3.2500,54.74,
2,Maze001,9.063,3.2500,-0.9990,3.2500,54.74,
2,Maze001,9.067,3.2500,-0.9990,3.2500,54.74,
2,Maze001,9.071,3.2500,-0.9990,3.2500,54.74,
2,Maze001,9.076,3.2500,-0.9990,3.2500,54.74,
2,Maze001,9.080,3.2500,-0.9990,3.2500,54.74,
2,Maze001,9.084,3.2500,-0.9990,3.2500,54.74,
2,Maze001,9.088,3.2500,-0.9990,3.2500,54.74,
2,Maze001,9.092,3.2500,-0.9990,3.2500,54.74,
2,Maze001,9.096,3.2500,-0.9990,3.2500,54.74,
2,Maze001,9.101,3.2500,-0.9990,3.2500,54.74,
2,Maze001,9.105,3.2500,-0.9990,3.2500,54.74,
2,Maze001,9.109,3.2500,-0.9990,3.2500,54.74,
2,Maze001,9.113,3.2500,-0.9990,3.2500,54.74,
2,Maze001,9.117,3.2500,-0.9990,3.2500,54.74,
2,Maze001,9.121,3.2500,-0.9990,3.2500,54.74,
2,Maze001,9.126,3.2500,-0.9990,3.2500,54.74,
2,Maze001,9.132,3.2500,-0.9990,3.2500,54.74,
